Objektnummer;Kulturdenkmaltyp;Kreis;Gemeinde;Adresse-Lage;Bezeichnung;Beschreibung;Begründung;Schutzumfang;FotoURL
51295;"Sachgesamtheit";"Stadt Flensburg";"Flensburg, Stadt";"Alt-Fruerlundhof 1";"Fruerlundhof";"Fruerlundhof; 1832, 1901; Hofanlage aus Wohnhaus, einem eingeschossigen Gelbsteinbau mit Halbwalmdach, und einem großen Wirtschaftsgebäude im Rechten Winkel angeordnet, Gelbsteindrempelbau mit flachem Satteldach, Hofpflasterung und Teich";"Geschichtlich, Kulturlandschaftlich, Städtebaulich, Wissenschaftlich";"Wohnhaus mit Kopfsteinpflaster und Teich, Wirtschaftsgebäude";"https://opendata.schleswig-holstein.de/data/denkmalpflege/fotos/51295.jpg"
48588;"Sachgesamtheit";"Stadt Flensburg";"Flensburg, Stadt";"Am Pferdewasser 12, 14";"ehem. Knabenschule mit Turnhalle";"ehem. Knabenschule mit Turnhalle; 1895-96, 1905, wohl Baurat Otto Fielitz; urspr. als Knabenschule zu St. Nikolai errichtet; Schule dreigeschossiger Gelbsteinbau mit flachem Walmdach und historisierender Fassadengestaltung mit qualitätvollem Backsteindekor; im Hof freistehend die ebenfalls aus Gelbstein errichtete ehemalige Turnhalle mit Rundbogengliederung, Eingangsvorbau und jüngerem Erweiterungsflügel";"Geschichtlich, Künstlerisch, Städtebaulich";"ehem. Knabenschule (Am Pferdewasser 14), ehem. Turnhalle (Am Pferdewasser 12)";"https://opendata.schleswig-holstein.de/data/denkmalpflege/fotos/48588.jpg"
35508;"Sachgesamtheit";"Stadt Flensburg";"Flensburg, Stadt";"An der Bergmühle 5, 7";"Bergmühle";"Bergmühle; 1792 im Kern,1875; seit 1792 bestehende Windmühle 1875 zum Galerieholländer umgebaut, ein- bzw. zweigeschossiges Müllerhaus mit Halbwalmdach, im Kern um 1800, Gelbsteinspeicher mit Drempel Ende 19. Jh.";"Geschichtlich, Kulturlandschaftlich, Technisch";"Bergmühle, Kornspeicher (An der Bergmühle 7); Müllerhaus (An der Bergmühle 5)";"https://opendata.schleswig-holstein.de/data/denkmalpflege/fotos/35508.jpg"
35445;"Sachgesamtheit";"Stadt Flensburg";"Flensburg, Stadt";"Apenrader Straße 1";"Wohnhaus mit Hofbebauung";"Wohnhaus mit Hofbebauung; vor 1880, 1883, 1908, Bauherr M.K. Brix, Baugeschäft Bandholz u. Reeps; Gruppe aus repräsentativem Wohnhaus mit spätklassizistischer Gestaltung von 1883 mit älterem Kern und Hofgebäuden von 1908, Remise und Kutscherhaus überwiegend in Fachwerk";"Geschichtlich, Künstlerisch, Städtebaulich";"Wohnhaus, Remise, Kutscherhaus";""
35448;"Sachgesamtheit";"Stadt Flensburg";"Flensburg, Stadt";"Apenrader Straße 25";"Ansgar Kirke";"Aktualisierung vorgesehen";"Geschichtlich, Künstlerisch, Kulturlandschaftlich, Städtebaulich";"Ansgar Kirke mit Ausstattung, Gemeindehaus, Pastorat, Außenanlagen";"https://opendata.schleswig-holstein.de/data/denkmalpflege/fotos/35448.jpg"
26747;"Sachgesamtheit";"Stadt Flensburg";"Flensburg, Stadt";"Augustastraße 7, 9, Augustastraße u.a., Johannisstraße 43";"ehem. Metallwarenfabrik Hansen & Goos";"ehem. Metallwarenfabrik Hansen & Goos; 2. H. 19. Jh.; Wohn- und Werksgebäude der 1839 gegründeten Metallwarenfabrik und Kupferschmiede, giebelständiger geschlämmter Backsteinbau Nr. 7 ehem. Produktionsgebäude, heute Wohnhaus, traufständig zur Straße das dreigeschossige Wohn- und Geschäftshaus Nr. 9, rückwärtig gepflasterter kleiner Hof mit Wohngebäuden nach Norden (1883) und zur Johannisstraße, letzteres im Kern aus dem 18. Jh., um 1900 als Werkstattgebäude der Fabrik umgenutzt";"Geschichtlich, Städtebaulich";"ehem. Metallwarenfabrik (Augustastraße 7); Wohn- und Geschäftshaus (Augustastraße 9); ehem. Wohnhaus, Hinterhaus (Johannisstraße 43); Hofpflaster (Augustastraße, Johannisstraße)";"https://opendata.schleswig-holstein.de/data/denkmalpflege/fotos/26747.jpg"
46602;"Sachgesamtheit";"Stadt Flensburg";"Flensburg, Stadt";"Angelburger Straße, Bahnhofstraße, Hafendamm, Heinrichstraße, Süderhofenden";"Bahnbrücken, Hafenbahn Flensburg";"Bahnbrücken, Hafenbahn Flensburg; 1929; vier auf Anlage der Hafenbahn um 1852-54 zurückgehende Brücken, Lage an Heinrichstraße, Bahnhofstraße, Angelburger Straße und Hafendamm (Doppelbrücke), genietete Eisenkonstruktionen mit Widerlagern in Stahlbeton, an der Angelburger Straße in gelbem und rötlichem Backstein mit expressionistischen Details und verlängerter Stützmauer";"Geschichtlich, Künstlerisch, Städtebaulich, Technisch";"Eisenbahnbrücken (Angelburger Straße, Bahnhofstraße, Heinrichstraße); Eisenbahn-Doppelbrücke (Hafendamm); Backsteinmauer (Süderhofenden)";""
1825;"Sachgesamtheit";"Stadt Flensburg";"Flensburg, Stadt";"Burghof 1, 2, 3, 4, 5, 6, Burghof, Marienstraße 22, Toosbüystraße 11";"Burghof";"Burghof; 1909-10, Architekt Paul Ziegler; Innenblockbebauung im Heimatschutzstil zwischen zwei Vorderhäusern zur Toosbüy- und zur Marienstraße, vier- und fünfgeschossige Backsteinbauten mit Erkern und geschweiften Zwerchgiebeln in unregelmäßiger Anordnung um einen langgestreckten Innenhof mit Brunnen";"Geschichtlich, Künstlerisch, Städtebaulich";"Mietwohnungshäuser (Burghof 1, 2, 3, 4, 5, 6; Toosbüystraße 11); Brunnen, Pflasterung (Burghof); Wohnhaus, Pflasterung (Marienstraße 22)";"https://opendata.schleswig-holstein.de/data/denkmalpflege/fotos/1825.jpg"
20550;"Sachgesamtheit";"Stadt Flensburg";"Flensburg, Stadt";"Eckernförder Landstraße 200";"Martinstift Flensburg";"Martinstift Flensburg; auf 1847 zurückgehend, Bauten 1899-1905, Zimmermeister Andreas Fabian; dreiseitige Hofanlage mit Haupthaus von 1905, östlich der Zufahrt ehem. Jungenhaus von 1899 und westlich ehem. Schul- und Arbeitshaus von 1904";"Geschichtlich, Künstlerisch, Städtebaulich";"Haupthaus Martinstift Flensburg, ehem. Jungenhaus, ehem. Schul- und Arbeitshaus";"https://opendata.schleswig-holstein.de/data/denkmalpflege/fotos/20550.jpg"
51195;"Sachgesamtheit";"Stadt Flensburg";"Flensburg, Stadt";"Engelsby (Dorf) 7, 7";"Hofstelle Engelsby 7";"Hofstelle; Anfang 19. Jh., 1908; dreiseitiges Gehöft aus Wohnhaus, Stall und Wirtschaftsgebäude, Umbau im Innern des Haupthauses und Neubau des Wirtschaftsgebäudes an Stelle eines Vorgängers um 1908";"Geschichtlich, Kulturlandschaftlich, Städtebaulich";"Haupthaus mit Hof- und Gartenfläche, Stallgebäude, Scheune";"https://opendata.schleswig-holstein.de/data/denkmalpflege/fotos/51195.jpg"
51192;"Sachgesamtheit";"Stadt Flensburg";"Flensburg, Stadt";"Falkenberg 3, 7, 9, 11, 12, 14, 15, 16, 17, 19, 21, 26, 28, Immenhof 1, 3, 4, 5, 11, 12, 15, Strucksdamm 6";"Tietjekolonie";"Tietjekolonie; 1924-25, Planung Baugeschäft Jürgensen und Tietje, beteiligt Chr. W. S. Hummel, Richard Janssen, G. Hansen, Thomsen und Lauritzen; homogen angelegte Siedlung mit großzügigen Villen und Wohnhäusern überwiegend im Heimatschutzstil auf Gartengrundstücken; zugehörige Einfriedungen";"Geschichtlich, Künstlerisch, Städtebaulich";"Wohnhäuser (Falkenberg 3, 11, 14, 16, 17, 26, 28, Immenhof 1, 4, 5), Wohnhaus Hummel mit Gartenhaus, Einfriedung (Falkenberg 7), Wohnhaus mit Einfriedung (Falkenberg 9), Villa mit Einfriedung (Falkenberg 12), Wohnhaus Petersen mit Einfriedung (Falkenberg 15), Villa Kohrs mit Einfriedung (Falkenberg 19), Villa (Falkenberg 21), Wohnhaus mit Garage (Immenhof 3), Wohnhaus mit Garage (Immenhof 11), Zweifamilienhaus mit Einfriedung (Immenhof 12), Zweifamilienhaus mit Einfriedung (Immenhof 15), Wohnhaus mit Einfriedung (Strucksdamm 6)";"https://opendata.schleswig-holstein.de/data/denkmalpflege/fotos/51192.jpg"
19248;"Sachgesamtheit";"Stadt Flensburg";"Flensburg, Stadt";"Fördepromenade 3, 10-12a, 14-18, 20-24a, 30, Am Fördeufer 1-b, 2-6";"Marinestützpunkt Flensburg";"Marinestützpunkt Flensburg; 1917-1944, Regierungsbaurat Wilhelm Penners u.a.; prägende Gebäudegruppe entlang des östlichen Flensburger Fördeufers, zurückgehend auf 1902 gegründete kaiserliche Torpedoschule, zwischen 1939 und 1944 als Marinestützpunkt baulich erweitert";"Geschichtlich, Künstlerisch, Städtebaulich";"Bonte-Kaserne (Am Fördeufer 1, 1a-b), Kasinogebäude (Am Fördeufer 2-6), Werkstättengebäude und Heizwerk (Fördepromenade 30), Landanschlusszentrale Nord (Fördepromenade 3), Torpedo-Mechanikerhaus (Fördepromenade 10-12a), Unterrichtsgebäude II (Fördepromenade 14-18), Unterrichtsgebäude I (Fördepromenade 20-24a)";""
35265;"Sachgesamtheit";"Stadt Flensburg";"Flensburg, Stadt";"Friedrich-Ebert-Straße 1, 7";"Deutsches Haus mit Konzertgarten";"Deutsches Haus mit Konzertgarten; 1928-52, Architekt Paul Ziegler u. Theodor Rieve; platzbildende Klinkerbaugruppe in kubischer Gestaltung des Neuen Bauens mit Resten des Konzertgartens und dem ehem. Musikpavillon, heute NDR-Studio";"Geschichtlich, Künstlerisch, Städtebaulich";"Deutsches Haus, Konzertgarten (Friedrich-Ebert-Straße 1), NDR-Studio (Musikpavillon) (Friedrich-Ebert-Straße 7)";""
35631;"Sachgesamtheit";"Stadt Flensburg";"Flensburg, Stadt";"Große Straße 2";"Kaufmannshof Große Straße 2";"Kaufmannshof Große Straße 2; v. a. 19. Jh., im Kern älter; Vorderhaus des 16. Jhs. mit klassizistischer Putzfassade der Zeit um 1820, rückwärtig hofbildende Flügelbauten mit Satteldächern, nach Osten abschließender eingeschossiger Querbau mit Mansarddach";"Geschichtlich, Künstlerisch, Städtebaulich";"Vorderhaus, Rückflügel, Seitenflügel, Quergebäude";"https://opendata.schleswig-holstein.de/data/denkmalpflege/fotos/35631.jpg"
35636;"Sachgesamtheit";"Stadt Flensburg";"Flensburg, Stadt";"Große Straße 4";"Kaufmannshof Große Straße 4";"Kaufmannshof Große Straße 4; 16-19. Jh.; Vorderhaus des 16. Jhs. mit klassizistischer Putzfassade der Zeit um 1820, rückwärtig hofbildende zwei- und dreigeschossige Flügelbauten mit Satteldächern, nach Osten abschließender eingeschossiger Querbau mit Mansarddach";"Geschichtlich, Künstlerisch, Städtebaulich, Wissenschaftlich";"Vorderhaus, erster Seitenflügel, zweiter Seitenflügel, dritter Seitenflügel, Querspeicher";"https://opendata.schleswig-holstein.de/data/denkmalpflege/fotos/35636.jpg"
36259;"Sachgesamtheit";"Stadt Flensburg";"Flensburg, Stadt";"Große Straße 8";"Wohn- und Geschäftshaus Große Straße 8";"Wohn- und Geschäftshaus Große Straße 8; 1893/94, 1898, Maurermeister Chr. Henningsen u. H. Höft; Vorderhaus mit historistischer Fassade und zeitgleich entstandenen rückwärtigen Flügelanbauten in Gelbstein, wenig jüngeres Hinterhaus mit ehem. Schulnutzung";"Geschichtlich, Städtebaulich";"Wohn- und Geschäftshaus, erster Seitenflügel, zweiter Seitenflügel, Hinterhaus";"https://opendata.schleswig-holstein.de/data/denkmalpflege/fotos/36259.jpg"
47388;"Sachgesamtheit";"Stadt Flensburg";"Flensburg, Stadt";"Große Straße 12";"ehem. Colosseum-Filmtheater";"ehem. „Colosseum“-Filmtheater; 1887; repräsentatives viergeschossiges Wohn- und Geschäftshaus mit hofartig angelegtem rückwärtigem Trakt und Saalanbau";"Geschichtlich, Künstlerisch, Städtebaulich";"ehem. 'Colosseum'-Filmtheater, Saalanbau";"https://opendata.schleswig-holstein.de/data/denkmalpflege/fotos/47388.jpg"
35737;"Sachgesamtheit";"Stadt Flensburg";"Flensburg, Stadt";"Große Straße 36";"Wohn- und Geschäftshaus mit Quergebäude Große Straße 36";"Wohn- und Geschäftshaus mit Quergebäude; 1846, 1890/91, Arch. Alexander Wilhelm Prale; viergeschossiger Backsteinbau von 1890/91 mit neogotischer Fassadengestaltung und langgestrecktem bauzeitlicher Rückflügel, seitlich liegender schlichter geschlämmter Querbau des mittleren 19. Jhs.";"Geschichtlich, Künstlerisch, Städtebaulich";"Wohn- und Geschäftshaus, Querbau";"https://opendata.schleswig-holstein.de/data/denkmalpflege/fotos/35737.jpg"
47415;"Sachgesamtheit";"Stadt Flensburg";"Flensburg, Stadt";"Große Straße 38-40";"Wohn- und Geschäftshaus Große Straße 38-40";"Wohn- und Geschäftshaus Große Straße 38-40; 18. Jh., 1919; aus zwei ehem. Giebelhäusern zusammengefasster dreigeschossiger Putzbau mit Hofbebauung aus zwei niedrigeren Seitenflügeln";"Geschichtlich, Städtebaulich";"Wohn- und Geschäftshaus, südlicher Seitenflügel, nördlicher Seitenflügel";"https://opendata.schleswig-holstein.de/data/denkmalpflege/fotos/47415.jpg"
80;"Sachgesamtheit";"Stadt Flensburg";"Flensburg, Stadt";"Große Straße 42-44";"Kaufmannshof Große Straße 42-44";"Kaufmannshof Große Straße 42-44; 17-19. Jh.; aus zwei ehem. Traufenhäusern zusammengefasster zweigeschossiger Putzbau mit Hofbebauung aus niedrigeren Fachwerk- und Backsteinflügeln und nach Osten abschließendem Querbau mit weiterem Flügelanbau";"Geschichtlich, Künstlerisch, Städtebaulich";"Vorderhaus, Zwischenbau, erster nördlicher Seitenflügel, zweiter nördlicher Seitenflügel, erster südlicher Seitenflügel, zweiter südlicher Seitenflügel, Querspeicher, dritter nördlicher Seitenflügel";"https://opendata.schleswig-holstein.de/data/denkmalpflege/fotos/80.jpg"
47420;"Sachgesamtheit";"Stadt Flensburg";"Flensburg, Stadt";"Große Straße 46";"Wohn- und Geschäftshaus Große Straße 46";"Wohn- und Geschäftshaus Große Straße 46; 18./19. Jh.; dreigeschossiges Vorderhaus mit Rückflügel und Hofbebauung aus zwei niedrigeren Backsteinflügeln und nach Osten abschließendem Querbau";"Geschichtlich, Städtebaulich";"Wohn- und Geschäftshaus, Rückflügel,erster Seitenflügel, zweiter Seitenflügel, Quergebäude";"https://opendata.schleswig-holstein.de/data/denkmalpflege/fotos/47420.jpg"
35661;"Sachgesamtheit";"Stadt Flensburg";"Flensburg, Stadt";"Große Straße 50";"Kaufmannshof Große Straße 50";"Kaufmannshof Große Straße 50; im Kern 15./16. Jh.; im 19. Jh. verändertes Vorderhaus mit nach Osten anschließender nordseitiger Hofbebauung aus um 1600 errichteten zweigeschossigen Backsteinflügeln und dreigeschossigen Querhäusern von 1890";"Geschichtlich, Künstlerisch, Städtebaulich";"Vorderhaus, Rückflügel, Seitenflügel, mittleres Querhaus, hinteres Querhaus";"https://opendata.schleswig-holstein.de/data/denkmalpflege/fotos/35661.jpg"
35662;"Sachgesamtheit";"Stadt Flensburg";"Flensburg, Stadt";"Große Straße 52";"Kaufmannshof Große Straße 52";"Kaufmannshof Große Straße 52; 16. Jh., 18. Jh.; im EG verändertes Vorderhaus mit großbürgerlichem Anspruch des 18. Jahrhunderts und nach Osten anschließender nordseitiger Hofbebauung aus etwa zeitgleich errichtetem dreigeschossigen Backsteinflügeln und dreigeschossigem Querspeicher des 16. Jhs.";"Geschichtlich, Künstlerisch, Städtebaulich";"Vorderhaus, nördlicher Seitenflügel, Querspeicher";"https://opendata.schleswig-holstein.de/data/denkmalpflege/fotos/35662.jpg"
35665;"Sachgesamtheit";"Stadt Flensburg";"Flensburg, Stadt";"Große Straße 54";"Kaufmannshof Große Straße 54";"Kaufmannshof Große Straße 54; Mi. 19. Jh., im Kern wohl 16. Jh.; Vorderhaus mit klassizistischer Fassade und rückseitig anschließendem, etwa zeitgleich errichtetem niedrigerem Backsteinflügel";"Geschichtlich, Städtebaulich";"Vorderhaus, Seitenflügel";"https://opendata.schleswig-holstein.de/data/denkmalpflege/fotos/35665.jpg"
35666;"Sachgesamtheit";"Stadt Flensburg";"Flensburg, Stadt";"Große Straße 69";"Kaufmannshof Große Straße 69";"Kaufmannshof Große Straße 69; 16-19. Jh.; dreigeschossiges Doppelgiebelhaus mit umfänglicher Hofbebauung aus vier geschlämmten zwei- bis dreigeschossigen Backsteinflügeln und nach Westen abschließendem jüngerem Querbau";"Geschichtlich, Künstlerisch, Städtebaulich";"Vorderhaus, erster nördlicher Seitenflügel, zweiter nördlicher Seitenflügel, erster südlicher Seitenflügel, zweiter südlicher Seitenflügel, Quergebäude, Hof";"https://opendata.schleswig-holstein.de/data/denkmalpflege/fotos/35666.jpg"
35667;"Sachgesamtheit";"Stadt Flensburg";"Flensburg, Stadt";"Große Straße 71";"Handwerkerhof Große Straße 71";"Handwerkerhof Große Straße 71; 19. Jh.; dreieinhalbgeschossiges Vorderhaushaus mit zugehörigem Rückflügel und Hofbebauung aus geschlämmten zweigeschossigen Backsteinflügel und nach Westen abschließendem älterem Querbau";"Geschichtlich, Städtebaulich";"Vorderhaus, Seitenflügel, Quergebäude";"https://opendata.schleswig-holstein.de/data/denkmalpflege/fotos/35667.jpg"
35668;"Sachgesamtheit";"Stadt Flensburg";"Flensburg, Stadt";"Große Straße 73";"Handwerkerhof Große Straße 73";"Handwerkerhof Große Straße 73; 17.-19. Jh.; zweigeschossiges Vorderhaushaus mit barockem Schweifgiebel und Hofbebauung aus geschlämmten zweigeschossigen Fachwerk- und Backsteinflügel und nach Westen abschließendem jüngerem Quergebäude";"Geschichtlich, Künstlerisch, Städtebaulich";"Vorderhaus, Rückflügel, Seitenflügel, Quergebäude";"https://opendata.schleswig-holstein.de/data/denkmalpflege/fotos/35668.jpg"
29764;"Sachgesamtheit";"Stadt Flensburg";"Flensburg, Stadt";"Große Straße 75";"Kaufmannshof Große Straße 75";"Kaufmannshof Große Straße 75; 17.-18. Jh.; zweigeschossiges Fachwerk-Vorderhaus mit jüngerer Putzfassade und Hofbebauung aus Fachwerkflügeln sowie niedrigerem Backsteinflügel und nach Westen abschließendem Quergebäude";"Geschichtlich, Künstlerisch, Städtebaulich";"Vorderhaus, Rückflügel, erster Seitenflügel, zweiter Seitenflügel, nördlicher Seitenflügel, Quergebäude";"https://opendata.schleswig-holstein.de/data/denkmalpflege/fotos/29764.jpg"
35736;"Sachgesamtheit";"Stadt Flensburg";"Flensburg, Stadt";"Große Straße 77";"Wohn- und Geschäftshaus Große Straße 77";"Wohn- und Geschäftshaus Große Straße 77; 19. Jh., 1868/89, Arch. Johannes Otzen; repräsentatives Wohn- und Geschäftshaus in neogotischem Stil mit zugehörigem Rückflügel und Hofbebauung aus drei teilw. verbundenen drei- und viergeschossigen Quergebäuden sowie Fabrikschornstein";"Geschichtlich, Künstlerisch, Städtebaulich";"Wohn- und Geschäftshaus, erstes Quergebäude, Verbindungsbau, zweites Quergebäude, drittes Quergebäude, Schornstein";"https://opendata.schleswig-holstein.de/data/denkmalpflege/fotos/35736.jpg"
47551;"Sachgesamtheit";"Stadt Flensburg";"Flensburg, Stadt";"Große Straße 79, 81";"Wohn- und Geschäftshaus Große Straße 79";"Wohn- und Geschäftshaus Große Straße 79; 1895, Zimmermeister Andreas Fabian; repräsentatives Wohn- und Geschäftshaus in Formen der Neorenaissance mit Hofbebauung aus zwei teilw. verputzten zwei- und viergeschossigen Seitenflügeln sowie gelbsteinsichtigem dreigeschossigem Hinterhaus";"Geschichtlich, Künstlerisch, Städtebaulich";"Wohn- und Geschäftshaus, erster Seitenflügel (Große Straße 79); zweiter Seitenflügel, Hinterhaus (Große Straße 81)";"https://opendata.schleswig-holstein.de/data/denkmalpflege/fotos/47551.jpg"
35713;"Sachgesamtheit";"Stadt Flensburg";"Flensburg, Stadt";"Große Straße 81";"Wohn- und Geschäftshaus Große Straße 81";"Wohn- und Geschäftshaus Große Straße 81; 1897, Zimmermeister Andreas Fabian; repräsentatives Wohn- und Geschäftshaus mit historisierender Putzfassade und Hofbebauung aus zwei teilw. geschlämmten dreigeschossigen Seitenflügeln sowie zweigeschossigem Hinterhaus";"Geschichtlich, Künstlerisch, Städtebaulich";"Wohn- und Geschäftshaus, erster Seitenflügel, zweiter Seitenflügel, Hinterhaus";"https://opendata.schleswig-holstein.de/data/denkmalpflege/fotos/35713.jpg"
35715;"Sachgesamtheit";"Stadt Flensburg";"Flensburg, Stadt";"Große Straße 83";"Kaufmannshof Große Straße 83";"Kaufmannshof Große Straße 83; 15.-20. Jh.; verändertes, im Kern spätmittelalterliches Vorderhaus mit Putzfassade und Hofbebauung aus zwei geschlämmten dreigeschossigen Seitenflügeln der Zeit um 1700 sowie dreigeschossigem Querspeicher des beginnenden 19. Jhs.";"Geschichtlich, Städtebaulich";"Vorderhaus, erster Seitenflügel, zweiter Seitenflügel, Querspeicher";"https://opendata.schleswig-holstein.de/data/denkmalpflege/fotos/35715.jpg"
35718;"Sachgesamtheit";"Stadt Flensburg";"Flensburg, Stadt";"Große Straße 85";"Kaufmannshof Große Straße 85";"Kaufmannshof Große Straße 85; 16.-19. Jh.; verändertes, im Kern auf das 16. Jahrhundert zurückgehendes Vorderhaus mit Putzfassade und Hofbebauung aus zwei geschlämmten zwei- und dreigeschossigen Seitenflügeln des 16. u. 18. Jhs.";"Geschichtlich, Städtebaulich";"Vorderhaus, erster Seitenflügel, zweiter Seitenflügel";"https://opendata.schleswig-holstein.de/data/denkmalpflege/fotos/35718.jpg"
35724;"Sachgesamtheit";"Stadt Flensburg";"Flensburg, Stadt";"Große Straße 87, 87a, 87b";"Kaufmannshof Große Straße 87-87b";"Kaufmannshof Große Straße 87; 16.-19. Jh.; 1892 nach Brand erneuertes Vorderhaus mit historisierender Putzfassade und Hofbebauung aus drei geschlämmten zweigeschossigen Seitenflügeln des 16. u. 19. Jhs. sowie nach Westen abschließendem Quergebäude von 1881";"Geschichtlich, Künstlerisch, Städtebaulich";"Vorderhaus, erster Seitenflügel, zweiter Seitenflügel, dritter Seitenflügel, Quergebäude";"https://opendata.schleswig-holstein.de/data/denkmalpflege/fotos/35724.jpg"
15821;"Sachgesamtheit";"Stadt Flensburg";"Flensburg, Stadt";"Große Straße 89";"Handwerkerhof Große Straße 89";"Handwerkerhof Große Straße 89; 2. H. 19. Jh.; um 1860/70 errichtetes zweigeschossiges Vorderhaus mit schlichter Putzfassade und zugehörigem Rückflügel, nach Westen ehem. Werkstattquerbau";"Geschichtlich, Städtebaulich";"Vorderhaus, Quergebäude";"https://opendata.schleswig-holstein.de/data/denkmalpflege/fotos/15821.jpg"
35639;"Sachgesamtheit";"Stadt Flensburg";"Flensburg, Stadt";"Große Straße 6, Speicherlinie 48";"Kaufmannshof Große Straße 6/Speicherlinie 48";"Kaufmannshof Große Straße 6; 16-19. Jh.; schmales Vorderhaus des mittleren 19. Jhs. mit klassizistischer Putzfassade, in dichter Bebauung rückwärtig zwei Höfe ausbildende zweigeschossige Flügelbauten und Querspeicher unterschiedlicher Entstehungszeit mit Sattel- und Pultdächern";"Geschichtlich, Künstlerisch, Städtebaulich";"Vorderhaus, erster Seitenflügel, erster Querspeicher, zweiter Querspeicher, zweiter Seitenflügel (Große Straße 6); dritter Seitenflügel, dritter Querspeicher (Speicherlinie 48)";"https://opendata.schleswig-holstein.de/data/denkmalpflege/fotos/35639.jpg"
35646;"Sachgesamtheit";"Stadt Flensburg";"Flensburg, Stadt";"Große Straße 16, 16a, Speicherlinie 40";"Kaufmannshof (ehem. Löwenapotheke) Große Straße 16/Speicherlinie 40";"Kaufmannshof (ehem. Löwenapotheke) Große Straße 16 und Speicherlinie 40; v.a. 18. u. 19. Jh.; Vorderhaus von 1779 mit 1866 historistisch erneuerter Fassade und rückwärtigem Saalflügel, angrenzend niedrigerer etwa zeitgleich errichteter Flügelbau,  Hinterhaus von 1906, nach Osten abschließend eingeschossiger Querbau des 19. Jhs.";"Geschichtlich, Künstlerisch, Städtebaulich, Wissenschaftlich";"Vorderhaus mit Rückflügel, Seitenflügel (Große Straße 16); Querhaus (Große Straße 16a), Amalie-Lamp-Speicher (Speicherlinie 40)";"https://opendata.schleswig-holstein.de/data/denkmalpflege/fotos/35646.jpg"
35660;"Sachgesamtheit";"Stadt Flensburg";"Flensburg, Stadt";"Große Straße 48, Speicherlinie 12";"Kaufmannshof Große Straße 48/Speicherlinie 12";"Wohn- und Geschäftshaus Große Straße 48 und Speicherlinie 12; 18./19. Jh., älterer Kern; aus zwei ehem. Giebelhäusern zusammengefasstes dreigeschossiges Vorderhaus mit neogotische Fassade und nach Osten anschließender beidseitiger Hofbebauung aus zwei- und dreigeschossigen Backsteinflügeln";"Geschichtlich, Künstlerisch, Städtebaulich";"Vorderhaus, erster  nördlicher Seitenflügel, zweiter nördlicher Seitenflügel, dritter nördlicher Seitenflügel, erster südlicher Seitenflügel, zweiter südlicher Seitenflügel, dritter südlicher Seitenflügel (Große Straße 48); Speichergebäude (Speicherlinie 12)";"https://opendata.schleswig-holstein.de/data/denkmalpflege/fotos/35660.jpg"
35735;"Sachgesamtheit";"Stadt Flensburg";"Flensburg, Stadt";"Große Straße 10, Speicherlinie 44";"Kaufmannshof Große Straße 10/Speicherlinie 44";"Kaufmannshof Große Straße 6; 16-18. Jh.; dreigeschossiges giebelständiges Vorderhaus im Kern vermutl. des 16. Jhs. mit schlichter geschlämmter Fassade und Utlucht, gestaffelte Hofbebauung aus zwei Flügelbauten und 16. und 18. Jhs., östlicher Abschluss zur Speicherlinie durch Querspeicher von 1766";"Geschichtlich, Künstlerisch, Städtebaulich";"Vorderhaus, erster Seitenflügel, zweiter Seitenflügel (Große Straße 10); Querspeicher (Speicherlinie 44)";"https://opendata.schleswig-holstein.de/data/denkmalpflege/fotos/35735.jpg"
45408;"Sachgesamtheit";"Stadt Flensburg";"Flensburg, Stadt";"Holm 1-3";"Wohn- und Geschäftshaus Holm 1-3 mit Gnomenkeller";"Wohn- und Geschäftshaus Holm 1-3 mit Gnomenkeller; im Kern gotisch, 1873, 1907, 1928; viergeschossiges Eckgebäude von Magnus Schlichting, sachliche Umgestaltung von Guido Widmann, darunter liegender Kreuzrippenkeller im Kern gotisch, 1873 zusammengefasst, Ausmalungen von A. Schurig (1873), W. Albertsen (1906) und Chr. Langmaack (1909)";"Geschichtlich, Künstlerisch, Städtebaulich";"Geschäftshaus, sog. 'Gnomenkeller'";""
35743;"Sachgesamtheit";"Stadt Flensburg";"Flensburg, Stadt";"Holm 13";"Ratsapotheke Holm 13";"Ratsapotheke Holm 13; Vorder (1620) - u. Rückflügel 18. Jh., Seitenflügel 19 Jh.; spätgotisches unterkellertes Giebelvorderhaus mit dreiachsiger Putzfassade mit Portalrisalit; Rückflügel ehem. dreigeschossiger Saalbau mit hohem Satteldach, im Erdgeschoss Reste eines Saales mit Stuckdecke; ehem. dreigeschossiger Seitenflügel, aufgestockt mit Flachdach";"Geschichtlich, Künstlerisch, Städtebaulich";"Vorderhaus, Rückflügel, Seitenflügel";"https://opendata.schleswig-holstein.de/data/denkmalpflege/fotos/35743.jpg"
35744;"Sachgesamtheit";"Stadt Flensburg";"Flensburg, Stadt";"Holm 15";"Kaufmannshof Holm 15";"Kaufmannshof Holm 15; Vorderhaus 1938 Georg Rieve; Rück- u. Seitenflügel 1712, beide im Kern spätgotisch; zweigeschossiges giebelständiges Vorderhaus aus Backstein mit Firstzinne, südliche Erweiterung, Balkon mit geschweifter Gitterbrüstung; zweigeschossiger Rückflügel, Saalbau aus Rot- und Gelbstein, Dreieckgiebel mit flachbogigen Luken, kreuzgewölbter Keller; zweigeschossiger Seitenflügel aus Rot-u. Gelbstein, spätgotischer Keller mit Kreuzgewölben, gereihte Zargenfenster, Kranerker";"Geschichtlich, Künstlerisch, Städtebaulich";"Vorderhaus, Rückflügel, Seitenflügel";"https://opendata.schleswig-holstein.de/data/denkmalpflege/fotos/35744.jpg"
35745;"Sachgesamtheit";"Stadt Flensburg";"Flensburg, Stadt";"Holm 17";"Kaufmannshof Holm 17";"Kaufmannshof Holm 17; Rück- u. 1. Seitenflügel: 16/17. Jh., Vorderhaus, 2. Seitenflügel u. Tor: 18. Jh., Quergebäude: 1844, Thielemann; zweigeschossiges Vorderhaus mit Masarddach, spätbarocker Putzfassade, Rokoko-Pilastergliederung, Gauben mit Volutenschwüngen; zweigeschossiger geschlämmter Backsteinrückflügel mit Satteldach, gewölbte Kellerräume, Einrichtung im Stil des Louis Seize; 1. Seitenflügel zweigeschossiger Saalbau mit Satteldach, geschlämmt, Rokokosaal im Erdgeschoss; zweigeschossiger 2. Seitenflügel aus Backstein mit Satteldach, hohe Zargenfenster unter Blendbögen; zweigeschossiges Quergebäude mit Putzfassade und Satteldach, Durchgang zum Hof; korbbogiges Durchfahrtstor aus Backstein, geschlämmt";"Geschichtlich, Künstlerisch, Städtebaulich";"Vorderhaus mit Torbau, Rückflügel, erster Seitenflügel, zweiter Seitenflügel, Quergebäude";"https://opendata.schleswig-holstein.de/data/denkmalpflege/fotos/35745.jpg"
35751;"Sachgesamtheit";"Stadt Flensburg";"Flensburg, Stadt";"Holm 19, 19-21, 21";"Kaufmannshof Holm 19-21";"Kaufmannshof Holm 19-21; 16./17. Jh.; Vorderhaus mit Mansarddach, Putzfassade schlicht spätklassizistisch überformt, zwei halbrunde klassizistische Treppenhäuser; nördl. 3-geschossiger Rückflügel aus Backstein, Akzentuierung durch Gelbstein, Satteldach, 2-schiffiger gewölbter Keller; 1. nördl. Seitenflügel 2-geschossig aus Gelb- und Rotstein, hohes Kellergeschoss, Satteldach, Fachwerkkranerker, 2-schiffig gewölbter Keller; 2. nördl. Seitenflügel 2-geschossig aus Rot- und Gelbstein, hohes Kellergeschoss, Satteldach; Südl. Rückflügel 3-geschossig aus Backstein, Akzentuierung durch Gelbstein, Satteldach; südl. Seitenflügel 2-geschossig aus Backstein mit stichbogigen Kelleröffnungen, Fachwerkkranerker über Ladetor, gerundeter Wendeltreppenanbau an östl. Giebelseite";"Geschichtlich, Künstlerisch, Städtebaulich";"Vorderhaus, nördlicher und südlicher Rückflügel, erster und zweiter nördlicher Seitenflügel, südlicher Seitenflügel";"https://opendata.schleswig-holstein.de/data/denkmalpflege/fotos/35751.jpg"
35753;"Sachgesamtheit";"Stadt Flensburg";"Flensburg, Stadt";"Holm 23";"Kaufmannshof Holm 23";"Kaufmannshof Holm 23; 17./18. Jh.; Vorderhaus zweigeschossiges Giebelhaus mit abgewalmtem Satteldach, Putzfassade von 1928, Klosterziegelmauerwerk an südl. Traufseite, gewölbter Keller, Wappenstein; erster Seitenflügel zweigeschossig aus Gelbstein, geschlämmt, hohes Kellergeschoss, Satteldach, östlicher Fachwerkgiebel; zweiter Seitenflügel zweigeschossig aus Gelbstein, geschlämmt, Keller als Vollgeschoss, vorkragendes Fachwerk-Obergeschoss, Giebelfront in Fachwerk mit Ziegelmustern";"Geschichtlich, Künstlerisch, Städtebaulich";"Vorderhaus, erster Seitenflügel, zweiter Seitenflügel";"https://opendata.schleswig-holstein.de/data/denkmalpflege/fotos/35753.jpg"
35754;"Sachgesamtheit";"Stadt Flensburg";"Flensburg, Stadt";"Holm 35";"Kaufmannshof Holm 35";"Kaufmannshof Holm 35; Vorderhaus 1905, Hof 17 Jh.; dreigeschossiges Vorderhaus mit überformter Jungendstilfassade, erkerähnlich vortretende Achsen zw. kassettierten Lisenen; dreigeschossiger Saalbau mit Satteldach, Klosterziegeln im gotischen Verband, Gelbstein; zweigeschossiger Seitenflügel mit Flachdach";"Geschichtlich, Künstlerisch, Städtebaulich";"Vorderhaus, erster Seitenflügel, zweiter Seitenflügel";"https://opendata.schleswig-holstein.de/data/denkmalpflege/fotos/35754.jpg"
35755;"Sachgesamtheit";"Stadt Flensburg";"Flensburg, Stadt";"Holm 39";"Kaufmannshof Holm 39";"Kaufmannshof Holm 39; Vorderhaus 1853, Rückbauten 16. Jh., Umbau 1984-1986; dreigeschossiges Vorderhaus mit Walmdach, spätklassizistischer Putzfassade, Innen entkernt; geschlämmter zweigeschossiger Backsteinrückflügel mit Satteldach; schräg anlaufender zweiter Flügel mit halbrunden Treppenturm mit Wendeltreppe, Erdgeschoss mit bemalter bauzeitlicher Holzbalkendecke";"Geschichtlich, Künstlerisch, Städtebaulich";"Vorderhaus, Rückflügel, Seitenflügel";"https://opendata.schleswig-holstein.de/data/denkmalpflege/fotos/35755.jpg"
35756;"Sachgesamtheit";"Stadt Flensburg";"Flensburg, Stadt";"Holm 41";"Kaufmannshof Holm 41";"Kaufmannshof Holm 41; im Kern alle Gebäude aus dem 15. Jh.; zweigeschossiges Giebelhaus mit Satteldach, neu gestaltete spätklassizistische Fassade, ältere Mauerverbände an Traufseiten, Innen zweischiffiger Keller; gestaffelte zweigeschossige Hoftrakte, geschlämmt mit Satteldächern, zweischiffiger Keller unter 1. Seitenflügel";"Geschichtlich, Künstlerisch, Städtebaulich";"Vorderhaus, Rückflügel, Seitenflügel";"https://opendata.schleswig-holstein.de/data/denkmalpflege/fotos/35756.jpg"
35757;"Sachgesamtheit";"Stadt Flensburg";"Flensburg, Stadt";"Holm 43";"Kaufmannshof Holm 43";"Kaufmannshof Holm 43; Vorderhaus frühes 18. Jh., dreigeschossiger Traufenbau, Putzfassade in spätklassizistischer Formengebung, linke Achse turmartig überhöht; Rückflügel frühes 18. Jh. aus Backstein, geschlämmt, Traufseite mit Zieranker; 1. Seitenflügel 1988 dreigeschossiger Backsteinbau mit flachem Satteldach, geschlämmt; 2. Seitenflügel spätes 19. Jh. dreigeschossiger Backsteinbau mit Satteldach, geschlämmt, Stichbogenfensterreihen, Ladeachse mit Krankerker";"Geschichtlich, Künstlerisch, Städtebaulich";"Vorderhaus mit Wappentafel, Rückflügel mit Keller, erster Seitenflügel, zweiter Seitenflügel, Quergebäude";"https://opendata.schleswig-holstein.de/data/denkmalpflege/fotos/35757.jpg"
1851;"Sachgesamtheit";"Stadt Flensburg";"Flensburg, Stadt";"Holm 45";"Kaufmannshof Holm 45";"Kaufmannshof Holm 45; giebelständiges Vorderhaus 1726, im Kern 15./16. Jh., aufgestockt mit barocker Putzfassade, Fassadengliederung wiederhergestellt, zweigeschossiger, geschmückter Schweif- und Volutengiebel, Innen kreuzgewölbter Keller; 1. Seitenflügel 17. Jh. Kern älter, dreigeschossig, dreiviertelrund vortretender Treppenturm mit Wendeltreppe, Innen zweischiffiger Keller; 2. Seitenflügel 1870 mit flachem Satteldach, zweieinhalbgeschossig, Werkstattgebäude mit Lagerräumen, Krangiebel u. Ladetore; Speicherquerbau 1830 dreigeschossig mit korbbogigem Durchgang darüber ehemaliges Ladetor, zweigeschossiger Windenerker im Satteldach";"Geschichtlich, Künstlerisch, Städtebaulich";"Vorderhaus, erster Seitenflügel, zweiter Seitenflügel, Querspeicher";"https://opendata.schleswig-holstein.de/data/denkmalpflege/fotos/1851.jpg"
35760;"Sachgesamtheit";"Stadt Flensburg";"Flensburg, Stadt";"Holm 47";"Kaufmannshof Holm 47";"Kaufmannshof Holm 47; Kernbau 16. Jh., Neu- u. Umbauten Anfang 19. u. Anfang 20. Jh.; dreigeschossiges Vorderhaus mit klassizistischer Putzfassade aus zwei Hausteilen zusammengelegt, im Hof zwei Seitenflügel und ein Querspeicher mit zwei Wappentafeln";"Geschichtlich, Künstlerisch, Städtebaulich";"Vorderhaus, südlicher Seitenflügel, Querspeicher, zwei Inschrifttafeln am Querspeicher, nördlicher Seitenflügel";"https://opendata.schleswig-holstein.de/data/denkmalpflege/fotos/35760.jpg"
46042;"Sachgesamtheit";"Stadt Flensburg";"Flensburg, Stadt";"Holm 49-51";"Kaufmannshof Holm 49-51";"Kaufmannshof Holm 49-51; 1881, 1900, Gebrüder Hummel, Andreas Fabian; im Kern ältere Hofanlage aus zusammengelegten Vorderhäusern und dreiteiligem Seitenflügel im Norden, südlichem Seitenflügel und zweiteiligem Quergebäude; Vorderhaus viergeschossiger Putzbau mit flachem Pultdach, mit Halbsäulen gerahmte Fensterpaare und Kastenerker, Hofgebäude 1880-1897 Gelb- und geschlämmte Rotsteinbauten mit Pultdächern";"Geschichtlich, Städtebaulich";"Vorderhaus, 1. nördlicher Seitenflügel, 2. nördlicher Seitenflügel, 3. nördlicher Seitenflügel, südlicher Seitenflügel, nördliches Quergebäude, südliches Quergebäude";"https://opendata.schleswig-holstein.de/data/denkmalpflege/fotos/46042.jpg"
46049;"Sachgesamtheit";"Stadt Flensburg";"Flensburg, Stadt";"Holm 53";"Gewerbehof Holm 53";"Gewerbehof Holm 53; 1904/05, Magnus Schlichting; Vorderhaus viergeschossiger Putzbau mit Backsteinfassade; dichte Hofbebauung 1908 von Hans Strozda";"Geschichtlich, Städtebaulich";"Wohn- und Geschäftshaus, erster Seitenflügel, zweiter Seitenflügel, Werkstatt- und Lagergebäude im Hof";"https://opendata.schleswig-holstein.de/data/denkmalpflege/fotos/46049.jpg"
35762;"Sachgesamtheit";"Stadt Flensburg";"Flensburg, Stadt";"Holm 62";"ehem. Kaufmannshof und ehem. Möbelfabrik Sauermann";"ehem. Kaufmannshof und ehem. Möbelfabrik Sauermann; Wohn- und Geschäftshaus 1740, Hof- und Werkstattgebäude 1880-1897; zweigeschossiges Giebelhaus mit Satteldach, Giebelfront verändert u. verputzt, Traufwand mit vorkragendem Fachwerkobergeschoss; Rückflügel zweigeschossiger Backsteinbau mit Bohlendach; backsteinerne Werkstattgebäude der ehem. Möbelfabrik Sauermann";"Geschichtlich, Städtebaulich, Wissenschaftlich";"Wohn- und Geschäftshaus, Rückflügel; Seitenflügel, nördlicher und südlicher Werkstattflügel (ehem. Möbelfabrik Sauermann)";"https://opendata.schleswig-holstein.de/data/denkmalpflege/fotos/35762.jpg"
14237;"Sachgesamtheit";"Stadt Flensburg";"Flensburg, Stadt";"Holm 66";"Kaufmannshof Holm 66";"Kaufmannshof Holm 66; Vorderhaus 1840 von Moritz Pöhler umgebaut, dreigeschossig mit spätklassizistischer Putzfassade; ältere nordseitige Hofbebauung des 18. Jh. zwei und dreigeschossige Backsteinbauten, geschlämmt mit Satteldach; südseitige Hofbebauung aus 2. Hälfte des 19. Jh., zweigeschossiger Werkstattflügel mit Fachwerkobergeschoss und Pultdach, zweigeschossiger Fachwerkbau mit auf Knaggen vorkragendem Obergeschoss; zweigeschossiger erster Querflügel mit Satteldach; viergeschossiger zweiter Querflügel von Moritz Pöhler 1903";"Geschichtlich, Künstlerisch, Städtebaulich";"Vorderhaus, erster südlicher Seitenflügel, erster nördlicher Seitenflügel, zweiter nördlicher Seitenflügel, zweiter südlicher Seitenflügel, erster Querflügel, zweiter Querflügel";"https://opendata.schleswig-holstein.de/data/denkmalpflege/fotos/14237.jpg"
2084;"Sachgesamtheit";"Stadt Flensburg";"Flensburg, Stadt";"Holm 76, Nikolaikirchhof 2a";"Kaufmannshof Holm 76 und Nikolaikirchhof 2a";"Kaufmannshof Holm 76 und Nikolaikirchhof 2a; Vorderhaus Kern 16. Jh./1810, 1. Seitenflügel 17. Jh.; 2. Seitenflügel 18. Jh., 3. Seitenflügel spätes 19. Jh., Querspeicher 1905; dreigeschossiges traufständiges Vorderhaus mit Walmdach, klassizistische Fassade, geschlämmte Rückfront, dreischiffiger Keller, bauzeitliche Ausstattung; zwei zweigeschossige geschlämmte Seitenflügel, Fenster in stichbogigen Blenden, 3. Seitenflügel mit vorkragendem verbrettertem Obergeschoss; dreigeschossiger Querflügel mit Putzfassade, ein Fenster mit barockisierender Putzrahmung und Zwerchgiebel";"Geschichtlich, Künstlerisch, Städtebaulich";"Vorderhaus; erster, zweiter und dritter Seitenflügel; Querspeicher";"https://opendata.schleswig-holstein.de/data/denkmalpflege/fotos/2084.jpg"
35764;"Sachgesamtheit";"Stadt Flensburg";"Flensburg, Stadt";"Johanniskirchhof";"Kirche St. Johannis";"Aktualisierung vorgesehen";"Geschichtlich, Künstlerisch, Kulturlandschaftlich, Städtebaulich";"Kirche St. Johannis mit Ausstattung, Kirchhof, Granitböschungsmauern, Lindenkranz";"https://opendata.schleswig-holstein.de/data/denkmalpflege/fotos/35764.jpg"
160;"Sachgesamtheit";"Stadt Flensburg";"Flensburg, Stadt";"Johannisstraße 76, 78a-b, 78, 78b";"Margarethenhof";"Margarethenhof; 18. u. 19. Jh.; repräsentative hofähnliche Gebäudegruppe barocken Ursprungs, 1762 zur Zuckersiederei 'Zuckerhof' umgewandelt, 1842-1928 Eisengießerei N. Jepsen, danach Maschinenbau Gebr. Klaus. Am Hang das 1882 umgebaute und 1910/11 erweiterte Herrenhaus mit barockem Kern, westlich davor breitlagernder Speicher von 1820-40 mit nach Norden anschließendem Fabrikgebäude mit Mitteltor, vor und hinter dem Wohnhaus der einstige Villengarten mit altem Baumbestand und durch Feldsteinmauerwerk architektonisch eingefasste natürliche Quelle, ehem. Wasserreservoir, auf der hinteren Hangfläche landschaftliche Gartengestaltung vielleicht noch aus der Zeit um 1800 überliefert, mit Grabsteinfragment, südlich vorgelagert kleines ehem. Gärtnerhaus von 1908/09";"Geschichtlich, Künstlerisch, Städtebaulich";"ehem. Gärtnerhaus (Johannisstraße 76); Speicher und Torhaus (Johannisstraße 78); Herrenhaus, Garten des Margarethenhofs mit Quellenfassung, Grabsteinfragment Holst, ehem. Wasserreservoir  (Johannisstraße 78a-b); ehem. Waschhaus (Johannisstraße 78b)";"https://opendata.schleswig-holstein.de/data/denkmalpflege/fotos/160.jpg"
50734;"Sachgesamtheit";"Stadt Flensburg";"Flensburg, Stadt";"Jürgensgaarder Straße 1, 2, St.-Jürgen-Straße 86";"Kirche St. Jürgen";"Kirche St. Jürgen; 1904-1907, 1927, 1952/53; erhöht am nördlichen Ende der St.-Jürgen-Straße gelegene neugotische Backsteinsaalkirche mit hoch aufragendem Glockenturm, von Bruchsteinböschungsmauer eingefriedeter Kirchhof, im Osten das Gemeindehaus von 1927 sowie das ehem. Pastorat von 1952/53";"Geschichtlich, Künstlerisch, Städtebaulich";"Kirche St. Jürgen mit Ausstattung, Gemeindehaus St. Jürgen, ehem. Pastorat der St.-Jürgen-Kirche, Kirchhof mit Kirchhofsmauer";"https://opendata.schleswig-holstein.de/data/denkmalpflege/fotos/50734.jpg"
49210;"Sachgesamtheit";"Stadt Flensburg";"Flensburg, Stadt";"Klaus-Groth-Straße 1, 3, 7-9, 10, 11, 12, 14, 15, 16-18, 17, 19, 20-22, 23, 24, 25, 26, Hebbelstraße 1, 4, Klaus-Groth-Straße, Klaus-Groth-Straße u.a.";"Beamtensiedlung Klaus-Groth-Straße/Hebbelstraße";"Beamtensiedlung Klaus-Groth-Straße/Hebbelstraße; ab 1910, Beamten-Heimstätten-Genossenschaft; Gruppe von freistehenden Wohnhäusern entlang des durch einen zentralen Platz versetzt verbundenen Straßenzuges, überwiegend eingeschossige backsteinsichtige Einfamilien- und Doppelhäuser in Formen des Heimatstils";"Geschichtlich, Künstlerisch, Städtebaulich";"Villa (Hebbelstraße 1); Wohnhäuser (Hebbelstraße 4, Klaus-Groth-Straße 1, 3, 10, 11, 12, 14, 15, 17, 19, 23); Doppelhaushälften (Klaus-Groth-Straße 24, 26); Gartenhaus (Klaus-Groth-Straße 26); Einfamilienhaus (Klaus-Groth-Straße 25); Doppelwohnhäuser (Klaus-Groth-Straße 7-9, 16-18, 20-22); Platzanlage, Pflasterung (Klaus-Groth-Straße, Hebbelstraße)";"https://opendata.schleswig-holstein.de/data/denkmalpflege/fotos/49210.jpg"
20028;"Sachgesamtheit";"Stadt Flensburg";"Flensburg, Stadt";"Marienhof 2-2a, 3-3a, 4-6, 5-7, 9-19, 20-23, Marienhof";"Siedlung Marienhof";"Siedlung Marienhof; 1926-29, Architekt Karl Doormann, Gemeinnützige Aktiengesellschaft für Angestellten-Heimstätten (GAGFAH) Berlin; symmetrisch um einen begrünten Hof angelegte Wohnhausgruppe, zweigeschossige Backsteinbauten im sachlichen Heimatschutzstil";"Geschichtlich, Städtebaulich";"Mehrfamilienwohnhäuser (Marienhof 2-2a, 3-3a); Doppelhäuser (Marienhof 4-6, 5-7); Reihenhauszeilen (Marienhof 8-18, 9-19, 20-23); Rasenrondell, vier Linden";"https://opendata.schleswig-holstein.de/data/denkmalpflege/fotos/20028.jpg"
50269;"Sachgesamtheit";"Stadt Flensburg";"Flensburg, Stadt";"Marienhölzungsweg 160, 161";"Forsthof Marienhölzungsweg";"Forsthof Marienhölzungsweg; um 1850, 1938/39, Theodor Rieve; Anlage aus zwei sich gegenüberstehenden schlichten Forsthäusern, das Alte Forsthaus mit Reetdach, das Neue Forsthaus mit übergiebeltem Mittelzwerchhaus";"Geschichtlich, Kulturlandschaftlich";"Altes Forsthaus (Marienhölzungsweg 160), Neues Forsthaus (Marienhölzungsweg 161)";"https://opendata.schleswig-holstein.de/data/denkmalpflege/fotos/50269.jpg"
40562;"Sachgesamtheit";"Stadt Flensburg";"Flensburg, Stadt";"Marienkirchhof 1, 2-3, 4-5, 6, Kompagniestraße 4, 6, 8, Marienkirchhof";"Kirche St. Marien";"Kirche St. Marien; an der Ecke Große Straße/Kompagniestraße gelegene mittelalterliche Backsteinhallenkirche St. Marien, von Kirchhof, ehem Hauptpastorat, Doppelpastorat, Distrikt- und ehem. Marien-Schule sowie platzbildprägenden Wohnhäusern umgeben";"Geschichtlich, Künstlerisch, Kulturlandschaftlich, Städtebaulich, Wissenschaftlich";"Kirche St. Marien mit Ausstattung, gepflasterter Kirchhof mit Grabmalen bis 1870, Granitpfeiler-Einfriedungen, Lindenreihen (Marienkirchhof); ehem. Hauptpastorat von St. Marien (Marienkirchhof 1); Marien-Schule (Marienkirchhof 2-3); Doppelpastorat von St. Marien (Marienkirchhof 4-5); ehem. Distrikt-Schule (Marienkirchhof 6); Wohnhäuser (Kompagniestraße 4, 6, 8)";"https://opendata.schleswig-holstein.de/data/denkmalpflege/fotos/40562.jpg"
45945;"Sachgesamtheit";"Stadt Flensburg";"Flensburg, Stadt";"Marienstraße 6";"Kaufmannshof Marienburg";"Kaufmannshof Marienburg; 1. Hälfte 18. Jh., 1880, 1914; ehem. Hofbebauung eines Kaufmannshofes aus Backsteinquerspeicher von 1720/30 mit rundem Treppenturm, 1880 errichtetem eingeschossigem Fasslager sowie 1914 in Formen der Heimatschutzarchitektur erbautem Kontorhaus mit Fachwerkdrempel";"Geschichtlich, Städtebaulich, Wissenschaftlich";"Kontorhaus, Speicher, Fasslager";"https://opendata.schleswig-holstein.de/data/denkmalpflege/fotos/45945.jpg"
20032;"Sachgesamtheit";"Stadt Flensburg";"Flensburg, Stadt";"Matthias-Claudius-Straße 1, 2, 3-5, 4, 6, 7-9, 8, 10, 11-13, 12, 14, 15-17, 16, 18, 19, 20, 21, 23, 25, 27, Dietrich-Nacke-Straße 30-32, 34-36, 38-40, 42-44, 46, Emanuel-Geibel-Straße 1, 3, 5-7, 9-11, 13-15, 17-19, 21, 23, Gorch-Fock-Weg 1, 2, 3-5, 4-6, 7, 8, Heinrich-Voß-Straße 17-19, 21-23, 25-27, 26, 28-30, 29-31, 32, 33, 34, 36, Liliencronweg 1, Matthias-Claudius-Straße, Timm-Kröger-Weg 2, 4, 6, 8, 10";"Landhaussiedlung an der Marienhölzung (Monokelsiedlung)";"Landhaussiedlung an der Marienhölzung; 1936-37, Planung Ernst Reinarz, Bauleitung Friedrich Tietje; einheitliche im Auftrag der AHAG angelegte Siedlung um das Straßenkarree Matthias-Claudius-Straße/Heinrich-Voß-Straße/Emanuel-Geibel-Straße und Dietrich-Nacke-Straße sowie am angrenzenden Timm-Kröger-Weg, serielle Typenentwürfe, freistehende eingeschossige Backsteinbauten in sachlichen Formen mit Satteldächern, teils zu Doppelhäusern zusammengefasst; Straßenraum der Matthias-Geibel-Straße alleeartig mit Baumbestand und historischer Gehwegpflasterung";"Geschichtlich, Künstlerisch, Städtebaulich";"Doppelwohnhäuser (Dietrich-Nacke-Straße 30-32, 34-36, 38-40, 42-44, Emanuel-Geibel-Straße 5-7, 9-11, 13-15, 17-19, Gorch-Fock-Weg 3-5, 4-6, Heinrich-Voß-Straße 17-19, 21-23, 25-27, 28-30, 29-31, Matthias-Claudius-Straße 3-5, 7-9, 11-13, 15-17), Wohnhäuser (Dietrich-Nacke-Straße 46, Emanuel-Geibel-Straße 1, 3, 21, 23, Gorch-Fock-Weg 1, 2, 7, 8, Heinrich-Voß-Straße 26, 32, 33, 34, 36, Liliencronweg 1, Matthias-Claudius-Straße  1, 2, 4, 6, 8, 10, 12, 14, 16, 18, 19, 20, 21, 23, 25, 27, Timm-Kröger-Weg 2, 4, 6, 8, 10), Straßenraum (Matthias-Claudius-Straße)";"https://opendata.schleswig-holstein.de/data/denkmalpflege/fotos/20032.jpg"
14564;"Sachgesamtheit";"Stadt Flensburg";"Flensburg, Stadt";"Meiereistraße 4, 4";"ehem. Panzerkaserne";"ehemalige Panzerkaserne; 1935/36 Heeresbauamt Rendsburg; Anlage als Erweiterung der östlich davon gelegenen Kaserne am Junkerhohlweg bestehend aus dreigeschossigem Mannschaftgebäude mit Walmdach, teilverglastem Werkstattgebäude mit flachem Satteldach und Wachpavillon mit gerundetem Flachdach. Schmucklose Klinkerbauten";"Geschichtlich, Städtebaulich";"Mannschaftsgebäude, Werkstattgebäude, Wachpavillon";"https://opendata.schleswig-holstein.de/data/denkmalpflege/fotos/14564.jpg"
51220;"Sachgesamtheit";"Stadt Flensburg";"Flensburg, Stadt";"Mittelstraße 20";"Gewerbehof Mittelstraße 20";"Gewerbehof; um 1860, E. 19. Jh.; Hofanlage aus eingeschossigem Vorderhaus in geschlämmtem Backstein, Hofgebäude in Gelbstein, eingeschossigem Werkstattgebäude und durchgängiger Hofpflasterung aus Lesesteinen";"Geschichtlich, Städtebaulich";"Wohnhaus mit Hofplasterung, Hofgebäude, Werkstattgebäude";"https://opendata.schleswig-holstein.de/data/denkmalpflege/fotos/51220.jpg"
53538;"Sachgesamtheit";"Stadt Flensburg";"Flensburg, Stadt";"Neustadt 1a, 1, 3, 5";"Gewerbehof Neustadt 1-5";"Gewerbehof; 1780, um 1800, vor 1887; Parzelle mit historisch gewachsener, einen Hof locker umschließender Bebauung aus Wohnhaus mit Gaststätte, Hofgebäude und zwei ehem. Remisen und Packhäusern";"Geschichtlich, Städtebaulich";"Wohnhaus mit Gaststätte (Neustadt 1), Hofgebäude (Neustadt 1a), ehem. Remise und Packhaus (Wohnhaus) (Neustadt 3), ehem. Packhaus (Wohn- und Geschäftshaus) (Neustadt 5)";"https://opendata.schleswig-holstein.de/data/denkmalpflege/fotos/53538.jpg"
50904;"Sachgesamtheit";"Stadt Flensburg";"Flensburg, Stadt";"Neustadt 2";"Wohn- und Geschäftshaus Pott";"Wohn- und Geschäftshaus Pott; 1878; ehem. Rumfabrik, dreigeschossiger spätklassizistisch gegliederter Putzbau zur Neustadt, zweigeschossiges Geschäftshaus zur Werftstraße und Hofgebäude mit Produktions- und Lagerfunktion";"Geschichtlich, Städtebaulich";"Wohn- und Geschäftshaus Pott, Hofgebäude, Geschäftshaus (Werftstraße)";"https://opendata.schleswig-holstein.de/data/denkmalpflege/fotos/50904.jpg"
50902;"Sachgesamtheit";"Stadt Flensburg";"Flensburg, Stadt";"Neustadt 10, Werftstraße";"Gewerbehof Neustadt 10";"Gewerbehof Neustadt 10; um 1872, 1892 u. 1901 erweitert; zweigeschossiger Putzbau mit reicher spätklassizistischer Putzgliederung, zwei zweigeschossige Seitenflügel, Querspeicher";"Geschichtlich, Künstlerisch, Städtebaulich";"Wohn- und Geschäftshaus, erster Seitenflügel, zweiter Seitenflügel (Neustadt 10), Querspeicher (Werftstraße)";"https://opendata.schleswig-holstein.de/data/denkmalpflege/fotos/50902.jpg"
54916;"Sachgesamtheit";"Stadt Flensburg";"Flensburg, Stadt";"Neustadt 71";"Gewerbehof";"Gewerbehof; Anfang 19. Jh., 1884, 1887, Baumeister Gustav Kuhrts; Gewerbehof mit dreigeschossigem Vorderhaus von 1884, Rückflügel (Brauhaus) viergeschossiger Gelbsteinbau sowie älterem zweigeschossigem Querspeicher (um 1820) mit Fachwerkinnengerüst und nördlichem Seitenflügel mit Bohlenbinderdach";"Geschichtlich, Städtebaulich, Wissenschaftlich";"Wohn- und Geschäftshaus, Rückflügel (Brauhaus), Querspeicher, 1. Seitenflügel (nord), Bohlendachspeicher";"https://opendata.schleswig-holstein.de/data/denkmalpflege/fotos/54916.jpg"
26514;"Sachgesamtheit";"Stadt Flensburg";"Flensburg, Stadt";"Niedermai 1, 3, 5, 7";"Munketoftstift";"Munketoftstift; 1869, 1858, 1860, 1904, Laurits Albert Winstrup, Jacob August Bandholz; ehem. Armenstift in Peripherie der südl. Altstadt, hofartige Anlage aus zwei älteren zweigeschossigen Wohnbauten und einem jüngeren Wohnbau sowie einem Hinterhaus, weitestgehend einheitliche Gestaltung in Backstein mit Satteldächern";"Geschichtlich, Städtebaulich";"ehem. Armenhaus Munketoftstift (Niedermai 1), ehem. Armenwohnungen (Niedermai 3, 7), Hinterhaus (Niedermai 5)";"https://opendata.schleswig-holstein.de/data/denkmalpflege/fotos/26514.jpg"
45549;"Sachgesamtheit";"Stadt Flensburg";"Flensburg, Stadt";"Nikolaikirchhof 2a, 2, 3, 6, 7, 8, Südermarkt 15, 16";"Kirche St. Nikolai";"Kirche St. Nikolai; erhöht am historischen Südermarkt gelegene mittelalterliche Backsteinhallenkirche, von Hauptpastorat, Kompastorat, Distrikt- und ehem. Mädchenschule sowie zugehörigen Wohnhäusern umgeben";"Geschichtlich, Künstlerisch, Städtebaulich, Wissenschaftlich";"Kirche St. Nikolai mit Ausstattung (Nikokaikirchhof 8), Hauptpastorat der Nikolaikirche (Südermarkt 15), Kompastorat der Nikolaikirche (Südermarkt 16), Organistenhaus (Nikolaikirchhof 7), ehem. Distriktschule (Nikolaikirchhof 2), ehem. Nikolai-Mädchenschule  (Nikolaikirchhof 3), ehem. Küsterwohnhaus der Nikolaikirche  (Nikolaikirchhof 6), Wohnhaus (Nikolaikirchhof 2a)";"https://opendata.schleswig-holstein.de/data/denkmalpflege/fotos/45549.jpg"
35382;"Sachgesamtheit";"Stadt Flensburg";"Flensburg, Stadt";"Nordergraben 19";"Villa Burg Schöneck";"Villa 'Burg Schöneck'; 1884/85, Architekt Alexander Wilhelm Prale; zweigeschossiger Gelbsteinbau mit vielteiliger historistischer Fassade, eingebettet in weitläufigen Hanggarten, an der Ostseite Böschungsmauer mit Zyklopenmauerwerk und Gitterzaun";"Geschichtlich, Künstlerisch, Städtebaulich";"Villa 'Burg Schöneck', Villengarten, Einfriedung auf Böschungsmauer";"https://opendata.schleswig-holstein.de/data/denkmalpflege/fotos/35382.jpg"
35383;"Sachgesamtheit";"Stadt Flensburg";"Flensburg, Stadt";"Nordergraben 23";"Logenhaus Flensburg";"Logenhaus Flensburg; 1901-02, Arch. Magnus Schlichting; Freimaurerloge 'Wilhelm zur nordischen Treue', repräsentativer zweigeschossiger Putzbau in neuklassizistischem Stil mit tempelartig gestaltetem Saalbau, eingebettet in Hanggarten, zum Nordergraben Böschungsmauer mit Zyklopenmauerwerk sowie breite Freitreppe";"Geschichtlich, Künstlerisch, Städtebaulich";"Logenhaus, Freitreppenanlage, Garten des Logenhauses, Böschungsmauer";"https://opendata.schleswig-holstein.de/data/denkmalpflege/fotos/35383.jpg"
46212;"Sachgesamtheit";"Stadt Flensburg";"Flensburg, Stadt";"Norderstraße 6";"Wohn- und Geschäftshaus Norderstraße 6";"Wohn- und Geschäftshaus Norderstraße 6; im Kern 15./16. Jh., zweigeschossiges im Kern spätgotisches Giebelhaus mit schlichter Putzfassade und südseitigem zweigeschossigem Fachwerkflügel des 16. Jahrhunderts";"Geschichtlich, Künstlerisch, Städtebaulich";"Wohn- und Geschäftshaus, Rückflügel";""
35768;"Sachgesamtheit";"Stadt Flensburg";"Flensburg, Stadt";"Norderstraße 8, 10";"Kaufmannshof Norderstraße 8";"Kaufmannshof Norderstraße 8; im Kern 15./16. Jh., zweigeschossiges im Kern spätgotisches Giebelhaus mit reicher barocker Fassade und Hofbebauung aus zwei gestaffelten Backsteinflügeln des 16. Jhs.";"Geschichtlich, Künstlerisch, Städtebaulich, Wissenschaftlich";"Vorderhaus, Rückflügel, Seitenflügel (Norderstraße 8); Saalausstattung (Norderstraße 10)";"https://opendata.schleswig-holstein.de/data/denkmalpflege/fotos/35768.jpg"
35776;"Sachgesamtheit";"Stadt Flensburg";"Flensburg, Stadt";"Norderstraße 112";"Kaufmannshof Norderstraße 112";"Kaufmannshof mit Seitenflügel und Hinterhaus; Mitte 19. Jh., Seitenflügel um 1800, Hinterhaus 1870-80; geschlossene Anlage, giebelständiges Vorderhaus mit dreigeschossiger Putzfassade und Walmdach, Rückgebäude Gelbstein und Fachwerk";"Geschichtlich, Städtebaulich";"Vorderhaus, Seitenflügel, Hinterhaus";"https://opendata.schleswig-holstein.de/data/denkmalpflege/fotos/35776.jpg"
45849;"Sachgesamtheit";"Stadt Flensburg";"Flensburg, Stadt";"Rathausstraße 20, 22";"Stadttheater Flensburg";"Stadttheater Flensburg; 1891-94; repräsentativer Theaterbau in Neorenaissanceformen mit zugehörigem, als Theatercafé errichtetem dreigeschossigem Wohn- und Geschäftshaus mit historistischer Gestaltung";"Geschichtlich, Künstlerisch, Städtebaulich";"Stadttheater (Rathausstraße 22), Theatercafe (Rathausstraße 20)";"https://opendata.schleswig-holstein.de/data/denkmalpflege/fotos/45849.jpg"
40564;"Sachgesamtheit";"Stadt Flensburg";"Flensburg, Stadt";"Richard-Wagner-Straße 51-55";"Kirche St. Johannis zu Adelby";"Aktualisierung vorgesehen";"Geschichtlich, Künstlerisch, Kulturlandschaftlich, Städtebaulich";"Kirche St. Johannis zu Adelby mit Ausstattung, Kirchhof, Gruftanlage, Grabmale bis 1870, Nordertor, Ostertor, Westerpforte, Feldsteinwall";"https://opendata.schleswig-holstein.de/data/denkmalpflege/fotos/40564.jpg"
52428;"Sachgesamtheit";"Stadt Flensburg";"Flensburg, Stadt";"Schloßstraße 16, 20, 22-24, 26, 30-32";"Wohnbebauung Schloßstraße 16-32";"Wohnbebauung Schloßstraße 16-32; Ende 18. bis Ende 19. Jh.; heterogene Baugruppe am Hang unterhalb der Duburg, überwiegend ein- bis zweigeschossige Wohnhäuser mit Hofgebäuden bzw. Rückflügeln, Nr. 16 mit Bogenbinderdach";"Geschichtlich, Städtebaulich";"Wohnhaus, ehem. Hofgebäude, Nebengebäude (Schloßstraße 16), Wohnhäuser (Schloßstraße 20, 22-24), Mietwohnungshaus (Schloßstraße 26), Doppelhaus mit Vorplatz und Böschungsmauer (Schloßstraße 30-32)";"https://opendata.schleswig-holstein.de/data/denkmalpflege/fotos/52428.jpg"
49809;"Sachgesamtheit";"Stadt Flensburg";"Flensburg, Stadt";"Schloßstraße 28";"Voigtschule";"Voigtschule; 1882, um 1905, vermutl. Arch. Otto Fielitz; Gebäudegruppe aus an der Straße liegendem stattlichem Schulgebäude mit dekorativer Gelbsteinfassade und zurückgesetzter Turnhalle in Rotstein mit barockisierender Blendengliederung";"Geschichtlich, Künstlerisch, Städtebaulich";"Voigtschule, Turnhalle";"https://opendata.schleswig-holstein.de/data/denkmalpflege/fotos/49809.jpg"
14582;"Sachgesamtheit";"Stadt Flensburg";"Flensburg, Stadt";"Werftstraße 24, 24, Neustadt 26";"Alte Werft";"ehemalige Alte Werft; gegr. 1872-75, erw. um 1890-1900 und um 1915; Verwaltungsgebäude an der Werftstraße von 1897, zu den ältesten Gebäuden zählen die Alte Kesselschmiede (1886), die Modelltischlerei (1892), die Maschinenbauhalle und die Alte Montagehalle (beide 1891), zum Baubestand um 1915 zählt u.a. die Neue Dreherei. Dichtes Baugefüge aus Funktionsbauten der Alten Werft, das zahlreiche seinerzeit ingenieurtechnisch-fortschrittliche Baukonstruktionen beispielhaft dokumentiert und einen prägenden Teil der Stadtsilhouette am westlichen Fördeufer bildet";"Geschichtlich, Künstlerisch, Städtebaulich, Technisch";"Verwaltungsgebäude/Torhaus, Tischlerei, Maschinenbauhalle, Alte Kesselschmiede, Modelltischlerei und Lager, Neue Dreherei, Alte Montagehalle, Zentrale Süd (Werftstraße 24); Alte Speisehalle/Werftkantine (Neustadt 26)";"https://opendata.schleswig-holstein.de/data/denkmalpflege/fotos/14582.jpg"
20164;"Mehrheit von baulichen Anlagen";"Stadt Flensburg";"Flensburg, Stadt";"Adelbyer Kirchenweg 2, 4, 6, 8, 10";"Reihenhäuser Adelbyer Kirchenweg 2-10";"Reihenhauszeile Adelbyer Kirchenweg 2-10; 1925-27, Architekt Karl Bernt; schlichter zweigeschossiger Backsteinblock, östlich mit Kopfbau, Satteldach mit mittigem Dacherker und expressionistischem Schweifgiebel, im Duktus des Heimatschutzes durch unterschiedlichen Backstein, unregelmäßige Achsenanordnung, variierende Fenstergrößen und individuell gestaltete Eingänge belebt";"Geschichtlich, Künstlerisch, Städtebaulich";"Reihenhäuser (Adelbyer Kirchenweg 2, 4, 6, 8, 10)";"https://opendata.schleswig-holstein.de/data/denkmalpflege/fotos/20164.jpg"
14583;"Mehrheit von baulichen Anlagen";"Stadt Flensburg";"Flensburg, Stadt";"Am Burgfried 1, 2, 3, 4, 5, 6, 7, 8, 9, 10, 11, 12, Margarethenstraße 22";"Mietwohnungshäuser Am Burgfried 1-12/Margarethenstraße 22";"Mietshausgruppe Am Burgfried; um 1905, Baugeschäft Schwark u. Körner u.a.; geschlossene Mietshausgruppe auf steiler Anhöhe, repräsentative Fassadengestaltung in reichen historisierenden und Jugendstilformen, die Eckgebäude zur Burgstraße und zum Schloßwall durch überhöhte Eckerker mit Turmhelmen betont";"Geschichtlich, Künstlerisch, Städtebaulich";"Mietwohnungshäuser (Am Burgfried 2, 3, 4, 5, 6, 7, 8, 9, 10, 11, 12; Margarethenstraße 22); Wohn- und Geschäftshaus (Am Burgfried 1, Burgstraße 2)";"https://opendata.schleswig-holstein.de/data/denkmalpflege/fotos/14583.jpg"
48553;"Mehrheit von baulichen Anlagen";"Stadt Flensburg";"Flensburg, Stadt";"Am Dammhof 2, 2a, Johanniskirchhof 9, 10";"Wohnhäuser Am Dammhof 2, 2a/Johanniskirchhof 9, 10";"Wohnhäuser Am Dammhof 2, 2a/Johanniskirchhof 9, 10; ca. 1830-1850; eingeschossige Backsteinbauten mit geschlämmten Außenwänden und Satteldächern, wohl Hinterhäuser der Gebäude am Johanniskirchhof 8-10, Nr. 2 giebelständig, Nr. 2a rechtwinkelig anschließend unter hohem Bohlendach mit kleinem Nebengebäude, der Rückflügel von Johanniskirchhof 10 als Reihenhaus hofbegrenzend im Südosten, der gepflasterte Hofraum durch Eisengitter zwischen Backsteinpfosten abgeschlossen";"Geschichtlich, Städtebaulich";"ehem. Hinterhaus, Einfriedung, Hofraum (Am Dammhof 2); ehem. Hinterhaus (Am Dammhof 2a) mit Nebengebäude (Johanniskirchhof 9); ehem. Hinterhaus (Johanniskirchhof 10)";"https://opendata.schleswig-holstein.de/data/denkmalpflege/fotos/48553.jpg"
48839;"Mehrheit von baulichen Anlagen";"Stadt Flensburg";"Flensburg, Stadt";"Am Dammhof 4, 6, Johannisstraße 9";"Baugruppe Am Dammhof 4-6/Johannisstraße 9";"Baugruppe Am Dammhof 4-6/ Johannisstraße 9; um 1860; geschlossene Gruppe aus drei zwei- bis dreigeschossigen Backsteingebäuden mit schlichter zeittypischer Gestaltung, im Zentrum und leicht zurückgesetzt als dreigeschossiger traufständiger Gelbsteinbau über sieben Achsen die ehem. Mädchenschule, westlich anschließend Wohnhaus Am Dammhof 4 als zweigeschossiger geschlämmter Bau und im Osten nahezu kubisches ehem. Organistenwohnhaus mit gerahmtem Eingang zur Johannisstraße";"Geschichtlich, Künstlerisch, Städtebaulich";"Wohnhaus (Am Dammhof 4), ehem. Mädchenschule/Wohnhaus (Am Dammhof 6), ehem. Organistenwohnhaus (Johannisstraße 9)";"https://opendata.schleswig-holstein.de/data/denkmalpflege/fotos/48839.jpg"
48590;"Mehrheit von baulichen Anlagen";"Stadt Flensburg";"Flensburg, Stadt";"An der Reitbahn 15a, 15b";"Wohnhausgruppe An der Reitbahn 15a-b";"Wohnhausgruppe; um 1900; Gruppe aus zwei freistehenden zweigeschossigen Backsteinbauten mit Walmdächern in Traufstellung, kontrastierende Putzgliederung, Risalite mit aufwändig gestalteten Giebeln und Ziergespärren";"Geschichtlich, Städtebaulich";"Wohnhäuser (An der Reitbahn 15a,15b)";""
35201;"Mehrheit von baulichen Anlagen";"Stadt Flensburg";"Flensburg, Stadt";"An der Reitbahn 23, 25, 27, 29, 31, Luisenstraße 23";"Mietshauszeile An der Reitbahn 23-31/Luisenstraße 23";"Mietshauszeile; 1949, Architekten Ehrhardt u. Carstens; geschlossene Reihe aus sechs dreigeschossigen traufständigen Backsteinbauten mit Satteldächern, als Block der Krümmung des Straßenverlaufs sowie der ansteigenden Topographie folgend, reduzierte Gliederung mit verdachten Treppenhausrisaliten";"Geschichtlich, Städtebaulich";"Mietwohnungshäuser mit Treppenhäusern (An der Reitbahn 23, 25, 27, 29, 31), Mietwohnungshaus mit Treppenhaus (Luisenstraße 23)";"https://opendata.schleswig-holstein.de/data/denkmalpflege/fotos/35201.jpg"
45477;"Mehrheit von baulichen Anlagen";"Stadt Flensburg";"Flensburg, Stadt";"Angelburger Straße 9, 11, 13, 13, 15";"Wohn- und Geschäftshäuser Angelburger Straße 9-15";"Angelburger Straße 9-15; Wohn- und Geschäftshaus 19. Jh. dreigeschossiger traufständiger Putzbau; Wohn- und Geschäftshaus Ende 19. Jh. dreigeschossiges traufständiges Wohn- und Geschäftshaus, spätklassizistische Putzfassade, Satteldach; Kaufmannshof: zweigeschossiges giebelständiges  Vorderhaus um 1700 (d), neugotische Putzfassade; Kaufmannshof: Vorderhaus 17./18. Jh. zweigeschossiges, giebelständiges  Wohn- und Geschäftshaus mit geschlämmter Fassade, Fachwerkgiebel";"Geschichtlich, Kulturlandschaftlich, Städtebaulich, Wissenschaftlich";"Wohn- und Geschäftshaus (Angelburger Straße 9); Wohn- und Geschäftshaus, Quergebäude (Angelburger Straße 11); Kaufmannshof: Vorderhaus, erstes Quergebäude (Angelburger Straße 13); Kaufmannshof: Vorderhaus, erster Seitenflügel, zweiter Seitenflügel, Querspeicher (Angelburger Straße 15)";"https://opendata.schleswig-holstein.de/data/denkmalpflege/fotos/45477.jpg"
49461;"Mehrheit von baulichen Anlagen";"Stadt Flensburg";"Flensburg, Stadt";"Angelburger Straße 41, 43, 45, 47, 49, Süderfischerstraße 30";"Baugruppe Angelburger Straße 41-49";"Baugruppe Angelburger Straße 41-49; 19. u. Anfang 20. Jh.; geschlossene Reihe aus fünf vorrangig dreigeschossigen Putzbauten der Jahrhundertwende mit schlichten spätklassizistischen Fassaden, Nr. 49 älteres zweigeschossiges Giebelhaus mit Rückflügel an der Süderfischerstraße";"Geschichtlich, Städtebaulich";"Gasthäuser (Angelburger Straße 49, Süderfischerstraße 30), Wohn- und Geschäftshäuser (Angelburger Straße 41, 43, 45, 47)";"https://opendata.schleswig-holstein.de/data/denkmalpflege/fotos/49461.jpg"
48600;"Mehrheit von baulichen Anlagen";"Stadt Flensburg";"Flensburg, Stadt";"Angelburger Straße 58, 60, 62, 64, 66a-e, 66";"Wohn- und Geschäftshäuser Angelburger Straße 58-66";"Wohn- und Geschäftshäuser Angelburger Straße 58-66; überwiegend 2. Hälfte 19. Jh.; geschlossene Reihe von fünf Wohn- und Geschäftshäusern in heterogener historistischer Gestaltung, drei- bis viergeschossige Massivbauten mit repräsentativen Fassaden, zumeist verputzt, Nr. 58 im Kern älter, jedoch mit 1903 erneuerter Fassade, Nr. 60 durch Kastenerker und besonders reichen Stuckdekor aus der Gruppe hervorgehoben, als Abschluss nach Osten Gewerbehof Nr. 66 über die breite zweier historischer Parzellen mit zugehörigen Hof- und Speichergebäuden";"Geschichtlich, Künstlerisch, Städtebaulich";"Wohn- und Geschäftshäuser Angelburger Straße 58, 60, 62, 64, 66;  Rückflügel, Seitenflügel (Angelburger Straße 66), Speichergebäude (Angelburger Straße 66a-e)";""
46604;"Mehrheit von baulichen Anlagen";"Stadt Flensburg";"Flensburg, Stadt";"Angelburger Straße 42, 44, 46, 48, Viktoriastraße 2, 4, 6";"Baugruppe Angelburger Straße 42-48/Viktoriastraße 2-6";"Baugruppe Angelburger-Viktoriastr.; 16.-19. Jh.; charakteristisches Nebeneinander von ein- bis zweigeschossigen Giebelhäusern und drei- bis viergeschossigen Wohn- und Geschäftshäusern mit zugehörigen Rückflügeln; ältester Bau ist der ehem. Gasthof 'Schwarzer Walfisch', im Kern 16. Jh., Bauten an der Viktoriastr. Ende 19. Jh.";"Geschichtlich, Künstlerisch, Städtebaulich";"Gasthaus 'Schwarzer Walfisch' mit Kaufmannshof Angelburger Straße 44; Wohn- und Geschäftshäuser Angelburger Straße 46, 48, Viktoriastraße 2; Kaufmannshof Angelburger Straße 42; Wohnhäuser Viktoriastraße 4, 6";"https://opendata.schleswig-holstein.de/data/denkmalpflege/fotos/46604.jpg"
35625;"Mehrheit von baulichen Anlagen";"Stadt Flensburg";"Flensburg, Stadt";"Annenstraße 11, Friedrichstal 39";"Wohnhäuser Friedrichstal 39/Annenstraße 11";"Wohnhäuser Friedrichstal 39 und Annenstraße 11; 1925, Bausekretär Richard Kiersch für die Heimstätte Schleswig-Holstein; zwei eingeschossige Backsteintraufenhäuser mit steilen Kurzwalmdächern, Giebelseiten mit Veranden und Altanen";"Geschichtlich, Städtebaulich";"Einfamilienhaus (Annenstraße 11), Einfamilienhaus (Friedrichstal 39)";"https://opendata.schleswig-holstein.de/data/denkmalpflege/fotos/35625.jpg"
14455;"Mehrheit von baulichen Anlagen";"Stadt Flensburg";"Flensburg, Stadt";"Apenrader Straße 3, 5, 7, 8";"Mietwohnungshäuser Apenrader Straße 3-8";"Mietwohnungshäuser Apenrader Straße 3-8; 1904, Maurermeister Martin Jensen; geschlossene Reihe aus drei viergeschossigen Mietwohnungshäusern, variierende dekorative Fassadengestaltung in historisierenden und Jugendstilformen, begrünte Vorgärten, das Eckhaus Nr. 3 durch polygonalen Standerker mit Glockendach und anschließender Loggienachse betont, gegenüberliegendes Eckgebäude zur Feldstraße ebenfalls mit Turmhelm und Balkonachse";"Geschichtlich, Städtebaulich";"Mietwohnungshäuser Apenrader Straße 3, 5, 7 mit Vorgärten, Wohn- und Geschäftshaus Apenrader Straße 8";"https://opendata.schleswig-holstein.de/data/denkmalpflege/fotos/14455.jpg"
50446;"Mehrheit von baulichen Anlagen";"Stadt Flensburg";"Flensburg, Stadt";"Apenrader Straße 17, 19, 21, 23";"Mietwohnungshäuser Apenrader Straße 17-23";"Mietwohnungshäuser Apenrader Straße 17-23; 1900-1910; repräsentative geschlossene Reihe aus vier viergeschossigen Mietwohnungshäusern mit variierender dekorativer Fassadengestaltung in historisierenden und Reformstilformen, Belebung v.a. durch Standerker, Zwerchgiebel und Balkonachsen";"Geschichtlich, Künstlerisch, Städtebaulich";"Mietwohnungshäuser Apenrader Straße 17, 19, 21, 23";"https://opendata.schleswig-holstein.de/data/denkmalpflege/fotos/50446.jpg"
50472;"Mehrheit von baulichen Anlagen";"Stadt Flensburg";"Flensburg, Stadt";"Apenrader Straße 35, 37";"Mietwohnungshäuser Apenrader Straße 35-37";"Mietwohnungshäuser Apenrader Straße 35-37; um 1900; zwei gleichartige Bauten mit dreigeschossigen Putzfassaden in reichen Neurenaissanceformen, Seitenrisalite überhöht mit Zwerchgiebelabschlüssen";"Geschichtlich, Künstlerisch, Städtebaulich";"Mietwohnungshaus mit Treppenhaus (Apenrader Straße 35), Wohn- und Geschäftshaus mit Treppenhaus (Apenrader Straße 37)";"https://opendata.schleswig-holstein.de/data/denkmalpflege/fotos/50472.jpg"
35516;"Mehrheit von baulichen Anlagen";"Stadt Flensburg";"Flensburg, Stadt";"Apenrader Straße 61, 63, 65, 67, 69";"Mietwohnungshäuser Apenrader Straße 61-69";"Mietwohnungshäuser Apenrader Straße 61-69; 1905-11, Karl Bernt, Heinrich Petersen, Gustav Kuhrts; geschlossene Reihe aus fünf viergeschossigen Mietwohnungshäusern, Putzfassaden in variierten Formen des Jugend- und Reformstils, reiche Gliederung v.a. durch Zwerchgiebel, Erker und Putzornamente";"Geschichtlich, Künstlerisch, Städtebaulich";"Mietwohnungshäuser Apenrader Straße 61, 63, 65, 67, 69";""
26886;"Mehrheit von baulichen Anlagen";"Stadt Flensburg";"Flensburg, Stadt";"Apenrader Straße 68-78, 132-136";"Wohnblockzeile Apenrader Straße 68-136";"Wohnblockzeile Apenrader Straße 68-136; 1928-29, Willy Troost für die Wohnungsbau Flensburg GmbH; Reihe aus zwei langgestreckten dreigeschossigen Gelbsteinbauten mit Walmdächern, schlichte Gliederung, regelmäßige Achsenanordnung, Kleinwohnungen mit Innenbädern";"Geschichtlich, Städtebaulich";"Wohnblock Apenrader Straße 68-78, Wohnblock Apenrader Straße 132-136";"https://opendata.schleswig-holstein.de/data/denkmalpflege/fotos/26886.jpg"
14355;"Mehrheit von baulichen Anlagen";"Stadt Flensburg";"Flensburg, Stadt";"Ballastbrücke 5, 6, 7, 8, 9, 10, 11, 12, 13, 14, 15, 16, 17, 18, 19, 20, 22, 23, 24";"Wohnhäuser Ballastbrücke 5-24";"Bebauung Ballastbrücke; 18.- Anfang 20. Jh.; weitgehend geschlossene Bebauung an der Ostseite auf 18. Jahrhundert zurückgehend, unregelmäßiger Wechsel von schlichten eingeschossigen Wohnhäusern in Traufstellung und ab Ende des 19. Jhs. errichteten mehrgeschossigen Mietwohnhäuser, teilweise in aufwändiger Gestaltung. Gebäude der Rönnekamp-Stifung (ehemals Seemannsheim) aus Bauflucht zurückgesetzt; der älteste Bau, Wohnhaus Nr. 24, von 1774 bildet den nördlichen Abschluss";"Geschichtlich, Künstlerisch, Städtebaulich, Wissenschaftlich";"Wohnhäuser (Ballastbrücke 5, 6, 7, 8, 9, 10, 12, 18, 19 (mit Einfriedung), 23, 24); Mietwohnungshäuser (Ballastbrücke 13, 14, 15, 17); ehem. Fischerhaus (Ballastbrücke 11); ehem. Kapitänshaus (Ballastbrücke 16); ehem. Rönnekamp-Stift (Ballastbrücke 20); Fabrikantenvilla (Ballastbrücke 22)";"https://opendata.schleswig-holstein.de/data/denkmalpflege/fotos/14355.jpg"
48607;"Mehrheit von baulichen Anlagen";"Stadt Flensburg";"Flensburg, Stadt";"Bismarckstraße 46, 48, 50, 52";"Wohn- und Geschäftshäuser Bismarckstraße 46-52";"Wohn- und Geschäftshäuser Bismarckstraße 46-52; 1906-10, Zimmermeister A. Andresen u.a.; geschlossene Gruppe von viergeschossigen Putzbauten, belebte Fassaden im Duktus des Jugend- und Reformstils";"Geschichtlich, Künstlerisch, Städtebaulich";"Mietwohnungshaus (Bismarckstraße 46), Wohn- und Geschäftshäuser (Bismarckstraße 48, 50, 52)";"https://opendata.schleswig-holstein.de/data/denkmalpflege/fotos/48607.jpg"
20190;"Mehrheit von baulichen Anlagen";"Stadt Flensburg";"Flensburg, Stadt";"Bismarckstraße 66, 68, 70, 72, 74";"Reihenhauszeile Bismarckstraße 66-74";"Reihenhauszeile; 1912, Karl Bernt, 1951; Reihung zweigeschossiger Backsteinbauten im Heimatstil mit Schieferdeckung, Auflockerung und Betonung durch Eingangsloggien, Risalite und Giebel, die zwischen den Dreieckgiebeln";"Geschichtlich, Künstlerisch, Städtebaulich";"Reihenhäuser Bismarckstraße 66, 68, 70, 72, 74";"https://opendata.schleswig-holstein.de/data/denkmalpflege/fotos/20190.jpg"
20191;"Mehrheit von baulichen Anlagen";"Stadt Flensburg";"Flensburg, Stadt";"Bismarckstraße 69, 71, 73, 75";"Mietwohnungshäuser Bismarckstraße 69-75";"Mietshausreihe Bismarckstraße 69-75; 1914-16, Architekt Karl Bernt; geschlossene und abgeschlossene Reihe aus vier dreigeschossigen Wohnhäusern, stattliche Putzbauten mit sehr hohen Mansarddächern und Zwerchgiebeln, Fassaden im Duktus des Reformstils";"Geschichtlich, Künstlerisch, Städtebaulich";"Mietwohnungshäuser Bismarckstraße 69, 71, 73, 75";"https://opendata.schleswig-holstein.de/data/denkmalpflege/fotos/20191.jpg"
20192;"Mehrheit von baulichen Anlagen";"Stadt Flensburg";"Flensburg, Stadt";"Bismarckstraße 76, 78-80, 82, 84, 86, 88, 90";"Reihenhauszeile Bismarckstraße 76-90";"Reihenhauszeile Bismarckstraße 76-90; 1922-1938; traufständiger zweigeschossiger Backsteinblock mit Satteldach, Reihenhäuser belebt durch unregelmäßigen Achsenrhythmus, variierte Fenstergrößen, Eingänge und Erker";"Geschichtlich, Künstlerisch, Städtebaulich";"Reihenhäuser Bismarckstraße 76, 78-80, 82, 84, 86, 88, 90";"https://opendata.schleswig-holstein.de/data/denkmalpflege/fotos/20192.jpg"
20193;"Mehrheit von baulichen Anlagen";"Stadt Flensburg";"Flensburg, Stadt";"Bismarckstraße 77, 79, 81, 83, 85, 87";"Reihenhauszeile Bismarckstraße 77-87";"Reihenhauszeile; 1924-25, Architekten Planck u. Hain; traufständiger zweigeschossiger Backsteinblock mit Walmdach, zurückhaltende Heimatschutzformen, symmetrische Gliederung durch übergiebelte Mittel- und Seitenrisalite";"Geschichtlich, Künstlerisch, Städtebaulich";"Reihenhäuser Bismarckstraße 77, 79, 81, 83, 85, 87";"https://opendata.schleswig-holstein.de/data/denkmalpflege/fotos/20193.jpg"
20194;"Mehrheit von baulichen Anlagen";"Stadt Flensburg";"Flensburg, Stadt";"Bismarckstraße 96, 98, 100, 102";"Reihenhauszeile Bismarckstraße 96-102";"Reihenhauszeile Bismarckstraße 96-102; 1922-24, Architekten Franz Haar, Guido Widmann, Karl Bernt; zweigeschossiger Backsteinblock mit pfannengedeckten Sattel- und Walmdächern, Einzelfassaden belebt durch unregelmäßige Achsenanordnung, variierende Eingangs-, Erker- und Giebelformen sowie Fenstergrößen";"Geschichtlich, Künstlerisch, Städtebaulich";"Reihenhäuser Bismarckstraße 96, 98, 100, 102";""
20188;"Mehrheit von baulichen Anlagen";"Stadt Flensburg";"Flensburg, Stadt";"Bismarckstraße 54-54a, 56, 58, 60, 62, 64, Heinrich-Hertz-Straße 2, Jürgensgaarder Straße 37";"Mietwohnungshäuser Bismarckstraße 54-64 u.a.";"Mietwohnungshäuser Bismarckstraße 54-64 u.a.; 1913-14, Architekt Karl Bernt, 1925-27, Baugeschäft Jürgensen und Tiedje; geschlossene Reihe aus dreigeschossigen Putzbauten mit Mansarddächern in zurückhaltenden Formen des Reformstils, rhythmisiert durch Frontgiebel, Fenstererker und Loggienachsen, jüngere Eckgebäude baulich angepasst, mit Feldsteinsockeln und Gurtgesimsen einfacher gegliedert";"Geschichtlich, Künstlerisch, Städtebaulich";"Wohn- und Geschäftshäuser (Bismarckstraße 54-54a, Jürgensgaarder Straße 37), Mietwohnungshäuser (Bismarckstraße 56, 58, 60, 62, 64, Heinrich-Hertz-Straße 2)";"https://opendata.schleswig-holstein.de/data/denkmalpflege/fotos/20188.jpg"
36768;"Mehrheit von baulichen Anlagen";"Stadt Flensburg";"Flensburg, Stadt";"Bismarckstraße 55, 57, 59, 61, 63, 65, 67, Jürgensgaarder Straße 25, 27, 29, 31, 33, 35";"Mietshausbebauung Bismarckstraße 55-67/Jürgensgaarder Straße 25-35";"Mietshausbebauung Bismarckstraße 55-67/ Jürgensgaarder Straße 25-35; 1910-12, Architekt Karl Bernt, Joh. H. Thiesen; von Norden die Kreuzung Bismarckstraße-Jürgensgaarder Straße beschreibende geschlossene spitzwinklig verlaufende Reihe aus 13 dreigeschossigen Putzbauten mit pfannengedeckten Mansarddächern und großer gestalterischer Ähnlichkeit, die symmetrischen Straßenfassaden zumeist mit mächtigen Frontgiebeln, Fenstererkern und Loggienachsen, Bismarckstraße 55 u. 67 als mächtige Eckgebäude mit Eckeingängen hervorgehoben";"Geschichtlich, Künstlerisch, Städtebaulich";"Wohn- und Geschäftshäuser (Bismarckstraße 55, Jürgensgaarder Straße 29), Mietwohnhäuser (Bismarckstraße 57, 59, 61, 63, 65, 67; Jürgensgaarder Straße 25, 27, 31, 33, 35)";"https://opendata.schleswig-holstein.de/data/denkmalpflege/fotos/36768.jpg"
48635;"Mehrheit von baulichen Anlagen";"Stadt Flensburg";"Flensburg, Stadt";"Bremerplatz 2, 3, Brixstraße 29";"Wohn- und Geschäftshäuser Bremerplatz 2-3/Brixstraße 29";"Mietshausbebauung Bremerplatz 2-3, Brixstraße 29; 1908-10, Architekt. Karl Bernt; geschlossene Baureihe aus drei- und viergeschossigen Putzbauten, zurückhaltende Gliederung durch Erker, Balkone und Zwerchhäuser";"Geschichtlich, Künstlerisch, Städtebaulich";"Mietwohnungshaus (Bremerplatz 2), Wohn- und Geschäftshäuser (Bremerplatz 3, Brixstraße 29)";"https://opendata.schleswig-holstein.de/data/denkmalpflege/fotos/48635.jpg"
48643;"Mehrheit von baulichen Anlagen";"Stadt Flensburg";"Flensburg, Stadt";"Brixstraße 13, 15, 17";"Wohn- und Geschäftshäuser Brixstraße 13-17";"Mietshausgruppe Brixstraße 13-17; 1905-07, Maurermeister Christian Hummel und P. Petersen; Ensemble von drei dreigeschossigen Putzbauten in zeittypischer historisierender Gestaltung mit Putzgliederungen und Erkern";"Geschichtlich, Städtebaulich";"Wohn- und Geschäftshäuser Brixstraße 13, 15, 17";"https://opendata.schleswig-holstein.de/data/denkmalpflege/fotos/48643.jpg"
36727;"Mehrheit von baulichen Anlagen";"Stadt Flensburg";"Flensburg, Stadt";"Brixstraße 19, 21, 23, 25, 27";"Mietshausbebauung Brixstraße 19-27";"Mietshausbebauung Brixstraße 19-27; 1907-12, Architekt Karl Bernt; geschlossene Reihe von dreigeschossigen Putzbauten in zeittypischer Gestaltung im Duktus des Reformstils";"Geschichtlich, Künstlerisch, Städtebaulich";"Wohn- und Geschäftshaus (Brixstraße 19), Mietwohnungshäuser (Brixstraße 21, 23, 25, 27)";"https://opendata.schleswig-holstein.de/data/denkmalpflege/fotos/36727.jpg"
48647;"Mehrheit von baulichen Anlagen";"Stadt Flensburg";"Flensburg, Stadt";"Brixstraße 30, 32, 34, 36, 38";"Baugruppe Brixstraße 30-38";"Baugruppe Brixstraße 30-38; 1904-10, H. G. Rohweder u. Chr. Fürstenberg, Hans Strozda, P. Petersen und H. W. Boysen; Reihe aus fünf Putzbauten in weithgehend geschlossener Bebauung, im Zentrum freistehend die ehem. Zoar-Kapelle der Baptisten von 1905, heute Wohnhaus, nach Norden und Süden je zwei etwa zeitgleich entstandene Mietwohnungshäuser mit repräsentativer Fassadengestaltung in Jugendstilformen, mittige Kastenerker unter geschweiften Zwerchgiebeln und Stuckfelder";"Geschichtlich, Künstlerisch, Städtebaulich";"Mietwohnungshäuser (Brixstraße 30, 32, 36, 38), ehem. Zoar-Kapelle der Baptisten (Brixstraße 34)";"https://opendata.schleswig-holstein.de/data/denkmalpflege/fotos/48647.jpg"
48639;"Mehrheit von baulichen Anlagen";"Stadt Flensburg";"Flensburg, Stadt";"Brixstraße 22, 24, Ulmenstraße 16";"Mietshausgruppe Brixstraße 22-24/Ulmenstraße 14-16";"Mietshausgruppe Brixstraße 22-24/ Ulmenstraße 14-16; 1899-1912, G. F. Daldorf; Gruppe von drei dreigeschossigen Mietshäusern in geschlossener und halboffener Bebauung, in dominierender Lage das Eckgebäude Brixstraße 24/Ulmenstraße 14 in historisierender Gestaltung von G.F. Dalldorf 1906 erbaut, im Norden der geschlämmte Backsteinbau Brixstraße 22 1899, urspr. als Eckgebäude einer nicht realisierten Stichstraße errichtet, nach Westen Ulmenstr. 16 als Abschluss der Gruppe und erneut durch Dalldorf 1911/12 als Backsteinbau im Duktus des Heimatschutzstils errichtet";"Geschichtlich, Künstlerisch, Städtebaulich";"Mietwohnungshäuser (Brixstraße 22, Ulmenstraße 16), Wohn- und Geschäftshaus (Brixstraße 24, Ulmenstraße 14)";"https://opendata.schleswig-holstein.de/data/denkmalpflege/fotos/48639.jpg"
48636;"Mehrheit von baulichen Anlagen";"Stadt Flensburg";"Flensburg, Stadt";"Buchenstraße 5, 7, Brixstraße 5";"Wohn- und Geschäftshäuser Brixstraße 5/Buchenstraße 5-7";"Mietshausgruppe Brixstraße 5, Buchenstraße 5-7; 1905-07Bautechniker Chr. Arpe, Architekt Karl Bernt; geschlossene repräsentative Baugruppe aus dreigeschossigen Putzbauten mit backsteinsichtigen Erdgeschossen";"Geschichtlich, Städtebaulich";"Wohn- und Geschäftshaus (Brixstraße 5), Mietwohnungshäuser (Buchenstraße 5, 7)";"https://opendata.schleswig-holstein.de/data/denkmalpflege/fotos/48636.jpg"
48675;"Mehrheit von baulichen Anlagen";"Stadt Flensburg";"Flensburg, Stadt";"Christinenstraße 6, 8, 10, 12, 14, 16, 18";"Mietwohnungshäuser Christinenstraße 6-18";"Mietshausgruppe Christinenstraße 6-18; 1909-12, Baugeschäfte Voigt u. Fries / E. Rehm u. H. Niemand; geschlossene Reihe aus sieben drei- bis viergeschossigen Wohnhäusern, Nr. 6-16 homogen gestaltete Putzbauten im Reformstil, Nr. 18 backsteinsichtig, repräsentative Fassadengestaltung von Heinrich Cedernberg";"Geschichtlich, Städtebaulich";"Mietwohnungshäuser 6, 8, 10, 12, 14, 16, 18";"https://opendata.schleswig-holstein.de/data/denkmalpflege/fotos/48675.jpg"
20227;"Mehrheit von baulichen Anlagen";"Stadt Flensburg";"Flensburg, Stadt";"Clädenstraße 3, 4, 5, 6, 7, 8, 9, 10, Mommsenstraße 2";"Mietwohnungshäuser Clädenstraße 3-10";"Mietwohnungshäuser Clädenstraße 3-10; 1908-13, Architekt Karl Bernt u.a.; geschlossene Reihe aus acht viergeschossigen Putzbauten, hohe Sockelgeschossen mit ausgebaute Dachzonen, homogene plastische Fassadengestaltung mit flachrunden Erkern, Frontgiebeln, Loggienachsen und barockisierenden Details, mittig zwischen Nr. 6 und Nr. 7 repräsentativ überbaute dreibogige Tordurchfahrt zur Beselerstraße";"Geschichtlich, Künstlerisch, Städtebaulich";"Mietwohnungshäuser (Clädenstraße 3, 4, 5, 6, 7, 8, 9,10, Mommsenstraße 2)";"https://opendata.schleswig-holstein.de/data/denkmalpflege/fotos/20227.jpg"
49395;"Mehrheit von baulichen Anlagen";"Stadt Flensburg";"Flensburg, Stadt";"Dorotheenstraße 5, 7, 9, 10, 11, 12, 13, 14, 15, 16, 17, 18, 19, 20, Gertrudenstraße 20";"Mietwohnungshäuser östliche Dorotheenstraße";"Mietshausgruppe östliche Dorotheenstraße; E. 19. Jh.; beidseitige Bebauung des östlichen Abschnitts der Dorotheenstraße, 15 zumeist dreigeschossige Putzbauten mit schlichter spätklassizistischer Fassadengestaltung in geschlossener und halboffener Bauweise";"Geschichtlich, Städtebaulich";"Mietwohnungshäuser (Dorotheenstraße 5, 9, 10, 11, 12, 13, 14, 15, 16, 17, 18, 19, Gertrudenstraße 20), Wohn- und Geschäftshäuser (Dorotheenstraße 7, 20)";"https://opendata.schleswig-holstein.de/data/denkmalpflege/fotos/49395.jpg"
49579;"Mehrheit von baulichen Anlagen";"Stadt Flensburg";"Flensburg, Stadt";"Flurstraße 2, 4, 5, 6, 7, 8, 9, 11, 13, 14, 15, 16, 17, 18, 19, 20, 21, 22, 23, 24, 25, 26, 27, 28, Marienhölzungsweg 34, 36, 38, Waldstraße 23, 25";"Mietwohnungshäuser Flurstraße";"Mietshausbebauung Flurstraße; A. 20. Jh., Architekt Karl Bernt, Maurermeister Jensen u.a.; beidseitige geschlossene Bebauung der Flurstraße mit Ausläufern in die Waldstraße und den Marienhölzungsweg, viergeschossige Putzbauten mit abwechslungsreicher Fassadengestaltung in Formen des Jugend- und Reformstils";"Geschichtlich, Städtebaulich";"Mietwohnungshäuser (Flurstraße 2, 4, 5, 6, 7, 8, 9, 11, 13, 14, 15, 16, 17, 18, 20, 21, 22, 23, 24, 25, 26, 27, 28; Marienhölzungsweg 34, 36, 38; Waldstraße 23, 25); Wohn- und Geschäftshaus (Flurstraße 19)";"https://opendata.schleswig-holstein.de/data/denkmalpflege/fotos/49579.jpg"
35624;"Mehrheit von baulichen Anlagen";"Stadt Flensburg";"Flensburg, Stadt";"Friedrichshöh 17, 18, 19, Friedrichstal 52, 57";"Villen Friedrichshöh / Friedrichstal";"Villen Friedrichshöh /Friedrichstal; 1913-14, Architekt Anton Meyer; Gruppe aus eingeschossigen Backsteinvillen in offener, repräsentativer Hanglage, zeittypische Gestaltung in Formen des Heimatschutzstils; straßenseitige Natursteinmauern";"Geschichtlich, Künstlerisch, Städtebaulich";"Villen (Friedrichshöh 17 (mit Einfriedung),18, 19 (mit Einfriedung), Friedrichstal 57), Einfamilienhaus (Friedrichstal 52)";""
35384;"Mehrheit von baulichen Anlagen";"Stadt Flensburg";"Flensburg, Stadt";"Friesische Straße 15, 17, 19";"Mietwohnungshäuser Friesische Straße 15, 17, 19";"Mietwohnungshäuser; 1937, Guido Widmann; drei typengleiche, dreigeschossige Wohnhäuser mit Satteldächern und Putzfassaden, mit roten Vormauersteinen verblendete Sockel, flache dreieckig vortretende Treppenhauserker, Stegrustika gerahmte Eingänge";"Geschichtlich, Städtebaulich";"Mietwohnungshäuser Friesische Straße 15, 17, 19";"https://opendata.schleswig-holstein.de/data/denkmalpflege/fotos/35384.jpg"
48817;"Mehrheit von baulichen Anlagen";"Stadt Flensburg";"Flensburg, Stadt";"Friesische Straße 65, 67, 69, 71, 73, 75, 77, 79, 81, 83-85, 87, 89, 91, 93, 95, Katharinenstraße 1";"Wohn- und Geschäftshäuser Friesische Straße 65-95/Katharinenstraße 1";"Wohn- und Geschäftshausgruppe Friesische Straße Nr. 65-95; E. 19. Jh.; Baugruppe aus 15 drei- bis viergeschossigen traufständigen Putzbauten in geschlossener und halboffener Bebauung, südseitige Bebauung der Friesischen Straße mit weitgehend einheitlicher, spätklassizistischer Fassadengestaltung, Eckgebäude mit zwei Schaufassaden";"Geschichtlich, Städtebaulich";"Mietwohnungshäuser (Friesische Straße 65, 81, 83-85, 87, 89, 91, 93, 95), Wohn- und Geschäftshäuser (Friesische Straße 67, 69, 71, 73, 75, 77, 79, Katharinenstraße 1)";"https://opendata.schleswig-holstein.de/data/denkmalpflege/fotos/48817.jpg"
48700;"Mehrheit von baulichen Anlagen";"Stadt Flensburg";"Flensburg, Stadt";"Friesische Straße 90-92, 94, 96, 98, 100";"Wohn- und Geschäftshäuser Friesische Straße 90-100";"Wohn- und Geschäftshausgruppe Friesische Straße 90-100; A. 20. Jh. Maurermeister Hans Lucassen, M. Voigt; geschlossene Reihe aus fünf zumeist viergeschossigen Mietshäusern mit reicher historistischer und Jugendstil-Gestaltung, repräsentative Eckgebäude zu den Stichstraßen, Fassadengliederung durch kontrastierenden Wechsel von Backstein- und Putzflächen sowie plastische Gliederungselemente und reiche Stuckierung";"Geschichtlich, Künstlerisch, Städtebaulich";"Wohn- und Geschäftshaus (Friesische Straße 90-92), Mietwohnungshäuser (Friesische Straße 94, 96, 98, 100)";"https://opendata.schleswig-holstein.de/data/denkmalpflege/fotos/48700.jpg"
53179;"Mehrheit von baulichen Anlagen";"Stadt Flensburg";"Flensburg, Stadt";"Fruerlunder Straße 72, 74, 76, 78, Mürwiker Straße 122";"Wohnbebauung Fruerlunder Straße 72-78/Mürwiker Straße 122";"Wohnbebauung Fruerlunder Straße 72-78; 1904-1910, Maurermeister Hans Sörensen sen., Bauunternehmer P. Clausen, Gustav Wahl; Reihe von freistehenden, überwiegend zweigeschossigen Mietwohnungshäuser, traufständige Putzbauten mit historistischer Backstein- oder Putzgliederung, Nr. 72 und 74 mit erhöhten Seitenrisaliten, Nr. 78 im Reformstil";"Geschichtlich, Städtebaulich";"Wohnhäuser Fruerlunder Straße 72, 74, 76, 78, Mietwohnungshaus Mürwiker Straße 122";"https://opendata.schleswig-holstein.de/data/denkmalpflege/fotos/53179.jpg"
50341;"Mehrheit von baulichen Anlagen";"Stadt Flensburg";"Flensburg, Stadt";"Große Straße 9-11, 13, 15-19, 21-23, 25, 27, 29, 31, 33, 35, 37, 39-41, Nordergraben 30";"Wohn- und Geschäftshäuser Große Straße 9-41";"Wohn- und Geschäftshausgruppe Große Straße 9-41; v.a. 18. u. 19. Jh.; umfänglicher westseitiger Abschnitt der südlichen Großen Straße, in geschlossener Bauweise drei- und viergeschossige Wohn- und Geschäftshäuser mit schlichteren klassizistischen und repräsentativen historisierenden Putzfassaden im Wechsel, im Kern häufig Reste älterer Bebauung, einfachere historische Gewerbe- und Kaufmannshöfe mit rückwärtigen hofbildenden Flügelanbauten und Hinterhäusern";"Geschichtlich, Künstlerisch, Städtebaulich";"Wohn- und Geschäftshaus, nördlicher, südlicher Seitenflügel (Große Straße 9-11); Wohn- und Geschäftshaus, Rückgebäude (Große Straße 13); Wohn- und Geschäftshaus (Große Straße 15-19); Bankhaus (Große Straße 21-23); Wohn- und Geschäftshaus (Große Straße 25); Wohn- und Geschäftshaus, Rückflügel (Große Straße 27); Wohn- und Geschäftshaus, Rückflügel, Seitenflügel (Große Straße 29); Wohn- und Geschäftshaus (Große Straße 31); Kaufmannshof: Vorderhaus, nördlicher, südlicher Seitenflügel (Große Straße 33); Kaufmannshof: Vorderhaus, Rückflügel, erster, zweiter, dritter Seitenflügel (Große Straße 35); Kaufmannshof: Vorderhaus, Rückflügel, erster, zweiter Seitenflügel (Große Straße 37); Wohn- und Geschäftshaus (Große Straße 39-41)";""
50342;"Mehrheit von baulichen Anlagen";"Stadt Flensburg";"Flensburg, Stadt";"Große Straße 49, 51, 53-55, 57";"Wohn- und Geschäftshäuser Große Straße 49-57";"Wohn- und Geschäftshausgruppe Große Straße 49-57; 2. H. 19. Jh.-A. 20. Jh.; westseitiger Abschnitt der Großen Straße aus vier drei- bis fünfgeschossigen Wohn- und Geschäftshäusern in geschlossener Bauweise mit spätklassizistischen und repräsentativen historisierenden Putzfassaden, rückwärtig zugehörige Flügelanbauten";"Geschichtlich, Künstlerisch, Städtebaulich";"Wohn- und Geschäftshäuser Große Straße 49 (mit Rückflügel), 51 (mit Rückflügel), 53-55, 57";"https://opendata.schleswig-holstein.de/data/denkmalpflege/fotos/50342.jpg"
47394;"Mehrheit von baulichen Anlagen";"Stadt Flensburg";"Flensburg, Stadt";"Große Straße 18, 20, 22, 24, 26, 28, 30, 32, 34, Speicherlinie 26, 28, 30, 34, 34a, 36";"Wohn- und Geschäftshäuser Große Straße 18-34";"Wohn- und Geschäftshausgruppe Große Straße 9-41; v.a. 18. u. 19. Jh.; umfänglicher ostseitiger Abschnitt der Großen Straße, in geschlossener Bauweise drei- und viergeschossige Wohn- und Geschäftshäuser mit schlichteren klassizistischen und repräsentativen historisierenden Putzfassaden im Wechsel, im Kern häufig Reste älterer Bebauung, zumeist historische Kaufmannshöfe mit rückwärtigen hofbildenden Flügelanbauten und Querspeichern";"Geschichtlich, Künstlerisch, Städtebaulich";"Wohn- und Geschäftshaus (Große Straße 18); Kaufmannshof: Vorderhaus, erster Seitenflügel, zweiter Seitenflügel, Querspeicher (Große Straße 20, Speicherlinie 36); Wohn- und Geschäftshaus, Rückflügel (Große Straße 22); Kaufmannshof: Vorderhaus, erster Seitenflügel, zweiter Seitenflügel, Querspeicher, Westindienspeicher (Große Straße 24, Speicherlinie 34, 34a); Kaufmannshof: Vorderhaus, erster Seitenflügel, zweiter Seitenflügel, dritter Seitenflügel (Große Straße 26); Kaufmannshof: Vorderhaus, Rückflügel, Seitenflügel, Quergebäude (Große Straße 28, Speicherlinie 30); Kaufmannshof: Vorderhaus, erster Seitenflügel, zweiter Seitenflügel, dritter Seitenflügel, vierter Seitenflügel, Querspeicher (Große Straße 30, Speicherlinie 28); Kaufmannshof: Vorderhaus, nördlicher Rückflüge, südlicher Rückflügel, erster Seitenflügel, zweiter Seitenflügel, Querspeicher (Große Straße 32, Speicherlinie 26); Kaufmannshof: Vorderhaus, Rückflügel, erster Seitenflügel, zweiter Seitenflügel (Große Straße 34)";""
45130;"Mehrheit von baulichen Anlagen";"Stadt Flensburg";"Flensburg, Stadt";"Hafendamm 52, 53-54, 55, Unterer Lautrupweg 2, 6, 8";"Mietwohnungshäuser Unterer Lautrupweg 2-8/Hafendamm 52-55";"Mietwohnungshäuser; 1886-1894, Alexander Wilhelm Prale, Maurermeister Ludwig Lüttjohann und P. Petersen; geschlossene repräsentative Baugruppe in Ecklage an der ehemaligen Einmündung des Lautrupbaches in den Hafen, drei- und zweigeschossige Putz- bzw. Gelbsteinbauten mit teils reicher Gliederung";"Geschichtlich, Künstlerisch, Städtebaulich";"Mietwohnungshäuser Hafendamm 52, 53-54, 55, Unterer Lautrupweg 2, 6, 8";"https://opendata.schleswig-holstein.de/data/denkmalpflege/fotos/45130.jpg"
49609;"Mehrheit von baulichen Anlagen";"Stadt Flensburg";"Flensburg, Stadt";"Hafendamm 30, 31, 35, 36, 37, 38, 39, 40, Pilkentafel, St.-Jürgen-Straße 63a";"Wohnhäuser Hafendamm/Pilkentafel/St.-Jürgen-Straße";"Wohnhäuser Hafendamm/Schiffergang/St.-Jürgen-Straße; 18./19. Jh.; Gruppe aus kleinformatigen Wohnhäusern in halboffener und geschlossener Bauweise als überlieferter Rest der historischen Hafenkante in Norder St. Jürgen, schlichte zumeist eingeschossige Backsteinbauten in Hanglage mit pfannengedeckten Satteldächern und schmiedeeisernen Mauerankern, im Schiffergang historisches Katzenkopfpflaster";"Geschichtlich, Städtebaulich";"Wohnhäuser Hafendamm 30, 31, 35, 36, 37, 38, 39 (Hofgebäude), 40; St.-Jürgen-Straße 63a; Pflasterung Pilkentafel";"https://opendata.schleswig-holstein.de/data/denkmalpflege/fotos/49609.jpg"
48830;"Mehrheit von baulichen Anlagen";"Stadt Flensburg";"Flensburg, Stadt";"Hafermarkt 2, 4, Angelburger Straße 78";"Wohn- und Geschäftshäuser Hafermarkt 2-4/Angelburger Straße 78";"Wohn- und Geschäftshausgruppe Hafermarkt 2-4, Angelburger Straße 78; um 1800, E. 19./A. 20. Jh.; geschlossene Reihe aus drei Wohn- und Geschäftshäusern in heterogener Erscheinung, schmales zweigeschossiges Giebelhaus Angelburger Str. 78 mit Satteldach wohl um 1800, Hafermarkt 2 Ende des 19. Jhs. dreigeschossig mit spätklassizistischer Fassadengestaltung, dreigeschossig hoch aufragend Hafermarkt 4 mit gelbem Sichtmauerwerk, reiche historisierende Bauzier um 1900";"Geschichtlich, Städtebaulich";"Wohn- und Geschäftshäuser Hafermarkt 2, 4, Angelburger Straße 78";"https://opendata.schleswig-holstein.de/data/denkmalpflege/fotos/48830.jpg"
26879;"Mehrheit von baulichen Anlagen";"Stadt Flensburg";"Flensburg, Stadt";"Harrisleer Straße 18, 20, 22, Schulgasse 7";"Mietwohnungshäuser Harrisleer Straße 18-22/Schulgasse 7";"Mietwohnungshäuser Harrisleer Straße u.a.; um 1900; Gruppe aus drei- bis viergeschossigen Putzbauten mit reich ornamentierten Fassaden, spätklassizistische- und Neorenaissanceformen, Eckgebäude zur Schulgasse in einfacheren Formen";"Geschichtlich, Künstlerisch, Städtebaulich";"Mietwohnungshäuser Harrisleer Straße 18, 20, 22, Schulgasse 7";"https://opendata.schleswig-holstein.de/data/denkmalpflege/fotos/26879.jpg"
36255;"Mehrheit von baulichen Anlagen";"Stadt Flensburg";"Flensburg, Stadt";"Hermann-Löns-Weg 2, 4, 6, 8, 10, 12, 14, 16, 18, 19, 20, 21, 22, 23, 24, 25, 26, 27, 28, 29, 30, 31, 32, 33, 34, 35, 36, 37, 38, 39, 41, 43, 45, 47";"Wohnsiedlung Hermann-Löns-Weg";"Wohnsiedlung Hermann-Löns-Weg; Mitte 1930er Jahre u. 1950er Jahre, Architekten Friedrich Tietje, Fritz Höger, Guido Widmann, Erhardt Carstens, Georg Rieve und Karl Bernt; beidseitige Bebauung aus Einfamilienhäusern in offener Bauweise, kleinformatige Giebel- und Traufenhäuser aus rotem Backstein mit schlichter sachlicher Gestaltung, teilw. spätexpressionistische Details, straßenseitig niedrige Einfriedungen aus Bruchsteinmauerwerk";"Geschichtlich, Städtebaulich";"Einfamilienhäuser mit Einfriedung (Hermann-Löns-Weg 2, 4, 6, 8, 10, 12, 14, 18, 20, 22, 24, 25, 26, 27, 28, 30, 32, 34, 35, 36, 38, 39, 41, 43, 45); Einfamilienhäuser (Hermann-Löns-Weg 19, 21, 23, 29, 31, 47); Zweifamilienhäuser mit Einfriedung (Hermann-Löns-Weg 33, 37); Wohnhaus mit Gartenpavillon, Einfriedung (Hermann-Löns-Weg 16)";"https://opendata.schleswig-holstein.de/data/denkmalpflege/fotos/36255.jpg"
46564;"Mehrheit von baulichen Anlagen";"Stadt Flensburg";"Flensburg, Stadt";"Holm 2-6, 8, 10, 12, 14, 16, 18, 20, Rathausstraße 15, Südergraben 13, 15";"Wohn- und Geschäftshäuser Holm 2-20/Rathausstraße 15/Südergraben 13-15";"Wohn- und Geschäftshäuser; 1853, spätes 19. Jh.- frühes 20. Jh.; Baureihe von acht drei- bis viergeschossigen Wohn- und Geschäftshäusern mit belebten Putz- und Backsteinfassaden in historisierendem Dekor; zum Südergraben Wohnhäuser auf den Rückgrundstücken";"Geschichtlich, Künstlerisch, Städtebaulich";"Wohn- und Geschäftshäuser Holm 14, 16, 18, 20, Geschäftshäuser Holm 2-6/Rathausstraße 15, Holm 8, Wohnhaus Christiansen Holm 10, Bankgebäude Holm 12, Rückflügel Holm 16, Seitenflügel Holm 18, Wohnhäuser Südergraben 13, 15";"https://opendata.schleswig-holstein.de/data/denkmalpflege/fotos/46564.jpg"
50008;"Mehrheit von baulichen Anlagen";"Stadt Flensburg";"Flensburg, Stadt";"Husumer Straße 2, 4, 6, 8, 10";"Mietwohnungshäuser Husumer Straße 2-10";"Mietshausgruppe Husumer Straße 2-10; 1911-12, Maurermeister Johann Bruhn; geschlossene Reihe aus fünf dreigeschossigen Putzbauten im Reformstil, Fassadengestaltung durch Kastenerker und Zwerchgiebel, einleitend Nr. 2 als Eckgebäude zum Neumarkt";"Geschichtlich, Städtebaulich";"Mietwohnungshäuser Husumer Straße 2, 4, 6, 8, 10";"https://opendata.schleswig-holstein.de/data/denkmalpflege/fotos/50008.jpg"
48850;"Mehrheit von baulichen Anlagen";"Stadt Flensburg";"Flensburg, Stadt";"Johannisstraße 32, 34, 36, 38, 40, 42, 46, 48-50, 52, 54, 56, 58";"Wohnhäuser Johannisstraße 32-58";"Wohnhausgruppe Johannisstraße 32-58; 18./19. Jh.; Reihe aus 13 Ein- und Mehrfamilienwohnhäusern in geschlossener und halboffener Bauweise, gewachsene ostseitige Bebauung der Johannisstraße mit heterogener Gestaltung, kleinformatige Giebel- und Traufenhäuser des 18. und beginnenden 19. Jhs. im Wechsel mit dreigeschossigen kaiserzeitlichen Miets- und Geschäftshäusern";"Geschichtlich, Städtebaulich";"Wohn- und Geschäftshäuser (Johannisstraße 32, 34), Wohnhäuser (Johannisstraße 36, 40, 48-50, 52, 54), Mietwohnungshäuser (Johannisstraße 38, 42, 46, 56, 58), Backsteinspeicher (Johannisstraße 38), Hofpflaster (Johannistraße 38), Speicher (Johannistraße 42), Hinterhaus/ehem. Färberei (Johannisstraße 48-50)";"https://opendata.schleswig-holstein.de/data/denkmalpflege/fotos/48850.jpg"
48858;"Mehrheit von baulichen Anlagen";"Stadt Flensburg";"Flensburg, Stadt";"Johannisstraße 45, 47, 49, 51, 55, 57, 59";"Wohnhäuser Johannisstraße 45-59";"Wohnhausgruppe Johannisstraße 45-59; 1. Hälfte 19. Jh.; Reihe aus sieben traufständigen Wohnhäusern in nahezu geschlossener Bauweise als Teil der westseitigen Bebauung der Johannisstraße, schlichte Backsteinbauten mit geschlämmten oder verputzten Fassaden in historischer Gliederung";"Geschichtlich, Künstlerisch, Städtebaulich";"Wohnhäuser Johannisstraße 45, 47, 49, 51, 55, 57, 59";"https://opendata.schleswig-holstein.de/data/denkmalpflege/fotos/48858.jpg"
26508;"Mehrheit von baulichen Anlagen";"Stadt Flensburg";"Flensburg, Stadt";"Johannisstraße 66, 68, 70, 72, 74";"Wohnhäuser Johannisstraße 66-74";"Wohnhausgruppe Johannisstraße 66-74; 18.-A. 19. Jh.; Reihe aus fünf giebel- und traufständigen Wohnhäusern in geschlossener und halboffener Bebauung, historische kleinteilige Struktur der Johannisstraße teilw. noch mit Terrassenvorbauten aus Feldstein";"Geschichtlich, Künstlerisch, Städtebaulich";"Wohnhäuser Johannisstraße 66, 68, 70, 72, 74 (mit ehem. Werkstattgebäude)";"https://opendata.schleswig-holstein.de/data/denkmalpflege/fotos/26508.jpg"
48864;"Mehrheit von baulichen Anlagen";"Stadt Flensburg";"Flensburg, Stadt";"Johannisstraße 82, 84, 86, 88, 90";"Wohnhäuser Johannisstraße 82-90";"Wohnhausgruppe Johannisstraße 82-90; 19. Jh.; Reihe aus fünf zwei- bis dreigeschossigen Backsteinbauten in geschlossener Bebauung, gewachsener heterogener Häuserzug mit zumeist sehr schlichten verputzten oder geschlämmten Fassaden als Teil der ostseitigen Bebauung der Johannisstraße";"Geschichtlich, Städtebaulich";"Mietwohnungshäuser Johannisstraße 82, 84, 86; Wohnhäuser Johannisstraße 88, 90";"https://opendata.schleswig-holstein.de/data/denkmalpflege/fotos/48864.jpg"
36763;"Mehrheit von baulichen Anlagen";"Stadt Flensburg";"Flensburg, Stadt";"Jürgensgaarder Straße 18, 20, 22, 26, 28, Eichenstraße 1";"Mietwohnungshäuser Jürgensgaarder Straße 18-28/Eichenstraße 1";"Mietshausgruppe Jürgensgaarder Straße 18-28/ Eichenstraße 1; 1900-11, P. Petersen, Johs. H. Thiesen; Gruppe aus sechs dreigeschossigen Wohnhäusern in geschlossener Bebauung und vielgestaltiger historistischer Form";"Geschichtlich, Städtebaulich";"Mietwohnungshäuser Eichenstraße 1; Jürgensgaarder Straße 18, 20, 22, 26, 28";"https://opendata.schleswig-holstein.de/data/denkmalpflege/fotos/36763.jpg"
49499;"Mehrheit von baulichen Anlagen";"Stadt Flensburg";"Flensburg, Stadt";"Knuthstraße 8, 10, 12, 14, 16, 18, Burgplatz 4";"Mietwohnungshäuser Knuthstraße 8-18/Burgplatz 4";"Mietshausgruppe Knuthstraße 8-18/Burgplatz 4; 1890-92; gegenüber der Diakonissenastalt gelegene geschlossene Reihe aus sieben drei- bis viergeschossigen Putzbauten mit historisierender und spätklassizistischer Fassadengestaltung, Gebäude am Burgplatz viergeschossig und mit aufwändigen Neorenaissance-Elementen, südliche Gebäude schlichter";"Geschichtlich, Städtebaulich";"Mietwohnungshäuser mit Treppenhäusern Knuthstraße 8, 10, 12, 14, 16, 18, Wohn- und Geschäftshaus mit Treppenhaus Burgplatz 4";"https://opendata.schleswig-holstein.de/data/denkmalpflege/fotos/49499.jpg"
14528;"Mehrheit von baulichen Anlagen";"Stadt Flensburg";"Flensburg, Stadt";"Lindenallee 1, 3, 5, 7";"Mietwohnungshäuser Lindenallee 1-7";"Wohnhausgruppe Lindenallee 1-7; 1903-1908, Architekt. Heinrich Petersen;  Reihe aus vier viergeschossigen Mietwohnungshäusern in geschlossener Bebauung mit dekorativer Fassadengestaltung, im Süden die Reihe eröffnendes Eckhaus zur Bauer Landstraße mit Erkerturm und abgestumpfter Ecke, nach Norden platzbildende Situation durch Riegelstellung des abschließenden Gebäudes Nr. 5";"Geschichtlich, Künstlerisch, Städtebaulich";"Mietwohnungshäuser Lindenallee 1, 3, 5, 7";"https://opendata.schleswig-holstein.de/data/denkmalpflege/fotos/14528.jpg"
35482;"Mehrheit von baulichen Anlagen";"Stadt Flensburg";"Flensburg, Stadt";"Lindenallee 2, 4";"Wohnhäuser Lindenallee 2-4";"Lindenallee 2-4; 1890er Jahre; Gruppe aus zwei im historisierenden Landhausstil auf abfallendem Gelände errichteten freistehenden Wohnhäusern, das südliche mit zugehörigem ehemaligem Pferdestall mit Remise und Kutscherzimmer sowie Einfriedung.";"Geschichtlich, Künstlerisch, Städtebaulich";"Wohnhaus mit ehem. Pferdestall und Remise, Einfriedung (Lindenallee 2); Wohnhaus (Lindenallee 4)";"https://opendata.schleswig-holstein.de/data/denkmalpflege/fotos/35482.jpg"
49679;"Mehrheit von baulichen Anlagen";"Stadt Flensburg";"Flensburg, Stadt";"Marienhölzungsweg 1, 3, 5, 7, 9, 11";"Wohnhäuser Marienhölzungsweg 1-11";"Wohnhäuser Marienhölzungsweg 1-11; 1907, 1910er Jahre u. 1927, Zimmermeister Christian Qualen, Architekten Friedrich Fabian, Hermann Zemter, Guido Widmann; Reihe aus sechs großzügigen Wohnhäusern in offener Bauweise, Nr. 1, 3, 9 und 11 Backsteinbauten mit Elementen des Heimatschutzstils der 1910er Jahre, Putzbauten Nr. 5 im Landhausstil von 1907 sowie Nr. 7 von 1927 im sachlichen Duktus";"Geschichtlich, Künstlerisch, Städtebaulich";"Wohnhäuser Marienhölzungsweg 1, 3, 5, 7, 9, 11";"https://opendata.schleswig-holstein.de/data/denkmalpflege/fotos/49679.jpg"
49704;"Mehrheit von baulichen Anlagen";"Stadt Flensburg";"Flensburg, Stadt";"Marienhölzungsweg 27, 29, 31, 33";"Wohnhäuser Marienhölzungsweg 27-33";"Wohnhausgruppe Marienhölzungsweg 27-33; um 1900; Gruppe aus vier großzügigen zweigeschossigen Putz- und Backsteinbauten in offener Bauweise, vielfältige historisierende Gestaltungselemente zumeist im Wechsel von Backstein- und Putzflächen, Nr. 27 als Eckgebäude zur Nerongsallee mit betonter stumpfer Ecke besonders hervorgehoben";"Geschichtlich, Städtebaulich";"Wohnhäuser Marienhölzungsweg 27, 29, 31, 33";"https://opendata.schleswig-holstein.de/data/denkmalpflege/fotos/49704.jpg"
49713;"Mehrheit von baulichen Anlagen";"Stadt Flensburg";"Flensburg, Stadt";"Marienhölzungsweg 50, 52, 58";"Wohnhäuser Marienhölzungsweg 50-58";"Wohnhausgruppe Marienhölzungsweg 50-58; 1914, 1922, v.a. Max Schlichting; Reihe von drei Einfamilienhäusern in offener Bauweise, zweigeschossige Putzbauten mit Walmdächern, zeittypisch reduzierte Fassadengestaltung";"Geschichtlich, Städtebaulich";"Wohnhäuser Marienhölzungsweg 50, 52, 58";"https://opendata.schleswig-holstein.de/data/denkmalpflege/fotos/49713.jpg"
45665;"Mehrheit von baulichen Anlagen";"Stadt Flensburg";"Flensburg, Stadt";"Marienhölzungsweg 71, 73, 75, 77, 79, 81, 83";"Villen Marienhölzungsweg 71-83";"Villenbebauung Marienhölzungsweg 71-83; 1925-1934, Architekt G. Rieve, Ehrhardt u. Carstens; Reihung von zweigeschossigen Villen in Gartengrundstücken, Backstein und Putzbauten mit Walmdächern, expressionistische und sachliche Details";"Geschichtlich, Künstlerisch, Kulturlandschaftlich, Städtebaulich";"Villa mit Einfriedung (Marienhölzungsweg 71), Villa (Marienhölzungsweg 73), Villa und Gartenpavillion (Marienhölzungsweg 75), Landhaus und Landhausgarten (Marienhölzungsweg 77), Villa Gross (Marienhölzungsweg 79), Villa  (Marienhölzungsweg 81), Wohnhaus (Marienhölzungsweg 83)";"https://opendata.schleswig-holstein.de/data/denkmalpflege/fotos/45665.jpg"
26895;"Mehrheit von baulichen Anlagen";"Stadt Flensburg";"Flensburg, Stadt";"Marienstraße 1, 3-5, 7, 9, 11, 13, 15, 17, 19";"Wohnhäuser Marienstraße 1-19";"Bebauung Marienstraße 1-19; 17. - 19. Jh.; homogene Baugruppe aus schlichten überwiegend zweigeschossigen Wohnhäusern in Traufstellung, Fachwerkbauten teils mit Kraggeschossen, Fassaden teilweise in geschlämmtem Backstein, in Ecklage zur Großen Straße ehem. Gasthaus 'Porticus 1740' aufwändiger Fachwerkbau 17./18. Jh.";"Geschichtlich, Städtebaulich, Wissenschaftlich";"Gasthaus 'Porticus 1740' (Marienstraße 1); Wohnhäuser Marienstraße 3-5, 7, 9, 11, 13, 15, 17, 19";"https://opendata.schleswig-holstein.de/data/denkmalpflege/fotos/26895.jpg"
26896;"Mehrheit von baulichen Anlagen";"Stadt Flensburg";"Flensburg, Stadt";"Marienstraße 8, 10, 12, 14";"Wohnhauszeile Marienstraße 8-14";"Wohnhauszeile Marienstraße 8-14; 17. – Anfang 19. Jh.; homogene Baugruppe aus schlichten zweigeschossigen Traufenhäusern mit Satteldächern, Nr. 8 u. 10 Fachwerkbauten mit Kraggeschossen, Nr. 12 u. 14 Backsteinbauten mit schlichten Putzfassaden";"Geschichtlich, Künstlerisch, Städtebaulich";"Wohnhäuser Marienstraße 8, 10, 12, 14";""
49836;"Mehrheit von baulichen Anlagen";"Stadt Flensburg";"Flensburg, Stadt";"Marienstraße 46, 48, 50, 52";"Baugruppe Marienstraße 46-52";"Baugruppe Marienstraße Nr. 46-52; E. 19. Jh.; geschlossene Gruppe aus vier dreigeschossigen Mietwohnungshäusern, überwiegend breitgelagerte Putzfassaden in spätklassizistischer Gestaltung, einzig Nr. 48 dreiachsig, mit gelbsteinsichtiger Fassade und Hinterhaus";"Geschichtlich, Städtebaulich";"Mietwohnungshäuser (Marienstraße 48, 50, 52), Hinterhaus (Marienstraße 48), Wohn- und Geschäftshaus (Marienstraße 46)";"https://opendata.schleswig-holstein.de/data/denkmalpflege/fotos/49836.jpg"
20030;"Mehrheit von baulichen Anlagen";"Stadt Flensburg";"Flensburg, Stadt";"Mathildenstraße 4, 5, 6, 7, 8, 9, 10, 11, 12, 13, 14, 15, 16, 17, 18, 19, Mathildenstraße";"Mietwohnungshäuser Mathildenstraße 4-19";"Mietshausbebauung Mathildenstraße; 1900-1911; beidseitige Straßenbebauung durch insgesamt 16 viergeschossige Mietwohnungshäuser in geschlossener Bebauung, individuelle qualitätvolle Fassadengestaltung in historisierenden und Jugendstilformen, belebt v.a. durch Erker, Risalite und Zwerchhäuser; mit Straßenraum (Gehweg- und Straßenpflasterung sowie Straßenbäume)";"Geschichtlich, Künstlerisch, Städtebaulich";"Mietwohnungshäuser mit Vorgärten Mathildenstraße 4, 5, 6, 7, 8, 9, 10, 11, 12, 13, 14, 15, 16, 17, 18, 19; Straßenraum";"https://opendata.schleswig-holstein.de/data/denkmalpflege/fotos/20030.jpg"
39695;"Mehrheit von baulichen Anlagen";"Stadt Flensburg";"Flensburg, Stadt";"Mittelstraße 9, 11, 13, 15, 17, 19, 21";"Wohnhausreihe Mittelstraße 9-21";"Wohnhausreihe Mittelstraße 9-21; Mitte 19. Jh.; Baureihe aus schlichten ein- und zweigeschossigen Putzbauten unter gemeinsamen Satteldächern";"Geschichtlich, Städtebaulich";"Wohnhäuser Mittelstraße 9, 11, 13, 15, 17, 19, 21";"https://opendata.schleswig-holstein.de/data/denkmalpflege/fotos/39695.jpg"
46208;"Mehrheit von baulichen Anlagen";"Stadt Flensburg";"Flensburg, Stadt";"Moltkestraße 1a-d, 1, 3, 4, 5, 6-8, 7, 9, 10, 11, 12, 13, 14, 15, 16, 18, 20";"Wohnhäuser Moltkestraße 1-20";"Wohnhausbebauung Moltkestraße 1-20; E. 19./A. 20. Jh., H. Davids, H. Höft, A. Fabian u.a.; beidseitige Bebauung der östlichen Moltkestraße mit Ein- und Mehrfamilienhäusern in offener Bauweise, ein- und zweigeschossige Putz- und Backsteinbauten mit z.T. sehr repräsentativer Gestaltung in historisierenden Formen";"Geschichtlich, Künstlerisch, Städtebaulich";"Wohnhäuser (Moltkestraße 1, 3, 4, 5 (mit Einfriedung), 7, 9, 10, 11, 12, 15, 16, 20); Wohnhauszeile (Moltkestraße 1a-d); Mehrfamilienhaus (Moltkestraße 6-8); Mietwohnungshaus (Moltkestraße 13, 14); ehem. Militärgericht (Moltkestraße 18)";"https://opendata.schleswig-holstein.de/data/denkmalpflege/fotos/46208.jpg"
26748;"Mehrheit von baulichen Anlagen";"Stadt Flensburg";"Flensburg, Stadt";"Moltkestraße 25, 26, 27, 28";"Mehrfamilienhäuser Moltkestraße 25-28";"Wohnhausgruppe Moltkestraße 25-28; 1909-10, Baugeschäft Schwark u. Körner; Gruppe aus vier großzügigen Mehrfamilienhäusern in betonter Eckausbildung auf eine projektierte, nicht verwirklichte Ringstraßenkreuzung bezogen, Putz- und Backsteinbauten im zeittypischen Landhausstil mit variierenden Gestaltungselementen";"Geschichtlich, Künstlerisch, Städtebaulich";"Mehrfamilienhäuser Moltkestraße 25, 26, 27, 28";"https://opendata.schleswig-holstein.de/data/denkmalpflege/fotos/26748.jpg"
49750;"Mehrheit von baulichen Anlagen";"Stadt Flensburg";"Flensburg, Stadt";"Moltkestraße 39, 41-43, 45";"Wohnhäuser Moltkestraße 39-45";"Wohnhausgruppe Moltkestraße 39-45; 1910-12, Baugeschäft Schwark u. Körner; Gruppe aus drei Einfamilien- und Doppelhäusern in offener Bauweise als westlicher Abschluss der Moltkestraße, ein- und zweigeschossige Putzbauten mit repräsentativer Gestaltung im villenartigen Landhausstil";"Geschichtlich, Künstlerisch, Städtebaulich";"Wohnhäuser (Moltkestraße 39, 45); Doppelwohnhaus mit Einfriedung (Moltkestraße 41-43)";""
48606;"Mehrheit von baulichen Anlagen";"Stadt Flensburg";"Flensburg, Stadt";"Mommsenstraße 1, 3, Bismarckstraße 40";"Wohnhausgruppe Mommsenstraße 1-3/Bismarckstraße 40";"Wohnhausgruppe Mommsenstraße 1-3/ Bismarckstraße 40; 1909, 1913/14; geschlossene Gruppe aus drei dreigeschossigen Putzbauten mit reduzierter Fassadenzier, betonte Ecksituation";"Geschichtlich, Künstlerisch, Städtebaulich";"Wohn- und Geschäftshaus (Bismarckstraße 40), Mietwohnungshäuser (Mommsenstraße 1, 3)";"https://opendata.schleswig-holstein.de/data/denkmalpflege/fotos/48606.jpg"
49455;"Mehrheit von baulichen Anlagen";"Stadt Flensburg";"Flensburg, Stadt";"Nerongsallee 4, 6, 8, 10";"Wohnhäuser Nerongsallee 4-10";"Wohnhausgruppe Nerongsallee 4-10; um 1900; Reihe aus vier villenartigen Putzbauten in geschlossener und halboffener Bebauung, einheitliche historisierende Gestaltung mit spätklassizistischen Elementen";"Geschichtlich, Künstlerisch, Städtebaulich";"Villa (Nerongsallee 4), Wohnhäuser (Nerongsallee 6, 8, 10)";"https://opendata.schleswig-holstein.de/data/denkmalpflege/fotos/49455.jpg"
49756;"Mehrheit von baulichen Anlagen";"Stadt Flensburg";"Flensburg, Stadt";"Neue Straße 1, 3, 5, 7, 9, 11-13, 15-17, 19";"Baugruppe Neue Straße 1-19";"Baugruppe Neue Straße 1-19; 18.-19. Jahrhundert; geschlossene Straßenfront aus ein und zweigeschossigen, giebel- und traufständigen Wohn- und Geschäftshäusern mit charakteristischen kleinteiligen Hofbebauungen";"Geschichtlich, Künstlerisch, Städtebaulich, Wissenschaftlich";"Wohn- und Geschäftshäuser Neue Straße 1, 3, 5, 7, 9, 11-13, 15-17, 19, Segelmacherstraße 20";"https://opendata.schleswig-holstein.de/data/denkmalpflege/fotos/49756.jpg"
48495;"Mehrheit von baulichen Anlagen";"Stadt Flensburg";"Flensburg, Stadt";"Neustadt 7, 9, 11, 13, 15";"Wohn- und Geschäftshausgruppe Neustadt 7-15";"Wohn- und Geschäftshausgruppe Neustadt 7-15; ca. 1800 bis um 1900; Reihe von fünf traufständigen zwei- bis dreigeschossigen Backsteingebäuden mit Putzfassaden in repräsentativer Gestaltung zumeist im Gepräge des ausgehenden 19. Jhs., in den Erdgeschosszonen Ladenlokale";"Geschichtlich, Künstlerisch, Städtebaulich, Wissenschaftlich";"Wohn- und Geschäftshäuser Neustadt 7, 9, 11, 13, 15";"https://opendata.schleswig-holstein.de/data/denkmalpflege/fotos/48495.jpg"
51276;"Mehrheit von baulichen Anlagen";"Stadt Flensburg";"Flensburg, Stadt";"Nikolaistraße 2, 4";"Geschäftshaus Nikolaistraße 2-4";"Geschäftshaus Nikolaistraße 2-4; 1904, 1922, 1955-58, 1992-93, Architekten Georg Willrath, Willy Troost, Ernst Stoffers, Gunnar Carlson; viergeschossiges Putzgebäude mit ausgebautem Satteldach und polygonalem Eckturm, Fassadengliederung durch Lisenen, hochrechteckige Sprossenfenster und ornamentiertes Konsolgesims, risalitartiger Fahrstuhlturm mit Spitzdach an nördlicher Fassade";"Geschichtlich, Städtebaulich";"Wohn- und Geschäftshaus (Nikolaistraße 2), Geschäftshaus (Nikolaistraße 4)";"https://opendata.schleswig-holstein.de/data/denkmalpflege/fotos/51276.jpg"
14063;"Mehrheit von baulichen Anlagen";"Stadt Flensburg";"Flensburg, Stadt";"Norderfischerstraße 1, 3, 5, 7, Norderstraße 104-106, Schiffbrücke 55";"Mietwohnungshäuser Norderfischerstraße/Norderstraße/Schiffbrücke";"Blockbebauung Norderfischerstraße; 1936-38, Arch. Hans Maria Ehrhardt u. Johannes Boy Carstens für die Wohnungsbau Flensburg; Block aus drei-, an der Norderstraße viergeschossigen Putzbauten auf hohen Backsteinsockeln und mit pfannengedeckten Sattel- und Walmdächern, schlichte Rauputzfassaden gegliedert mit schmalen übergiebelten Treppenhauserkern, mittig liegende Eingänge mit Rotsteinrahmung";"Geschichtlich, Städtebaulich";"Mietwohnungshäuser Norderfischerstraße 1, 3, 5, 7; Norderstraße 104-106; Schiffbrücke 55";"https://opendata.schleswig-holstein.de/data/denkmalpflege/fotos/14063.jpg"
45765;"Mehrheit von baulichen Anlagen";"Stadt Flensburg";"Flensburg, Stadt";"Nordergraben 10, 12, 14";"Wohn- und Geschäftshäuser Nordergraben 10-14";"Wohn- und Geschäftshausgruppe Nordergraben 10-14; 1877-1900; geschlossene heterogene Gruppe aus drei dreigeschossigen Wohn- und Geschäftshäusern mit historisierenden Putz- und Backsteinfassaden";"Geschichtlich, Künstlerisch, Städtebaulich";"Wohn- und Geschäftshäuser Nordergraben 10, 12, 14";"https://opendata.schleswig-holstein.de/data/denkmalpflege/fotos/45765.jpg"
45940;"Mehrheit von baulichen Anlagen";"Stadt Flensburg";"Flensburg, Stadt";"Nordermarkt 4, 5, 6, 7";"Wohn- und Geschäftshäuser Nordermarkt 4-7";"Wohn- und Geschäftshausgruppe Nordermarkt 4-7; 18. Jh., um 1860; geschlossene Gruppe aus drei zweigeschossigen Fachwerkbuden mit Putzfassaden und Mittelzwerchhäusern sowie dreigeschossigem Gelbsteinbau mit spätklassizistischer Putzfassade und stumpfer Ecke";"Geschichtlich, Städtebaulich";"Wohn- und Geschäftshäuser Nordermarkt 4, 5, 6, 7";"https://opendata.schleswig-holstein.de/data/denkmalpflege/fotos/45940.jpg"
46076;"Mehrheit von baulichen Anlagen";"Stadt Flensburg";"Flensburg, Stadt";"Norderstraße 1, 3, 5, 7, 9, 11-13, 15-17, 19";"Wohn- und Geschäftshäuser Norderstraße 1-19";"Wohn- und Geschäftshausgruppe Norderstraße 1-19; v.a. 19. Jh.; westseitige Bebauung der südlichen Norderstraße, geschlossene Reihe aus acht zwei- bis viergeschossigen Wohn- und Geschäftshäusern mit historisierenden zumeist verputzten Fassaden des ausgehenden 19. Jhs., in Kern häufig Reste älterer Bebauung, rückwärtig hofbildende Flügelanbauten";"Geschichtlich, Künstlerisch, Städtebaulich";"Wohn- und Geschäftshäuser Norderstraße 1, 3 (mit Hofflügel), 5, 7 (mit Seitenflügel, Quergebäude), 9 (mit Rückflügel), 11-13 (mit Rückflügel), 15-17 mit (südlicher Seitenflügel, Quergebäude), 19";"https://opendata.schleswig-holstein.de/data/denkmalpflege/fotos/46076.jpg"
50019;"Mehrheit von baulichen Anlagen";"Stadt Flensburg";"Flensburg, Stadt";"Norderstraße 31, 33, 35, 37, 39, 41, 43, 45, 47, 49, 51";"Wohn- und Geschäftshäuser Norderstraße 31-51";"Wohn- und Geschäftshäuser Norderstraße 31-51; v. a. 19. Jh.; westseitiger Abschnitt der Norderstraße zwischen Toosbüystraße und dänischer Zentralbibliothek, in geschlossener Bauweise dreigeschossige Wohn- und Geschäftshäuser mit repräsentativen historisierenden Putzfassaden des ausgehenden 19. Jhs. im Wechsel mit spätbarocken zweigeschossigen Wohnhäusern, im Kern häufig Reste älterer Bebauung, einfachere historische Gewerbe- und Kaufmannshöfe mit rückwärtigen hofbildenden Flügelanbauten und Nebengebäuden";"Geschichtlich, Künstlerisch, Städtebaulich";"Kaufmannshof: Vorderhaus, Rückflügel, Seitenflügel, Querspeicher (Norderstraße 31), Gewerbehof: Vorderhaus, Rückflügel, Quergebäude,  ehem. Querspeicher (Norderstraße 33), Gewerbehof: Vorderhaus, Rückflügel, ehem. Querspeicher (Norderstraße 35), Kaufmannshof: Vorderhaus, Rückflügel, Seitenflügel, ehem. Querspeicher (Norderstraße 37), Wohn- und Geschäftshaus, Rückflügel, Seitenflügel (Norderstraße 39), Wohn- und Geschäftshaus (Norderstraße 41, 45), Gasthaus 'Silberquell' (Norderstraße 43), Wohn- und Geschäftshaus, Rückflügel, Hinterhaus (Norderstraße 47), Handwerkerhof: Vorderhaus, Rückflügel, Seitenflügel, Querspeicher (Norderstraße 49), Handwerkerhof: Vorderhaus, Rückflügel, Querspeicher (Norderstraße 51)";"https://opendata.schleswig-holstein.de/data/denkmalpflege/fotos/50019.jpg"
39317;"Mehrheit von baulichen Anlagen";"Stadt Flensburg";"Flensburg, Stadt";"Norderstraße 2, 4, Kompagniestraße 1, 3";"Wohn- und Geschäftshäuser Norderstraße 2, 4/Kompagniestraße 1, 3";"Wohn- und Geschäftshäuser Norderstraße/ Kompagniestraße; 2. H. 19. Jh., 1925; die Abzweigung der Kompagniestraße von der Norderstraße im nördlichen Bereich umschreibende Gruppe aus vier zwei- bis dreigeschossigen traufständigen Traufenhäusern, Norderstraße 2 als überleitendes Eckgebäude mit stumpfer Ecke";"Geschichtlich, Städtebaulich";"Wohn- und Geschäftshäuser Kompagniestraße 1, Norderstraße 2, 4; Wohnhaus Kompagniestraße 3, Hofgebäude Norderstraße 4";"https://opendata.schleswig-holstein.de/data/denkmalpflege/fotos/39317.jpg"
10953;"Mehrheit von baulichen Anlagen";"Stadt Flensburg";"Flensburg, Stadt";"Parkhof 1-11, 2-12, 13-17, 14-18, 19-23, 20-24, 25-29, 26-30, 31, Swinemünder Straße 6-10";"ehem. Marinesiedung Parkhof";"Aktualisierung vorgesehen";"Geschichtlich, Künstlerisch, Städtebaulich";"Wohnhauszeilen Parkhof 1-11, 2-12, 13-17, 19-23, 14-18, 20-24, 25-29, 26-30, 31 (Verbindungsbau), Swinemünder Straße 6-10 (mit Torbau)";""
49007;"Mehrheit von baulichen Anlagen";"Stadt Flensburg";"Flensburg, Stadt";"Plankemai 14, 16-18, 20-22, 24, 27, 29, 31, Plankemai";"Wohnhäuser Plankemai 14-31";"Wohnhausgruppe Plankemai 14-31; 19. Jh.; beidseitige geschlossene Wohnbebauung der historisch gepflasterten Plankemai in gewachsener, heterogener Struktur mit ein- und zweigeschossigen Wohnhäusern des frühen 19. Jhs. (Nr. 24, 29 u. 31) und dreigeschossigen kaiserzeitlichen Mietwohnungshäusern (Nr. 14, 16-18 u. 20-22)";"Geschichtlich, Städtebaulich";"Wohnhäuser (Plankemai 24, 29, 31), Mietwohnungshäuser (Plankemai 14, 16-18, 20-22, 27), Straßenpflasterung (Plankemai)";"https://opendata.schleswig-holstein.de/data/denkmalpflege/fotos/49007.jpg"
45799;"Mehrheit von baulichen Anlagen";"Stadt Flensburg";"Flensburg, Stadt";"Rathausstraße 6-8, 10, 12, 14, 16";"Wohn- und Geschäftshäuser Rathausstraße 6-16";"Wohn- und Geschäftshausgruppe Rathausstraße 6-16; 2. H. 19. Jh.; geschlossene heterogene Gruppe aus fünf drei und viergeschossigen Wohn- und Geschäftshäusern mit historisierenden Putz- und Backsteinfassaden";"Geschichtlich, Künstlerisch, Städtebaulich";"Wohn- und Geschäftshäuser Rathausstraße 6-8, 10, 12, 14, 16";"https://opendata.schleswig-holstein.de/data/denkmalpflege/fotos/45799.jpg"
45827;"Mehrheit von baulichen Anlagen";"Stadt Flensburg";"Flensburg, Stadt";"Rote Straße 8, 10, 12, 14, 16, 18-20, 22, 24, 26-28, 30";"Baugruppe Rote Straße 8-30";"Rote Straße 8-30; 18.-19. Jh.; Reihe von Wohn- und Wirtschaftsgebäuden mit westlich liegenden Kaufmanns- und Handwerkerhöfen mit zugehörigen Rück- und Hofgebäuden, im Norden drei- viergeschossig, gen Süden zweigeschossig";"Geschichtlich, Städtebaulich";"Wohn- und Geschäftshaus (Rote Straße 8);  Wohn- und Geschäftshaus (Rote Straße 10);  Wohn- und Geschäftshaus, Rückflügel, Quergebäude (Rote Straße 12); Kaufmannshof: Vorderhaus, Seitenflügel und Quergebäude (Rote Straße 14); Kaufmannshof: Vorderhaus, nördlicher und südlicher Seitenflügel, Quergebäude (Rote Straße 16); Kaufmannshof: Vorderhaus, Seitenflügel, Remise, Quergebäude (Rote Straße 18-20); Kaufmannshof: Vorderhaus (Rote Straße 22); Kaufmannshof: Vorderhaus, nördlicher Seitenflügel, südliches Hinterhaus, Werkstattbau, Quergebäude (Rote Straße 24); Kaufmannshof: Vorderhaus, Seitenflügel, östlicher und westlicher Querspeicher (Rote Straße 26-28); Kaufmannshof: Vorderhaus, Seitenflügel, Quergebäude (Rote Straße 30)";"https://opendata.schleswig-holstein.de/data/denkmalpflege/fotos/45827.jpg"
45939;"Mehrheit von baulichen Anlagen";"Stadt Flensburg";"Flensburg, Stadt";"Rote Straße 9, 11-13";"Wohn- und Geschäftshäuser Rote Straße 9-13";"Wohn- und Geschäftshäuser Rote Straße 9-13; letztes Viertel des 18. Jh.; Nr. 9 dreigeschossiger, traufständiger Putzbau, Satteldach, rustiziertes Erdgeschoss, stichbogige Fenster mit profilierter Rahmung; Nr. 11-13 zwei vereinigte zweigeschossige Traufenhäuser, Satteldach, schlichte geschlämmte Fassade, Hoffassade Nr. 11 verblendet,, Rückfront Nr. 13 bauzeitlich";"Geschichtlich, Städtebaulich";"Wohn- und Geschäftshäuser Rote Straße 9, 11-13";"https://opendata.schleswig-holstein.de/data/denkmalpflege/fotos/45939.jpg"
20479;"Mehrheit von baulichen Anlagen";"Stadt Flensburg";"Flensburg, Stadt";"Sandberg 29, 31, 33";"Mietwohnungshäuser Sandberg 29-33";"Mietshausgruppe Sandberg 29-33; 1906-07, Maurermeister Christian Hummel; geschlossene Reihe aus drei viergeschossigen Putzbauten in großstädtischer Prägung mit zeittypischer Putz- und Backsteingliederung, Fassaden geprägt durch Zwerchgiebel und Balkonachsen, Nr. 33 südlich abschließend als Eckgebäude";"Geschichtlich, Städtebaulich";"Mietwohnungshäuser Sandberg 29, 31, 33";"https://opendata.schleswig-holstein.de/data/denkmalpflege/fotos/20479.jpg"
45615;"Mehrheit von baulichen Anlagen";"Stadt Flensburg";"Flensburg, Stadt";"Schiffbrücke 4, 5, 6, 7, 8-9, 10";"Baugruppe Schiffbrücke 4-10";"Baugruppe Schiffbrücke 4-10; 19. Jh.; geschlossene Reihe aus sechs zwei- bis dreigeschossigen traufständigen Putzbauten mit Satteldächern an der platzähnlichen Verbreiterung der südlichen Schiffbrücke, schlichte Fassaden teils mit historistischen Details";"Geschichtlich, Städtebaulich";"Wohn- und Geschäftshäuser (Schiffbrücke 4, 5, 6, 7, 8-9), ehem. Gemeindehaus (Schiffbrücke 10)";"https://opendata.schleswig-holstein.de/data/denkmalpflege/fotos/45615.jpg"
49935;"Mehrheit von baulichen Anlagen";"Stadt Flensburg";"Flensburg, Stadt";"Schiffbrücke 19, 20, 21, 22, 23, 24";"Baugruppe Schiffbrücke 19-24";"Baugruppe Schiffbrücke 19-24; 17./18./19. Jh.; geschlossene Reihe aus sechs zwei- bis dreigeschossigen Wohn- und Geschäftshäusern in heterogener Gestaltung, Nr. 20 und 23 aus dem 17./ 18. Jh., Nr. 23 in Fachwerk, maßstabsprengend die Backsteinbauten Nr. 21 und 24 mit reicher neugotischer Gestaltung, Nr. 19 und 22 mit schlichten Putzfassaden";"Geschichtlich, Künstlerisch, Städtebaulich";"Wohn- und Geschäftshäuser (Schiffbrücke 19, 21, 22, 24), Gasthaus (Schiffbrücke 20), Segelmacherei (Schiffbrücke 23)";"https://opendata.schleswig-holstein.de/data/denkmalpflege/fotos/49935.jpg"
45614;"Mehrheit von baulichen Anlagen";"Stadt Flensburg";"Flensburg, Stadt";"Schiffbrückstraße 1, 2, 3, 4, 6, 8-8a, Nordermarkt 3";"Baugruppe Schiffbrückstraße 1-8a/Nordermarkt 3";"Bebauung Schiffbrückstraße/Nordermarkt; E. 19. Jh.; beidseitige geschlossene Bebauung der Schiffbrückstraße durch zwei- bis fünfgeschossige Wohn- und Geschäftshäuser mit aufwändigen neogotischen Backsteinfassaden auf der Süd- und Putzfassaden in spätklassizistischen und Neorenaissanceformen auf der Nordseite";"Geschichtlich, Künstlerisch, Städtebaulich";"Wohn- und Geschäftshäuser (Nordermarkt 3, Schiffbrückstraße 1, 2, 8-8a),  ehem. 'Sommers Hotel' (Schiffbrückstraße 3), ehem. Lagerhaus/Wohnhaus (Schiffbrückstraße 4), Mietwohnungshaus (Schiffbrückstraße 6)";"https://opendata.schleswig-holstein.de/data/denkmalpflege/fotos/45614.jpg"
50991;"Mehrheit von baulichen Anlagen";"Stadt Flensburg";"Flensburg, Stadt";"Schleswiger Straße 6, 8, 10, 12, 14, 16, 18, 20, 22, 24, 26";"Wohnhausgruppe Schlewiger Straße 6-26";"Wohnhausgruppe Schleswiger Straße 2-26; 1893-1900; weitgehend geschlossene, im Straßenverlauf ansteigende Bebauung aus zwei- und dreigeschossigen Putzbauten mit reicher, teils figürlicher neubarocker Gliederung in Backstein und Putz";"Geschichtlich, Künstlerisch, Städtebaulich";"Wohnhaus (Schleswiger Straße 6), Mietwohnungshäuser (Schleswiger Straße 8, 10, 12, 14, 16, 18, 20, 22, 24), Wohn- und Geschäftshaus (Schleswiger Straße 26)";"https://opendata.schleswig-holstein.de/data/denkmalpflege/fotos/50991.jpg"
51091;"Mehrheit von baulichen Anlagen";"Stadt Flensburg";"Flensburg, Stadt";"Schleswiger Straße 34, 38, 40";"Mietshausgruppe Schleswiger Straße 34-40";"Mietshausgruppe Schleswiger Straße 34-40; 1890-1903, Zimmermeister Boy Willandsen, Maurermeister Jacob. August Bandholz, Maurer August Kruse; im Straßenverlauf ansteigende Bebauung aus zwei- und dreigeschossigen Putzbauten mit reicher historistischer und Putzgliederung teils mit Jugendstilanklängen";"Geschichtlich, Städtebaulich";"Mietwohnungshäuser Schleswiger Straße 34, 38, 40";"https://opendata.schleswig-holstein.de/data/denkmalpflege/fotos/51091.jpg"
50007;"Mehrheit von baulichen Anlagen";"Stadt Flensburg";"Flensburg, Stadt";"Schleswiger Straße 2, 3, 4, 5, Husumer Straße 1a, Neumarkt 4";"Mietshausgruppe Neumarkt/Schleswiger Straße";"Mietshausgruppe Neumarkt/Schleswiger Straße; Ende 19./Anfang 20. Jh.; den nördlichen Abschluss der Schleswiger Straße sowie die Straßengabelung am Neumarkt umschreibende Gruppe aus sechs zwei- bis viergeschossigen Mietwohnungshäusern mit historisierenden Putzfassaden, Husumer Straße 1a und Neumarkt 4 hierbei als repräsentative überleitende Eckgebäude";"Geschichtlich, Künstlerisch, Städtebaulich";"Wohnhäuser (Husumer Straße 1a, Schleswiger Straße 3, 5); Wohn- und Geschäftshäuser (Neumarkt 4, Schleswiger Straße 2); Mietwohnungshaus (Schleswiger Straße 4)";"https://opendata.schleswig-holstein.de/data/denkmalpflege/fotos/50007.jpg"
49797;"Mehrheit von baulichen Anlagen";"Stadt Flensburg";"Flensburg, Stadt";"Schloßstraße 4, 6, 8, 10";"Wohnhäuser Schloßstraße 4-10";"Wohnhausgruppe Schloßstraße 4-10; 1. H. 19. Jh.; geschlossene Reihe aus vier zwei- bis dreigeschossigen Traufenhäusern mit Satteldächern, Backsteinbauten mit geschlämmten Fassaden, Nr. 4 breitgelagertes Doppelhaus mit Treppenvorbauten, sonst Einzelhäuser";"Geschichtlich, Städtebaulich";"Doppelhaus (Schloßstraße 4), Wohnhäuser (Schloßstraße 6, 8, 10)";"https://opendata.schleswig-holstein.de/data/denkmalpflege/fotos/49797.jpg"
48658;"Mehrheit von baulichen Anlagen";"Stadt Flensburg";"Flensburg, Stadt";"St.-Jürgen-Platz 4, 6, 8";"Wohnhäuser St.-Jürgen-Platz 4-8";"Mietshausgruppe St.-Jürgen-Platz 4-8; 1912-14, K. Bernt, H. W. Boysen; geschlossene Reihe aus drei dreigeschossigen Wohnhäusern mit Mansarddächern und Putzfassaden in übereinstimmender zeittypischer Gestaltung des Reformstils";"Geschichtlich, Künstlerisch, Städtebaulich";"Wohnhaus (St.-Jürgen-Platz 4), Mietwohnungshäuser (St.-Jürgen-Platz 6, 8)";""
49076;"Mehrheit von baulichen Anlagen";"Stadt Flensburg";"Flensburg, Stadt";"St.-Jürgen-Straße 24-26, 28, 30, 34, 36-38, 40, 42, 44, 46, 48, 50, 52, 56, 58-60, 62, 64";"Wohnhäuser St.-Jürgen-Straße 24-64";"Wohnhausgruppe St.-Jürgen-Straße 24-64; 19. Jh.; gewachsene, kleinteilige Häuserreihe aus überwiegend ein- und zweigeschossigen traufständigen Kleinbürgerhäusern in heterogener Gestaltung, straßenbildprägend Terrassen- und Treppenvorbauten mit Bruchsteinmauerwerk und historischen Geländern";"Geschichtlich, Künstlerisch, Städtebaulich";"Doppelhäuser (St.-Jürgen-Straße 24-26, 36-38, 58-60), Wohnhäuser St.-Jürgen-Straße 28, 30, 34, 40, 42, 44, 46, 48, 50, 52, 56, 62, 64)";"https://opendata.schleswig-holstein.de/data/denkmalpflege/fotos/49076.jpg"
20313;"Mehrheit von baulichen Anlagen";"Stadt Flensburg";"Flensburg, Stadt";"St.-Jürgen-Straße 85, 87, 89";"Mietwohnungshäuser St.-Jürgen-Straße 85-89";"Mietwohnungshäuser St.-Jürgen-Straße 85-89; 1887-94, Gebr. Hummel, Maurer Hans Sörensen; geschlossene Reihe aus drei zweigeschossigen Putzbauten mit spätklassizistischer Gliederung, Eckgebäude Nr. 89 hangseitig mit zweiter repräsentativer Schaufassade";"Geschichtlich, Städtebaulich";"Mietwohnungshäuser mit Treppenhäusern (St.-Jürgen-Straße 85, 87, 89)";"https://opendata.schleswig-holstein.de/data/denkmalpflege/fotos/20313.jpg"
48453;"Mehrheit von baulichen Anlagen";"Stadt Flensburg";"Flensburg, Stadt";"Stuhrsallee 11, 13, 15, 17, 19, 21";"Wohnhäuser Stuhrsallee 11-21";"Wohnhausgruppe Stuhrsallee 11-21; E. 19. Jh.; Reihe aus sechs freistehenden Putzbauten mit spätklassizistischen Stilelementen zwei- und dreigeschossige Wohnbauten, Nr. 11, 17 u. 21 als niedrigere Traufenhäuser mit erhöhten Seitenrisaliten, Nr. 13, 15 u. 19 stattliche Dreigeschosser von kompakter Kubatur";"Geschichtlich, Städtebaulich";"Wohnhäuser Stuhrsallee 11, 13, 15, 17, 19, 21";"https://opendata.schleswig-holstein.de/data/denkmalpflege/fotos/48453.jpg"
36684;"Mehrheit von baulichen Anlagen";"Stadt Flensburg";"Flensburg, Stadt";"Stuhrsallee 27, 29, 31, 33, 35";"Villen Stuhrsallee 27-35";"Villenreihe Stuhrsallee 27-35; 1897-1911, Architekt Schwerdtfeger u. Schmüser, Prale, Schlichting; Reihe aus fünf ein- bis zweigeschossigen freistehenden Villen mit aufwändiger Gestaltung in Formen des Reformstils";"Geschichtlich, Künstlerisch, Städtebaulich";"Villen Stuhrsallee 27, 29, 31, 33 (mit Stallgebäude/Remise); Wohnhaus Stuhrsallee 35";"https://opendata.schleswig-holstein.de/data/denkmalpflege/fotos/36684.jpg"
45250;"Mehrheit von baulichen Anlagen";"Stadt Flensburg";"Flensburg, Stadt";"Südergraben 27, 29, 31, 33, 35, 37, 39, 43, 45, 47";"Baugruppe Südergraben 27-47";"Baugruppe Südergraben 27-47; 1884-1904; Gruppe aus zehn ein- bis viergeschossigen Wohnhäusern mit repräsentativen historisierenden Putz-und Backsteinfassaden in geschlossener und halboffener Bauweise";"Geschichtlich, Künstlerisch, Städtebaulich";"Stadtvilla (Südergraben 27), Wohn- und Geschäftshäuser (Südergraben 29, 39), Wohnhäuser (Südergraben 31 (mit Einfriedung), 33, 35, 37), Villa (Südergraben 43), ehem. Kunstgewerbeschule Sauermann (Südergraben 45), Villa Sauermann (Südergraben 47)";"https://opendata.schleswig-holstein.de/data/denkmalpflege/fotos/45250.jpg"
14340;"Mehrheit von baulichen Anlagen";"Stadt Flensburg";"Flensburg, Stadt";"Südermarkt 1, 2, 3, 4, 7, 8, 9, 10, 11, 12, 13-14, Angelburger Straße 2, Holm 61, 63";"Platzrandbebauung Südermarkt";"Südermarkt Flensburg; 15.-20. Jh.; heterogene ost-, west- und südseitige Bebauung des historischen Südermarktes aus zwei- bis fünfgeschossigen Wohn- und Geschäftshäusern unterschiedlicher Entstehungszeit und Gestaltung";"Geschichtlich, Künstlerisch, Städtebaulich, Wissenschaftlich";"Kaufmannshof: Vorderhaus, Rückflügel, südlicher Seitenflügel, Querspeicher (Südermarkt 1); Wohn- und Geschäftshäuser (Angelburger Straße 2, Holm 63, Südermarkt 2, 3, 4, 7, 8, 9); Fassaden Wohn- und Geschäftshaus (Holm 61, Südermarkt 10); Renaissance-Fassade (Südermarkt 11); Kaufmannshaus/Apotheke (Südermarkt 12); Stadtsparkassen-Filiale (Südermarkt 13-14)";"https://opendata.schleswig-holstein.de/data/denkmalpflege/fotos/14340.jpg"
20581;"Mehrheit von baulichen Anlagen";"Stadt Flensburg";"Flensburg, Stadt";"Teichstraße 33, 35, 37, 39, 42, 44, 46, 48, 50, Mühlendamm 2, Munketoft 21, 23, 25, 30, 32, 34, 36";"Mietwohnungshäuser Teichstraße/Munketoft/Mühlendamm";"Mietwohnungshäuser Teichstraße 33-39 u. 42-50/ Munketoft 21-25 u. 30-36/ Mühlendamm 2; Ende 19. / Anfang 20. Jh., Johann Bruhn, Jacob August Bandholz u.a.; die Straßengabelung Munketoft-Teichstraße beschreibende Gruppe aus 16 drei- und viergeschossigen Mietwohnungshäusern in geschlossener und halboffener Bebauung, Gebäude entlang der Teichstraße aus dem ausgehenden 19. Jh. mit repräsentativen spätklassizistischen Fassaden, am Munketoft im Detail vielfältige Gestaltung mit historisierenden und Jugendstilelementen aus der Zeit um 1900.";"Geschichtlich, Künstlerisch, Städtebaulich";"Mietwohnungshäuser Mühlendamm 2; Munketoft 21, 23, 25, 30, 32, 34, 36; Teichstraße 33, 35, 37, 39, 42, 44, 46, 48, 50";""
50556;"Mehrheit von baulichen Anlagen";"Stadt Flensburg";"Flensburg, Stadt";"Terrassenstraße 4, 5, 7, 9, 10, 11, 12, 13, 14, 15, 16, 17, 18, 19, 20, 21, 22, 23, 24, 25, 26";"Mietwohnungshäuser Terrassenstraße";"Mietwohnungshäuser Terrassenstraße; 1900 -1903; geschlossene beidseitige Bebauung der nach Westen ansteigenden Terrassenstraße, drei- bis viergeschossige Mietwohnungshäuser mit zumeist verputzten historisierenden Fassaden, die Südseite durch reiche Ornamentik in Neorenaissanceformen sowie Vorgärten geprägt, die Nordseite dominiert von der in sich wiederholenden Entwürfen des Arbeiter-Bauvereins ausgeführten Gruppe Nr. 16-24";"Geschichtlich, Künstlerisch, Städtebaulich";"Mietwohnungshäuser Terrassenstraße 4, 5, 7, 9, 10, 11, 12, 13, 14 (Michelsenstraße1), 15, 16, 17, 18, 19, 20, 21, 22, 23, 24, 25, 26; mit Vorgärten Terrassenstraße 5, 7, 9, 11, 13, 15, 17, 19, 21, 23, 25, 26";"https://opendata.schleswig-holstein.de/data/denkmalpflege/fotos/50556.jpg"
20127;"Mehrheit von baulichen Anlagen";"Stadt Flensburg";"Flensburg, Stadt";"Toosbüystraße 1, 3, 4, 5, 6, 7, 8, 9, 10, 12, 13, 14, 15, 16-18, 17, 19, 21, 23, 25, 27, 29, 31, 33, 35, 37, Norderstraße 27-29";"Wohn- und Geschäftshäuser Toosbüystraße 1-37/Norderstraße 27-29";"Wohn- und Geschäftshäuser Toosbüystraße; 1900-1906, Gebr. Hummel, Baugeschäft Schwark u. Körner, M. Schlichting, A. W. Prale u.a.; südseitige, im östlichen Bereich beidseitige Straßenbebauung durch insgesamt 26 viergeschossige Mietwohnungshäuser in geschlossener Bebauung, Fassaden in individueller qualitätvoller Gestaltung, in Formen des Historismus und Jugendstils, belebt v.a. durch Erker, Zwerchhäuser und Stuckornamentik";"Geschichtlich, Künstlerisch, Städtebaulich";"Wohn- und Geschäftshäuser (Toosbüystraße 1, 3, 4, 5, 6, 7, 8, 9, 10, 12, 13, 14, 15, 16-18, 17, 19, 23, 25, 27, 29, 31, 33, 35, 37, Norderstraße 27-29), ehem. Gesellschaftshaus der 'Neuen Harmonie' (Toosbüystraße 21)";"https://opendata.schleswig-holstein.de/data/denkmalpflege/fotos/20127.jpg"
48813;"Mehrheit von baulichen Anlagen";"Stadt Flensburg";"Flensburg, Stadt";"Ulmenstraße 15, 18, Brixstraße 26";"Mietwohnungshäuser Brixstraße 26/Ulmenstraße 15, 18";"Miethausgruppe Brixstraße 26 / Ulmenstraße 15 u. 18; 1911-13, Architekten Karl Bernt, E. M. Lorenzen; Gruppe aus drei- bis viergeschossigen Putzbauten im Duktus zwischen Neuklassizismus und Reformstil, repräsentative Ecksituationen, Gliederung durch Stuckelemente, Gauben und Balkonachsen";"Geschichtlich, Künstlerisch, Städtebaulich";"Mietwohnungshäuser Brixstraße 26, Ulmenstraße 15, 18";""
49823;"Mehrheit von baulichen Anlagen";"Stadt Flensburg";"Flensburg, Stadt";"Viktoriastraße 3, 5, Angelburger Straße 54";"Wohn- und Geschäftshäuser Angelburger Straße 54/Viktoriastraße 3-5";"Wohn- und Geschäftshäuser Angelburger Straße 54/Viktoriastraße 3-5; 1882-84, Maurermeister Hummels; geschlossene Gruppe dreier repräsentativer Mietshäuser mit Läden in den Erdgeschossen, zwei- und dreigeschossige Putzbauten mit teils aufwändiger spätklassizistischer Fassadengliederung";"Geschichtlich, Städtebaulich";"Wohn- und Geschäftshäuser (Angelburger Straße 54, Viktoriastraße 5), Mietwohnungshaus (Viktoriastraße 3)";"https://opendata.schleswig-holstein.de/data/denkmalpflege/fotos/49823.jpg"
49052;"Mehrheit von baulichen Anlagen";"Stadt Flensburg";"Flensburg, Stadt";"Voigtstraße 24, 26, 27, 28, 29, 30, 31, 32, 33, 34, 35, 36, 37, 39";"Mietwohnungshäuser Voigtstraße 24-39";"Mietshausgruppe Voigtstraße 24-39; um 1903-06 Maurermeister Christian Hummel für den Flensburger Arbeiter-Bauverein; beidseitige geschlossene Bebauung der südl. Voigtstraße mit Vorgartenzone, dreigeschossige Mietwohnungshäuser in variierten schlichten Formen zwischen Historismus und Jugendstil";"Geschichtlich, Städtebaulich";"Wohnhaus (Voigtstraße 24), Mietwohnungshäuser (Voigtstraße 26, 27, 28, 29, 30, 31, 32, 33, 34, 35, 36, 37, 39)";""
49979;"Mehrheit von baulichen Anlagen";"Stadt Flensburg";"Flensburg, Stadt";"Wrangelstraße 1, 2, 3, 4, 5, 6, 7, 8, 9, 10, 11, 12, 13, 14, 14a, 15, 16, 17, 19, 21a, 22, 23, 24, 25, 26, 27, 29, 31, Wrangelstraße";"Wohnhäuser und Villen Wrangelstraße";"Wohnhäuser und Villen Wrangelstraße; 1884 - 1912, Architekten A. W. Prale, G. Willrath, Ehrhardt u. Carstens u.a.; beidseitige Straßenbebauung in offener Bauweise, individuelle qualitätvolle Fassadengestaltung in aufwändigen historisierenden und Jugendstilformen, belebt v.a. durch Erker und Risalite; Straßenraum mit Gehweg- und Straßenpflasterung und Straßenbäumen";"Geschichtlich, Künstlerisch, Städtebaulich";"Wohnhäuser (Wrangelstraße 1, 2, 3, 4, 8, 9, 10, 12, 14, 14a, 16, 17, 22, 23, 24, 25, 26 (mit Einfriedung), 29, 31), Villen (Wrangelstraße 5, 9 (mit Einfriedung), 13 (mit Einfriedung), 15), Wohnhaus 'Devonhurst' (Wrangelstraße 6), ehem. Reedervilla mit Vorgarten-Einfriedung (Wrangelstraße 7), Villa mit Gartenzaun (Wrangelstraße 11), ehem. Reedervilla (Wrangelstraße 19), Villa mit Eisenzaun mit Pforte (Wrangelstraße 21a), Mehrfamilienhaus (Wrangelstraße 27), Straßenraum (Wrangelstraße)";"https://opendata.schleswig-holstein.de/data/denkmalpflege/fotos/49979.jpg"
9005;"Bauliche Anlage";"Stadt Flensburg";"Flensburg, Stadt";"Adelbyer Kirchenweg 4";"Reihenhaus";"Reihenhaus; 1925-27; Architekt Karl Bernt, Bauherr Studienrat Heinrich Johannsen; zweigeschossiges traufständiges Reihenmittelhaus mit pfannengedecktem Satteldach und breitlagernder Dachgaube, Fassade backsteinsichtig mit mittiger, leicht zurückliegender Haustür und kleiner Freitreppe";"Geschichtlich, Künstlerisch, Städtebaulich";"Reihenhaus, ";"https://opendata.schleswig-holstein.de/data/denkmalpflege/fotos/9005.jpg"
9015;"Bauliche Anlage";"Stadt Flensburg";"Flensburg, Stadt";"Adelbyer Kirchenweg 9";"Villa";"Alteintragung (Aktualisierung vorgesehen)";"Geschichtlich, Künstlerisch, Städtebaulich";"gesamtes Objekt";"https://opendata.schleswig-holstein.de/data/denkmalpflege/fotos/9015.jpg"
9352;"Bauliche Anlage";"Stadt Flensburg";"Flensburg, Stadt";"Alt-Fruerlundhof 1";"Wohnhaus";"Wohnhaus; 1832; Haupthaus des auf 1448 zurückgehenden Fruerlundhofes, breitgelagerter eingeschossiger Gelbsteinbau mit Halbwalmdach, Hofpflasterung und Teich";"Geschichtlich, Kulturlandschaftlich, Städtebaulich, Wissenschaftlich";"Wohnhaus, Kopfsteinpflaster, Teich";"https://opendata.schleswig-holstein.de/data/denkmalpflege/fotos/9352.jpg"
9353;"Bauliche Anlage";"Stadt Flensburg";"Flensburg, Stadt";"Alt-Fruerlundhof 1";"Wirtschaftsgebäude";"Wirtschaftsgebäude; 1901; Nebengebäude des auf 1448 zurückgehenden Fruerlundhofes, zweigeschossiger Gelbsteinbau mit teils verbrettertem Obergeschoss und flachem Satteldach, Holztore, Aufzugsluke und Winde";"Geschichtlich, Kulturlandschaftlich, Städtebaulich, Wissenschaftlich";"Wirtschaftsgebäude, ";"https://opendata.schleswig-holstein.de/data/denkmalpflege/fotos/9353.jpg"
47;"Bauliche Anlage";"Stadt Flensburg";"Flensburg, Stadt";"Am Bundesbahnhof 1 - 2";"Bahnhofsgebäude";"Alteintragung (Aktualisierung vorgesehen)";"Geschichtlich, Künstlerisch, Städtebaulich";"Alteintragung (Aktualisierung vorgesehen)";"https://opendata.schleswig-holstein.de/data/denkmalpflege/fotos/47.jpg"
9266;"Bauliche Anlage";"Stadt Flensburg";"Flensburg, Stadt";"Am Bundesbahnhof 2";"Bahn-Eilgutabfertigungsgebäude";"Alteintragung (Aktualisierung vorgesehen)";"Geschichtlich, Künstlerisch, Städtebaulich";"Alteintragung (Aktualisierung vorgesehen)";"https://opendata.schleswig-holstein.de/data/denkmalpflege/fotos/9266.jpg"
9267;"Bauliche Anlage";"Stadt Flensburg";"Flensburg, Stadt";"Am Bundesbahnhof 2";"Stellwerk Fo (Reiterstellwerk)";"Alteintragung (Aktualisierung vorgesehen)";"Geschichtlich, Technisch";"Alteintragung (Aktualisierung vorgesehen)";"https://opendata.schleswig-holstein.de/data/denkmalpflege/fotos/9267.jpg"
9262;"Bauliche Anlage";"Stadt Flensburg";"Flensburg, Stadt";"Am Bundesbahnhof 3";"ehem. Bahnpostamt";"Alteintragung (Aktualisierung vorgesehen)";"Geschichtlich, Städtebaulich";"Alteintragung (Aktualisierung vorgesehen)";"https://opendata.schleswig-holstein.de/data/denkmalpflege/fotos/9262.jpg"
9263;"Bauliche Anlage";"Stadt Flensburg";"Flensburg, Stadt";"Am Bundesbahnhof 3";"ehem. Übernachtungsgebäude";"Alteintragung (Aktualisierung vorgesehen)";"Geschichtlich, Künstlerisch, Städtebaulich";"Alteintragung (Aktualisierung vorgesehen)";"https://opendata.schleswig-holstein.de/data/denkmalpflege/fotos/9263.jpg"
9257;"Bauliche Anlage";"Stadt Flensburg";"Flensburg, Stadt";"Am Bundesbahnhof";"Bahnsteiganlage mit Überdachungen";"Alteintragung (Aktualisierung vorgesehen)";"Geschichtlich, Künstlerisch, Städtebaulich";"Alteintragung (Aktualisierung vorgesehen)";""
9268;"Bauliche Anlage";"Stadt Flensburg";"Flensburg, Stadt";"Am Bundesbahnhof";"Bahnhofsvorplatz";"Alteintragung (Aktualisierung vorgesehen)";"Geschichtlich, Städtebaulich";"Alteintragung (Aktualisierung vorgesehen)";""
40;"Bauliche Anlage";"Stadt Flensburg";"Flensburg, Stadt";"Am Burgfried 1";"Wohn- und Geschäftshaus";"Wohn- und Geschäftshaus; 1904, Baugeschäft Schwark und Körner; viergeschossiges Eckgebäude (Burgstraße 2) mit Berliner Dach, verputzt und hell verklinkert, aufwendig gestalte Fassade in Jugendstilformen, gerundeter Eckerker mit Turmhaube";"Geschichtlich, Künstlerisch, Städtebaulich";"gesamtes Objekt";"https://opendata.schleswig-holstein.de/data/denkmalpflege/fotos/40.jpg"
41;"Bauliche Anlage";"Stadt Flensburg";"Flensburg, Stadt";"Am Burgfried 3";"Mietwohnungshaus";"Mietwohnungshaus; 1904, Maurermeister Andreas Ohlsen; viergeschossiger traufständiger Putzbau Traufstellung, Berliner Dach, reich gegliederte Fassade mit zwei Kastenerkern und historistischem Dekor";"Geschichtlich, Künstlerisch, Städtebaulich";"gesamtes Objekt";"https://opendata.schleswig-holstein.de/data/denkmalpflege/fotos/41.jpg"
34;"Bauliche Anlage";"Stadt Flensburg";"Flensburg, Stadt";"Am Burgfried 4";"Mietwohnungshaus";"Mietwohnungshaus; 1905, Maurermeister Andreas Ohlsen; viergeschossiger traufständiger Klinkerbau mit Berliner Dach, historistisch gestaltete Fassade mit schmalem Kastenerker, Balkonen und Turmhaube";"Geschichtlich, Künstlerisch, Städtebaulich";"gesamtes Objekt";"https://opendata.schleswig-holstein.de/data/denkmalpflege/fotos/34.jpg"
35;"Bauliche Anlage";"Stadt Flensburg";"Flensburg, Stadt";"Am Burgfried 5";"Mietwohnungshaus";"Mietwohnungshaus; 1906, Maurermeister Andreas Ohlsen; viergeschossiger traufständiger Klinkerbau, Berliner Dach mit Zwerchgiebel, historistisch gestaltete Fassade mit zweigeschossigem Kastenerker, Balkonen";"Geschichtlich, Künstlerisch, Städtebaulich";"gesamtes Objekt";"https://opendata.schleswig-holstein.de/data/denkmalpflege/fotos/35.jpg"
36;"Bauliche Anlage";"Stadt Flensburg";"Flensburg, Stadt";"Am Burgfried 6";"Mietwohnungshaus";"Mietwohnungshaus; 1905, Baugeschäft Schwark und Körner; viergeschossiger Putzbau mit Berliner Dach, aufwendige Fassadengestaltung in historisierenden und Jugendstilformen, gegliedert durch Kastenerker Schweifgiebeln und Balkone";"Geschichtlich, Künstlerisch, Städtebaulich";"gesamtes Objekt";"https://opendata.schleswig-holstein.de/data/denkmalpflege/fotos/36.jpg"
37;"Bauliche Anlage";"Stadt Flensburg";"Flensburg, Stadt";"Am Burgfried 7";"Mietwohnungshaus";"Mietwohnungshaus; 1905, Baugeschäft Schwark u. Körner; viergeschossiger Putzbau, Traufstellung, Berliner Dach, reich gegliederte Fassade mit Erkern, Balkonen und Jugendstildekor";"Geschichtlich, Künstlerisch, Städtebaulich";"gesamtes Objekt";"https://opendata.schleswig-holstein.de/data/denkmalpflege/fotos/37.jpg"
38;"Bauliche Anlage";"Stadt Flensburg";"Flensburg, Stadt";"Am Burgfried 8";"Mietwohnungshaus";"Mietwohnungshaus; 1905, Baugeschäft Schwark und Körner; viergeschossiger Putzbau mit Berliner Dach, aufwendige Fassadengestaltung mit Backsteinziersetzungen und Stuckelementen in Jugendstilformen";"Geschichtlich, Künstlerisch, Städtebaulich";"gesamtes Objekt";"https://opendata.schleswig-holstein.de/data/denkmalpflege/fotos/38.jpg"
42;"Bauliche Anlage";"Stadt Flensburg";"Flensburg, Stadt";"Am Burgfried 10";"Mietwohnungshaus";"Mietwohnungshaus; 1905, Baugeschäft Schwark und Körner; viergeschossiger Putzbau mit Berliner Dach, aufwendige Jugendstilfassade mit Zierfachwerk, Gliederung durch Kastenerker, Balkone und Loggien";"Geschichtlich, Künstlerisch, Städtebaulich";"gesamtes Objekt";"https://opendata.schleswig-holstein.de/data/denkmalpflege/fotos/42.jpg"
43;"Bauliche Anlage";"Stadt Flensburg";"Flensburg, Stadt";"Am Burgfried 11";"Mietwohnungshaus";"Mietwohnungshaus; 1904, Architekt Karl Bernt; viergeschossiger Putzbau mit Berliner Dach, breite symmetrische Fassadengestaltung in aufwendigen Jugendstilformen, Kastenerker mit Zwerchgiebeln";"Geschichtlich, Künstlerisch, Städtebaulich";"gesamtes Objekt";"https://opendata.schleswig-holstein.de/data/denkmalpflege/fotos/43.jpg"
26;"Bauliche Anlage";"Stadt Flensburg";"Flensburg, Stadt";"Am Burgfried 12";"Mietwohnungshaus";"Mietwohnungshaus; 1904, Nicolaus Ohlsen; viergeschossiges Eckgebäude mit Berliner Dach, teilverputzter Klinkerbau, historisierende Gliederung durch Balkone, Putzdekor, markanter Eckerker mit Turmhaube";"Geschichtlich, Künstlerisch, Städtebaulich";"gesamtes Objekt";"https://opendata.schleswig-holstein.de/data/denkmalpflege/fotos/26.jpg"
14346;"Bauliche Anlage";"Stadt Flensburg";"Flensburg, Stadt";"Am Dammhof 2";"ehem. Hinterhaus";"ehem. Hinterhaus; Mi. 19. Jh.; ehemals zu Johanniskirchhof 8 gehörig, geschlämmter eingeschossiger Backsteinbau mit Satteldach, giebelständig und den Hofraum nach Westen hin begrenzend, gliedernde Zahnschnittfriese";"Geschichtlich, Städtebaulich";"gesamtes Objekt";"https://opendata.schleswig-holstein.de/data/denkmalpflege/fotos/14346.jpg"
26743;"Bauliche Anlage";"Stadt Flensburg";"Flensburg, Stadt";"Am Dammhof 2 a";"ehem. Hinterhaus";"ehem. Hinterhaus; Mi. 19. Jh.; ehemals zu Johanniskirchhof 9 gehörig, geschlämmter eingeschossiger Backsteinbau mit Bohlendach, hofseitig zweiflügelige kassettierte Haustür, umlaufende Maueranker";"Geschichtlich, Städtebaulich";"ehem. Hinterhaus, Nebengebäude";"https://opendata.schleswig-holstein.de/data/denkmalpflege/fotos/26743.jpg"
14073;"Bauliche Anlage";"Stadt Flensburg";"Flensburg, Stadt";"Am Dammhof 6";"ehem. Mädchenschule/Wohnhaus";"ehem. Mädchenschule; 1859; ehem. zur Kirche St. Johannis, 1909 Umbau zum Wohnhaus, dreigeschossiger traufständiger Gelbsteinbau mit Satteldach, zurückgesetzte Lage, zeittypische Gliederung, betonter Mitteleingang";"Geschichtlich, Städtebaulich";"gesamtes Objekt";"https://opendata.schleswig-holstein.de/data/denkmalpflege/fotos/14073.jpg"
10287;"Bauliche Anlage";"Stadt Flensburg";"Flensburg, Stadt";"Am Fördeufer 1 - b";"Bonte-Kaserne";"Bonte-Kaserne; 1944; ehem. Marinestützpunktkommando, dreigeschossiger Backsteinbau mit Walmdach, gegliedert durch übergiebelte Risalite, Mittelportal in Werkstein, seitliche Rückflügel";"Geschichtlich, Künstlerisch, Städtebaulich";"gesamtes Objekt";""
10286;"Bauliche Anlage";"Stadt Flensburg";"Flensburg, Stadt";"Am Fördeufer 2 - 6";"Kasinogebäude";"Kasino-Gebäude; 1944; zweigeschossiger Backsteinbau mit Walmdächern, beidseitige Kopfbauten akzentuiert durch Freitreppen und Rundbogenarkaden, Gliederungselemente in Werkstein, mittiger Rückflügel mit Hof";"Geschichtlich, Künstlerisch, Städtebaulich";"gesamtes Objekt";""
2869;"Bauliche Anlage";"Stadt Flensburg";"Flensburg, Stadt";"Am Friedenshügel 45";"Mausoleum Anthon";"Alteintragung (Aktualisierung vorgesehen)";"Geschichtlich, Künstlerisch";"Alteintragung (Aktualisierung vorgesehen)";""
89;"Bauliche Anlage";"Stadt Flensburg";"Flensburg, Stadt";"Am Nordertor 1";"Nordertor";"Alteintragung (Aktualisierung vorgesehen)";"Geschichtlich, Künstlerisch, Städtebaulich, Wissenschaftlich";"Alteintragung (Aktualisierung vorgesehen)";"https://opendata.schleswig-holstein.de/data/denkmalpflege/fotos/89.jpg"
14591;"Bauliche Anlage";"Stadt Flensburg";"Flensburg, Stadt";"Am Pferdewasser 14";"ehem. Knabenschule";"ehem. Knabenschule; 1895-96, 1905, wohl Baurat Otto Fielitz; urspr. als Knabenschule zu St. Nikolai errichtet, dreigeschossiger Gelbsteinbau auf hohem Sockel, flaches, vorkragendes Dach, qualitätvolles Backsteindekor, Geschossgesimse, Bänder und überhöhter Mittelrisalit, angeglichener dreiachsiger Erweiterungsbau von 1905, hofseitig Seitenrisalite";"Geschichtlich, Künstlerisch, Städtebaulich";"ehem. Knabenschule, ";"https://opendata.schleswig-holstein.de/data/denkmalpflege/fotos/14591.jpg"
1365;"Bauliche Anlage";"Stadt Flensburg";"Flensburg, Stadt";"Am Schlosswall 3";"Städtische Handelslehranstalten Schloß-Duburg-Schule";"Alteintragung (Aktualisierung vorgesehen)";"Geschichtlich, Künstlerisch, Städtebaulich";"gesamtes Objekt";"https://opendata.schleswig-holstein.de/data/denkmalpflege/fotos/1365.jpg"
1303;"Bauliche Anlage";"Stadt Flensburg";"Flensburg, Stadt";"Am Schlosswall 4 - 5";"Doppelwohnhaus";"Alteintragung (Aktualisierung vorgesehen)";"Geschichtlich, Künstlerisch, Städtebaulich";"gesamtes Objekt";"https://opendata.schleswig-holstein.de/data/denkmalpflege/fotos/1303.jpg"
19929;"Bauliche Anlage";"Stadt Flensburg";"Flensburg, Stadt";"Am Volkspark 15";"Wasserturm";"Alteintragung (Aktualisierung vorgesehen)";"Geschichtlich, Künstlerisch, Kulturlandschaftlich, Technisch";"Alteintragung (Aktualisierung vorgesehen)";"https://opendata.schleswig-holstein.de/data/denkmalpflege/fotos/19929.jpg"
1031;"Bauliche Anlage";"Stadt Flensburg";"Flensburg, Stadt";"An der Bergmühle 7";"Bergmühle";"Bergmühle; 1792 im Kern, 1875; seit 1792 bestehende Windmühle 1875 zum Galerieholländer umgebaut";"Geschichtlich, Kulturlandschaftlich, Technisch";"gesamtes Äußeres";"https://opendata.schleswig-holstein.de/data/denkmalpflege/fotos/1031.jpg"
20618;"Bauliche Anlage";"Stadt Flensburg";"Flensburg, Stadt";"An der Friedenskirche 20";"Friedenskirche mit Ausstattung";"Alteintragung (Aktualisierung vorgesehen)";"Geschichtlich, Künstlerisch, Städtebaulich";"Alteintragung (Aktualisierung vorgesehen)";"https://opendata.schleswig-holstein.de/data/denkmalpflege/fotos/20618.jpg"
32;"Bauliche Anlage";"Stadt Flensburg";"Flensburg, Stadt";"Angelburger Straße 2";"Wohn- und Geschäftshaus";"Wohn- und Geschäftshaus; 1804, Axel Bundsen; dreigeschossiger Putzbau in Ecklage, Kolossalordnung in den Obergeschossen, flach geneigtes Satteldach und Tympanon, Innenausstattung auf F. A. Tadey zurückgehend";"Geschichtlich, Künstlerisch, Städtebaulich";"gesamtes Objekt";"https://opendata.schleswig-holstein.de/data/denkmalpflege/fotos/32.jpg"
45480;"Bauliche Anlage";"Stadt Flensburg";"Flensburg, Stadt";"Angelburger Straße 11";"Quergebäude";"Hinterhaus/Quergebäude; 18. Jh.; flachgedeckter Anbau in Verbindung mit Quergebäude Nr. 13";"Geschichtlich, Städtebaulich";"gesamtes Äußeres";""
10559;"Bauliche Anlage";"Stadt Flensburg";"Flensburg, Stadt";"Angelburger Straße 13";"Kaufmannshof: Vorderhaus";"Kaufmannshof: Vorderhaus; um 1700 (d); zweigeschossiges, giebelständiges  Wohn- und Geschäftshaus mit neugotischer Putzfassade und geschultertem Dreiecksgiebel mit Firstzinne";"Geschichtlich, Städtebaulich, Wissenschaftlich";"gesamtes Äußeres";"https://opendata.schleswig-holstein.de/data/denkmalpflege/fotos/10559.jpg"
35604;"Bauliche Anlage";"Stadt Flensburg";"Flensburg, Stadt";"Angelburger Straße 13";"Kaufmannshof: erstes Quergebäude";"Kaufmannshof: erstes Quergebäude";"Geschichtlich, Städtebaulich, Wissenschaftlich";"gesamtes Äußeres";""
10558;"Bauliche Anlage";"Stadt Flensburg";"Flensburg, Stadt";"Angelburger Straße 15";"Kaufmannshof: Vorderhaus";"Kaufmannshof: Vorderhaus; 17./18. Jh.; zweigeschossiges giebelständiges  Wohn- und Geschäftshaus mit geschlämmter Fassade, Fachwerkgiebel";"Geschichtlich, Städtebaulich";"gesamtes Objekt";"https://opendata.schleswig-holstein.de/data/denkmalpflege/fotos/10558.jpg"
35611;"Bauliche Anlage";"Stadt Flensburg";"Flensburg, Stadt";"Angelburger Straße 15";"Kaufmannshof: erster Seitenflügel";"Kaufmannshof: Vorderhaus; 17./18. Jh.; zweigeschossiges, giebelständiges  Wohn- und Geschäftshaus mit geschlämmter Fassade, Fachwerkgiebel";"Geschichtlich, Städtebaulich";"gesamtes Äußeres";""
46322;"Bauliche Anlage";"Stadt Flensburg";"Flensburg, Stadt";"Angelburger Straße 15";"Kaufmannshof: zweiter Seitenflügel";"Kaufmannshof: zweiter Seitenflügel; 18. Jh.; östlicher Seitenflügel mit Fachwerkobergeschoss";"Geschichtlich, Städtebaulich";"gesamtes Äußeres";""
1485;"Bauliche Anlage";"Stadt Flensburg";"Flensburg, Stadt";"Angelburger Straße 22";"Kaufmannshof";"Kaufmannshof; frühes 17. Jh.; Vorderhaus mit klassizistischer zweigeschossiger Putzfassade, Halbwalmdach, Fachwerkkonstruktion, Rundbogennische an der Ostfassade mit eingestellter Skulptur; zweigeschossiger hellgeschlämmter Erweiterungsbau mit Satteldach; zweigeschossiger hellgeschlämmter Seitenflügel des 19. Jhs. mit hölzernem Kranerker und Satteldach";"Geschichtlich, Künstlerisch, Städtebaulich";"gesamtes Objekt";"https://opendata.schleswig-holstein.de/data/denkmalpflege/fotos/1485.jpg"
12642;"Bauliche Anlage";"Stadt Flensburg";"Flensburg, Stadt";"Angelburger Straße 23 - 25";"Kaufmannshof";"Kaufmannshof; letztes Drittel 19. Jh., Gebrüder Hummel; Kaufmannshof aus dreigeschossigem Wohn- und Geschäftshaus mit zur Straße abgewalmtem Dach und aufwendiger, zweigeteilter Putzfassade; westlich zweigeschossiger Seitenflügel (19. Jh.); Querspeicher von 1881; öst. Seitenflügel (spätes 18. Jh.) zweigeschossig mit geschlämmtem Backsteinmauerwerk, zum Teil mit Fachwerk; zweigeschossiger Querbau mit Tor an Giebelseite und Zahlenanker 1780";"Geschichtlich, Städtebaulich";"gesamtes Objekt";"https://opendata.schleswig-holstein.de/data/denkmalpflege/fotos/12642.jpg"
2078;"Bauliche Anlage";"Stadt Flensburg";"Flensburg, Stadt";"Angelburger Straße 24";"Wohn- und Geschäftshaus";"Wohn- und Geschäftshaus; 1601 (d);  ehem. adeliger Stadthof mit klassizistisch gestalteter zweigeschossiger Halbwalmfassade und Trauffassade in Fachwerkkonstruktionen des 17. Jh. mit Satteldach";"Geschichtlich, Künstlerisch, Städtebaulich";"gesamtes Objekt";"https://opendata.schleswig-holstein.de/data/denkmalpflege/fotos/2078.jpg"
1306;"Bauliche Anlage";"Stadt Flensburg";"Flensburg, Stadt";"Angelburger Straße 44";"Gasthaus Schwarzer Walfisch mit Kaufmannshof";"Gasthof „Schwarzer Walfisch“ mit Kaufmannshof; im Kern 16. Jh., 1751, 18./19. Jh.; Anlage aus giebelständigem Vorderhaus in Fachwerk mit 1751 in Backstein erneuertem Giebel und drei rückwärtigen Flügeln des 17.-19. Jahrhunderts";"Geschichtlich, Künstlerisch, Städtebaulich";"gesamtes Objekt";"https://opendata.schleswig-holstein.de/data/denkmalpflege/fotos/1306.jpg"
49824;"Bauliche Anlage";"Stadt Flensburg";"Flensburg, Stadt";"Angelburger Straße 54";"Wohn- und Geschäftshaus";"Wohn- und Geschäftshäuser; 1882-84, Maurermeister Hummels; dreigeschossiger Putzbau in Ecklage mit aufwändiger spätklassizistischer Fassadengliederung";"Geschichtlich, Städtebaulich";"gesamtes Objekt";"https://opendata.schleswig-holstein.de/data/denkmalpflege/fotos/49824.jpg"
9411;"Bauliche Anlage";"Stadt Flensburg";"Flensburg, Stadt";"Angelburger Straße 60";"Wohn- und Geschäftshaus";"Wohn- und Geschäftshaus; 1901, Maurermeister H. Höft; schmaler, viergeschossiger Backsteinbau mit Lichthof und Berliner Dach, straßenseitig dreigeschossiger Kastenerker, reiche historistische Putzgliederung, bauzeitliche Ausstattung im Inneren weitgehend erhalten";"Geschichtlich, Künstlerisch, Städtebaulich";"gesamtes Objekt";"https://opendata.schleswig-holstein.de/data/denkmalpflege/fotos/9411.jpg"
14351;"Bauliche Anlage";"Stadt Flensburg";"Flensburg, Stadt";"Angelburger Straße 66";"Wohn- und Geschäftshaus";"Wohn- und Geschäftshaus; 1880, Maurermeister Carl T. Nielsen; breit angelegter dreigeschossiger Backsteinbau, giebel- und traufständig, rustizierte Putzfassade im spätklassizistischen Duktus, rechter Fassadenteil mit Pilastergliederung im EG; rückwärtig Seiten- und Rückflügel";"Geschichtlich, Künstlerisch, Städtebaulich";"gesamtes Objekt";"https://opendata.schleswig-holstein.de/data/denkmalpflege/fotos/14351.jpg"
2162;"Bauliche Anlage";"Stadt Flensburg";"Flensburg, Stadt";"Angelburger Straße 73";"Wohn- und Geschäftshaus";"Alteintragung (Aktualisierung vorgesehen)";"Geschichtlich, Städtebaulich";"gesamtes Objekt";"https://opendata.schleswig-holstein.de/data/denkmalpflege/fotos/2162.jpg"
13984;"Bauliche Anlage";"Stadt Flensburg";"Flensburg, Stadt";"Angelburger Straße";"Eisenbahnbrücke";"Eisenbahnbrücke; 1929; auf Anlage der Hafenbahn um 1852-54 zurückgehende frühere Doppelbrücke, genietete Eisenkonstruktion mit gemauerten Widerlagern, verlängerte Stützmauer in gelbem und rötlichem Backstein, expressionistische Details";"Geschichtlich, Künstlerisch, Städtebaulich, Technisch";"Eisenbahnbrücke, Backsteinmauer";"https://opendata.schleswig-holstein.de/data/denkmalpflege/fotos/13984.jpg"
14453;"Bauliche Anlage";"Stadt Flensburg";"Flensburg, Stadt";"Apenrader Straße 1";"Wohnhaus";"Wohnhaus; vor 1880, 1883, Bauherr M.K. Brix; zweigeschossiger Putzbau über hohem Kellergeschoss mit schiefergedecktem Satteldach und spätklassizistischer Fassadengliederung, mittiger Altan aus Eisenguss";"Geschichtlich, Künstlerisch, Städtebaulich";"gesamtes Objekt";""
14454;"Bauliche Anlage";"Stadt Flensburg";"Flensburg, Stadt";"Apenrader Straße 2";"Wohn- und Geschäftshaus";"Wohn- und Geschäftshaus; 1893, Maurermeister Gustav Kuhrts; repräsentativer viergeschossiger Putzbau in Ecklage mit Schieferdach, reiche neubarocke Fassadegestaltung durch Fensterüberdachungen und Kolossalpilaster, das Erdgeschoss rustiziert, an stumpfer Ecke zweigeschossiger Kastenerker";"Geschichtlich, Künstlerisch, Städtebaulich";"Wohn- und Geschäftshaus, ";"https://opendata.schleswig-holstein.de/data/denkmalpflege/fotos/14454.jpg"
11237;"Bauliche Anlage";"Stadt Flensburg";"Flensburg, Stadt";"Apenrader Straße 13";"Villa";"Alteintragung (Aktualisierung vorgesehen)";"Geschichtlich, Künstlerisch, Städtebaulich";"gesamtes Objekt";""
6468;"Bauliche Anlage";"Stadt Flensburg";"Flensburg, Stadt";"Apenrader Straße 17";"Mietwohnungshaus";"Mietwohnungshaus; 1910, Maurermeister Chr. Fürstenberg; viergeschossiger Bau mit pfannengedecktem Mansarddach, Putzfassade mit historisierenden Reformstilelementen, Standerker, Loggien, Zwerchgiebel";"Geschichtlich, Künstlerisch, Städtebaulich";"gesamtes Objekt";""
22670;"Bauliche Anlage";"Stadt Flensburg";"Flensburg, Stadt";"Apenrader Straße 25";"Ansgar Kirke mit Ausstattung";"Alteintragung (Aktualisierung vorgesehen)";"Geschichtlich, Künstlerisch, Städtebaulich";"Alteintragung (Aktualisierung vorgesehen)";""
22671;"Bauliche Anlage";"Stadt Flensburg";"Flensburg, Stadt";"Apenrader Straße 25";"Gemeindehaus";"Alteintragung (Aktualisierung vorgesehen)";"Geschichtlich, Künstlerisch, Städtebaulich";"Alteintragung (Aktualisierung vorgesehen)";"https://opendata.schleswig-holstein.de/data/denkmalpflege/fotos/22671.jpg"
22672;"Bauliche Anlage";"Stadt Flensburg";"Flensburg, Stadt";"Apenrader Straße 25";"Pastorat";"Alteintragung (Aktualisierung vorgesehen)";"Geschichtlich, Künstlerisch, Städtebaulich";"Alteintragung (Aktualisierung vorgesehen)";""
9618;"Bauliche Anlage";"Stadt Flensburg";"Flensburg, Stadt";"Apenrader Straße 31";"ehem. Fabrikantenvilla";"Alteintragung (Aktualisierung vorgesehen)";"Geschichtlich, Künstlerisch, Städtebaulich";"gesamtes Objekt";""
7622;"Bauliche Anlage";"Stadt Flensburg";"Flensburg, Stadt";"Apenrader Straße 164";"ehem. Petri-Schule";"Alteintragung (Aktualisierung vorgesehen)";"Geschichtlich, Künstlerisch, Städtebaulich";"gesamtes Objekt";"https://opendata.schleswig-holstein.de/data/denkmalpflege/fotos/7622.jpg"
19872;"Bauliche Anlage";"Stadt Flensburg";"Flensburg, Stadt";"Arndtstraße 5";"Kampfbahn mit Tribünengebäude und Sitzstufen";"Alteintragung (Aktualisierung vorgesehen)";"Geschichtlich, Städtebaulich";"Alteintragung (Aktualisierung vorgesehen)";""
19873;"Bauliche Anlage";"Stadt Flensburg";"Flensburg, Stadt";"Arndtstraße 5";"Versorgungsgebäude";"Alteintragung (Aktualisierung vorgesehen)";"Geschichtlich, Städtebaulich";"Alteintragung (Aktualisierung vorgesehen)";""
21234;"Bauliche Anlage";"Stadt Flensburg";"Flensburg, Stadt";"Arndtstraße 5";"Sanitärgebäude Nord";"Alteintragung (Aktualisierung vorgesehen)";"Geschichtlich, Städtebaulich";"Alteintragung (Aktualisierung vorgesehen)";""
21235;"Bauliche Anlage";"Stadt Flensburg";"Flensburg, Stadt";"Arndtstraße 5";"Kassenhäuschen Ost";"Alteintragung (Aktualisierung vorgesehen)";"Geschichtlich, Städtebaulich";"Alteintragung (Aktualisierung vorgesehen)";""
21241;"Bauliche Anlage";"Stadt Flensburg";"Flensburg, Stadt";"Arndtstraße 5";"Sanitärgebäude Süd";"Alteintragung (Aktualisierung vorgesehen)";"Geschichtlich, Städtebaulich";"Alteintragung (Aktualisierung vorgesehen)";""
21242;"Bauliche Anlage";"Stadt Flensburg";"Flensburg, Stadt";"Arndtstraße 5";"Kassenhäuschen West";"Alteintragung (Aktualisierung vorgesehen)";"Geschichtlich, Städtebaulich";"Alteintragung (Aktualisierung vorgesehen)";""
14353;"Bauliche Anlage";"Stadt Flensburg";"Flensburg, Stadt";"Augustastraße 3";"Geschäftshaus Pott";"Bürogebäude der ehem. Rumfabrik H. H. Pott Nachf.; 1957, Architekt: Karl Heinz Sönnichsen; dreigeschossiger, mit gelben Klinkern verkleideter Winkelbau, klar gegliederte Rasterfassade, Eingangsbetonung durch Kragplatte und repräsentative gestaltetes Vestibül, zahlreiche zeittypische Ausstattungsdetails";"Geschichtlich, Städtebaulich";"gesamtes Objekt";"https://opendata.schleswig-holstein.de/data/denkmalpflege/fotos/14353.jpg"
9298;"Bauliche Anlage";"Stadt Flensburg";"Flensburg, Stadt";"Augustastraße 9";"Wohn- und Geschäftshaus";"Wohn- und Geschäftshaus; 1892, Maurermeister Chr. Henningsen; drei-, hofseitig viergeschossiger Gelbsteinbau, gegliedert durch Rotsteinbänderung und großformatige Segmentbogenfenster im Erdgeschoss, Berliner Dach mit farbiger Schieferdeckung";"Geschichtlich, Städtebaulich";"gesamtes Objekt";"https://opendata.schleswig-holstein.de/data/denkmalpflege/fotos/9298.jpg"
19386;"Bauliche Anlage";"Stadt Flensburg";"Flensburg, Stadt";"Bahnhofstraße 30";"Mietwohnungshaus";"Alteintragung (Aktualisierung vorgesehen)";"";"Alteintragung (Aktualisierung vorgesehen)";""
20547;"Bauliche Anlage";"Stadt Flensburg";"Flensburg, Stadt";"Bahnhofstraße 30 - 36";"Mietwohnungshausgruppe";"Alteintragung (Aktualisierung vorgesehen)";"";"Alteintragung (Aktualisierung vorgesehen)";"https://opendata.schleswig-holstein.de/data/denkmalpflege/fotos/20547.jpg"
19387;"Bauliche Anlage";"Stadt Flensburg";"Flensburg, Stadt";"Bahnhofstraße 32";"Mietwohnungshaus";"Alteintragung (Aktualisierung vorgesehen)";"";"Alteintragung (Aktualisierung vorgesehen)";""
19388;"Bauliche Anlage";"Stadt Flensburg";"Flensburg, Stadt";"Bahnhofstraße 34";"Mietwohnungshaus";"Alteintragung (Aktualisierung vorgesehen)";"";"Alteintragung (Aktualisierung vorgesehen)";""
19389;"Bauliche Anlage";"Stadt Flensburg";"Flensburg, Stadt";"Bahnhofstraße 36";"Mietwohnungshaus";"Alteintragung (Aktualisierung vorgesehen)";"";"Alteintragung (Aktualisierung vorgesehen)";""
9171;"Bauliche Anlage";"Stadt Flensburg";"Flensburg, Stadt";"Bahnhofstraße 38";"ehem. Arbeitsamt";"Alteintragung (Aktualisierung vorgesehen)";"Geschichtlich, Künstlerisch, Städtebaulich";"gesamtes Objekt";"https://opendata.schleswig-holstein.de/data/denkmalpflege/fotos/9171.jpg"
45461;"Bauliche Anlage";"Stadt Flensburg";"Flensburg, Stadt";"Bahnhofstraße";"Eisenbahnbrücke";"Eisenbahnbrücke; 1929; auf Anlage der Hafenbahn um 1852-54 zurückgehend, genietete Eisenkonstruktion mit Widerlagern in Stahlbeton, scharrierte Oberflächen";"Geschichtlich, Städtebaulich, Technisch";"gesamtes Objekt";"https://opendata.schleswig-holstein.de/data/denkmalpflege/fotos/45461.jpg"
14149;"Bauliche Anlage";"Stadt Flensburg";"Flensburg, Stadt";"Ballastbrücke 8";"Wohnhaus";"Wohnhaus; um 1880, im Kern älter; zweigeschossiger Putzbau mit Walmdach, übergiebelter Mittelrisalit mit offener Veranda und Altan, reduzierte spätklassizistische Gliederung";"Geschichtlich, Städtebaulich";"gesamtes Objekt";"https://opendata.schleswig-holstein.de/data/denkmalpflege/fotos/14149.jpg"
14055;"Bauliche Anlage";"Stadt Flensburg";"Flensburg, Stadt";"Ballastbrücke 11";"ehem. Fischerhaus";"ehem. Fischerhaus; 1. Hälfte 19. Jh.; schlichter eingeschossiger Putzbau mit hohem Satteldach in Traufstellung, Zwerchhaus mit Dreieckgiebel in Eingangsachse 1932";"Geschichtlich, Städtebaulich";"gesamtes Objekt";"https://opendata.schleswig-holstein.de/data/denkmalpflege/fotos/14055.jpg"
14358;"Bauliche Anlage";"Stadt Flensburg";"Flensburg, Stadt";"Ballastbrücke 12";"Wohnhaus";"Wohnhaus; 1903-04, G. Willrath; viergeschossiger Putzbau mit Backsteinziergliederungen Halbwalmgiebel, Kastenerker, Loggienreihen mit Säulengliederung";"Geschichtlich, Städtebaulich";"gesamtes Objekt";"https://opendata.schleswig-holstein.de/data/denkmalpflege/fotos/14358.jpg"
14361;"Bauliche Anlage";"Stadt Flensburg";"Flensburg, Stadt";"Ballastbrücke 13";"Mietwohnungshaus";"Mietwohnungshaus; 1901, Zimmermeister Boy Willandsen; viergeschossiger Backsteinbau mit schiefergedecktem Dach, aufwändige und reich ornamentierte Gliederung mit Freitreppe, Loggien, Seitenrisaliten mit Turmhelmen";"Geschichtlich, Künstlerisch, Städtebaulich";"gesamtes Objekt";"https://opendata.schleswig-holstein.de/data/denkmalpflege/fotos/14361.jpg"
14360;"Bauliche Anlage";"Stadt Flensburg";"Flensburg, Stadt";"Ballastbrücke 14";"Mietwohnungshaus";"Mietwohnungshaus; 1898-99, Maurermeister Behrendsen; dreigeschossiger Putzbau mit aufwändiger neuklassizistischer Gliederung durch Rustizierung, Gesimse und Balkonachsen";"Geschichtlich, Städtebaulich";"gesamtes Objekt";"https://opendata.schleswig-holstein.de/data/denkmalpflege/fotos/14360.jpg"
45167;"Bauliche Anlage";"Stadt Flensburg";"Flensburg, Stadt";"Ballastbrücke 15";"Mietwohnhaus";"Mietwohnungshaus; um 1900; dreigeschossiger Putzbau mit Satteldach, zurückhaltende Gliederung durch übergiebelte Seitenrisalite, steinerne Balkone im Mittelteil und Konsol-Traufgesims";"Geschichtlich, Städtebaulich";"gesamtes Objekt";"https://opendata.schleswig-holstein.de/data/denkmalpflege/fotos/45167.jpg"
38071;"Bauliche Anlage";"Stadt Flensburg";"Flensburg, Stadt";"Ballastbrücke 16";"ehem. Kapitänshaus";"ehem. Kapitänshaus; 19. Jh.; zweigeschossiger vermutlich später aufgestockter Backsteinbau mit traufständigem Satteldach, kräftige Putzgliederung wohl um 1900, seitliche Durchfahrt verschlossen";"Geschichtlich, Städtebaulich";"gesamtes Objekt";"https://opendata.schleswig-holstein.de/data/denkmalpflege/fotos/38071.jpg"
14359;"Bauliche Anlage";"Stadt Flensburg";"Flensburg, Stadt";"Ballastbrücke 19";"Wohnhaus";"Wohnhaus; um 1880; zweigeschossiger Putzbau mit flachgeneigtem Satteldach, qualitätvolle spätklassizistische Formgebung, Vorgarteneinfriedung geschmiedeter Eisenzaun";"Geschichtlich, Künstlerisch, Städtebaulich";"gesamtes Äußeres und Treppenhaus, Einfriedung";"https://opendata.schleswig-holstein.de/data/denkmalpflege/fotos/14359.jpg"
14362;"Bauliche Anlage";"Stadt Flensburg";"Flensburg, Stadt";"Ballastbrücke 20";"ehem. Rönnekamp-Stift";"ehemaliges Rönnenkamp-Stift; 1856, Stiftung des dänischen Kaufmanns Rönnenkam; ursprüngl. Seemannsheim, zurückliegender eingeschossiger Backsteinbau mit Halbwalmdach, Fassade geschlämmt, Mittelrisalit";"Geschichtlich, Städtebaulich, Wissenschaftlich";"gesamtes Objekt";"https://opendata.schleswig-holstein.de/data/denkmalpflege/fotos/14362.jpg"
14363;"Bauliche Anlage";"Stadt Flensburg";"Flensburg, Stadt";"Ballastbrücke 22";"Fabrikantenvilla";"ehem. Fabrikantenvilla; 1901-02, C. Sander; zweigeschossiger aufgelockerter Putzbau mit abgewalmtem Satteldach, Kniestock mit aufgelegtem Zierfachwerk, im Innern reiche Ausstattung erhalten, ehemals hinter der Villa gelegenes Mörtelwerk";"Geschichtlich, Künstlerisch";"gesamtes Objekt";"https://opendata.schleswig-holstein.de/data/denkmalpflege/fotos/14363.jpg"
14364;"Bauliche Anlage";"Stadt Flensburg";"Flensburg, Stadt";"Ballastbrücke 23";"Wohnhaus";"Wohnhaus; 1892, Maurermeister L. Lüttjohann; zweigeschossiger Putzbau mit Satteldach, reiche Gliederung durch Seitenrisalit, Altan, Rustika und kräftige Gesimsbänder";"Geschichtlich, Städtebaulich";"gesamtes Äußeres";"https://opendata.schleswig-holstein.de/data/denkmalpflege/fotos/14364.jpg"
21;"Bauliche Anlage";"Stadt Flensburg";"Flensburg, Stadt";"Ballastbrücke 24";"Wohnhaus";"Wohnhaus; 1744, 1892; zweigeschossiger geschlämmter Backsteinbau mit geschweiftem Satteldach, östlicher Flügelanbau 1892";"Geschichtlich, Städtebaulich";"gesamtes Objekt";"https://opendata.schleswig-holstein.de/data/denkmalpflege/fotos/21.jpg"
9332;"Bauliche Anlage";"Stadt Flensburg";"Flensburg, Stadt";"Batteriestraße 52";"Pförtner-Pavillon";"Alteintragung (Aktualisierung vorgesehen)";"Künstlerisch, Städtebaulich";"Alteintragung (Aktualisierung vorgesehen)";""
231;"Bauliche Anlage";"Stadt Flensburg";"Flensburg, Stadt";"Bauer Landstraße 10";"Kirche St. Petri mit Ausstattung";"Alteintragung (Aktualisierung vorgesehen)";"Geschichtlich, Künstlerisch, Städtebaulich";"gesamtes Objekt";"https://opendata.schleswig-holstein.de/data/denkmalpflege/fotos/231.jpg"
14492;"Bauliche Anlage";"Stadt Flensburg";"Flensburg, Stadt";"Bauer Landstraße 73";"ehem. Grenzlandkaserne";"Alteintragung (Aktualisierung vorgesehen)";"";"Alteintragung (Aktualisierung vorgesehen)";""
59;"Bauliche Anlage";"Stadt Flensburg";"Flensburg, Stadt";"Bismarckstraße 41";"Goethe-Schule";"Alteintragung (Aktualisierung vorgesehen)";"Geschichtlich, Künstlerisch, Städtebaulich";"gesamtes Objekt";"https://opendata.schleswig-holstein.de/data/denkmalpflege/fotos/59.jpg"
20184;"Bauliche Anlage";"Stadt Flensburg";"Flensburg, Stadt";"Bismarckstraße 52 a";"Kneipp-Haus (ehem. Sparkassenfiliale)";"Alteintragung (Aktualisierung vorgesehen)";"";"Alteintragung (Aktualisierung vorgesehen)";""
20216;"Bauliche Anlage";"Stadt Flensburg";"Flensburg, Stadt";"Brixstraße 26";"Mietwohnungshaus";"Mietwohnungshaus; 1911, E. M. Lorenzen; dreigeschossiger Putzbau in repräsentativer Ecklage, hohes Mansarddach, Fassade mit Lisenen, laubenförmigem Doppeleingang, Mittelerker und Zwerchhaus gegliedert";"Geschichtlich, Künstlerisch, Städtebaulich";"gesamtes Objekt";"https://opendata.schleswig-holstein.de/data/denkmalpflege/fotos/20216.jpg"
20220;"Bauliche Anlage";"Stadt Flensburg";"Flensburg, Stadt";"Brixstraße 34";"ehem. Zoar-Kapelle der Baptisten";"ehem. Zoar-Kapelle der Baptisten; 1905, H. G. Rohweder u. Chr. Fürstenberg; giebelständiger ehem. Saalbau mit Satteldach, durch niedrigere Vorbauten an den Giebelseiten und dekorative Backsteingliederung basilikale Erscheinung in historistischer Gestalt, 1949 unter Erhalt der Fassade durchgreifender Umbau zum dreigeschossigen Wohnhaus";"Geschichtlich, Künstlerisch, Städtebaulich";"gesamtes Äußeres";"https://opendata.schleswig-holstein.de/data/denkmalpflege/fotos/20220.jpg"
14601;"Bauliche Anlage";"Stadt Flensburg";"Flensburg, Stadt";"Burgplatz 1";"Wohn- und Geschäftshaus";"Wohn- und Geschäftshaus; vermutlich Maurermeister A. Jensen vor 1895; dreigeschossiger Putzbau in Ecklage, reiche Gliederung";"Geschichtlich, Städtebaulich";"gesamtes Objekt";"https://opendata.schleswig-holstein.de/data/denkmalpflege/fotos/14601.jpg"
183;"Bauliche Anlage";"Stadt Flensburg";"Flensburg, Stadt";"Christiansenpark";"Christiansenpark: Grotte mit Mumiensarkophag";"Alteintragung (Aktualisierung vorgesehen)";"Geschichtlich, Künstlerisch, Wissenschaftlich";"Alteintragung (Aktualisierung vorgesehen)";"https://opendata.schleswig-holstein.de/data/denkmalpflege/fotos/183.jpg"
5278;"Bauliche Anlage";"Stadt Flensburg";"Flensburg, Stadt";"Christiansenpark";"Christiansenpark: Pavillon";"Alteintragung (Aktualisierung vorgesehen)";"Geschichtlich, Künstlerisch";"Alteintragung (Aktualisierung vorgesehen)";"https://opendata.schleswig-holstein.de/data/denkmalpflege/fotos/5278.jpg"
12673;"Bauliche Anlage";"Stadt Flensburg";"Flensburg, Stadt";"Christiansenpark";"Christiansenpark: Erinnerungsstein Gartenbauausstellung 1874";"Alteintragung (Aktualisierung vorgesehen)";"Geschichtlich";"Alteintragung (Aktualisierung vorgesehen)";"https://opendata.schleswig-holstein.de/data/denkmalpflege/fotos/12673.jpg"
20236;"Bauliche Anlage";"Stadt Flensburg";"Flensburg, Stadt";"Clädenstraße 11";"Villa";"Villa; 1914-18, Architekt Karl Bernt; eingeschossiger giebelständiger Putzbau mit Satteldach in zurückhaltenden Formen der Reformarchitektur, Seitenfassade mit breitem Mittelrisalit und eigenem Walmdach, Giebelseiten mit Loggia und polygonalem Standerker, rückwärtig Zwerchgiebel, Erdgeschossfenster mit Farbverglasungen; Einfriedung Backsteinmauer mit Staketenzaun";"Geschichtlich, Künstlerisch, Städtebaulich";"Villa, EInfriedung";"https://opendata.schleswig-holstein.de/data/denkmalpflege/fotos/20236.jpg"
1544;"Bauliche Anlage";"Stadt Flensburg";"Flensburg, Stadt";"Dr.-Todsen-Straße 2 - 4";"Mietwohnungshaus";"Alteintragung (Aktualisierung vorgesehen)";"Geschichtlich, Städtebaulich";"gesamtes Objekt";"https://opendata.schleswig-holstein.de/data/denkmalpflege/fotos/1544.jpg"
14154;"Bauliche Anlage";"Stadt Flensburg";"Flensburg, Stadt";"Dr.-Todsen-Straße 3 - 5";"Wohn- und Geschäftshäuser";"Wohn- und Geschäftshäuser; 1930, Max Schlichting; zwei viergeschossige Backsteinbauten mit durchgehender Ladenzone, Kastenerkern und Satteldach mit flachgedeckten Gauben";"Geschichtlich, Städtebaulich";"gesamtes Äußeres";"https://opendata.schleswig-holstein.de/data/denkmalpflege/fotos/14154.jpg"
90;"Bauliche Anlage";"Stadt Flensburg";"Flensburg, Stadt";"Duburger Straße 10 - 12";"ehem. Freischule von St. Marien";"Alteintragung (Aktualisierung vorgesehen)";"Geschichtlich, Künstlerisch, Städtebaulich";"gesamtes Objekt";"https://opendata.schleswig-holstein.de/data/denkmalpflege/fotos/90.jpg"
62;"Bauliche Anlage";"Stadt Flensburg";"Flensburg, Stadt";"Duburger Straße 14";"ehem. St.-Marien-Knabenschule II";"Alteintragung (Aktualisierung vorgesehen)";"Geschichtlich, Künstlerisch";"gesamtes Objekt";"https://opendata.schleswig-holstein.de/data/denkmalpflege/fotos/62.jpg"
26510;"Bauliche Anlage";"Stadt Flensburg";"Flensburg, Stadt";"Duburger Straße 17";"Mietwohnungshaus";"Mietwohnungshaus; 1910/11, Maurermeister Wilhelm Nielsen; viergeschossiger Backsteinbau in Formen barockisierender Heimatschutzarchitektur, gerundete Seitenrisalite, dreiachsiges Mittelzwerchhaus";"Geschichtlich, Künstlerisch, Städtebaulich";"gesamtes Objekt";"https://opendata.schleswig-holstein.de/data/denkmalpflege/fotos/26510.jpg"
14496;"Bauliche Anlage";"Stadt Flensburg";"Flensburg, Stadt";"Duburger Straße 28";"Wohnhaus";"Wohnhaus; 1878, F. Glahn; eingeschossiger Putzbau mit spätklassizistischer Gliederung und flachem vorgekragtem Satteldach, übergiebelter Mittelrisalit mit Eingang, polygonaler Standerker";"Geschichtlich, Städtebaulich";"gesamtes Objekt";"https://opendata.schleswig-holstein.de/data/denkmalpflege/fotos/14496.jpg"
1309;"Bauliche Anlage";"Stadt Flensburg";"Flensburg, Stadt";"Duburger Straße 58 - 64";"Finanzamt Flensburg";"Finanzamt Flensburg; 1923-24, 1981, Regierungsbaurat Wilhelm Penners, Söhnke Blaue, Christian Polacsek; Altbau im Heimatschutzstil, dreigeschossiger Backsteinbau in neubarocken Formen, Walmdächer, mehrflügelige Anlage mit Vorhof; rückwärtiger Erweiterungsbau auf kreuzförmigem Grundriss, zweigeschossige Backsteinflügel mit Pultdächern, kräftige Lisenen und sichtbare Holzkonstruktionen; umgebende Grün- und Freiflächen, Einfriedung und gepflasterte Vorfahrt";"Geschichtlich, Künstlerisch, Städtebaulich";"Finanzamt Flensburg, Grün- und Freiflächen";"https://opendata.schleswig-holstein.de/data/denkmalpflege/fotos/1309.jpg"
9877;"Bauliche Anlage";"Stadt Flensburg";"Flensburg, Stadt";"Duburger Straße 81";"Feierabendheim Pniel";"Alteintragung (Aktualisierung vorgesehen)";"Geschichtlich, Künstlerisch, Städtebaulich";"gesamtes Objekt";"https://opendata.schleswig-holstein.de/data/denkmalpflege/fotos/9877.jpg"
54915;"Bauliche Anlage";"Stadt Flensburg";"Flensburg, Stadt";"Eckernförder Landstraße 200";"Haupthaus Martinstift Flensburg";"Haupthaus Martinstift Flensburg; 1905, Zimmermeister Andreas Fabian; eingeschossiger Putzbau auf hohem Sockel in Feld- und Backstein, ausgebautes Kurzwalmdach, übergiebelte Mittelrisalite mit Lisengliederung";"Geschichtlich, Künstlerisch, Städtebaulich";"Haupthaus Martinstift Flensburg, ";"https://opendata.schleswig-holstein.de/data/denkmalpflege/fotos/54915.jpg"
7623;"Bauliche Anlage";"Stadt Flensburg";"Flensburg, Stadt";"Engelsby (Dorf) 5";"Wohn- und Wirtschaftsgebäude";"Wohn- und Wirtschaftsgebäude; 1. Hälfte 19. Jh., mit älterem Kern; eingeschossiger Backsteinbau mit Schlämme, Querdielenhaus mit reetgedecktem Halbwalmdach und Hängeholzfirst";"Geschichtlich, Kulturlandschaftlich, Städtebaulich";"Wohn- und Wirtschaftsgebäude, ";"https://opendata.schleswig-holstein.de/data/denkmalpflege/fotos/7623.jpg"
20428;"Bauliche Anlage";"Stadt Flensburg";"Flensburg, Stadt";"Engelsby (Dorf) 7";"Haupthaus";"Haupthaus; Anfang 19. Jh., 1908; eingeschossiges Wohnhaus, Gelbsteinbau auf Granitsockel, Halbwalmdach, Eingänge und Fenster mit scheitrechten Stürzen, Innenumbau um 1908";"Geschichtlich, Kulturlandschaftlich, Städtebaulich";"Haupthaus, Hof- und Gartenfläche";"https://opendata.schleswig-holstein.de/data/denkmalpflege/fotos/20428.jpg"
9068;"Bauliche Anlage";"Stadt Flensburg";"Flensburg, Stadt";"Falkenberg 7";"Wohnhaus Hummel";"Wohnhaus Hummel; 1925, Architekt Chr. W. S. Hummel; eingeschossiger Backsteinbau, giebelständig mit Mansarddach, Giebelfront mit gerahmtem Mitteleingang, Garage von 1937-38; Gartenhaus und Einfriedung aus der Bauzeit";"Geschichtlich, Künstlerisch, Städtebaulich";"Wohnhaus Hummel, Gartenhaus, Einfriedung";"https://opendata.schleswig-holstein.de/data/denkmalpflege/fotos/9068.jpg"
9067;"Bauliche Anlage";"Stadt Flensburg";"Flensburg, Stadt";"Falkenberg 12";"Villa";"Villa; 1925, Heinrich und August Tietje; eingeschossiger Backsteinbau auf L-förmigem Grundriss mit steilen Satteldächern, straßenseitige Fenstergruppen und Ortgänge mit weißer Rahmung abgesetzt; Einfriedung";"Geschichtlich, Künstlerisch, Städtebaulich";"Villa, EInfriedung";"https://opendata.schleswig-holstein.de/data/denkmalpflege/fotos/9067.jpg"
9126;"Bauliche Anlage";"Stadt Flensburg";"Flensburg, Stadt";"Falkenberg 15";"Wohnhaus Petersen";"Wohnhaus Petersen; 1924-25, Jürgensen und Tietje; zweigeschossiger, kubischer Backsteinbau mit Walmdach, kräftiges helles Traufprofil, straßenseitig eingeschossiger Polygonalerker; Einfriedung niedrige Backsteinmauer";"Geschichtlich, Künstlerisch, Städtebaulich";"Wohnhaus Petersen, EInfriedung";"https://opendata.schleswig-holstein.de/data/denkmalpflege/fotos/9126.jpg"
9066;"Bauliche Anlage";"Stadt Flensburg";"Flensburg, Stadt";"Falkenberg 19";"Villa Kohrs";"Villa Kohrs; 1924, Architekt Richard Janssen; zweigeschossiger Backsteinbau mit Walmdach, vertikale Rustizierungen, Mitteleingang mit kräftiger Muschelkalkrahmung abgesetzt; Einfriedung Natursteinmauer";"Geschichtlich, Künstlerisch, Städtebaulich";"Villa Kohrs, Einfriedung";"https://opendata.schleswig-holstein.de/data/denkmalpflege/fotos/9066.jpg"
14501;"Bauliche Anlage";"Stadt Flensburg";"Flensburg, Stadt";"Feldstraße 3";"Wohn- und Stallgebäude";"Wohn- und Stallgebäude; 1880, H.V. Flügel für Senator C. C. Christiansen; zweigeschossiger Gelbsteinbau mit Satteldach, Traufgesims und Mitteleingang mit gotisierender Rahmung, an der Traufseite zur Straße links fünfachsiger Wohnteil, rechter Teil der Front fensterlos und durch hochrechteckige flache Blenden gegliedert, hier urspr. der Pferdestall, im Giebel Luke des Futterbodens und Aufzugswinde";"Geschichtlich, Städtebaulich";"gesamtes Objekt";"https://opendata.schleswig-holstein.de/data/denkmalpflege/fotos/14501.jpg"
10281;"Bauliche Anlage";"Stadt Flensburg";"Flensburg, Stadt";"Fördepromenade 3";"Landanschlusszentrale Nord";"Landanschlusszentrale Nord; 1937; ehem. Feuerleithaus der Torpedoschule, Backsteinbau in kubischen Formen und im Duktus des Neuen Bauens, horizontale Fensterbänderung, Flachdach";"Geschichtlich, Künstlerisch, Städtebaulich";"gesamtes Objekt";""
10285;"Bauliche Anlage";"Stadt Flensburg";"Flensburg, Stadt";"Fördepromenade 10 - 12a";"Torpedo-Mechanikerhaus";"Torpedo-Mechanikerhaus; 1934-35; langgestreckter zweigeschossiger Backsteinbau mit Walmdächern, vorspringende Eckrisalite";"Geschichtlich, Künstlerisch, Städtebaulich";"gesamtes Objekt";""
10284;"Bauliche Anlage";"Stadt Flensburg";"Flensburg, Stadt";"Fördepromenade 14 - 18";"Unterrichtsgebäude II";"Unterrichtsgebäude II; 1917-19, Regierungsbaurat Wilhelm Penners; langgestreckter zweigeschossiger Backsteinbau mit Kopfbauten, Mittelrisalit, Dreiecksgiebel und Walmdächer";"Geschichtlich, Künstlerisch, Städtebaulich";"gesamtes Objekt";"https://opendata.schleswig-holstein.de/data/denkmalpflege/fotos/10284.jpg"
10283;"Bauliche Anlage";"Stadt Flensburg";"Flensburg, Stadt";"Fördepromenade 20 - 24a";"Unterrichtsgebäude I";"Unterrichtsgebäude I; 1930er Jahre; langgestreckter zweigeschossiger Backsteinbau mit Kopfbauten, Walmdächer mit Gaubenband";"Geschichtlich, Künstlerisch, Städtebaulich";"gesamtes Objekt";""
10282;"Bauliche Anlage";"Stadt Flensburg";"Flensburg, Stadt";"Fördepromenade 30";"Werkstättengebäude und Heizwerk";"Werkstättengebäude und Heizwerk; 1936-37; langgestreckter zweigeschossiger Backsteinbau mit Walmdächern, vorspringende Kopfbauten, am Nordende Heizwerk mit Kamin";"Geschichtlich, Künstlerisch, Städtebaulich";"gesamtes Objekt";""
11235;"Bauliche Anlage";"Stadt Flensburg";"Flensburg, Stadt";"Fördestraße 1";"Doppelhaus";"Alteintragung (Aktualisierung vorgesehen)";"";"Alteintragung (Aktualisierung vorgesehen)";"https://opendata.schleswig-holstein.de/data/denkmalpflege/fotos/11235.jpg"
9317;"Bauliche Anlage";"Stadt Flensburg";"Flensburg, Stadt";"Fördestraße 8";"Christuskirche mit Ausstattung";"Alteintragung (Aktualisierung vorgesehen)";"Geschichtlich, Künstlerisch, Städtebaulich";"Alteintragung (Aktualisierung vorgesehen)";"https://opendata.schleswig-holstein.de/data/denkmalpflege/fotos/9317.jpg"
10243;"Bauliche Anlage";"Stadt Flensburg";"Flensburg, Stadt";"Fördestraße 37";"Marinesportschule";"Alteintragung (Aktualisierung vorgesehen)";"Geschichtlich, Künstlerisch, Städtebaulich";"gesamtes Objekt";""
8654;"Bauliche Anlage";"Stadt Flensburg";"Flensburg, Stadt";"Fördestraße 68";"Kate";"Alteintragung (Aktualisierung vorgesehen)";"";"Alteintragung (Aktualisierung vorgesehen)";""
19385;"Bauliche Anlage";"Stadt Flensburg";"Flensburg, Stadt";"Friedrich-Ebert-Straße 1";"NDR-Studio (Musikpavillon)";"NDR-Studio (Musikpavillon); 1930er Jahre, erweitert 1950-52, Architekt Paul Ziegler u. Theodor Rieve; ehem. Musikpavillon des Konzertgartens am Deutschen Haus, urspr. offener Rundpavillon mit überkragendem kupfergedecktem Flachdach, heute mit Freitreppe und nördlichem wie südlichem Anbau";"Geschichtlich, Künstlerisch, Städtebaulich";"gesamtes Objekt";"https://opendata.schleswig-holstein.de/data/denkmalpflege/fotos/19385.jpg"
105;"Bauliche Anlage";"Stadt Flensburg";"Flensburg, Stadt";"Friedrich-Ebert-Straße 7";"Deutsches Haus";"Deutsches Haus; 1928-30, Architekt Paul Ziegler u. Theodor Rieve; platzbildende Klinkerbaugruppe in kubisch-expressionistischer Gestaltung des Neuen Bauens mit hohem, nach Norden gerichtetem Saaltrakt, niedrigerem Bibliotheksflügel und eingestelltem Turmblock, mit Flachdächern, Zwischenbau von 1981";"Geschichtlich, Künstlerisch, Städtebaulich";"gesamtes Objekt";"https://opendata.schleswig-holstein.de/data/denkmalpflege/fotos/105.jpg"
14503;"Bauliche Anlage";"Stadt Flensburg";"Flensburg, Stadt";"Friedrichshöh 17";"Villa";"Villa; 1913-14, Architekt Anton Meyer; eingeschossiger Backsteinbau im neubarocken Heimatschutzstil, hohes Sockelgeschoss, pfannengedecktes Satteldach, Giebelfront mit Putzstreifen-Rahmung und Polygonalerker; Einfriedung geböschte Natursteinmauer";"Geschichtlich, Künstlerisch, Städtebaulich";"Villa, Einfriedung";"https://opendata.schleswig-holstein.de/data/denkmalpflege/fotos/14503.jpg"
14505;"Bauliche Anlage";"Stadt Flensburg";"Flensburg, Stadt";"Friedrichshöh 19";"Villa";"Villa; 1914, Architekt Anton Meyer; eingeschossiges Backsteingiebelhaus im neubarocken Heimatschutzstil, ausgebautes Satteldach, Putzstreifen-Rahmung und Biberschwanzverkleidung an den Giebeln, straßenseitig polygonaler Standerker; Böschungsmauer in Naturstein";"Geschichtlich, Künstlerisch, Städtebaulich";"Villa, Einfriedung";"https://opendata.schleswig-holstein.de/data/denkmalpflege/fotos/14505.jpg"
8988;"Bauliche Anlage";"Stadt Flensburg";"Flensburg, Stadt";"Friedrichshöh 25";"Zweifamilienhaus";"Zweifamilienwohnhaus; 1913-14, Architekt Ulrich, Sandacker; zweigeschossiger Putzbau im Reformstil auf hohem Sockel und mit Halbwalmdach, Hauptfront mit Mittelrisalit und Zwerchhaus, rückseitig eingezogene Terrasse und Holzloggia; Einfriedung Natursteinmauer";"Geschichtlich, Künstlerisch, Städtebaulich";"Zweifamilienhaus, Einfriedung";"https://opendata.schleswig-holstein.de/data/denkmalpflege/fotos/8988.jpg"
7624;"Bauliche Anlage";"Stadt Flensburg";"Flensburg, Stadt";"Friedrichstal 52";"Einfamilienhaus";"Einfamilienhaus; 1914, Architekt Anton Meyer; eingeschossiger Backsteinbau in Formen des neubarocken Heimatschutzstils mit Mansarddach, Baukörper durch Vorbauten belebt, seitlich Eingangsrisalit";"Geschichtlich, Künstlerisch, Städtebaulich";"Einfamilienhaus, ";"https://opendata.schleswig-holstein.de/data/denkmalpflege/fotos/7624.jpg"
14511;"Bauliche Anlage";"Stadt Flensburg";"Flensburg, Stadt";"Friedrichstal 57";"Villa";"Villa; 1914, Architekt Anton Meyer; eingeschossiger Backsteinbau in Formen des neubarocken Heimatschutzstils mit hohem geschweiftem Satteldach, Baukörper durch Vorbauten belebt, traufseitig Mittelrisalit mit portalartigem Eingang";"Geschichtlich, Künstlerisch, Städtebaulich";"Villa, ";"https://opendata.schleswig-holstein.de/data/denkmalpflege/fotos/14511.jpg"
6937;"Bauliche Anlage";"Stadt Flensburg";"Flensburg, Stadt";"Friedrichstraße 13 a";"Wohnhaus";"Alteintragung (Aktualisierung vorgesehen)";"Geschichtlich, Künstlerisch, Städtebaulich";"Alteintragung (Aktualisierung vorgesehen)";""
6938;"Bauliche Anlage";"Stadt Flensburg";"Flensburg, Stadt";"Friedrichstraße 13";"Wohnhaus";"Alteintragung (Aktualisierung vorgesehen)";"Geschichtlich, Künstlerisch, Städtebaulich";"Alteintragung (Aktualisierung vorgesehen)";""
2714;"Bauliche Anlage";"Stadt Flensburg";"Flensburg, Stadt";"Friedrichstraße 41";"Villa Sauermann";"Alteintragung (Aktualisierung vorgesehen)";"Geschichtlich, Künstlerisch, Städtebaulich, Wissenschaftlich";"Alteintragung (Aktualisierung vorgesehen)";""
14634;"Bauliche Anlage";"Stadt Flensburg";"Flensburg, Stadt";"Friesische Straße 8";"Wohn- und Geschäftshaus";"Wohn- und Geschäftshaus; im Kern spätes 18. Jh., Fassade 19.Jh.; zweigeschossiges Traufenhaus mit breitgelagerter Putzfassade, Ladeneinbauten im Erdgeschoss, Rückseite mit vorkragendem Dachgebälk und profilierten Balkenköpfen";"Geschichtlich, Städtebaulich";"gesamtes Objekt";"https://opendata.schleswig-holstein.de/data/denkmalpflege/fotos/14634.jpg"
14635;"Bauliche Anlage";"Stadt Flensburg";"Flensburg, Stadt";"Friesische Straße 25";"Villa Besenbruch (Standesamt)";"Villa Besenbruch (Standesamt); 1886, Alexander Wilhelm Prale; eingeschossiger Putzbau mit erneuertem Mansarddach mit Ziergitter, rustizierte Kanten, gestaffelte Hauptfront des Eckgebäudes mit übergiebeltem Seitenrisalit";"Geschichtlich, Künstlerisch, Städtebaulich";"gesamtes Objekt";"https://opendata.schleswig-holstein.de/data/denkmalpflege/fotos/14635.jpg"
232;"Bauliche Anlage";"Stadt Flensburg";"Flensburg, Stadt";"Friesische Straße 62";"ehem. Fabrikantenwohnhaus";"Alteintragung (Aktualisierung vorgesehen)";"Geschichtlich, Künstlerisch, Städtebaulich";"Alteintragung (Aktualisierung vorgesehen)";""
10675;"Bauliche Anlage";"Stadt Flensburg";"Flensburg, Stadt";"Frösleeweg 1 a-b";"ehem. Grenzlandkaserne: Unterkunftsgebäude (2)";"Alteintragung (Aktualisierung vorgesehen)";"";"Alteintragung (Aktualisierung vorgesehen)";""
10678;"Bauliche Anlage";"Stadt Flensburg";"Flensburg, Stadt";"Frösleeweg 3 a-b";"ehem. Grenzlandkaserne: Unterkunftsgebäude (5)";"Alteintragung (Aktualisierung vorgesehen)";"";"Alteintragung (Aktualisierung vorgesehen)";""
6278;"Bauliche Anlage";"Stadt Flensburg";"Flensburg, Stadt";"Gertrudenstraße 1";"Mietwohnungshaus";"Alteintragung (Aktualisierung vorgesehen)";"Geschichtlich, Künstlerisch, Städtebaulich";"gesamtes Objekt";"https://opendata.schleswig-holstein.de/data/denkmalpflege/fotos/6278.jpg"
63;"Bauliche Anlage";"Stadt Flensburg";"Flensburg, Stadt";"Große Straße 2";"Kaufmannshof: Vorderhaus";"Vorderhaus; im Kern 16. Jh.; zweigeschossiger Backsteinbau mit zur Straße abgewalmtem Pfannendach und klassizistischer Putzfassade aus der Zeit um 1820/30, über der Attika breites, von Dreieckgiebel abgeschlossenes Zwerchhaus, Mitteleingang mit Dreieckgiebel über seitlichen Pilastern";"Geschichtlich, Künstlerisch, Städtebaulich";"gesamtes Objekt";"https://opendata.schleswig-holstein.de/data/denkmalpflege/fotos/63.jpg"
177;"Bauliche Anlage";"Stadt Flensburg";"Flensburg, Stadt";"Große Straße 2";"Kaufmannshof: Rückflügel";"Rückflügel; 19. Jh. , im Kern vermutlich älter; zwei geschlämmte Backsteinflügel mit hohen Sockelgeschossen und pfannengedeckten Satteldächern, Verbindungsbau und Vorbauten um 1990";"Geschichtlich, Künstlerisch, Städtebaulich";"gesamtes Objekt";"https://opendata.schleswig-holstein.de/data/denkmalpflege/fotos/177.jpg"
317;"Bauliche Anlage";"Stadt Flensburg";"Flensburg, Stadt";"Große Straße 2";"Kaufmannshof: Seitenflügel";"Seitenflügel; 19. Jh., im Kern vermutlich älter; einspringender zweigeschossiger Flügelbau mit geschlämmten Außenmauern und pfannengedecktem Satteldach";"Geschichtlich, Künstlerisch, Städtebaulich";"gesamtes Objekt";"https://opendata.schleswig-holstein.de/data/denkmalpflege/fotos/317.jpg"
1393;"Bauliche Anlage";"Stadt Flensburg";"Flensburg, Stadt";"Große Straße 2";"Kaufmannshof: Quergebäude";"Quergebäude; um 1800; östlich den Hof abschließender eingeschossiger Backsteinbau mit geschlämmten Außenmauern und pfannengedecktem Mansarddach";"Geschichtlich, Künstlerisch, Städtebaulich";"gesamtes Objekt";"https://opendata.schleswig-holstein.de/data/denkmalpflege/fotos/1393.jpg"
91;"Bauliche Anlage";"Stadt Flensburg";"Flensburg, Stadt";"Große Straße 4";"Kaufmannshof: Vorderhaus";"Vorderhaus; im Kern 16. Jh., um 1820; dreigeschossiger vierachsiger Bau auf heute winkelförmigem Grund mit geschlämmten Seitenwänden und klassizistischer Putzfassade, mit pfannengedecktem Walm- und Satteldach, im rückwärtigen Trakt die historische Dreiachsigkeit erhalten";"Geschichtlich, Künstlerisch, Städtebaulich, Wissenschaftlich";"gesamtes Objekt";"https://opendata.schleswig-holstein.de/data/denkmalpflege/fotos/91.jpg"
14330;"Bauliche Anlage";"Stadt Flensburg";"Flensburg, Stadt";"Große Straße 4";"Kaufmannshof: Querspeicher";"Querspeicher; 18. Jh.; östlich den Hof abschließender schlichter zweigeschossiger Querbau mit geschlämmtem Backsteinmauerwerk, pfannengedecktem Mansarddach und mittiger rundbogiger Tordurchfahrt, hofseitig hohes Zwerchhaus mit hölzernem Windenausleger";"Geschichtlich, Künstlerisch, Städtebaulich, Wissenschaftlich";"gesamtes Objekt";"https://opendata.schleswig-holstein.de/data/denkmalpflege/fotos/14330.jpg"
35633;"Bauliche Anlage";"Stadt Flensburg";"Flensburg, Stadt";"Große Straße 4";"Kaufmannshof: erster Seitenflügel";"Erster Seitenflügel; im Kern 16./17. Jh., aufgestockt 1887; geschlämmter Backsteintrakt auf hohem Kellersockel mit pfannengedecktem Satteldach und Kranerker, Saalbau heute in gleicher Höhe wie das Vorderhaus mit großen Fenstern des ehemaligen Saales im Erdgeschoss";"Geschichtlich, Künstlerisch, Städtebaulich";"gesamtes Objekt";"https://opendata.schleswig-holstein.de/data/denkmalpflege/fotos/35633.jpg"
35733;"Bauliche Anlage";"Stadt Flensburg";"Flensburg, Stadt";"Große Straße 4";"Kaufmannshof: zweiter Seitenflügel";"Zweiter Seitenflügel; 18./19. Jh.; dreigeschossiger geschlämmter Backsteintrakt auf hohem Kellersockel mit über Balkenköpfen auskragendem pfannengedecktem Satteldach und Kranerker";"Geschichtlich, Künstlerisch, Städtebaulich";"gesamtes Objekt";"https://opendata.schleswig-holstein.de/data/denkmalpflege/fotos/35733.jpg"
35734;"Bauliche Anlage";"Stadt Flensburg";"Flensburg, Stadt";"Große Straße 4";"Kaufmannshof: dritter Seitenflügel";"Dritter Seitenflügel; Anfang 19. Jh.; zweigeschossiger geschlämmter Backsteintrakt mit pfannengedecktem Satteldach und Kranerker, das Erdgeschoss auf der rechten Seite mit vier Holztoren";"Geschichtlich, Städtebaulich, Wissenschaftlich";"gesamtes Objekt";"https://opendata.schleswig-holstein.de/data/denkmalpflege/fotos/35734.jpg"
92;"Bauliche Anlage";"Stadt Flensburg";"Flensburg, Stadt";"Große Straße 6";"Kaufmannshof: Vorderhaus";"Vorderhaus; Mitte 19. Jh.; dreigeschossiger giebelständiger Bau mit klassizistischer Putzfassade, das pfannengedeckte Satteldach zur Straße abgewalmt, Erdgeschoss 1907 umgestaltet";"Geschichtlich, Künstlerisch, Städtebaulich";"gesamtes Objekt";"https://opendata.schleswig-holstein.de/data/denkmalpflege/fotos/92.jpg"
352;"Bauliche Anlage";"Stadt Flensburg";"Flensburg, Stadt";"Große Straße 6";"Kaufmannshof: erster Seitenflügel";"Erster Seitenflügel; 16./17. Jh.; zweigeschossiger Flügelbau mit vorkragendem Fachwerkobergeschoss und pfannengedecktem Satteldach, im östlichen Fach Giebelluke";"Geschichtlich, Städtebaulich";"gesamtes Objekt";"https://opendata.schleswig-holstein.de/data/denkmalpflege/fotos/352.jpg"
353;"Bauliche Anlage";"Stadt Flensburg";"Flensburg, Stadt";"Große Straße 6";"Kaufmannshof: zweiter Querspeicher";"Zweiter Querspeicher; 18. Jh.; zweigeschossiger Querbau mit geschlämmtem Backsteinmauerwerk und pfannengedecktem Mansarddach, an der Westseite Giebelluke, seitlich Tordurchfahrt";"Geschichtlich, Städtebaulich";"gesamtes Objekt";""
14202;"Bauliche Anlage";"Stadt Flensburg";"Flensburg, Stadt";"Große Straße 8";"Wohn- und Geschäftshaus";"Wohn- und Geschäftshaus; 1893/94, Maurermeister Chr. Henningsen; viergeschossiger Bau mit Flachdach und historisierender Puzfassade, rückwärtig gelbsteinsichtig mit innenhofbildendem einachsigem Flügelbau gleicher Höhe";"Geschichtlich, Städtebaulich";"gesamtes Objekt";"https://opendata.schleswig-holstein.de/data/denkmalpflege/fotos/14202.jpg"
26756;"Bauliche Anlage";"Stadt Flensburg";"Flensburg, Stadt";"Große Straße 8";"Hinterhaus";"Hinterhaus; 1898, Maurermeister H. Höft; viergeschossiger Gelbsteinbau mit Flachdach und Rotsteingliederung, im EG seitliche Durchfahrt, rückwärtig Abortanbau, bis 1910 Zuckertortsche Töchterschule im Erd- und erstem Obergeschoss";"Geschichtlich, Städtebaulich";"gesamtes Objekt";""
14153;"Bauliche Anlage";"Stadt Flensburg";"Flensburg, Stadt";"Große Straße 9 - 11";"Wohn- und Geschäftshaus";"Wohn- und Geschäftshaus; Anfang 19. Jh., 1898; dreigeschossiger traufständiger Putzbau mit pfannengedecktem Satteldach und klassizistischer, durch Kolossalpilaster in den Obergeschossen gegliederter Fassade, der linke Teil 1898 von Maurermeister Chr. Henningsen opulent neu gestaltet";"Geschichtlich, Städtebaulich";"gesamtes Objekt";"https://opendata.schleswig-holstein.de/data/denkmalpflege/fotos/14153.jpg"
151;"Bauliche Anlage";"Stadt Flensburg";"Flensburg, Stadt";"Große Straße 10";"Kaufmannshof: erster Seitenflügel";"erster Seitenflügel; im Kern 16./17. Jh.; dreigeschossiger Flügelbau mit Fachwerkobergeschossen, das zweite OG über Kopfbändern und Knaggen vorkragend, mit pfannengedecktem Satteldach und Windenerker";"Geschichtlich, Städtebaulich";"gesamtes Objekt";"https://opendata.schleswig-holstein.de/data/denkmalpflege/fotos/151.jpg"
1889;"Bauliche Anlage";"Stadt Flensburg";"Flensburg, Stadt";"Große Straße 10";"Kaufmannshof: Vorderhaus";"Vorderhaus; 18. Jh., im Kern wohl 16. Jh.; dreigeschossiger giebelständiger Backsteinbau mit schlichter geschlämmter Fassade und pfannengedecktem Satteldach, straßenseitig zweigeschossige Utlucht";"Geschichtlich, Künstlerisch, Städtebaulich";"gesamtes Objekt";"https://opendata.schleswig-holstein.de/data/denkmalpflege/fotos/1889.jpg"
14165;"Bauliche Anlage";"Stadt Flensburg";"Flensburg, Stadt";"Große Straße 12";"ehem. Colosseum-Filmtheater";"ehem. 'Colosseum'-Filmtheater; 1887; viergeschossiger geschlämmter Backsteinbau mit zur Straße abgewalmtem Satteldach und reicher Putzfassade in Neorenaissanceformen, rückwärtiger Gebäudeteil hofbildend schmaler";"Geschichtlich, Städtebaulich";"gesamtes Objekt";"https://opendata.schleswig-holstein.de/data/denkmalpflege/fotos/14165.jpg"
14069;"Bauliche Anlage";"Stadt Flensburg";"Flensburg, Stadt";"Große Straße 14";"Wohn- und Geschäftshaus";"Wohn- und Geschäftshaus; 1897, Zimmermeister Andreas Fabian; viergeschossiger geschlämmter Putzbau mit zur Straße abgewalmtem Satteldach und reicher Fassade in Neorenaissanceformen, rückwärtiger Gebäudeteil innenhofbildend schmaler";"Geschichtlich, Künstlerisch, Städtebaulich";"gesamtes Objekt";"https://opendata.schleswig-holstein.de/data/denkmalpflege/fotos/14069.jpg"
14205;"Bauliche Anlage";"Stadt Flensburg";"Flensburg, Stadt";"Große Straße 15 - 19";"Wohn- und Geschäftshaus";"Wohn- und Geschäftshaus; 1906, Maurermeister Gustav Kuhrts; viergeschossiger Putzbau mit schiefergedecktem Berliner Dach und aufwändiger Fassadengestaltung in Neorenaissanceformen, seitlicher Polygonalerker mit abschließender Dachgaube";"Geschichtlich, Städtebaulich";"gesamtes Objekt";"https://opendata.schleswig-holstein.de/data/denkmalpflege/fotos/14205.jpg"
60;"Bauliche Anlage";"Stadt Flensburg";"Flensburg, Stadt";"Große Straße 16";"Kaufmannshof: Vorderhaus mit Rückflügel (ehem. Löwenapotheke)";"Vorderhaus; 1779, 1866; dreigeschossiges Traufenhaus mit pfannengedecktem Satteldach und historisierender Fassade in Putz und glasierten Ziegeln, Zwerchgiebel mit Firstzinne, im Inneren reiche Rokokostuckierungen, rückseitig zugehöriger Saalanbau";"Geschichtlich, Künstlerisch, Städtebaulich, Wissenschaftlich";"gesamtes Objekt";"https://opendata.schleswig-holstein.de/data/denkmalpflege/fotos/60.jpg"
47385;"Bauliche Anlage";"Stadt Flensburg";"Flensburg, Stadt";"Große Straße 16";"Kaufmannshof: Seitenflügel";"Seitenflügel; 18. Jh.; zweigeschossiger geschlämmter Backsteinbau mit pfannengedecktem Halbwalmdach und Krangiebel in der Mitte der Südseite, darunter barocke Steintafel";"Geschichtlich, Künstlerisch, Städtebaulich, Wissenschaftlich";"gesamtes Objekt";""
14207;"Bauliche Anlage";"Stadt Flensburg";"Flensburg, Stadt";"Große Straße 18";"Wohn- und Geschäftshaus";"Wohn- und Geschäftshaus; 1892/93, Zimmermeister Boy Willandsen; schmaler viergeschossiger Putzbau mit Berliner Dach und reicher Fassade in Neorenaissanceformen, seitlich über der Durchfahrt zum Hof viergeschossiger Kastenerker mit Glockendach, langgestreckter bauzeitlicher Rückflügel";"Geschichtlich, Städtebaulich";"gesamtes Objekt";"https://opendata.schleswig-holstein.de/data/denkmalpflege/fotos/14207.jpg"
10482;"Bauliche Anlage";"Stadt Flensburg";"Flensburg, Stadt";"Große Straße 20";"Kaufmannshof: Vorderhaus";"Kaufmannshof: Vorderhaus; 1886, im Kern möglicherweise älter; dreigeschossiger giebelständiger Bau mit purifizierter historistischer Putzfassade und straßenseitig abgewalmtem Satteldach mit breitem Dacherker";"Geschichtlich, Städtebaulich";"gesamtes Objekt";"https://opendata.schleswig-holstein.de/data/denkmalpflege/fotos/10482.jpg"
47390;"Bauliche Anlage";"Stadt Flensburg";"Flensburg, Stadt";"Große Straße 20";"Kaufmannshof: erster Seitenflügel";"Kaufmannshof: erster Seitenflügel; 1880er Jahre; dreigeschossiger geschlämmter Backsteinflügel mit pfannengedecktem Satteldach und Aufzugserker";"Geschichtlich, Städtebaulich";"gesamtes Objekt";"https://opendata.schleswig-holstein.de/data/denkmalpflege/fotos/47390.jpg"
47392;"Bauliche Anlage";"Stadt Flensburg";"Flensburg, Stadt";"Große Straße 20";"Kaufmannshof: zweiter Seitenflügel";"Kaufmannshof: zweiter Seitenflügel; 1872; langgestreckter dreigeschossiger Gelbsteinflügel mit pfannengedecktem Satteldach, die Giebelseite mit gerundeten Ecken und hölzernem Windenausleger";"Geschichtlich, Städtebaulich";"gesamtes Objekt";"https://opendata.schleswig-holstein.de/data/denkmalpflege/fotos/47392.jpg"
14127;"Bauliche Anlage";"Stadt Flensburg";"Flensburg, Stadt";"Große Straße 21 - 23";"Bankhaus";"Bankhaus; 1906, Architekt M. Haller u. H. Geißler; dreigeschossiger traufständiger Backsteinbau mit gotisierender, durch glasierte Ziegel gegliederter Rotsteinfassade, in den Obergeschossen gliedernde Vorlagen aus gebündelten Rundstäben, mittig gestufter Zwerchgiebel mit Giebelaufsätzen, bauzeitlicher Rückflügel mit Pfeilergiebel";"Geschichtlich, Künstlerisch, Städtebaulich";"gesamtes Objekt";"https://opendata.schleswig-holstein.de/data/denkmalpflege/fotos/14127.jpg"
72;"Bauliche Anlage";"Stadt Flensburg";"Flensburg, Stadt";"Große Straße 24";"Kaufmannshof: Vorderhaus";"Kaufmannshof: Vorderhaus; um 1800, im Kern vermutl. älter; dreigeschossiger giebelständiger Bau mit Walm- und Satteldach, die klassizistische Putzfassade mit vereinzelten Dekorelementen und mächtigem Dreieckgiebel";"Geschichtlich, Städtebaulich";"gesamtes Objekt";"https://opendata.schleswig-holstein.de/data/denkmalpflege/fotos/72.jpg"
35658;"Bauliche Anlage";"Stadt Flensburg";"Flensburg, Stadt";"Große Straße 24";"Kaufmannshof: erster Seitenflügel";"Kaufmannshof: erster Seitenflügel; 18. Jh., 1896; dreigeschossiger geschlämmter Backsteinflügel mit Mauerankern und flachgeneigtem Satteldach";"Geschichtlich, Städtebaulich";"gesamtes Objekt";""
35659;"Bauliche Anlage";"Stadt Flensburg";"Flensburg, Stadt";"Große Straße 24";"Kaufmannshof: zweiter Seitenflügel";"Kaufmannshof: zweiter Seitenflügel; 18. Jh., 1904; zweigeschossiger geschlämmter Backsteinflügel mit Mauerankern und ausgebautem Mansarddach";"Geschichtlich, Städtebaulich";"gesamtes Objekt";""
69;"Bauliche Anlage";"Stadt Flensburg";"Flensburg, Stadt";"Große Straße 26";"Kaufmannshof: Vorderhaus";"Kaufmannshof: Vorderhaus; im Kern 15./16. Jh.; dreigeschossiger giebelständiger Backsteinbau mit pfannengedecktem Satteldach, die spätklassizistische Putzfassade mit geschultertem Dreieckgiebel und Firstzinne aus dem letzten Viertel des 19. Jhs.";"Geschichtlich, Städtebaulich";"gesamtes Objekt";"https://opendata.schleswig-holstein.de/data/denkmalpflege/fotos/69.jpg"
358;"Bauliche Anlage";"Stadt Flensburg";"Flensburg, Stadt";"Große Straße 26";"Kaufmannshof: erster Seitenflügel";"Kaufmannshof: erster Seitenflügel; im Kern 16. Jh.; dreigeschossiger Saalflügel mit geschlämmten Außenmauern, pfannengedecktem Satteldach und  Giebelluke";"Geschichtlich, Städtebaulich";"gesamtes Objekt";""
359;"Bauliche Anlage";"Stadt Flensburg";"Flensburg, Stadt";"Große Straße 26";"Kaufmannshof: zweiter Seitenflügel";"Kaufmannshof: zweiter Seitenflügel; im Kern wohl 16. Jh.; zweigeschossiger Flügelbau mit geschlämmten Außenmauern und pfannengedecktem Satteldach, Treppenturm mit hölzerner Wendeltreppe, im Dach daneben Giebelerker";"Geschichtlich, Städtebaulich";"gesamtes Objekt";""
14109;"Bauliche Anlage";"Stadt Flensburg";"Flensburg, Stadt";"Große Straße 27";"Wohn- und Geschäftshaus";"Wohn- und Geschäftshaus; 1851; ehem. Doppelwohnhaus mit Nr. 29, dreigeschossiger traufständiger Putzbau mit pfannengedecktem Satteldach und spätklassizistischer Fassade, mittig jüngerer übergiebelter Dacherker in historisierender Formgebung";"Geschichtlich, Städtebaulich";"gesamtes Objekt";"https://opendata.schleswig-holstein.de/data/denkmalpflege/fotos/14109.jpg"
74;"Bauliche Anlage";"Stadt Flensburg";"Flensburg, Stadt";"Große Straße 28";"Kaufmannshof: Vorderhaus";"Kaufmannshof: Vorderhaus; im Kern 17. Jh.; breites dreigeschossiges Traufenhaus mit pfannengedecktem Satteldach und jüngerer spätklassizistischer Putzfassade, Südwand wohl noch vom Vorgängerbau des 15. Jhs.";"Geschichtlich, Künstlerisch, Städtebaulich";"gesamtes Objekt";"https://opendata.schleswig-holstein.de/data/denkmalpflege/fotos/74.jpg"
360;"Bauliche Anlage";"Stadt Flensburg";"Flensburg, Stadt";"Große Straße 28";"Kaufmannshof: Rückflügel";"Kaufmannshof: Rückflügel; im Kern 16./17. Jh.; viergeschossiger Saalflügel mit geschlämmten Außenmauern und pfannengedecktem Satteldach";"Geschichtlich, Städtebaulich";"gesamtes Objekt";""
35739;"Bauliche Anlage";"Stadt Flensburg";"Flensburg, Stadt";"Große Straße 28";"Kaufmannshof: Seitenflügel";"Kaufmannshof: Seitenflügel; im Kern 16./17. Jh.; zweigeschossiger Backsteinflügel mit geschlämmten Außenmauern und Pultdach";"Geschichtlich, Städtebaulich";"gesamtes Objekt";""
47468;"Bauliche Anlage";"Stadt Flensburg";"Flensburg, Stadt";"Große Straße 29";"Wohn- und Geschäftshaus";"Wohn- und Geschäftshaus; 1851; ehem. Doppelwohnhaus mit Nr. 27, schmales dreigeschossiges Traufenhaus mit pfannengedecktem Satteldach und spätklassizistischer Putzfassade";"Geschichtlich, Städtebaulich";"gesamtes Objekt";"https://opendata.schleswig-holstein.de/data/denkmalpflege/fotos/47468.jpg"
10481;"Bauliche Anlage";"Stadt Flensburg";"Flensburg, Stadt";"Große Straße 30";"Kaufmannshof: Vorderhaus";"Kaufmannshof: Vorderhaus; 1914, Erhardt u. Carstens; viergeschossiger Putzbau mit pfannengedecktem Mansarddach, Fassade in Formen der Reformarchitektur mit von Zwerchgiebel abgeschlossenem Breiterker in den oberen beiden Geschossen, zugehöriger Rückflügel mit Resten des Vorgängerbaus";"Geschichtlich, Städtebaulich";"gesamtes Objekt";"https://opendata.schleswig-holstein.de/data/denkmalpflege/fotos/10481.jpg"
35651;"Bauliche Anlage";"Stadt Flensburg";"Flensburg, Stadt";"Große Straße 30";"Kaufmannshof: erster Seitenflügel";"Kaufmannshof: erster Seitenflügel; E 16. Jh.; zweigeschossiger Backsteinflügel mit mit Rotsteingliederung und vorkragendem Satteldach, Ostgiebel mit korbbogigen Luken";"Geschichtlich, Städtebaulich";"gesamtes Objekt";""
35652;"Bauliche Anlage";"Stadt Flensburg";"Flensburg, Stadt";"Große Straße 30";"Kaufmannshof: zweiter Seitenflügel";"Kaufmannshof: zweiter Seitenflügel; um 1600; niedriger zweigeschossiger Backsteinflügel mit Satteldach, Ostgiebel mit korbbogiger Luke";"Geschichtlich, Städtebaulich";"gesamtes Objekt";""
35653;"Bauliche Anlage";"Stadt Flensburg";"Flensburg, Stadt";"Große Straße 30";"Kaufmannshof: dritter Seitenflügel";"Kaufmannshof: dritter Seitenflügel; 1880; ehem. Werkstattbau, langgestreckter zweigeschossiger Backsteinbau mit geschlämmten Außenmauern und Pultdach";"Geschichtlich, Städtebaulich";"gesamtes Objekt";""
76;"Bauliche Anlage";"Stadt Flensburg";"Flensburg, Stadt";"Große Straße 31";"Wohn- und Geschäftshaus";"Wohn- und Geschäftshaus; 1878; viergeschossiger Putzbau mit pfannengedecktem Satteldach und reich gestalteter spätklassizistischer Fassade, bauzeitlicher Rückflügel in Fassadenbreite";"Geschichtlich, Künstlerisch, Städtebaulich";"gesamtes Objekt";"https://opendata.schleswig-holstein.de/data/denkmalpflege/fotos/76.jpg"
73;"Bauliche Anlage";"Stadt Flensburg";"Flensburg, Stadt";"Große Straße 32";"Kaufmannshof: Vorderhaus";"Kaufmannshof: Vorderhaus; um 1800, 1882/83; breiter viergeschossiger Putzbau mit pfannengedecktem Kurzwalmdach und spätklassizistischer Fassade mit risalitartig wirkenden zweigeschossigen Kastenerkern";"Geschichtlich, Künstlerisch, Städtebaulich";"gesamtes Objekt";"https://opendata.schleswig-holstein.de/data/denkmalpflege/fotos/73.jpg"
126;"Bauliche Anlage";"Stadt Flensburg";"Flensburg, Stadt";"Große Straße 32";"Kaufmannshof: erster Seitenflügel";"Kaufmannshof: erster Seitenflügel; 2. H. 19. Jh.; zweigeschossiger geschlämmter Backsteinflügel über hohem Sockelgeschoss mit pfannengedecktem Satteldach, breites geschosstrennendes Gesims";"Geschichtlich, Städtebaulich";"gesamtes Objekt";"https://opendata.schleswig-holstein.de/data/denkmalpflege/fotos/126.jpg"
365;"Bauliche Anlage";"Stadt Flensburg";"Flensburg, Stadt";"Große Straße 32";"Kaufmannshof: nördlicher Rückflügel";"Kaufmannshof: nördlicher Rückflügel; vermutl. 17. Jh.; zweigeschossiger Flügelbau mit Satteldach, leicht vorgekragtem Fachwerkobergeschoss und dreieckigem Fachwerkgiebel";"Geschichtlich, Städtebaulich";"gesamtes Objekt";"https://opendata.schleswig-holstein.de/data/denkmalpflege/fotos/365.jpg"
367;"Bauliche Anlage";"Stadt Flensburg";"Flensburg, Stadt";"Große Straße 32";"Kaufmannshof: südlicher Rückflügel";"Kaufmannshof: südlicher Rückflügel; 2. H. 19. Jh.;  zweigeschossiger geschlämmter Backsteinflügel mit pfannengedecktem Satteldach und stichbogigen Fenstern, breites geschosstrennendes Gesims";"Geschichtlich, Städtebaulich";"gesamtes Objekt";"https://opendata.schleswig-holstein.de/data/denkmalpflege/fotos/367.jpg"
436;"Bauliche Anlage";"Stadt Flensburg";"Flensburg, Stadt";"Große Straße 33";"Kaufmannshof: Vorderhaus";"Kaufmannshof: Vorderhaus; 1878; dreigeschossiger Putzbau mit Satteldach und reich gestalteter spätklassizistischer Fassade, außermittige Durchfahrt zum Hof, breite Dachgauben von 1933, rückwärtig anschließend zwei zugehörige gleichhohe Flügel mit Pultdächern";"Geschichtlich, Städtebaulich";"gesamtes Objekt";"https://opendata.schleswig-holstein.de/data/denkmalpflege/fotos/436.jpg"
35655;"Bauliche Anlage";"Stadt Flensburg";"Flensburg, Stadt";"Große Straße 33";"Kaufmannshof: nördlicher Seitenflügel";"Kaufmannshof: nördlicher Seitenflügel; Ende 19. Jh.; zweigeschossiger geschlämmter Backsteinbau mit Satteldach und durch Zwerchgiebel betonter, leicht vorgezogener Mittelachse mit Eingang";"Geschichtlich, Städtebaulich";"gesamtes Objekt";""
35656;"Bauliche Anlage";"Stadt Flensburg";"Flensburg, Stadt";"Große Straße 33";"Kaufmannshof: südlicher Seitenflügel";"Kaufmannshof: südlicher Seitenflügel; im Kern 18. Jh., erhöht 1919; zweigeschossiger geschlämmter Gelbsteinbau mit Satteldach, 1919 durch Andreas Dall leicht erhöht";"Geschichtlich, Städtebaulich";"gesamtes Objekt";""
4;"Bauliche Anlage";"Stadt Flensburg";"Flensburg, Stadt";"Große Straße 34";"Kaufmannshof: erster Seitenflügel";"Kaufmannshof: erster Seitenflügel; 17./18. Jh.; zweigeschossiger Fachwerkflügel über hohem massivem Kellergeschoss mit Satteldach, in der Mitte Kranerker";"Geschichtlich, Städtebaulich";"gesamtes Objekt";""
1829;"Bauliche Anlage";"Stadt Flensburg";"Flensburg, Stadt";"Große Straße 34";"Kaufmannshof: Vorderhaus";"Kaufmannshof: Vorderhaus; um 1830, im Kern vermutl. älter; dreigeschossiger Bau mit pfannengedecktem Zeltdach und klassizistischer Putzassade mit leicht vorspringendem Mittelteil in den oberen Geschossen";"Geschichtlich, Städtebaulich";"gesamtes Objekt";"https://opendata.schleswig-holstein.de/data/denkmalpflege/fotos/1829.jpg"
2653;"Bauliche Anlage";"Stadt Flensburg";"Flensburg, Stadt";"Große Straße 34";"Kaufmannshof: zweiter Seitenflügel";"Kaufmannshof: zweiter Seitenflügel; 17./18. Jh.; zweigeschossiger Backsteinflügel mit geschlämmten Außenmauern und pfannengedecktem Satteldach";"Geschichtlich, Städtebaulich";"gesamtes Objekt";""
35741;"Bauliche Anlage";"Stadt Flensburg";"Flensburg, Stadt";"Große Straße 34";"Kaufmannshof: Rückflügel";"Kaufmannshof: Rückflügel; 15./16. Jh.; zweigeschossiger Saalflügel mit geschlämmten Außenmauern und Satteldach, der Giebel in Klosterziegeln";"Geschichtlich, Städtebaulich";"gesamtes Objekt";""
14133;"Bauliche Anlage";"Stadt Flensburg";"Flensburg, Stadt";"Große Straße 36";"Wohn- und Geschäftshaus";"Wohn- und Geschäftshaus; 1890/91, Arch. Alexander Wilhelm Prale; schmaler viergeschossiger Backsteinbau mit Flachdach und neogotischer Fassade mit Sgraffitomalerei und seitl. dreieckigem Erker, langgestreckter bauzeitlicher Rückflügel";"Geschichtlich, Künstlerisch, Städtebaulich";"gesamtes Objekt";"https://opendata.schleswig-holstein.de/data/denkmalpflege/fotos/14133.jpg"
14209;"Bauliche Anlage";"Stadt Flensburg";"Flensburg, Stadt";"Große Straße 36";"Querbau";"Querbau; 1846; kleiner zweigeschossiger geschlämmter Backsteinquerbau mit pfannengedecktem Satteldach und datierender Inschrift am Südgiebel";"Geschichtlich, Städtebaulich";"gesamtes Objekt";"https://opendata.schleswig-holstein.de/data/denkmalpflege/fotos/14209.jpg"
47500;"Bauliche Anlage";"Stadt Flensburg";"Flensburg, Stadt";"Große Straße 37";"Kaufmannshof: Rückflügel";"Kaufmannshof: Rückflügel; wohl 16. Jh.; dreigeschossiger Flügeltrakt mit Satteldach und geschlämmtem Backsteinmauerwerk im Klosterformat";"Geschichtlich, Städtebaulich";"gesamtes Objekt";"https://opendata.schleswig-holstein.de/data/denkmalpflege/fotos/47500.jpg"
47501;"Bauliche Anlage";"Stadt Flensburg";"Flensburg, Stadt";"Große Straße 37";"Kaufmannshof: erster Seitenflügel";"Kaufmannshof: erster Seitenflügel; 18. Jh.; zweigeschossiger geschlämmter Backsteinbau mit pfannengedecktem Mansarddach, außermittig ehem. Kranluke";"Geschichtlich, Städtebaulich";"gesamtes Objekt";"https://opendata.schleswig-holstein.de/data/denkmalpflege/fotos/47501.jpg"
14211;"Bauliche Anlage";"Stadt Flensburg";"Flensburg, Stadt";"Große Straße 38 - 40";"Wohn- und Geschäftshaus";"Wohn- und Geschäftshaus; 1919, im Kern älter; aus zwei ehem. Giebelhäusern zusammengefasster dreigeschossiger Putzbau mit Walmdach und schlichter Fassade, die urspr. Hausteile als Rückflügel mit Satteldächern erhalten";"Geschichtlich, Städtebaulich";"gesamtes Objekt";"https://opendata.schleswig-holstein.de/data/denkmalpflege/fotos/14211.jpg"
47414;"Bauliche Anlage";"Stadt Flensburg";"Flensburg, Stadt";"Große Straße 38 - 40";"südlicher Seitenflügel";"Kaufmannshof: südlicher Seitenflügel; 18. Jh.; zweigeschossiger Backsteinbau mit pfannengedecktem Satteldach und Zierankern an der östlichen Giebelfront";"Geschichtlich, Städtebaulich";"gesamtes Objekt";""
26759;"Bauliche Anlage";"Stadt Flensburg";"Flensburg, Stadt";"Große Straße 42 - 44";"Kaufmannshof: Vorderhaus";"Wohn- und Geschäftshaus; 18. Jh.; zweigeschossiger, aus zwei Traufenhäusern unter gemeinsamem Satteldach zusammengefasster Bau mit schlichter Putzfassade, Rückfront mit Fachwerkausführung im Obergeschoss, Nr. 42 mit zugehörigem Fachwerkrückflügel";"Geschichtlich, Künstlerisch, Städtebaulich";"gesamtes Objekt";"https://opendata.schleswig-holstein.de/data/denkmalpflege/fotos/26759.jpg"
26760;"Bauliche Anlage";"Stadt Flensburg";"Flensburg, Stadt";"Große Straße 42 - 44";"Kaufmannshof: Zwischenbau";"Zwischenbau; A. 19. Jh.; rückseitig an das Vorderhaus anschließender eingeschossiger Backsteinbau mit geschlämmten Außenmauern und Pultdach";"Geschichtlich, Städtebaulich";"gesamtes Objekt";"https://opendata.schleswig-holstein.de/data/denkmalpflege/fotos/26760.jpg"
26761;"Bauliche Anlage";"Stadt Flensburg";"Flensburg, Stadt";"Große Straße 42 - 44";"Kaufmannshof: erster nördlicher Seitenflügel";"erster nördlicher Seitenflügel; A. 19. Jh.; eingeschossiger verputzter Backsteinflügel mit pfannengedecktem Halbdach und breitem übergiebeltem Zwerchhaus";"Geschichtlich, Städtebaulich";"gesamtes Objekt";"https://opendata.schleswig-holstein.de/data/denkmalpflege/fotos/26761.jpg"
26762;"Bauliche Anlage";"Stadt Flensburg";"Flensburg, Stadt";"Große Straße 42 - 44";"Kaufmannshof: zweiter nördlicher Seitenflügel";"zweiter nördlicher Seitenflügel; Mi. 19. Jh.; zweigeschossiger Backsteinflügel mit geschlämmten Außenmauern und pfannengedecktem Halbdach";"Geschichtlich, Städtebaulich";"gesamtes Objekt";"https://opendata.schleswig-holstein.de/data/denkmalpflege/fotos/26762.jpg"
26763;"Bauliche Anlage";"Stadt Flensburg";"Flensburg, Stadt";"Große Straße 42 - 44";"Kaufmannshof: erster südlicher Seitenflügel";"erster südlicher Seitenflügel; 17./18. Jh.; eingeschossiger Fachwerkflügel auf hohem Mauersockel mit geschlämmten Ausfachungen und pfannengedecktem Satteldach";"Geschichtlich, Städtebaulich";"gesamtes Objekt";"https://opendata.schleswig-holstein.de/data/denkmalpflege/fotos/26763.jpg"
26764;"Bauliche Anlage";"Stadt Flensburg";"Flensburg, Stadt";"Große Straße 42 - 44";"Kaufmannshof: zweiter südlicher Seitenflügel";"zweiter südlicher Seitenflügel; 17./18. Jh.; zweigeschossiger Fachwerkflügel auf gemauertem Erdgeschoss mit geschlämmten Ausfachungen und pfannengedecktem Satteldach";"Geschichtlich, Städtebaulich";"gesamtes Objekt";"https://opendata.schleswig-holstein.de/data/denkmalpflege/fotos/26764.jpg"
26765;"Bauliche Anlage";"Stadt Flensburg";"Flensburg, Stadt";"Große Straße 42 - 44";"Kaufmannshof: Querspeicher";"Querspeicher; um 1840; dreigeschossiger, nach Osten zweigeschossiger Backsteinquerbau mit geschlämmten Außenmauern und pfannengedecktem Satteldach, über der korbbogigen Durchfahrt hofseitig Ladeluken und Windenerker";"Geschichtlich, Städtebaulich";"gesamtes Objekt";"https://opendata.schleswig-holstein.de/data/denkmalpflege/fotos/26765.jpg"
35740;"Bauliche Anlage";"Stadt Flensburg";"Flensburg, Stadt";"Große Straße 42 - 44";"Kaufmannshof: dritter nördlicher Seitenflügel";"dritter nördlicher Seitenflügel; 1851; eingeschossiger Backsteinflügel mit verputzten Außenmauern und pfannengedecktem halbem Bohlendach";"Geschichtlich, Städtebaulich";"gesamtes Objekt";""
161;"Bauliche Anlage";"Stadt Flensburg";"Flensburg, Stadt";"Große Straße 43";"Heilig-Geist-Kirche mit Ausstattung";"Alteintragung (Aktualisierung vorgesehen)";"Geschichtlich, Künstlerisch, Städtebaulich";"gesamtes Objekt";"https://opendata.schleswig-holstein.de/data/denkmalpflege/fotos/161.jpg"
45440;"Bauliche Anlage";"Stadt Flensburg";"Flensburg, Stadt";"Große Straße 46";"Wohn- und Geschäftshaus";"Wohn- und Geschäftshaus; 18./19. Jh.; dreigeschossiger Backsteinbau mit schlichter Putzfassade und pfannengedecktem Satteldach, seitl. schmale rundbogige Hofdurchfahrt";"Geschichtlich, Städtebaulich";"gesamtes Objekt";"https://opendata.schleswig-holstein.de/data/denkmalpflege/fotos/45440.jpg"
47416;"Bauliche Anlage";"Stadt Flensburg";"Flensburg, Stadt";"Große Straße 46";"erster Seitenflügel";"erster Seitenflügel; wohl 18. Jh.; zweigeschossiger Flügeltrakt mit pfannengedecktem Satteldach und geschlämmtem Backsteinaußenmauern";"Geschichtlich, Städtebaulich";"gesamtes Objekt";"https://opendata.schleswig-holstein.de/data/denkmalpflege/fotos/47416.jpg"
47417;"Bauliche Anlage";"Stadt Flensburg";"Flensburg, Stadt";"Große Straße 46";"Rückflügel";"Rückflügel; wohl 18. Jh.; zweigeschossiger Flügeltrakt über Kellersockel mit Satteldach und verputzten sowie geschlämmtem Backsteinaußenmauern, das OG im vorderen Bereich vorkragend, vermutl. Fachwerk, hier auch Lukengiebel";"Geschichtlich, Städtebaulich";"gesamtes Objekt";"https://opendata.schleswig-holstein.de/data/denkmalpflege/fotos/47417.jpg"
405;"Bauliche Anlage";"Stadt Flensburg";"Flensburg, Stadt";"Große Straße 48";"Kaufmannshof: erster nördlicher Seitenflügel";"erster nördlicher Seitenflügel; 18./19. Jh.; dreigeschossiger geschlämmter Backsteinflügel mit pfannengedecktem Satteldach und Kranerker";"Geschichtlich, Städtebaulich";"gesamtes Objekt";"https://opendata.schleswig-holstein.de/data/denkmalpflege/fotos/405.jpg"
1843;"Bauliche Anlage";"Stadt Flensburg";"Flensburg, Stadt";"Große Straße 48";"Kaufmannshof: erster südlicher Seitenflügel";"erster südlicher Seitenflügel; 18./19. Jh.; dreigeschossiger geschlämmter Backsteinflügel mit schlichter Front und Satteldach";"Geschichtlich, Städtebaulich";"gesamtes Objekt";"https://opendata.schleswig-holstein.de/data/denkmalpflege/fotos/1843.jpg"
2101;"Bauliche Anlage";"Stadt Flensburg";"Flensburg, Stadt";"Große Straße 48";"Kaufmannshof: Vorderhaus";"Wohn- und Geschäftshaus; 1852, im Kern 16. Jh.; aus zwei ehem. Giebelhäusern zusammengefasster dreigeschossiger Bau mit geschlämmter, neogotischer Fassade und pfannengedecktem Walmdach, die urspr. Hausteile als Rückflügel mit Satteldächern erhalten";"Geschichtlich, Künstlerisch, Städtebaulich";"gesamtes Objekt";"https://opendata.schleswig-holstein.de/data/denkmalpflege/fotos/2101.jpg"
47424;"Bauliche Anlage";"Stadt Flensburg";"Flensburg, Stadt";"Große Straße 48";"Kaufmannshof: zweiter nördlicher Seitenflügel";"zweiter nördlicher Seitenflügel; 18./19. Jh.; zweigeschossiger geschlämmter Backsteinflügel mit Sattelbdach, rückseitig ehem. Lukengiebel";"Geschichtlich, Städtebaulich";"gesamtes Objekt";"https://opendata.schleswig-holstein.de/data/denkmalpflege/fotos/47424.jpg"
47425;"Bauliche Anlage";"Stadt Flensburg";"Flensburg, Stadt";"Große Straße 48";"Kaufmannshof: dritter nördlicher Seitenflügel";"dritter nördlicher Seitenflügel; 18./19. Jh.; zweigeschossiger geschlämmter Backsteinflügel mit Satteldach, die Rückfront nach Norden in Fachwerk";"Geschichtlich, Städtebaulich";"gesamtes Objekt";"https://opendata.schleswig-holstein.de/data/denkmalpflege/fotos/47425.jpg"
47426;"Bauliche Anlage";"Stadt Flensburg";"Flensburg, Stadt";"Große Straße 48";"Kaufmannshof: zweiter südlicher Seitenflügel";"zweiter südlicher Seitenflügel; 18./19. Jh.; zweigeschossiger geschlämmter Backsteinflügel mit steilem Satteldach und rundbogiger Luke am Ostgiebel";"Geschichtlich, Städtebaulich";"gesamtes Objekt";"https://opendata.schleswig-holstein.de/data/denkmalpflege/fotos/47426.jpg"
47430;"Bauliche Anlage";"Stadt Flensburg";"Flensburg, Stadt";"Große Straße 48";"Kaufmannshof: dritter südlicher Seitenflügel";"dritter südlicher Seitenflügel. Zweigeschossiger geschlämmter Backsteinflügel mit Satteldach und Kranerker auf beschnitzten Kopfbändern, im 18./19. Jh. errichtet";"Geschichtlich, Städtebaulich";"gesamtes Objekt";"https://opendata.schleswig-holstein.de/data/denkmalpflege/fotos/47430.jpg"
83;"Bauliche Anlage";"Stadt Flensburg";"Flensburg, Stadt";"Große Straße 50";"Rückflügel";"Rückflügel; um 1590; zweigeschossiger Flügeltrakt über Kellersockel mit pfannengedecktem Satteldach und größtenteils geschlämmtem Backsteinaußenmauern";"Geschichtlich, Städtebaulich";"gesamtes Objekt";""
1847;"Bauliche Anlage";"Stadt Flensburg";"Flensburg, Stadt";"Große Straße 50";"Vorderhaus";"Vorderhaus; 1854, 1899, im Kern 15. Jh.; dreigeschossiger Bau mit pfannengedecktem Satteldach und Putzfassade in Neorenaissanceformen, die geschlämmten Seitenmauern im gotischen Verband";"Geschichtlich, Künstlerisch, Städtebaulich";"gesamtes Objekt";"https://opendata.schleswig-holstein.de/data/denkmalpflege/fotos/1847.jpg"
47431;"Bauliche Anlage";"Stadt Flensburg";"Flensburg, Stadt";"Große Straße 50";"Seitenflügel";"Seitenflügel; 1904, im Kern um 1600; dreigeschossiger geschlämmter Backsteinflügel mit Pultdach und dreiviertelrundem Eckturm mit Wendeltreppe";"Geschichtlich, Städtebaulich";"gesamtes Objekt";""
13907;"Bauliche Anlage";"Stadt Flensburg";"Flensburg, Stadt";"Große Straße 51";"Wohn- und Geschäftshaus";"Wohn- und Geschäftshaus; um 1880; zweigeschossiger traufständiger Bau mit steilem Satteldach und spätklassizistischer Fassade";"Geschichtlich, Städtebaulich";"gesamtes Objekt";"https://opendata.schleswig-holstein.de/data/denkmalpflege/fotos/13907.jpg"
84;"Bauliche Anlage";"Stadt Flensburg";"Flensburg, Stadt";"Große Straße 52";"Kaufmannshof: Vorderhaus";"Vorderhaus; 1766; dreigeschossiger Bau mit pfannengedecktem Halbwalmdach und Putzfassade in repräsentativen barocken Formen, seitl. rundbogige Durchfahrt zum Hof mit aufwändig gestaltetem Oberlicht";"Geschichtlich, Künstlerisch, Städtebaulich";"gesamtes Objekt";"https://opendata.schleswig-holstein.de/data/denkmalpflege/fotos/84.jpg"
35663;"Bauliche Anlage";"Stadt Flensburg";"Flensburg, Stadt";"Große Straße 52";"Kaufmannshof: nördlicher Seitenflügel";"nördlicher Seitenflügel; 18. Jh.; dreigeschossiger geschlämmter Backsteinflügel mit pfannengedecktem Satteldach und Kranerker";"Geschichtlich, Künstlerisch, Städtebaulich";"gesamtes Objekt";""
35664;"Bauliche Anlage";"Stadt Flensburg";"Flensburg, Stadt";"Große Straße 52";"Kaufmannshof: Querspeicher";"Querspeicher; E. 16. Jh.; dreigeschossiger Backsteinquerbau mit etanitverkleideten Außenmauern und pfannengedecktem Halbwalmdach, rundbogige seitl. Durchfahrt, nach Osten hohes übergiebeltes Zwerchhaus";"Geschichtlich, Künstlerisch, Städtebaulich";"gesamtes Objekt";""
13938;"Bauliche Anlage";"Stadt Flensburg";"Flensburg, Stadt";"Große Straße 53 - 55";"Wohn- und Geschäftshaus";"Wohn- und Geschäftshaus; 1894, Maurermeister Chr. Henningsen; viergeschossiger Bau mit Satteldach und aufwändig gestalteter Fassade in Neorenaissanceformen, mittig Dacherker mit Giebelaufsatz, zugehörig zwei hofumfassende Rückflügel";"Geschichtlich, Künstlerisch, Städtebaulich";"gesamtes Objekt";"https://opendata.schleswig-holstein.de/data/denkmalpflege/fotos/13938.jpg"
127;"Bauliche Anlage";"Stadt Flensburg";"Flensburg, Stadt";"Große Straße 54";"Kaufmannshof: Vorderhaus";"Vorderhaus; Mi. 19. Jh., im Kern wohl 16. Jh.; dreigeschossiger Backsteinbau mit klassizistischer Putzfassade und zur Straße abgewalmtem Satteldach, an der südlichen Traufseite rundbogiges Portal und Kranausleger";"Geschichtlich, Städtebaulich";"gesamtes Objekt";"https://opendata.schleswig-holstein.de/data/denkmalpflege/fotos/127.jpg"
375;"Bauliche Anlage";"Stadt Flensburg";"Flensburg, Stadt";"Große Straße 54";"Kaufmannshof: Seitenflügel";"Seitenflügel; 19. Jh., im Kern älter; zweigeschossiger teilw. geschlämmter Gelbsteinflügel mit Mauerankern und pfannengedecktem Satteldach";"Geschichtlich, Städtebaulich";"gesamtes Objekt";"https://opendata.schleswig-holstein.de/data/denkmalpflege/fotos/375.jpg"
14082;"Bauliche Anlage";"Stadt Flensburg";"Flensburg, Stadt";"Große Straße 56";"Geschäftshaus";"Geschäftshaus; 1897, im Kern älter; um 1810 aus zwei ehem. Giebelhäusern zusammengefasster, 1897 umgebauter dreigeschossiger Putzbau in Ecklage zum Nordermarkt mit pfannengedecktem Walmdach, die urspr. Hausteile als Rückflügel mit Satteldächern erhalten";"Geschichtlich, Städtebaulich";"gesamtes Objekt";"https://opendata.schleswig-holstein.de/data/denkmalpflege/fotos/14082.jpg"
14181;"Bauliche Anlage";"Stadt Flensburg";"Flensburg, Stadt";"Große Straße 57";"Wohn- und Geschäftshaus";"Wohn- und Geschäftshaus; 1912, Baugeschäft Bandholz u. Reeps; fünfgeschossiger Bau mit Satteldach und Putzfassade in Formen der Reformarchitektur, kleiner Dacherker mit Glockendach, zugehöriger Rückflügel mit Lichthof";"Geschichtlich, Künstlerisch, Städtebaulich";"gesamtes Objekt";"https://opendata.schleswig-holstein.de/data/denkmalpflege/fotos/14181.jpg"
128;"Bauliche Anlage";"Stadt Flensburg";"Flensburg, Stadt";"Große Straße 58";"Schrangen";"Alteintragung (Aktualisierung vorgesehen)";"Geschichtlich, Künstlerisch, Städtebaulich";"gesamtes Objekt";"https://opendata.schleswig-holstein.de/data/denkmalpflege/fotos/128.jpg"
1367;"Bauliche Anlage";"Stadt Flensburg";"Flensburg, Stadt";"Große Straße 67";"Wohn- und Geschäftshaus";"Wohn- und Geschäftshaus; 1899, Maurermeister R. West; viergeschossiger Bau mit Berliner Dach und reicher Putzfassade in Neorenaissanceformen, rückwärtiger Gebäudeteil niedriger und schmaler";"Geschichtlich, Künstlerisch, Städtebaulich";"gesamtes Objekt";"https://opendata.schleswig-holstein.de/data/denkmalpflege/fotos/1367.jpg"
1848;"Bauliche Anlage";"Stadt Flensburg";"Flensburg, Stadt";"Große Straße 69";"Kaufmannshof: Vorderhaus";"Vorderhaus; 1852, im Kern 16. Jh.; aus zwei Haustrakten zusammengefasster dreigeschossiger Bau mit 1929 modernisierter verputzter Doppelgiebelfassade und pfannengedeckten Satteldächern, südseitig zum Hof abgewalmt, seitl. Durchfahrt zum Hof";"Geschichtlich, Künstlerisch, Städtebaulich";"gesamtes Objekt";"https://opendata.schleswig-holstein.de/data/denkmalpflege/fotos/1848.jpg"
47538;"Bauliche Anlage";"Stadt Flensburg";"Flensburg, Stadt";"Große Straße 69";"Kaufmannshof: erster nördlicher Seitenflügel";"erster nördlicher Seitenflügel; E. 18. Jh., im Kern wohl 16. Jh.; zweigeschossiger verputzter Backsteinflügel mit Mansarddach, die westl. Achse mit Ladeluken sowie Windenerker";"Geschichtlich, Städtebaulich";"gesamtes Objekt";""
47539;"Bauliche Anlage";"Stadt Flensburg";"Flensburg, Stadt";"Große Straße 69";"Kaufmannshof: zweiter nördlicher Seitenflügel";"zweiter nördlicher Seitenflügel; A. 18. Jh.; zweigeschossiger Backsteinflügel mit geschlämmten Außenmauern und Satteldach, um 1800 nach Westen erweitert";"Geschichtlich, Städtebaulich";"gesamtes Objekt";""
47540;"Bauliche Anlage";"Stadt Flensburg";"Flensburg, Stadt";"Große Straße 69";"Kaufmannshof: erster südlicher Seitenflügel";"erster südlicher Seitenflügel; 18. Jh.; zweigeschossiger geschlämmter Backsteinflügel mit Mansarddach und durch profilierte Kopfbänder betontem Windenlukengiebel";"Geschichtlich, Städtebaulich";"gesamtes Objekt";""
47541;"Bauliche Anlage";"Stadt Flensburg";"Flensburg, Stadt";"Große Straße 69";"Kaufmannshof: zweiter südlicher Seitenflügel";"zweiter südlicher Seitenflügel; 18. Jh.; eingeschossiges Backsteinwohnhaus mit geschlämmten Außenmauern und pfannengedecktem halbem Bohlendach auf Balkenköpfen";"Geschichtlich, Städtebaulich";"gesamtes Objekt";""
47542;"Bauliche Anlage";"Stadt Flensburg";"Flensburg, Stadt";"Große Straße 69";"Kaufmannshof: Quergebäude";"Quergebäude; 1899, Zimmermeister Andreas Fabian; ehem. private Töchterschule mit Turnsaal, dreigeschossiger geschlämmter Backsteinbau mit flachem Pultdach";"Geschichtlich, Städtebaulich";"gesamtes Objekt";""
380;"Bauliche Anlage";"Stadt Flensburg";"Flensburg, Stadt";"Große Straße 71";"Handwerkerhof: Seitenflügel";"Seitenflügel; 19. Jh.; zweigeschossiger geschlämmter Backsteinflügel mit Pultdach und Gurtgesims in Form eines Deutschen Bandes";"Geschichtlich, Städtebaulich";"gesamtes Objekt";""
1830;"Bauliche Anlage";"Stadt Flensburg";"Flensburg, Stadt";"Große Straße 71";"Handwerkerhof: Vorderhaus";"Vorderhaus; 1883, Techniker E. George; dreieinhalbgeschossiger geschlämmter Backsteinbau mit pfannengedecktem Satteldach und spätklassizistischer Putzfassade mit geschultertem Dreieckgiebel und Firstzinne, rückwärtig zugehöriger Wohnflügel";"Geschichtlich, Städtebaulich";"gesamtes Objekt";"https://opendata.schleswig-holstein.de/data/denkmalpflege/fotos/1830.jpg"
47543;"Bauliche Anlage";"Stadt Flensburg";"Flensburg, Stadt";"Große Straße 71";"Handwerkerhof: Quergebäude";"Quergebäude; 1. H. 19. Jh.; ehem. Packhaus, zweigeschossiger geschlämmter Backsteinbau mit Satteldach und Kranerker";"Geschichtlich, Städtebaulich";"gesamtes Objekt";""
153;"Bauliche Anlage";"Stadt Flensburg";"Flensburg, Stadt";"Große Straße 73";"Handwerkerhof: Rückflügel";"Rückflügel; 17./18. Jh.; zweigeschossiger geschlämmter Flügelbau mit massivem Erdgeschoss und über abgerundeten Balkenköpfen vorkragendem Fachwerkobergeschoss unter flach geneigtem Satteldach";"Geschichtlich, Städtebaulich";"gesamtes Objekt";""
381;"Bauliche Anlage";"Stadt Flensburg";"Flensburg, Stadt";"Große Straße 73";"Handwerkerhof: Seitenflügel";"Seitenflügel; um 1800; zweigeschossiger geschlämmter Backsteinbau pfannengedecktem halbem Bohlendach";"Geschichtlich, Städtebaulich";"gesamtes Objekt";""
1849;"Bauliche Anlage";"Stadt Flensburg";"Flensburg, Stadt";"Große Straße 73";"Handwerkerhof: Vorderhaus";"Vorderhaus; dat. 1724, im Kern älter; zweigeschossiges Giebelhaus mit pfannengedecktem Satteldach und barocker Putzfassade mit Schweifgiebel, die Traufseite in Fachwerk mit auf profilierten Balkenköpfen vorgekragtem Obergeschoss";"Geschichtlich, Künstlerisch, Städtebaulich";"gesamtes Objekt";"https://opendata.schleswig-holstein.de/data/denkmalpflege/fotos/1849.jpg"
32231;"Bauliche Anlage";"Stadt Flensburg";"Flensburg, Stadt";"Große Straße 73";"Handwerkerhof: Quergebäude";"Quergebäude; 2. H. 19. Jh.; zweigeschossiger geschlämmter Backsteinbau mit pfannengedecktem Satteldach und Gesimsgliederung";"Geschichtlich, Städtebaulich";"gesamtes Objekt";""
130;"Bauliche Anlage";"Stadt Flensburg";"Flensburg, Stadt";"Große Straße 75";"Kaufmannshof: Vorderhaus";"Vorderhaus; im Kern 17. Jh.; zweigeschossiger Fachwerkbau mit pfannengedecktem Satteldach und jüngerer Putzfassade mit Giebelaufsatz, seitl. flache Utlucht";"Geschichtlich, Künstlerisch, Städtebaulich";"gesamtes Objekt";"https://opendata.schleswig-holstein.de/data/denkmalpflege/fotos/130.jpg"
154;"Bauliche Anlage";"Stadt Flensburg";"Flensburg, Stadt";"Große Straße 75";"Kaufmannshof: Quergebäude";"Quergebäude; A. 18. Jh.; ehem. Stallgebäude, eingeschossiger geschlämmter Backsteinbau mit heute flachgeneigtem Pultdach und korbbogigen Toren";"Geschichtlich, Städtebaulich";"gesamtes Objekt";"https://opendata.schleswig-holstein.de/data/denkmalpflege/fotos/154.jpg"
382;"Bauliche Anlage";"Stadt Flensburg";"Flensburg, Stadt";"Große Straße 75";"Kaufmannshof: zweiter Seitenflügel";"zweiter Seitenflügel; um 1700; zweigeschossiger Flügelbau mit pfannengedecktem Satteldach und weit vorkragendem Fachwerkobergeschoss.";"Geschichtlich, Städtebaulich";"gesamtes Objekt";"https://opendata.schleswig-holstein.de/data/denkmalpflege/fotos/382.jpg"
29762;"Bauliche Anlage";"Stadt Flensburg";"Flensburg, Stadt";"Große Straße 75";"Kaufmannshof: Rückflügel";"Rückflügel; 16./17. Jh.; rückseitig an das Vorderhaus anschließender zweigeschossiger Flügelbau mit Fachwerkobergeschoss und pfannengedecktem Satteldach";"Geschichtlich, Städtebaulich";"gesamtes Objekt";""
29763;"Bauliche Anlage";"Stadt Flensburg";"Flensburg, Stadt";"Große Straße 75";"Kaufmannshof: erster Seitenflügel";"erster Seitenflügel; im Kern um 1700; dreigeschossiger Flügelbau mit leicht vorkragenden Fachwerkobergeschossen und flachgeneigtem Satteldach, jüngere Aufstockung";"Geschichtlich, Städtebaulich";"gesamtes Objekt";"https://opendata.schleswig-holstein.de/data/denkmalpflege/fotos/29763.jpg"
131;"Bauliche Anlage";"Stadt Flensburg";"Flensburg, Stadt";"Große Straße 77";"Wohn- und Geschäftshaus";"Wohn- und Geschäftshaus; 1868/69, Arch. Johannes Otzen; dreigeschossiger Backsteinbau auf hohem granitverkleidetem Sockelgeschoss mit Satteldach und aufwändig gestalteter Fassade in Neogotischen Formen, mittig breiter Dacherker mit Fialengiebel sowie sandsteinerner Kastenerker mit Altan, rückseitig zugehöriger Hofflügel";"Geschichtlich, Künstlerisch, Städtebaulich";"gesamtes Objekt";"https://opendata.schleswig-holstein.de/data/denkmalpflege/fotos/131.jpg"
47550;"Bauliche Anlage";"Stadt Flensburg";"Flensburg, Stadt";"Große Straße 77";"Schornstein";"Schornstein; 1908; zur ehem. Brotfabrik Lorenz Rerup gehörender hoher Rundschlot aus kleinen gelben Ziegeln, stellenweise Zierbänderung in dunklerem Ziegel";"Geschichtlich, Städtebaulich";"gesamtes Objekt";"https://opendata.schleswig-holstein.de/data/denkmalpflege/fotos/47550.jpg"
132;"Bauliche Anlage";"Stadt Flensburg";"Flensburg, Stadt";"Große Straße 79";"Wohn- und Geschäftshaus";"Wohn- und Geschäftshaus; 1895, Zimmermeister Andreas Fabian; viergeschossiger Bau mit ausgebautem Berliner Dach und reicher historisierender Putzfassade, teilw. mit Klinkerblendfeldern, außermittig dreigeschossiger Kastenerker mit Turmaufsatz, rückwärtig zugehöriger Hofflügel";"Geschichtlich, Künstlerisch, Städtebaulich";"gesamtes Objekt";"https://opendata.schleswig-holstein.de/data/denkmalpflege/fotos/132.jpg"
14304;"Bauliche Anlage";"Stadt Flensburg";"Flensburg, Stadt";"Große Straße 81";"Wohn- und Geschäftshaus";"Wohn- und Geschäftshaus; 1897, Zimmermeister Andreas Fabian; viergeschossiger Bau mit ausgebautem Berliner Dach und historisierender Putzfassade, außermittig dreigeschossiger Polygonalerker mit abschließendem Volutengiebel, rückwärtig zugehöriger niedrigerer Hofflügel";"Geschichtlich, Künstlerisch, Städtebaulich";"gesamtes Objekt";"https://opendata.schleswig-holstein.de/data/denkmalpflege/fotos/14304.jpg"
8517;"Bauliche Anlage";"Stadt Flensburg";"Flensburg, Stadt";"Große Straße 83";"Kaufmannshof: Querspeicher";"Querspeicher; um 1820; dreigeschossiger geschlämmter Backsteinquerbau mit pfannengedecktem Satteldach, in der linken Achse segmentbogiges Einfahrtstor und kleiner ehem. Lukengiebel";"Geschichtlich, Städtebaulich";"gesamtes Objekt";"https://opendata.schleswig-holstein.de/data/denkmalpflege/fotos/8517.jpg"
14216;"Bauliche Anlage";"Stadt Flensburg";"Flensburg, Stadt";"Große Straße 83";"Kaufmannshof: Vorderhaus";"Vorderhaus; im Kern 14./15. Jh.; mehrfach veränderter dreigeschossiger Bau mit wesentlich jüngerer, durch Kolossalpilaster gegliederter Putzfassade und gemeinsamem pfannengedecktem Walmdach mit Nachbargebäude Nr. 85";"Geschichtlich, Städtebaulich";"gesamtes Objekt";"https://opendata.schleswig-holstein.de/data/denkmalpflege/fotos/14216.jpg"
47568;"Bauliche Anlage";"Stadt Flensburg";"Flensburg, Stadt";"Große Straße 83";"Kaufmannshof: erster Seitenflügel";"erster Seitenflügel; im Kern um 1700; dreigeschossiger geschlämmter Flügelbau mit Satteldach";"Geschichtlich, Städtebaulich";"gesamtes Objekt";""
14196;"Bauliche Anlage";"Stadt Flensburg";"Flensburg, Stadt";"Große Straße 85";"Kaufmannshof: zweiter Seitenflügel";"zweiter Seitenflügel; 1765; zweigeschossiger geschlämmter Backsteinflügel mit Satteldach";"Geschichtlich, Städtebaulich";"gesamtes Objekt";""
35720;"Bauliche Anlage";"Stadt Flensburg";"Flensburg, Stadt";"Große Straße 85";"Kaufmannshof: erster Seitenflügel";"erster Seitenflügel; im Kern 16. Jh.; dreigeschossiger geschlämmter Flügelbau mit pfannengedecktem Satteldach.";"Geschichtlich, Städtebaulich";"gesamtes Objekt";""
47577;"Bauliche Anlage";"Stadt Flensburg";"Flensburg, Stadt";"Große Straße 85";"Kaufmannshof: Vorderhaus";"Vorderhaus; im Kern 16. Jh.; mehrfach veränderter dreigeschossiger Bau mit wesentlich jüngerer, durch Kolossalpilaster gegliederter Putzfassade und gemeinsamem pfannengedecktem Walmdach mit Nachbargebäude Nr. 83";"Geschichtlich, Städtebaulich";"gesamtes Objekt";"https://opendata.schleswig-holstein.de/data/denkmalpflege/fotos/47577.jpg"
384;"Bauliche Anlage";"Stadt Flensburg";"Flensburg, Stadt";"Große Straße 87";"Kaufmannshof: Vorderhaus";"Vorderhaus; 1892; viergeschossiger Putzbau mit Berliner Dach und Fassade in Neorenaissanceformen, im EG Ladeneinbau";"Geschichtlich, Künstlerisch, Städtebaulich";"gesamtes Objekt";"https://opendata.schleswig-holstein.de/data/denkmalpflege/fotos/384.jpg"
35726;"Bauliche Anlage";"Stadt Flensburg";"Flensburg, Stadt";"Große Straße 87 a";"Kaufmannshof: erster Seitenflügel";"erster Seitenflügel; im Kern 16. Jh.; zweigeschossiger geschlämmter Flügelbau aus Klosterziegeln im Blockverband mit pfannengedecktem Satteldach";"Geschichtlich, Städtebaulich";"gesamtes Objekt";""
35727;"Bauliche Anlage";"Stadt Flensburg";"Flensburg, Stadt";"Große Straße 87 b";"Kaufmannshof: zweiter Seitenflügel";"zweiter Seitenflügel; im Kern 16. Jh.; zweigeschossiger geschlämmter Flügelbau mit stark vorkragendem Fachwerkobergeschoss und  pfannengedecktem Satteldach";"Geschichtlich, Städtebaulich";"gesamtes Objekt";"https://opendata.schleswig-holstein.de/data/denkmalpflege/fotos/35727.jpg"
35728;"Bauliche Anlage";"Stadt Flensburg";"Flensburg, Stadt";"Große Straße 87";"Kaufmannshof: dritter Seitenflügel";"dritter Seitenflügel; E. 19. Jh.; zweigeschossiger geschlämmter Flügelbau mit Pultdach";"Geschichtlich, Städtebaulich";"gesamtes Objekt";"https://opendata.schleswig-holstein.de/data/denkmalpflege/fotos/35728.jpg"
35729;"Bauliche Anlage";"Stadt Flensburg";"Flensburg, Stadt";"Große Straße 87";"Kaufmannshof: Quergebäude";"Quergebäude; 1881, Maurermeister Ludwig Lüttjohann; dreigeschossiges geschlämmtes Hinterhaus mit pfannengedecktem Satteldach und zeittypischer Backsteingliederung";"Geschichtlich, Städtebaulich";"gesamtes Objekt";"https://opendata.schleswig-holstein.de/data/denkmalpflege/fotos/35729.jpg"
47580;"Bauliche Anlage";"Stadt Flensburg";"Flensburg, Stadt";"Große Straße 89";"Handwerkerhof: Vorderhaus";"Vorderhaus; um 1860/70; zweigeschossiger Bau mit flachgeneigtem Satteldach und schlichter Putzfassade in spätklassizistischen Formen, im EG Ladeneinbau, rückwärtig zugehöriger Hofflügel";"Geschichtlich, Städtebaulich";"gesamtes Objekt";"https://opendata.schleswig-holstein.de/data/denkmalpflege/fotos/47580.jpg"
28574;"Bauliche Anlage";"Stadt Flensburg";"Flensburg, Stadt";"Gutenbergstraße 12";"Versandhaus Beate Uhse";"Alteintragung (Aktualisierung vorgesehen)";"Geschichtlich, Künstlerisch";"Alteintragung (Aktualisierung vorgesehen)";"https://opendata.schleswig-holstein.de/data/denkmalpflege/fotos/28574.jpg"
10397;"Bauliche Anlage";"Stadt Flensburg";"Flensburg, Stadt";"Hafendamm 42";"Wohnhaus";"Alteintragung (Aktualisierung vorgesehen)";"Geschichtlich, Künstlerisch, Städtebaulich";"gesamtes Objekt";"https://opendata.schleswig-holstein.de/data/denkmalpflege/fotos/10397.jpg"
7677;"Bauliche Anlage";"Stadt Flensburg";"Flensburg, Stadt";"Hafendamm 46";"Villa";"Villa; 1886, F. Göttsch; ehemaliges Wohnhaus des Betriebsdirektors der Kreisbahn Flensburg-Kappeln, frei stehende zweigeschossige Backsteinvilla mit ausgebautem schiefergedecktem Mansarddach, Fassaden durch Risalite und reichen Putzdekor in Formen der Neurenaissance gegliedert, stumpfe Ecke mit turmartig überhöhtem Kastenerker und steilem Helmdach";"Geschichtlich, Künstlerisch, Städtebaulich";"gesamtes Objekt";"https://opendata.schleswig-holstein.de/data/denkmalpflege/fotos/7677.jpg"
14341;"Bauliche Anlage";"Stadt Flensburg";"Flensburg, Stadt";"Hafendamm 53 - 54";"Mietwohnungshaus";"Mietwohnungshaus; 1886-87, 1893, Alexander Wilhelm Prale; repräsentatives dreigeschossiges Doppelhaus, reich gegliederte Gelbsteinfassaden mit Werksteinelementen";"Geschichtlich, Künstlerisch, Städtebaulich";"gesamtes Objekt";"https://opendata.schleswig-holstein.de/data/denkmalpflege/fotos/14341.jpg"
45463;"Bauliche Anlage";"Stadt Flensburg";"Flensburg, Stadt";"Hafendamm";"Eisenbahn-Doppelbrücke";"Eisenbahn-Doppelbrücke; 1929; auf Anlage der Hafenbahn um 1852-54 zurückgehend, genietete Eisenkonstruktion mit gemauerten Widerlagern in rotem Backstein, teils Stahlbeton mit Scharrierungen";"Geschichtlich, Städtebaulich, Technisch";"gesamtes Objekt";"https://opendata.schleswig-holstein.de/data/denkmalpflege/fotos/45463.jpg"
14373;"Bauliche Anlage";"Stadt Flensburg";"Flensburg, Stadt";"Hafermarkt 10";"Wohn- und Geschäftshaus";"Wohn- und Geschäftshaus; 1888, Maurermeister Behrendsen; dreigeschossiger Putzbau in Ecklage zu Hafermarkt und Heinrichstraße, Fassaden in aufwendiger spätklassizistischer Gestaltung, stumpfe Ecke durch Kolossalpilaster betont, an Schmalseite breiter Dacherker mit Segmentgiebel";"Geschichtlich, Künstlerisch, Städtebaulich";"Wohn- und Geschäftshaus, ";"https://opendata.schleswig-holstein.de/data/denkmalpflege/fotos/14373.jpg"
14380;"Bauliche Anlage";"Stadt Flensburg";"Flensburg, Stadt";"Harniskai 4";"ehem. Hübsch-Speicher";"ehem. Hübsch-Speicher; 1939, Fr. Wucherpfennig; sechsgeschossiger Hochsilo mit Klinkerfassade und Walmdach, zweigeschossiges Lagerhaus nach Süden anschließend, an Nordseite Betonsilo von 1961-63; technische Ausstattung aus der Bauzeit";"Geschichtlich, Kulturlandschaftlich, Städtebaulich, Technisch";"gesamtes Objekt";"https://opendata.schleswig-holstein.de/data/denkmalpflege/fotos/14380.jpg"
8153;"Bauliche Anlage";"Stadt Flensburg";"Flensburg, Stadt";"Harniskai 22";"sog. Habro-Speicher";"Alteintragung (Aktualisierung vorgesehen)";"Geschichtlich, Kulturlandschaftlich, Technisch";"gesamtes Objekt";"https://opendata.schleswig-holstein.de/data/denkmalpflege/fotos/8153.jpg"
22677;"Bauliche Anlage";"Stadt Flensburg";"Flensburg, Stadt";"Harniskai";"Vollportalkran";"Alteintragung (Aktualisierung vorgesehen)";"Geschichtlich, Städtebaulich, Technisch, Wissenschaftlich";"gesamtes Objekt";"https://opendata.schleswig-holstein.de/data/denkmalpflege/fotos/22677.jpg"
181;"Bauliche Anlage";"Stadt Flensburg";"Flensburg, Stadt";"Harrisleer Straße 2";"Eckhaus";"Alteintragung (Aktualisierung vorgesehen)";"Geschichtlich, Städtebaulich";"Alteintragung (Aktualisierung vorgesehen)";"https://opendata.schleswig-holstein.de/data/denkmalpflege/fotos/181.jpg"
7625;"Bauliche Anlage";"Stadt Flensburg";"Flensburg, Stadt";"Hebbelstraße 1";"Villa";"Villa; 1912, Arch. Albert Bühler; zweigeschossiger Backsteinbau mit steilem Satteldach, expressionistischer Heimatschutzstil, ursprüngliche Grundrissstruktur und originale Raumausstattung erhalten";"Geschichtlich, Künstlerisch, Städtebaulich";"gesamtes Objekt";"https://opendata.schleswig-holstein.de/data/denkmalpflege/fotos/7625.jpg"
7626;"Bauliche Anlage";"Stadt Flensburg";"Flensburg, Stadt";"Hebbelstraße 11";"Villa Sturmfried";"Alteintragung (Aktualisierung vorgesehen)";"Geschichtlich, Künstlerisch, Städtebaulich";"gesamtes Objekt";""
9623;"Bauliche Anlage";"Stadt Flensburg";"Flensburg, Stadt";"Heiligengeistgang 4 - 6";"Gemeindehaus von St. Marien";"Alteintragung (Aktualisierung vorgesehen)";"Geschichtlich, Künstlerisch, Städtebaulich";"gesamtes Objekt";"https://opendata.schleswig-holstein.de/data/denkmalpflege/fotos/9623.jpg"
14046;"Bauliche Anlage";"Stadt Flensburg";"Flensburg, Stadt";"Heiligengeistgang 9";"Wohnhaus";"Wohnhaus; um 1875; traufständiges neunachsiges Backsteinwohnhaus mit zwei Geschossen, geschlämmte Fassade gegliedert durch stichbogige Fensterpaare, geschossteilendes Deutsches Band, Satteldach";"Geschichtlich, Städtebaulich";"gesamtes Objekt";"https://opendata.schleswig-holstein.de/data/denkmalpflege/fotos/14046.jpg"
8968;"Bauliche Anlage";"Stadt Flensburg";"Flensburg, Stadt";"Heinrich-Schuldt-Straße 7";"Villa";"Alteintragung (Aktualisierung vorgesehen)";"Geschichtlich, Künstlerisch, Städtebaulich";"gesamtes Objekt";"https://opendata.schleswig-holstein.de/data/denkmalpflege/fotos/8968.jpg"
1831;"Bauliche Anlage";"Stadt Flensburg";"Flensburg, Stadt";"Heinrichstraße 19";"ehem. Amtsverwalterhaus (Nebengebäude)";"Alteintragung (Aktualisierung vorgesehen)";"Geschichtlich, Künstlerisch, Städtebaulich";"Alteintragung (Aktualisierung vorgesehen)";"https://opendata.schleswig-holstein.de/data/denkmalpflege/fotos/1831.jpg"
14436;"Bauliche Anlage";"Stadt Flensburg";"Flensburg, Stadt";"Heinrichstraße 21";"Ortskrankenkasse";"Ortskrankenkasse der Stadt Flensburg; 1930/31, Architekt Karl Bernt; dreigeschossiger Klinkerbau in Ecklage mit Walmdach; anspruchsvolle Klinkerornamentik, Haupteingang mit Freitreppe und weit auskragendem Vordach betont";"Geschichtlich, Künstlerisch, Städtebaulich";"gesamtes Objekt";"https://opendata.schleswig-holstein.de/data/denkmalpflege/fotos/14436.jpg"
1832;"Bauliche Anlage";"Stadt Flensburg";"Flensburg, Stadt";"Heinrichstraße 34";"Industrie- und Handelskammer";"Alteintragung (Aktualisierung vorgesehen)";"Geschichtlich, Künstlerisch, Städtebaulich";"gesamtes Objekt";"https://opendata.schleswig-holstein.de/data/denkmalpflege/fotos/1832.jpg"
45462;"Bauliche Anlage";"Stadt Flensburg";"Flensburg, Stadt";"Heinrichstraße";"Eisenbahnbrücke";"Eisenbahnbrücke; 1929; auf Anlage der Hafenbahn um 1852-54 zurückgehend, genietete Eisenkonstruktion mit Widerlagern in Stahlbeton, scharrierte Oberflächen";"Geschichtlich, Städtebaulich, Technisch";"gesamtes Objekt";"https://opendata.schleswig-holstein.de/data/denkmalpflege/fotos/45462.jpg"
9114;"Bauliche Anlage";"Stadt Flensburg";"Flensburg, Stadt";"Hermann-Löns-Weg 2";"Einfamilienhaus";"Einfamilienhaus; 1935, Entwurf Friedrich Tietje; eingeschossiger giebelständiger Backsteinbau über Natursteinsockel, Satteldach, mittig kastenförmiger Standerker, seitlich Eingang mit doppelläufiger Freitreppe, bauzeitliche Ausstattung, Einfriedung";"Geschichtlich, Künstlerisch, Städtebaulich";"Einfamilienhaus, Einfriedung";"https://opendata.schleswig-holstein.de/data/denkmalpflege/fotos/9114.jpg"
9116;"Bauliche Anlage";"Stadt Flensburg";"Flensburg, Stadt";"Hermann-Löns-Weg 16";"Wohnhaus";"Wohnhaus; 1936, Architekt Fritz Höger; eingeschossiger traufständiger Backsteinbau, Satteldach mit breiter Gaube, Straßenfront mit angeschleppten Seitenrisaliten; Gartenpavillon; Einfriedung";"Geschichtlich, Künstlerisch, Städtebaulich";"Wohnhaus, Einfriedung";"https://opendata.schleswig-holstein.de/data/denkmalpflege/fotos/9116.jpg"
28015;"Bauliche Anlage";"Stadt Flensburg";"Flensburg, Stadt";"Hermann-Löns-Weg 16";"Gartenpavillon";"Gartenpavillon; 19. Jh.; translozierter hölzerner Rundpavillon, spätklassizistische Formen mit Säulen toskanischer Ordnung, flaches kegelförmiges Dach, Innenkonstruktion mit Hängezapfen, Fliesenboden um 1900";"Geschichtlich, Künstlerisch, Städtebaulich";"gesamtes Objekt";""
9117;"Bauliche Anlage";"Stadt Flensburg";"Flensburg, Stadt";"Hermann-Löns-Weg 18";"Einfamilienhaus";"Einfamilienhaus; 1934, Architekt Karl Bernt; eingeschossiger traufständiger Backsteinbau mit Satteldach, plastische Gliederung durch umlaufende horizontale Backsteinbänder; Einfriedung";"Geschichtlich, Künstlerisch, Städtebaulich";"Einfamilienhaus, Einfriedung";"https://opendata.schleswig-holstein.de/data/denkmalpflege/fotos/9117.jpg"
9118;"Bauliche Anlage";"Stadt Flensburg";"Flensburg, Stadt";"Hermann-Löns-Weg 24";"Einfamilienhaus";"Einfamilienhaus; 1934, Architekt Friedrich Tietje; eingeschossiger giebelständiger Backsteinbau mit Satteldach, straßenseitig polygonaler Standerker, Formen des sachlichen Heimatschutzstils; Einfriedung";"Geschichtlich, Künstlerisch, Städtebaulich";"gesamtes Äußeres, Einfriedung";"https://opendata.schleswig-holstein.de/data/denkmalpflege/fotos/9118.jpg"
9120;"Bauliche Anlage";"Stadt Flensburg";"Flensburg, Stadt";"Hermann-Löns-Weg 31";"Einfamilienhaus";"Einfamilienhaus; 1936, Architekt Georg Rieve; eingeschossiger traufständiger Backsteinbau mit Satteldach, asymmetrische Gliederung und aufwändige Backsteinornamentik im Detail";"Geschichtlich, Künstlerisch, Städtebaulich";"gesamtes Objekt";"https://opendata.schleswig-holstein.de/data/denkmalpflege/fotos/9120.jpg"
9123;"Bauliche Anlage";"Stadt Flensburg";"Flensburg, Stadt";"Hermann-Löns-Weg 35";"Wohnhaus";"Einfamilienhaus; 1935 Architekt Guido Widmann; eingeschossiger giebelständiger Backsteinbau mit steilem Satteldach, sachliche Heimatschutzformen, Backsteinornamentik; Einfriedung";"Geschichtlich, Künstlerisch, Städtebaulich";"Wohnhaus, Einfriedung";"https://opendata.schleswig-holstein.de/data/denkmalpflege/fotos/9123.jpg"
1833;"Bauliche Anlage";"Stadt Flensburg";"Flensburg, Stadt";"Holm 1 - 3";"sog. Gnomenkeller";"sog Gnomenkeller; im Kern gotisch; zusammengefasste Kellerabschnitte mit Kreuzrippen und Tonnengewölben, Ausmalung in Gewölbezwickeln und an den Wänden durch verschiedene Künstler";"Geschichtlich, Künstlerisch";"sog. Gnomenkeller, ";"https://opendata.schleswig-holstein.de/data/denkmalpflege/fotos/1833.jpg"
26766;"Bauliche Anlage";"Stadt Flensburg";"Flensburg, Stadt";"Holm 1 - 3";"Geschäftshaus";"Geschäftshaus; 1907, Magnus Schlichting; viergeschossiges Eckgebäude mit Natursteinfassade im Erdgeschoss und 1. Obergeschoss, 2. und 3. Obergeschoss Putzfassade, südl. über Traufe aufragendes Dachgeschoss mit Flachdach, stumpfe Ecke mit turmartigem Dachaufsatz, nordöstliches, flaches Satteldach, regelmäßige Fensterreihung";"Geschichtlich, Städtebaulich";"gesamtes Objekt";"https://opendata.schleswig-holstein.de/data/denkmalpflege/fotos/26766.jpg"
1834;"Bauliche Anlage";"Stadt Flensburg";"Flensburg, Stadt";"Holm 10";"Wohnhaus Christiansen";"Wohnhaus Christiansen (Stadtsparkasse); 1853, Laurits Albert Winstrup; viergeschossiges Backsteintraufenhaus im Stil niederländischer Renaissance, freistehender Nordgiebel, Fassade mit Mittelrisalit und gestuftem Zwerchgiebel, Fenster mit verschiedenartigen Putzrahmen, Rückflügel";"Geschichtlich, Künstlerisch, Städtebaulich";"Wohnhaus Christiansen, ";"https://opendata.schleswig-holstein.de/data/denkmalpflege/fotos/1834.jpg"
85;"Bauliche Anlage";"Stadt Flensburg";"Flensburg, Stadt";"Holm 12";"Bankgebäude";"Bankgebäude; 1911/12, H. Ross; viergeschossiges Traufenhaus mit Kolossalhalbsäulengliederung im barock-klassizistischen Heimatstil, zurückspringender giebelbekrönter Mittelrisalit mit Altan, zwei seitliche Rückflügel";"Geschichtlich, Künstlerisch, Städtebaulich";"gesamtes Äußeres";"https://opendata.schleswig-holstein.de/data/denkmalpflege/fotos/85.jpg"
88;"Bauliche Anlage";"Stadt Flensburg";"Flensburg, Stadt";"Holm 13";"Ratsapotheke: Seitenflügel";"Seitenflügel; 19. Jh.; ehem. dreigeschossiger Seitenflügel, aufgestockt, Flachdach";"Geschichtlich, Künstlerisch, Städtebaulich";"gesamtes Objekt";""
1844;"Bauliche Anlage";"Stadt Flensburg";"Flensburg, Stadt";"Holm 13";"Ratsapotheke: Vorderhaus";"Vorderhaus; 1620, 18. Jh.; spätgotisches unterkellertes Giebelhaus mit dreiachsiger Putzfassade mit Portalrisalit, Mittelportal z.T. erhalten, im Sprenggiebel Einhornskulptur, abgewalmtes Dach, zweischiffiger tonnengewölbter Keller";"Geschichtlich, Künstlerisch, Städtebaulich";"gesamtes Objekt";"https://opendata.schleswig-holstein.de/data/denkmalpflege/fotos/1844.jpg"
1845;"Bauliche Anlage";"Stadt Flensburg";"Flensburg, Stadt";"Holm 13";"Ratsapotheke: Rückflügel";"Rückflügel; 18.Jh.; ehem. dreigeschossiger Saalbau mit hohem Satteldach, im Erdgeschoss Reste eines Saales mit Stuckdecke";"Geschichtlich, Künstlerisch, Städtebaulich";"gesamtes Objekt";""
99;"Bauliche Anlage";"Stadt Flensburg";"Flensburg, Stadt";"Holm 15";"Kaufmannshof: Rückflügel";"Kaufmannshof: Rückflügel; 1712, spätgotischer Kern; zweigeschossiger Saalbau von zwei Achsen aus Rot- und Gelbstein, Dreieckgiebel mit flachbogigen Luken und Firstzinne, kreuzgewölbter Keller";"Geschichtlich, Städtebaulich";"gesamtes Objekt";"https://opendata.schleswig-holstein.de/data/denkmalpflege/fotos/99.jpg"
387;"Bauliche Anlage";"Stadt Flensburg";"Flensburg, Stadt";"Holm 15";"Kaufmannshof: Seitenflügel";"Kaufmannshof: Seitenflügel; 1712; zweigeschossiger Bau aus Rot-u. Gelbstein (jung), gotischer Mauerverband (alt), spätgotischer Keller mit Kreuzgewölben über Mittelstütze, gereihte doppelflügelige Zargenfenster, Kranerker";"Geschichtlich, Künstlerisch, Städtebaulich";"gesamtes Objekt";"https://opendata.schleswig-holstein.de/data/denkmalpflege/fotos/387.jpg"
1835;"Bauliche Anlage";"Stadt Flensburg";"Flensburg, Stadt";"Holm 15";"Kaufmannshof: Vorderhaus";"Kaufmannshof: Vorderhaus; spätgotischer Kern, 1938, Georg Rieve; zweigeschossiger giebelständiger Backsteinbau mit Firstzinne, südlich um Eingang und Treppenhaus erweitert, Balkon mit geschweifter Gitterbrüstung";"Geschichtlich, Künstlerisch, Städtebaulich";"gesamtes Objekt";"https://opendata.schleswig-holstein.de/data/denkmalpflege/fotos/1835.jpg"
146;"Bauliche Anlage";"Stadt Flensburg";"Flensburg, Stadt";"Holm 17";"Kaufmannshof: Vorderhaus";"Kaufmannshof: Vorderhaus; um 1750/60; zweigeschossiges Traufenhaus mit Masarddach, spätbarocke sechsachsige Putzfassade, Rokoko-Pilastergliederung im Obergeschoss, zwei Gauben mit seitlichen Volutenschwüngen und geschweiftem Abschluss";"Geschichtlich, Künstlerisch, Städtebaulich";"Kaufmannshof: Vorderhaus, Torbau";"https://opendata.schleswig-holstein.de/data/denkmalpflege/fotos/146.jpg"
388;"Bauliche Anlage";"Stadt Flensburg";"Flensburg, Stadt";"Holm 17";"Kaufmannshof: erster Seitenflügel";"Kaufmannshof: Erster Seitenflügel; 16. Jh.; zweigeschossiger Saalbau mit eingezogener südwestlicher Ecke, Satteldach, östlich Giebelschornstein, Fassade geschlämmt, vier Achsen im Obergeschoss und zwei große, breite Fenster des Rokokosaals im Erdgeschoss";"Geschichtlich, Städtebaulich";"gesamtes Objekt";"https://opendata.schleswig-holstein.de/data/denkmalpflege/fotos/388.jpg"
389;"Bauliche Anlage";"Stadt Flensburg";"Flensburg, Stadt";"Holm 17";"Kaufmannshof: zweiter Seitenflügel";"Kaufmannshof: Zweiter Seitenflügel; spätes 18. Jh.; zweigeschossiger Backsteinbau mit Satteldach von neun Achsen, im Obergeschoss engreihte hohe Zargenfenster unter Blendbögen, stichbogiger linker Eingang im Erdgeschoss historisch";"Geschichtlich, Städtebaulich";"gesamtes Objekt";"https://opendata.schleswig-holstein.de/data/denkmalpflege/fotos/389.jpg"
390;"Bauliche Anlage";"Stadt Flensburg";"Flensburg, Stadt";"Holm 17";"Kaufmannshof: Quergebäude";"Kaufmannshof: Quergebäude (Borgerforeningen); 1844, Bauinspektor Tielemann; zweigeschossiger Putzbau von sechs Achsen mit Satteldach und Durchgang zum Hof, Hoffassade mit regelmäßig gereihten Fenstern, geschossteilendes Gesims";"Geschichtlich, Städtebaulich";"gesamtes Objekt";"https://opendata.schleswig-holstein.de/data/denkmalpflege/fotos/390.jpg"
391;"Bauliche Anlage";"Stadt Flensburg";"Flensburg, Stadt";"Holm 17";"Kaufmannshof: Rückflügel";"Rückflügel; 16./17. Jh.; zweigeschossiger geschlämmter Backsteinflügel von drei Achsen mit Satteldach, gewölbte Kellerräume, Vorderräume im Obergeschoss im Stil des Louis Seize, Treppenhaus mit beschnitzer Treppe";"Geschichtlich, Städtebaulich";"gesamtes Objekt";"https://opendata.schleswig-holstein.de/data/denkmalpflege/fotos/391.jpg"
300;"Bauliche Anlage";"Stadt Flensburg";"Flensburg, Stadt";"Holm 19 - 21";"Kaufmannshof: Vorderhaus";"Kaufmannshof: Vorderhaus; 16./17. Jh.; siebenachsiger Putz-Breitbau mit Mansarddach, Fassade schlicht spätklassizistisch überformt, geschossteilende Gesimsbänder, zwei halbrunde klassizistische Treppenhäuser";"Geschichtlich, Künstlerisch, Städtebaulich";"gesamtes Objekt";"https://opendata.schleswig-holstein.de/data/denkmalpflege/fotos/300.jpg"
392;"Bauliche Anlage";"Stadt Flensburg";"Flensburg, Stadt";"Holm 19";"Kaufmannshof: nördlicher Rückflügel";"Kaufmannshof: Nördlicher Rückflügel; spätes 16. Jh.; dreigeschossiger Rückflügel aus Backstein mit Akzentuierung durch Gelbstein, im Giebel des Satteldaches teilweise vermauerte stichbogige Luken, zweischiffiger gewölbter Keller";"Geschichtlich, Städtebaulich";"gesamtes Objekt";"https://opendata.schleswig-holstein.de/data/denkmalpflege/fotos/392.jpg"
1846;"Bauliche Anlage";"Stadt Flensburg";"Flensburg, Stadt";"Holm 19";"Kaufmannshof: erster nördlicher Seitenflügel";"Kaufmannshof: Erster nördlicher Seitenflügel; spätes 16. Jh.; zweigeschossiger Gelb- und Rotsteinbau auf hohem Kellergeschoss mit Satteldach, Fenster verändert, stichbogige Luken im Dreieckgiebels zugesetzt, Fachwerkkranerker, zweischiffig gewölbter Keller";"Geschichtlich, Städtebaulich";"gesamtes Objekt";"https://opendata.schleswig-holstein.de/data/denkmalpflege/fotos/1846.jpg"
45973;"Bauliche Anlage";"Stadt Flensburg";"Flensburg, Stadt";"Holm 19";"Kaufmannshof: zweiter nördlicher Seitenflügel";"Kaufmannshof: zweiter nördlicher Seitenflügel; spätes 16. Jh.; zweigeschossiger Rot- und Gelbsteinbau auf hohem Kellergeschoss mit Satteldach, Fenster der Giebel- und Traufseite verändert";"Geschichtlich, Städtebaulich";"gesamtes Objekt";"https://opendata.schleswig-holstein.de/data/denkmalpflege/fotos/45973.jpg"
14224;"Bauliche Anlage";"Stadt Flensburg";"Flensburg, Stadt";"Holm 20";"Wohn- und Geschäftshaus";"Wohn- und Geschäftshaus; 1895, H. Höft; dreigeschossiger Putzbau mit modernisiertem Erdgeschoss, 1. Obergeschoss mit breiten Fenstern zwischen dünnen Pilastern, genutetes 2. Obergeschoss mit ohrengerahmten Fenstern, Konsolgesimse, barockisierende Gauben";"Geschichtlich, Städtebaulich";"gesamtes Objekt";"https://opendata.schleswig-holstein.de/data/denkmalpflege/fotos/14224.jpg"
393;"Bauliche Anlage";"Stadt Flensburg";"Flensburg, Stadt";"Holm 21";"Kaufmannshof: südlicher Seitenflügel";"Kaufmannshof: Südlicher Seitenflügel; spätes 16. Jh.; zweigeschossiger Backsteinflügel mit stichbogigen Kelleröffnungen, großen Fenstern unter Sturzbalken im Hauptgeschoss, Fachwerkkranerker über Ladetor im Obergeschoss, gerundeter Wendeltreppenanbau an östlichen Giebelseite";"Geschichtlich, Künstlerisch, Städtebaulich";"gesamtes Objekt";"https://opendata.schleswig-holstein.de/data/denkmalpflege/fotos/393.jpg"
46424;"Bauliche Anlage";"Stadt Flensburg";"Flensburg, Stadt";"Holm 21";"Kaufmannshof: südlicher Rückflügel";"Kaufmannshof: Südlicher Rückflügel; spätes 16. Jh.; dreigeschossiger Backsteinbau mit Satteldach und weitestgehend veränderten Fensterformen, Akzentuierung durch Gelbstein";"Geschichtlich, Städtebaulich";"gesamtes Objekt";"https://opendata.schleswig-holstein.de/data/denkmalpflege/fotos/46424.jpg"
298;"Bauliche Anlage";"Stadt Flensburg";"Flensburg, Stadt";"Holm 23";"Kaufmannshof: erster Seitenflügel";"Kaufmannshof: Erster Seitenflügel; 18. Jh.; zweigeschossiger Gelbsteinbau, geschlämmt, auf hohem Kellergeschoss, mit Satteldach und östlichem Fachwerkgiebel";"Geschichtlich, Städtebaulich";"gesamtes Objekt";"https://opendata.schleswig-holstein.de/data/denkmalpflege/fotos/298.jpg"
318;"Bauliche Anlage";"Stadt Flensburg";"Flensburg, Stadt";"Holm 23";"Kaufmannshof: Vorderhaus";"Kaufmannshof: Vorderhaus; 17./18. Jh., Fassade 1928, Guido Widmann; zweigeschossiges Giebelhaus mit abgewalmtem Satteldach und Putzfassade, Klosterziegelmauerwerk  an der südlichen Traufseite und gewölbter Keller, Wappenstein der Familie Lüders";"Geschichtlich, Künstlerisch, Städtebaulich";"gesamtes Objekt";"https://opendata.schleswig-holstein.de/data/denkmalpflege/fotos/318.jpg"
394;"Bauliche Anlage";"Stadt Flensburg";"Flensburg, Stadt";"Holm 23";"Kaufmannshof: zweiter Seitenflügel";"Kaufmannshof: Zweiter Seitenflügel; 18. Jh.; zweigeschossiger Gelbsteinbau, geschlämmt, Keller als Vollgeschoss, Obergeschoss in Fachwerk vorkragend, Giebelfront in Fachwerk mit Ziegelmustern";"Geschichtlich, Städtebaulich";"gesamtes Objekt";"https://opendata.schleswig-holstein.de/data/denkmalpflege/fotos/394.jpg"
14225;"Bauliche Anlage";"Stadt Flensburg";"Flensburg, Stadt";"Holm 25";"Wohn- und Geschäftshaus";"Wohn- und Geschäftshaus; 1896, Moritz Pöhler; dreigeschossiger Bau mit aufwendiger Putzfassade, breitem Polygonalerker, Altan, von barockisierenden Gauben flankiertes Zwerchhaus, geschlämmte Rückfront, kurzer südseitiger Flügel gleicher Höhe";"Geschichtlich, Künstlerisch, Städtebaulich";"gesamtes Objekt";"https://opendata.schleswig-holstein.de/data/denkmalpflege/fotos/14225.jpg"
14226;"Bauliche Anlage";"Stadt Flensburg";"Flensburg, Stadt";"Holm 27";"Wohn- und Geschäftshaus";"Wohn- und Geschäftshaus (auch Nikolaistraße 1); 1880/1904, Heinrich Johann Christian Tödten/Magnus Schlichting; viergeschossiger Eckbau mit Putzfassade, dreigeschossigem Konsolenerker mit Dreiecksgiebel u. verblendetem Dachausbau, Walmdach, Fenster mit Pilaster-Gebälk-Rahmung";"Geschichtlich, Künstlerisch, Städtebaulich";"gesamtes Objekt";"https://opendata.schleswig-holstein.de/data/denkmalpflege/fotos/14226.jpg"
139;"Bauliche Anlage";"Stadt Flensburg";"Flensburg, Stadt";"Holm 35";"Kaufmannshof : Vorderhaus";"Kaufmannshof 35: Vorderhaus; 18. Jh./1905, Bandgholz/Reeps; dreigeschossiges Wohn- und Geschäftshaus mit überformter Jungendstilfassade im Erdgeschoss, erkerähnlich vortretende flachrunde, von kassettierten Lisenen eingefassten Achsen, Dach straßenseitig abgewalmt";"Geschichtlich, Künstlerisch, Städtebaulich";"gesamtes Objekt";"https://opendata.schleswig-holstein.de/data/denkmalpflege/fotos/139.jpg"
397;"Bauliche Anlage";"Stadt Flensburg";"Flensburg, Stadt";"Holm 37";"Wohn- und Geschäftshaus";"Wohn- und Geschäftshaus; 1878; zweigeschossiges Giebelhaus, Fassade in Formen der Neurenaissance, System von Pilastern, fensterflankierende kannelierte Halbsäulen, Lisenen, Mitte betont von Figurennische, Sandsteinskulptur eines Knaben auf Sockel";"Geschichtlich, Künstlerisch, Städtebaulich";"gesamtes Objekt";"https://opendata.schleswig-holstein.de/data/denkmalpflege/fotos/397.jpg"
14230;"Bauliche Anlage";"Stadt Flensburg";"Flensburg, Stadt";"Holm 38";"Wohn- und Geschäftshaus";"Wohn- und Geschäftshaus; 1907, Magnus Schlichting, Anton Meyer; Viergeschossiger Putzbau mit ausgebautem Dach, Front in Bauart der Reformarchitektur, flachrunder Erker, rustizierte Lisenen";"Geschichtlich, Städtebaulich";"gesamtes Äußeres";"https://opendata.schleswig-holstein.de/data/denkmalpflege/fotos/14230.jpg"
147;"Bauliche Anlage";"Stadt Flensburg";"Flensburg, Stadt";"Holm 39";"Kaufmannshof: Rückflügel";"Kaufmannshof Holm 39: Rückflügel; 16. Jh.; geschlämmter zweigeschossiger Backsteinflügel mit Satteldach, entkernt, im Obergeschoss korbbogig gerahmte Fenster, Fenster im Erdgeschoss rekonstruiert, zweischiffiger Keller im Inneren";"Geschichtlich, Städtebaulich";"gesamtes Äußeres";"https://opendata.schleswig-holstein.de/data/denkmalpflege/fotos/147.jpg"
1836;"Bauliche Anlage";"Stadt Flensburg";"Flensburg, Stadt";"Holm 39";"Kaufmannshof: Vorderhaus";"Kaufmannshof Holm 39: Vorderhaus; 1853 (Umbau 1984-86); dreigeschossiges Vorderhaus mit flachem Walmdach, spätklassizistische Putzfassade, Ladenzone im Erdgeschoss neu gestaltet, ursprünglicher Gliederung in Obergeschosse, Innen entkernt";"Geschichtlich, Künstlerisch, Städtebaulich";"gesamtes Äußeres";"https://opendata.schleswig-holstein.de/data/denkmalpflege/fotos/1836.jpg"
1837;"Bauliche Anlage";"Stadt Flensburg";"Flensburg, Stadt";"Holm 39";"Kaufmannshof: Seitenflügel";"Kaufmannshof Holm 39: Seitenflügel; 16. Jh.; in leichter Schrägung anlaufender zweiter Flügel mit halbrunden Treppenturm mit Wendeltreppe, im Erdgeschoss Reste einer bemalten bauzeitlichen Holzbalkendecke";"Geschichtlich, Städtebaulich";"gesamtes Objekt";"https://opendata.schleswig-holstein.de/data/denkmalpflege/fotos/1837.jpg"
301;"Bauliche Anlage";"Stadt Flensburg";"Flensburg, Stadt";"Holm 41";"Kaufmannshof: Seitenflügel";"Kaufmannshof Holm 41: Seitenflügel; Kern spätes 15. Jh.; zweigeschossiger Hoftrakt mit Satteldach, zweischiffiger Keller im Inneren";"Geschichtlich, Städtebaulich";"gesamtes Objekt";""
398;"Bauliche Anlage";"Stadt Flensburg";"Flensburg, Stadt";"Holm 41";"Kaufmannshof: Vorderhaus";"Kaufmannshof Holm 41: Vorderhaus; im Kern spätes 15. Jh. (Umbau 1895); zweigeschossiges Backsteinhaus mit neu gestalteter Putzfassade, Satteldach mit Kranluke nach Süden, zweischiffiger Keller";"Geschichtlich, Künstlerisch, Städtebaulich";"gesamtes Objekt";"https://opendata.schleswig-holstein.de/data/denkmalpflege/fotos/398.jpg"
46016;"Bauliche Anlage";"Stadt Flensburg";"Flensburg, Stadt";"Holm 41";"Kaufmannshof: Rückflügel";"Kaufmannshof Holm 41: Rückflügel; Kern spätes 15. Jh.; zweigeschossiger Bau mit Satteldach";"Geschichtlich, Künstlerisch, Städtebaulich";"gesamtes Objekt";""
14231;"Bauliche Anlage";"Stadt Flensburg";"Flensburg, Stadt";"Holm 42";"Wohn- und Geschäftshaus";"Wohn- und Geschäftshaus; 1891, vmtl. Alexander Wilhelm Prale; viergeschossiger Backsteinbau mit reichem Zierfries, Glasurziegel, paarweise stichbogige Fenster im 3. Obergeschoss hervorgehoben durch geputzte Bogenblenden mit feiner vegetabiler Sgraffitomalerei";"Geschichtlich, Künstlerisch, Städtebaulich";"gesamtes Äußeres";"https://opendata.schleswig-holstein.de/data/denkmalpflege/fotos/14231.jpg"
399;"Bauliche Anlage";"Stadt Flensburg";"Flensburg, Stadt";"Holm 43";"Kaufmannshof: Vorderhaus";"Kaufmannshof Holm 43: Vorderhaus; Anfang 18. Jh. (1711); dreigeschossiger Traufenbau, 1870/71 zweites Obergeschoss erhöht, Putzfassade in spätklassizistischer Formgebung vorgelegt, asymmetrisch gegliedert, die beiden linken Achsen turmartig überhöht, geschlämmte Rückfront mit Sandsteintafel, innen zweischiffiger Keller";"Geschichtlich, Künstlerisch, Städtebaulich";"Kaufmannshof: Vorderhaus, Wappentafel";"https://opendata.schleswig-holstein.de/data/denkmalpflege/fotos/399.jpg"
1838;"Bauliche Anlage";"Stadt Flensburg";"Flensburg, Stadt";"Holm 43";"Kaufmannshof: Rückflügel";"Kaufmannshof Holm 43: Rückflügel; frühes 18. Jh.; dreigeschossiger Rückflügel aus Backstein, geschlämmt, an Traufseite mit Zierankern u. Buchstabenankern Dreieckgiebel mit korbbogigen Luken u. Ankerzahlen, mittelalterlicher Keller";"Geschichtlich, Städtebaulich";"Kaufmannshof: Rückflügel, Keller";"https://opendata.schleswig-holstein.de/data/denkmalpflege/fotos/1838.jpg"
1862;"Bauliche Anlage";"Stadt Flensburg";"Flensburg, Stadt";"Holm 45";"Kaufmannshof: Querspeicher";"Kaufmannshof Holm 45: Querspeicher; Ende 19. Jh.; dreigeschossiger verputzter Speicherquerbau mit korbbogigem Durchgang, ehemaliges Ladetor und zweigeschossiger hölzerner Windenerker, hohes Satteldach";"Geschichtlich, Städtebaulich";"gesamtes Objekt";"https://opendata.schleswig-holstein.de/data/denkmalpflege/fotos/1862.jpg"
2781;"Bauliche Anlage";"Stadt Flensburg";"Flensburg, Stadt";"Holm 45";"Kaufmannshof: Vorderhaus";"Kaufmannshof Holm 45: Vorderhaus; 1726; giebelständiges Vorderhaus, im Kern Backsteingiebelhaus des 15./16. Jh., aufgestockt mit barocker Putzfassade, Gliederung 1987/88 wiederhergestellt, Kolossalpilaster, Zahlenanker 1726, zweigeschossiger, geschmückter Schweif- und Volutengiebel, Innen kreuzgewölbter Keller";"Geschichtlich, Künstlerisch, Städtebaulich";"gesamtes Objekt";"https://opendata.schleswig-holstein.de/data/denkmalpflege/fotos/2781.jpg"
2782;"Bauliche Anlage";"Stadt Flensburg";"Flensburg, Stadt";"Holm 45";"Kaufmannshof: zweiter Seitenflügel";"Kaufmannshof Holm 45: zweiter Seitenflügel; 1870; zweieinhalbgeschossiges Werkstattgebäude mit flachem Satteldach, Lagerräume in Obergeschossen, Krangiebel u. Ladetore in Mittelachse";"Geschichtlich, Städtebaulich";"gesamtes Objekt";"https://opendata.schleswig-holstein.de/data/denkmalpflege/fotos/2782.jpg"
19918;"Bauliche Anlage";"Stadt Flensburg";"Flensburg, Stadt";"Holm 45";"Kaufmannshof: erster Seitenflügel";"Kaufmannshof Holm 45: erster Seitenflügel; 16.-17. Jh.; geschlämmter dreigeschossiger Backsteinbau mit Satteldach, im Sockel älteres Mauerwerk, dreiviertelrund vortretender Treppenturm mit Wendeltreppe an Ostseite, zweischiffiger Keller";"Geschichtlich, Städtebaulich";"gesamtes Objekt";"https://opendata.schleswig-holstein.de/data/denkmalpflege/fotos/19918.jpg"
403;"Bauliche Anlage";"Stadt Flensburg";"Flensburg, Stadt";"Holm 47";"Kaufmannshof: Vorderhaus";"Vorderhaus Kaufmannshof Holm 47; Kernbau 16. Jh., Umbauten Anfang 19. u. Anfang 20. Jh.; dreigeschossiger Putzbau mit klassizistischer Fassade aus zwei Hausteilen zusammengelegt, traufständig, Mansarddach mit Mittelzwerchhaus, Gewölbekeller 16. Jh.";"Geschichtlich, Künstlerisch, Städtebaulich";"gesamtes Objekt";"https://opendata.schleswig-holstein.de/data/denkmalpflege/fotos/403.jpg"
1841;"Bauliche Anlage";"Stadt Flensburg";"Flensburg, Stadt";"Holm 47";"Kaufmannshof: südlicher Seitenflügel";"Südlicher Seitenflügel des Kaufmannshofes Holm 47; 16./17. Jh.; zweigeschossiger Fachwerkrückflügel, Obergeschoss und östl. Giebel auf Knaggen auskragend, Kehlenornamente";"Geschichtlich, Städtebaulich";"gesamtes Objekt";"https://opendata.schleswig-holstein.de/data/denkmalpflege/fotos/1841.jpg"
1842;"Bauliche Anlage";"Stadt Flensburg";"Flensburg, Stadt";"Holm 47";"Kaufmannshof: Querspeicher";"Querspeicher Kaufmannshof Holm 47; 18. Jh.; zweigeschossiger geschlämmter Querbau mit Satteldach, zwei Sandsteintafeln seitlich über der Tordurchfahrt eingelassen";"Geschichtlich, Städtebaulich";"gesamtes Objekt";"https://opendata.schleswig-holstein.de/data/denkmalpflege/fotos/1842.jpg"
14232;"Bauliche Anlage";"Stadt Flensburg";"Flensburg, Stadt";"Holm 49 - 51";"Vorderhaus";"Vorderhaus; 1881 (Nr. 51) Gebrüder Hummel, 1900 (Nr. 49) Andreas Fabian, im Kern älter; viergeschossiger Putzbau mit flachem Pultdach, Halbsäulen gerahmte Fensterpaare, aus Mitte verschobener Kastenerker";"Geschichtlich, Städtebaulich";"gesamtes Objekt";"https://opendata.schleswig-holstein.de/data/denkmalpflege/fotos/14232.jpg"
12640;"Bauliche Anlage";"Stadt Flensburg";"Flensburg, Stadt";"Holm 53";"Wohn- und Geschäftshaus";"Wohn- und Geschäftshaus; 1904/05, Magnus Schlichting; viergeschossiger Putzbau mit Backsteinfassade im Erdgeschoss u. 1. Obergeschoss, ausgebautes Dach flach gedeckt, mittiger Erker mit Fachwerkgiebel, Zwerchgiebel über linker Achse";"Geschichtlich, Städtebaulich";"gesamtes Objekt";"https://opendata.schleswig-holstein.de/data/denkmalpflege/fotos/12640.jpg"
10571;"Bauliche Anlage";"Stadt Flensburg";"Flensburg, Stadt";"Holm 56";"Wohn- und Geschäftshaus";"Wohn- und Geschäftshaus; 2. Viertel d. 18. Jh.; Südhälfte eines ehem. zweigeschossigen Fachwerk-Doppelhauses, vorkragendes zweites Obergeschoss, von flachem Dreieckgiebel abgeschlossene zweigeschossige Utlucht";"Geschichtlich, Städtebaulich";"gesamtes Objekt";"https://opendata.schleswig-holstein.de/data/denkmalpflege/fotos/10571.jpg"
302;"Bauliche Anlage";"Stadt Flensburg";"Flensburg, Stadt";"Holm 59";"Kaufmannshof: Vorderhaus";"Kaufmannshof: Vorderhaus, sog. Steinbach-Haus; 18. Jh. (Kern 1632 (d)); Giebelhaus unter Satteldach mit geschlämmter Fassade, vorkragendes Giebeldreieck mit Rundbogenluken und Zierankern";"Geschichtlich, Künstlerisch, Städtebaulich";"gesamtes Objekt";"https://opendata.schleswig-holstein.de/data/denkmalpflege/fotos/302.jpg"
406;"Bauliche Anlage";"Stadt Flensburg";"Flensburg, Stadt";"Holm 59";"Kaufmannshof: Rückflügel";"Kaufmannshof: Rückflügel; 1560 (d); zweistöckiger Fachwerkbau mit Feldsteinsockel und Kehlbalkendach, Füllziegelversatz mit vers. Mustern, Balken auf flachen Kopfbändern, Keller mit Feldsteinmauerwerk";"Geschichtlich, Künstlerisch, Städtebaulich";"gesamtes Objekt";""
13944;"Bauliche Anlage";"Stadt Flensburg";"Flensburg, Stadt";"Holm 60";"Wohn- und Geschäftshaus";"Wohn- und Geschäftshaus; 1880/90; dreigeschossiger Bau mit abgewalmtem Satteldach, spätklassizistischer Putzfassade mit genutetem Erdgeschoss, schlicht gerahmte Fenster in Obergeschoss flacher";"Geschichtlich, Städtebaulich";"gesamtes Objekt";"https://opendata.schleswig-holstein.de/data/denkmalpflege/fotos/13944.jpg"
14233;"Bauliche Anlage";"Stadt Flensburg";"Flensburg, Stadt";"Holm 62";"Wohn- und Geschäftshaus";"Wohn- und Geschäftsgebäude; 1740; zweigeschossiges Giebelhaus mit Satteldach, 1913 Utluchten entfernt, Giebelfront verputzt, Traufwand mit vorkragendem Fachwerkobergeschoss und Zwerchhaus";"Geschichtlich, Städtebaulich";"gesamtes Objekt";"https://opendata.schleswig-holstein.de/data/denkmalpflege/fotos/14233.jpg"
46057;"Bauliche Anlage";"Stadt Flensburg";"Flensburg, Stadt";"Holm 62";"Rückflügel";"Rückflügel; um 1880; zweigeschossiger Backsteinbau mit Bohlenbinderdach";"Geschichtlich, Städtebaulich";"gesamtes Objekt";"https://opendata.schleswig-holstein.de/data/denkmalpflege/fotos/46057.jpg"
48806;"Bauliche Anlage";"Stadt Flensburg";"Flensburg, Stadt";"Holm 62";"südlicher Werkstattflügel (ehem. Möbelfabrik Sauermann)";"südl. Werkstattflügel (ehem. Möbelfabrik Sauermann); 1897, Maurermeister Höft; Nutzung als Werkstattgebäude der ehem. Möbelfabrik Sauermann, zwei- und dreigeschossiger Backsteinbau, Schmuckfassade zum Südergraben";"Geschichtlich, Städtebaulich, Wissenschaftlich";"gesamtes Äußeres";"https://opendata.schleswig-holstein.de/data/denkmalpflege/fotos/48806.jpg"
12638;"Bauliche Anlage";"Stadt Flensburg";"Flensburg, Stadt";"Holm 63";"Wohn- und Geschäftshaus";"Wohn- und Geschäftshaus; 1908, Arch. Karl Bernt; schmaler viergeschossiger Putzbau mit Satteldach und geschweiftem Zwerchgiebel, seitl. flacher Erker, zugehöriger Rückflügel mit Treppenhaus";"Geschichtlich, Künstlerisch, Städtebaulich";"gesamtes Objekt";"https://opendata.schleswig-holstein.de/data/denkmalpflege/fotos/12638.jpg"
14236;"Bauliche Anlage";"Stadt Flensburg";"Flensburg, Stadt";"Holm 64";"Wohn- und Geschäftshaus";"Wohn- und Geschäftshaus; 1894, Moritz Pöhler; viergeschossiger Bau mit Kieler Dach, Fassade in Backsteinsichtmauerwerk und Putzdekor, verputzter Kastenerker mit Säulen und Pilastern im 1. u. 2. Obergeschoss mit Altan, Fenster in reicher Putzrahmung";"Geschichtlich, Künstlerisch, Städtebaulich";"gesamtes Objekt";"https://opendata.schleswig-holstein.de/data/denkmalpflege/fotos/14236.jpg"
46059;"Bauliche Anlage";"Stadt Flensburg";"Flensburg, Stadt";"Holm 66";"Kaufmannshof: Vorderhaus";"Kaufmannshof Holm 66: Vorderhaus; um 1840/50, Umbau 1898 Moritz Pöhler; dreigeschossiges traufständiges Vorderhaus mit spätklassizistischer Putzfassade, Treppenhausanbau zum Hof, auf Sohlbankgesimsen angeordnete Fenster eng gereiht";"Geschichtlich, Künstlerisch, Städtebaulich";"gesamtes Objekt";"https://opendata.schleswig-holstein.de/data/denkmalpflege/fotos/46059.jpg"
46063;"Bauliche Anlage";"Stadt Flensburg";"Flensburg, Stadt";"Holm 66";"Kaufmannshof: erster südlicher Seitenflügel";"Kaufmannshof Holm 66: erster südlicher Seitenflügel; 1884, Alexander Wilhelm Prahle; zweigeschossiger Fachwerkbau mit Eingang an stumpfer Ecke, über Knaggen vorkragendes Obergeschoss.";"Geschichtlich, Städtebaulich";"gesamtes Objekt";"https://opendata.schleswig-holstein.de/data/denkmalpflege/fotos/46063.jpg"
14238;"Bauliche Anlage";"Stadt Flensburg";"Flensburg, Stadt";"Holm 68";"Wohn- und Geschäftshaus";"Wohn- und Geschäftshaus; 1877; dreigeschossiger traufständiger Bau mit spätklassizistischer Putzfassade, Erdgeschoss genutet, geschosstrennende Gesimse, im HG Fenster mit dekorierten Brüstungen, Gebälk u. floralem Fries";"Geschichtlich, Städtebaulich";"gesamtes Objekt";"https://opendata.schleswig-holstein.de/data/denkmalpflege/fotos/14238.jpg"
8566;"Bauliche Anlage";"Stadt Flensburg";"Flensburg, Stadt";"Holm 70";"Kaufmannshof: Vordergebäude";"Alteintragung (Aktualisierung vorgesehen)";"Geschichtlich, Künstlerisch, Städtebaulich";"Alteintragung (Aktualisierung vorgesehen)";"https://opendata.schleswig-holstein.de/data/denkmalpflege/fotos/8566.jpg"
8567;"Bauliche Anlage";"Stadt Flensburg";"Flensburg, Stadt";"Holm 70";"Kaufmannshof: erster Seitenflügel";"Alteintragung (Aktualisierung vorgesehen)";"Geschichtlich, Künstlerisch, Städtebaulich";"Alteintragung (Aktualisierung vorgesehen)";""
8568;"Bauliche Anlage";"Stadt Flensburg";"Flensburg, Stadt";"Holm 70";"Kaufmannshof: zweiter Seitenflügel";"Alteintragung (Aktualisierung vorgesehen)";"Geschichtlich, Künstlerisch, Städtebaulich";"Alteintragung (Aktualisierung vorgesehen)";""
8569;"Bauliche Anlage";"Stadt Flensburg";"Flensburg, Stadt";"Holm 70";"Kaufmannshof: Quergebäude";"Alteintragung (Aktualisierung vorgesehen)";"";"Alteintragung (Aktualisierung vorgesehen)";""
407;"Bauliche Anlage";"Stadt Flensburg";"Flensburg, Stadt";"Holm 76";"Kaufmannshof: erster Seitenflügel";"Kaufmannshof Holm 76: erster Seitenflügel; 17. Jh.; zweigeschossiger Flügelbau mit geschlämmter Fassade, Fenster mit stichbogigen Blenden, Dreiecksgiebel verkleidet, Zwerchhaus im Satteldach";"Geschichtlich, Städtebaulich";"gesamtes Objekt";"https://opendata.schleswig-holstein.de/data/denkmalpflege/fotos/407.jpg"
408;"Bauliche Anlage";"Stadt Flensburg";"Flensburg, Stadt";"Holm 76";"Kaufmannshof: zweiter Seitenflügel";"Kaufmannshof Holm 76: zweiter Seitenflügel; 18. Jh.; zweigeschossiger geschlämmter Flügelbau mit Satteldach, Stichbogenfensterblenden, Eingang mit Freitreppe, Keller";"Geschichtlich, Städtebaulich";"gesamtes Objekt";"https://opendata.schleswig-holstein.de/data/denkmalpflege/fotos/408.jpg"
19919;"Bauliche Anlage";"Stadt Flensburg";"Flensburg, Stadt";"Holm 76";"Kaufmannshof: Vorderhaus";"Kaufmannshof Holm 76: Vorderhaus; Kern 16. Jh., 1810, 1850/80; dreigeschossiges traufständiges Vorderhaus mit Walmdach, klassizistische Fassade, Erdgeschosszone verändert, genutetes Hauptgeschoss mit reich gerahmten Fenstern, Rückfront geschlämmt, dreischiffiger kreuzgewölbter Keller, bauzeitliche Ausstattung";"Geschichtlich, Künstlerisch, Städtebaulich";"gesamtes Objekt";"https://opendata.schleswig-holstein.de/data/denkmalpflege/fotos/19919.jpg"
142;"Bauliche Anlage";"Stadt Flensburg";"Flensburg, Stadt";"Holm 78";"Wohn- und Geschäftshaus";"Wohn- und Geschäftshaus; 16. Jh.,1715; dreigeschossiges verputztes Traufenhaus mit steilem Satteldach, Gebäuderückseite mit  Backsteinmauerwerk aus Klosterformatsteinen, Südfront nach links abgeschrägt, Sandsteintafel und Zahlenanker";"Geschichtlich, Künstlerisch, Städtebaulich";"gesamtes Objekt";"https://opendata.schleswig-holstein.de/data/denkmalpflege/fotos/142.jpg"
9354;"Bauliche Anlage";"Stadt Flensburg";"Flensburg, Stadt";"Husumer Straße 52";"Villa";"Alteintragung (Aktualisierung vorgesehen)";"Geschichtlich, Künstlerisch, Städtebaulich";"gesamtes Objekt";""
141;"Bauliche Anlage";"Stadt Flensburg";"Flensburg, Stadt";"Husumer Straße 311";"Einfamilienhaus mit Arztpraxis";"Alteintragung (Aktualisierung vorgesehen)";"Geschichtlich, Künstlerisch";"gesamtes Objekt";""
9061;"Bauliche Anlage";"Stadt Flensburg";"Flensburg, Stadt";"Immenhof 12";"Zweifamilienhaus";"Zweifamilienhaus; 1924-25, Bauunternehmer Chr. Jürgensen; eingeschossiger kubischer Klinkerbau mit überstehendem Walmdach, straßenseitig gerundeter Standerker mit Altan, Gaube mit geschweifter Blechdeckung. Einfriedung niedrige Backsteinpfeilermauer";"Geschichtlich, Künstlerisch, Städtebaulich";"Zweifamilienhaus, Einfriedung";"https://opendata.schleswig-holstein.de/data/denkmalpflege/fotos/9061.jpg"
25;"Bauliche Anlage";"Stadt Flensburg";"Flensburg, Stadt";"Johanniskirchhof";"Kirche St. Johannis mit Ausstattung";"Alteintragung (Aktualisierung vorgesehen)";"Geschichtlich, Künstlerisch, Städtebaulich";"gesamtes Objekt";"https://opendata.schleswig-holstein.de/data/denkmalpflege/fotos/25.jpg"
48848;"Bauliche Anlage";"Stadt Flensburg";"Flensburg, Stadt";"Johannisstraße 19 - 23";"Wohn- und Geschäftshaus";"Wohn- und Geschäftshaus; um 1920; dreigeschossiger Gelbsteinbau mit pfannengedecktem Mansarddach und Rotsteinfassade im Heimatschutzstil, Fassadengliederung durch Lisenen und Brüstungsfelder, mittig breiter Zwerchgiebel, im Erdgeschoss Ladeneinbauten und seitl. Tordurchfahrt zum Hof mit viergeschossigem Rückflügel";"Geschichtlich, Städtebaulich";"gesamtes Objekt";"https://opendata.schleswig-holstein.de/data/denkmalpflege/fotos/48848.jpg"
14391;"Bauliche Anlage";"Stadt Flensburg";"Flensburg, Stadt";"Johannisstraße 33";"Wohnhaus";"Wohnhaus; 1881, Gebr. Hummel; zweigeschossiger traufständiger Putzbau mit spätklassizistischer Gestaltung, Satteldach über Drempel, flacher außermittiger Risalit mit rahmenden kolossalen Pilastern und Zwerchhaus";"Geschichtlich, Künstlerisch, Städtebaulich";"gesamtes Objekt";"https://opendata.schleswig-holstein.de/data/denkmalpflege/fotos/14391.jpg"
8754;"Bauliche Anlage";"Stadt Flensburg";"Flensburg, Stadt";"Johannisstraße 36";"Wohnhaus";"Wohnhaus; um 1800; eingeschossiges geschlämmtes Backsteingiebelhaus mit Feldsteinsockel und Bohlendach, rückwärtiger Flügelbau ebenfalls mit Bohlendach, Fassade 1993 rekonstruiert, Eingang mit kleiner Freitreppe an der rechten Seite";"Geschichtlich, Städtebaulich";"gesamtes Objekt";"https://opendata.schleswig-holstein.de/data/denkmalpflege/fotos/8754.jpg"
9415;"Bauliche Anlage";"Stadt Flensburg";"Flensburg, Stadt";"Johannisstraße 43";"ehem. Wohnhaus";"ehem. Wohnhaus; im Kern 18. Jh.; eingeschossiger traufständiger Backsteinbau mit geschlämmten Fassaden und hohem, ursprünglich als Speicher genutztem Satteldach, zur Augustastraße Dreieckgiebel mit Ladeluke und Zieranker";"Geschichtlich, Städtebaulich";"gesamtes Objekt";"https://opendata.schleswig-holstein.de/data/denkmalpflege/fotos/9415.jpg"
1157;"Bauliche Anlage";"Stadt Flensburg";"Flensburg, Stadt";"Johannisstraße 49";"Wohnhaus";"Wohnhaus; im Kern 18 Jh., Umbau Mitte 19. Jh.; zweigeschossiger traufständiger Backsteinbau mit Satteldach, Fassade geschlämmt, rustizierte Gebäudekanten, fördeseitig ädikula-umrahmtes Mittelportal";"Geschichtlich, Künstlerisch, Städtebaulich";"gesamtes Objekt";"https://opendata.schleswig-holstein.de/data/denkmalpflege/fotos/1157.jpg"
1368;"Bauliche Anlage";"Stadt Flensburg";"Flensburg, Stadt";"Johannisstraße 52";"Wohnhaus";"Wohnhaus; 18. Jh.; schmales zweigeschossiges Giebelhaus mit Putzfassade und Satteldach, in den Obergeschossen der Längsseiten Fachwerkkonstruktion, zur Straße seitlicher Hauseingang mit Granitstufen";"Geschichtlich, Städtebaulich";"gesamtes Objekt";"https://opendata.schleswig-holstein.de/data/denkmalpflege/fotos/1368.jpg"
158;"Bauliche Anlage";"Stadt Flensburg";"Flensburg, Stadt";"Johannisstraße 76";"ehem. Gärtnerhaus";"ehem. Gärtnerhaus; 1908/09,  ehem. zum Anwesen Nr. 78 gehörig, von der Straße zurückversetzter eingeschossiger Putzbau mit ausgebautem Satteldach, schlichte Straßenfront mit breiter Schleppgaube";"Geschichtlich, Städtebaulich";"gesamtes Äußeres";"https://opendata.schleswig-holstein.de/data/denkmalpflege/fotos/158.jpg"
159;"Bauliche Anlage";"Stadt Flensburg";"Flensburg, Stadt";"Johannisstraße 78 a-b";"Herrenhaus";"Herrenhaus; im Kern 18. Jh., umgebaut 1882 wohl durch Richard Plüddemann, erweitert 1910/11 durch Hans Maria Ehrhardt; breitgelagerter eingeschossiger Backsteinbau, Fassade verputzt bzw. geschlämmt, dreigiebeliges Mittelzwerchhaus und flacher Portalvorbau, mit hohem zweiteiliger Giebelaufsatz in barockisierenden Formen, im Innern Reste der Ausstattung des 18. Jahrhunderts";"Geschichtlich, Künstlerisch, Städtebaulich";"gesamtes Objekt";"https://opendata.schleswig-holstein.de/data/denkmalpflege/fotos/159.jpg"
410;"Bauliche Anlage";"Stadt Flensburg";"Flensburg, Stadt";"Johannisstraße 78";"Speicher und Torhaus";"Speicher und Torhaus; 1820-50; dem Herrenhaus vorgelagerter, giebelständiger dreigeschossiger Speicher in Gelbstein mit schlichter Rotsteingliederung und Satteldach, nördlich anschließend das stilistisch angepasste torhausähnliche Fabrikgebäude von 1830-50 mit mittiger Einfahrt, breitgelagerter eineinhalbgeschossiger Gelbsteinbau mit Pultdach und bekrönendem Dreiecksgiebel mit Polygonaltürmchen";"Geschichtlich, Künstlerisch, Städtebaulich";"gesamtes Objekt";"https://opendata.schleswig-holstein.de/data/denkmalpflege/fotos/410.jpg"
9006;"Bauliche Anlage";"Stadt Flensburg";"Flensburg, Stadt";"Junkerhohlweg 17";"ehem. Junkerhohlwegkaserne";"Alteintragung (Aktualisierung vorgesehen)";"Geschichtlich, Künstlerisch, Städtebaulich";"gesamtes Objekt";"https://opendata.schleswig-holstein.de/data/denkmalpflege/fotos/9006.jpg"
14;"Bauliche Anlage";"Stadt Flensburg";"Flensburg, Stadt";"Jürgensgaarder Straße 2";"Kirche St. Jürgen mit Ausstattung";"Kirche St. Jürgen mit Ausstattung; 1904-1907, Oberbaurat Oskar Hoßfeld, Bauleitung Alexander Wilhelm Prale; einschiffige, backsteinsichtige Wandpfeilerkirche neugotischer Prägung mit Querhaus, der nach Westen gerichtete polygonale Altarraum von zwei Rundtürmen flankiert, als Ostabschluss hoher, spitzdachbekrönter Glockenturm";"Geschichtlich, Künstlerisch, Städtebaulich";"gesamtes Objekt";"https://opendata.schleswig-holstein.de/data/denkmalpflege/fotos/14.jpg"
20283;"Bauliche Anlage";"Stadt Flensburg";"Flensburg, Stadt";"Jürgensgaarder Straße 42";"Goethe-Schule Haus II (ehem. Willy-Weber-Schule)";"Alteintragung (Aktualisierung vorgesehen)";"Geschichtlich, Künstlerisch, Städtebaulich";"Alteintragung (Aktualisierung vorgesehen)";"https://opendata.schleswig-holstein.de/data/denkmalpflege/fotos/20283.jpg"
20284;"Bauliche Anlage";"Stadt Flensburg";"Flensburg, Stadt";"Jürgensgaarder Straße 42";"Turnhalle";"Alteintragung (Aktualisierung vorgesehen)";"Geschichtlich, Künstlerisch";"Alteintragung (Aktualisierung vorgesehen)";"https://opendata.schleswig-holstein.de/data/denkmalpflege/fotos/20284.jpg"
31737;"Bauliche Anlage";"Stadt Flensburg";"Flensburg, Stadt";"Jürgensgaarder Straße 42";"Schulhofmauer";"Alteintragung (Aktualisierung vorgesehen)";"Geschichtlich, Städtebaulich";"Alteintragung (Aktualisierung vorgesehen)";"https://opendata.schleswig-holstein.de/data/denkmalpflege/fotos/31737.jpg"
14680;"Bauliche Anlage";"Stadt Flensburg";"Flensburg, Stadt";"Kanonenberg 5";"ehem. Hebbelschule";"Alteintragung (Aktualisierung vorgesehen)";"Geschichtlich, Künstlerisch, Städtebaulich";"gesamtes Objekt";""
10194;"Bauliche Anlage";"Stadt Flensburg";"Flensburg, Stadt";"Kappelner Straße 36";"Müllerwohnhaus";"Alteintragung (Aktualisierung vorgesehen)";"";"Alteintragung (Aktualisierung vorgesehen)";"https://opendata.schleswig-holstein.de/data/denkmalpflege/fotos/10194.jpg"
10195;"Bauliche Anlage";"Stadt Flensburg";"Flensburg, Stadt";"Kappelner Straße 36";"Wirtschaftsgebäude";"Alteintragung (Aktualisierung vorgesehen)";"";"Alteintragung (Aktualisierung vorgesehen)";"https://opendata.schleswig-holstein.de/data/denkmalpflege/fotos/10195.jpg"
138;"Bauliche Anlage";"Stadt Flensburg";"Flensburg, Stadt";"Karlstraße 6";"Eichamt";"Alteintragung (Aktualisierung vorgesehen)";"Geschichtlich, Künstlerisch";"Alteintragung (Aktualisierung vorgesehen)";"https://opendata.schleswig-holstein.de/data/denkmalpflege/fotos/138.jpg"
10147;"Bauliche Anlage";"Stadt Flensburg";"Flensburg, Stadt";"Kelmstraße 11";"ehem. Chefarzt-Wohnhaus";"Alteintragung (Aktualisierung vorgesehen)";"Geschichtlich, Künstlerisch, Städtebaulich, Wissenschaftlich";"Alteintragung (Aktualisierung vorgesehen)";""
162;"Bauliche Anlage";"Stadt Flensburg";"Flensburg, Stadt";"Kelmstraße 14";"Marineschule-Hauptbau";"Alteintragung (Aktualisierung vorgesehen)";"Geschichtlich, Künstlerisch, Kulturlandschaftlich";"Alteintragung (Aktualisierung vorgesehen)";""
163;"Bauliche Anlage";"Stadt Flensburg";"Flensburg, Stadt";"Kelmstraße 14";"Architekt";"Alteintragung (Aktualisierung vorgesehen)";"Geschichtlich, Künstlerisch";"Alteintragung (Aktualisierung vorgesehen)";""
1826;"Bauliche Anlage";"Stadt Flensburg";"Flensburg, Stadt";"Kelmstraße 14";"Statue Junger Streiter";"Alteintragung (Aktualisierung vorgesehen)";"Geschichtlich, Künstlerisch";"Alteintragung (Aktualisierung vorgesehen)";""
12434;"Bauliche Anlage";"Stadt Flensburg";"Flensburg, Stadt";"Kelmstraße 14";"Marineschule: Bootstreppe mit Torbauten";"Alteintragung (Aktualisierung vorgesehen)";"Geschichtlich, Künstlerisch, Kulturlandschaftlich";"Alteintragung (Aktualisierung vorgesehen)";""
12435;"Bauliche Anlage";"Stadt Flensburg";"Flensburg, Stadt";"Kelmstraße 14";"Marineschule: Bootsschuppen I";"Alteintragung (Aktualisierung vorgesehen)";"Geschichtlich";"Alteintragung (Aktualisierung vorgesehen)";""
12436;"Bauliche Anlage";"Stadt Flensburg";"Flensburg, Stadt";"Kelmstraße 14";"Marineschule: Motorenwerk";"Alteintragung (Aktualisierung vorgesehen)";"Geschichtlich";"Alteintragung (Aktualisierung vorgesehen)";""
12437;"Bauliche Anlage";"Stadt Flensburg";"Flensburg, Stadt";"Kelmstraße 14";"Marineschule: Bootsschuppen II";"Alteintragung (Aktualisierung vorgesehen)";"Geschichtlich";"Alteintragung (Aktualisierung vorgesehen)";""
12438;"Bauliche Anlage";"Stadt Flensburg";"Flensburg, Stadt";"Kelmstraße 14";"Marineschule: Tillessen-Haus";"Alteintragung (Aktualisierung vorgesehen)";"";"Alteintragung (Aktualisierung vorgesehen)";""
12439;"Bauliche Anlage";"Stadt Flensburg";"Flensburg, Stadt";"Kelmstraße 14";"Begrenzungsmauer";"Alteintragung (Aktualisierung vorgesehen)";"Städtebaulich";"Alteintragung (Aktualisierung vorgesehen)";""
12440;"Bauliche Anlage";"Stadt Flensburg";"Flensburg, Stadt";"Kelmstraße 14";"Wachturm";"Alteintragung (Aktualisierung vorgesehen)";"Künstlerisch, Städtebaulich";"Alteintragung (Aktualisierung vorgesehen)";""
12441;"Bauliche Anlage";"Stadt Flensburg";"Flensburg, Stadt";"Kelmstraße 14";"Torwache";"Alteintragung (Aktualisierung vorgesehen)";"Geschichtlich";"Alteintragung (Aktualisierung vorgesehen)";""
12443;"Bauliche Anlage";"Stadt Flensburg";"Flensburg, Stadt";"Kelmstraße 14";"Statue Sportler";"Alteintragung (Aktualisierung vorgesehen)";"Künstlerisch";"Alteintragung (Aktualisierung vorgesehen)";""
19935;"Bauliche Anlage";"Stadt Flensburg";"Flensburg, Stadt";"Kelmstraße 14";"Trampedach-Lager";"Alteintragung (Aktualisierung vorgesehen)";"Geschichtlich, Wissenschaftlich";"Alteintragung (Aktualisierung vorgesehen)";""
19936;"Bauliche Anlage";"Stadt Flensburg";"Flensburg, Stadt";"Kelmstraße 14";"Gedenkstein Trampedach";"Alteintragung (Aktualisierung vorgesehen)";"Geschichtlich";"Alteintragung (Aktualisierung vorgesehen)";""
10149;"Bauliche Anlage";"Stadt Flensburg";"Flensburg, Stadt";"Kelmstraße 15";"ehem. Verwaltungsgebäude";"Alteintragung (Aktualisierung vorgesehen)";"Geschichtlich, Künstlerisch, Städtebaulich, Wissenschaftlich";"Alteintragung (Aktualisierung vorgesehen)";""
10150;"Bauliche Anlage";"Stadt Flensburg";"Flensburg, Stadt";"Kelmstraße 17";"ehem. Wirtschaftsgebäude";"Alteintragung (Aktualisierung vorgesehen)";"Geschichtlich, Künstlerisch, Städtebaulich, Wissenschaftlich";"Alteintragung (Aktualisierung vorgesehen)";""
10148;"Bauliche Anlage";"Stadt Flensburg";"Flensburg, Stadt";"Kelmstraße 25";"ehem. Krankenblock";"Alteintragung (Aktualisierung vorgesehen)";"Geschichtlich, Künstlerisch, Städtebaulich, Wissenschaftlich";"Alteintragung (Aktualisierung vorgesehen)";""
10151;"Bauliche Anlage";"Stadt Flensburg";"Flensburg, Stadt";"Kelmstraße 25";"ehem. Desinfektions- und Leichenhaus";"Alteintragung (Aktualisierung vorgesehen)";"Geschichtlich, Künstlerisch, Städtebaulich, Wissenschaftlich";"Alteintragung (Aktualisierung vorgesehen)";""
10152;"Bauliche Anlage";"Stadt Flensburg";"Flensburg, Stadt";"Kelmstraße 25";"ehem. Absonderungshaus bzw. Isolierstation";"Alteintragung (Aktualisierung vorgesehen)";"Geschichtlich, Künstlerisch, Städtebaulich, Wissenschaftlich";"Alteintragung (Aktualisierung vorgesehen)";""
5271;"Bauliche Anlage";"Stadt Flensburg";"Flensburg, Stadt";"Kelmstraße 29";"Marineschule: ehem. Wasserturm";"Alteintragung (Aktualisierung vorgesehen)";"Geschichtlich, Künstlerisch, Kulturlandschaftlich";"Alteintragung (Aktualisierung vorgesehen)";"https://opendata.schleswig-holstein.de/data/denkmalpflege/fotos/5271.jpg"
129;"Bauliche Anlage";"Stadt Flensburg";"Flensburg, Stadt";"Kelmstraße 33";"ehem. Kommandeursvilla der Marineschule";"Alteintragung (Aktualisierung vorgesehen)";"Geschichtlich, Künstlerisch, Städtebaulich";"Alteintragung (Aktualisierung vorgesehen)";""
9452;"Bauliche Anlage";"Stadt Flensburg";"Flensburg, Stadt";"Klaus-Groth-Straße 17";"Wohnhaus";"Wohnhaus; 1910, Architekt Anton Meyer; eingeschossiger Backsteinbau in neubarocken Formen des Heimatschutzstils mit Walmdach und Zwerchhaus mit Schweifgiebel, Rückflügel zum Garten";"Geschichtlich, Städtebaulich";"gesamtes Objekt";"https://opendata.schleswig-holstein.de/data/denkmalpflege/fotos/9452.jpg"
9447;"Bauliche Anlage";"Stadt Flensburg";"Flensburg, Stadt";"Klaus-Groth-Straße 24";"Doppelhaushälfte";"Doppelhaushälfte; 1910, Architekt Anton Meyer; östliche Gebäudehälfte des breit gelagerten Backsteinbaus im Heimatschutzstil, Natursteinsockel, Mansarddach mit breiter Dachgaube";"Geschichtlich, Künstlerisch, Städtebaulich";"gesamtes Objekt";"https://opendata.schleswig-holstein.de/data/denkmalpflege/fotos/9447.jpg"
9454;"Bauliche Anlage";"Stadt Flensburg";"Flensburg, Stadt";"Klaus-Groth-Straße 25";"Einfamilienhaus";"Einfamilienhaus; 1911, Architekt Anton Meyer; eingeschossiger Backsteinbau im Heimatschutzstil, traufständig,  hohes ausgebautes Mansarddach mit breiten Zwerchhäuser Portalvorbau mit Freitreppe und Altan";"Geschichtlich, Künstlerisch, Städtebaulich";"gesamtes Objekt";"https://opendata.schleswig-holstein.de/data/denkmalpflege/fotos/9454.jpg"
9449;"Bauliche Anlage";"Stadt Flensburg";"Flensburg, Stadt";"Klaus-Groth-Straße 26";"Doppelhaushälfte";"Doppelhaushälfte; 1910, Architekt Anton Meyer; westliche Gebäudehälfte des breit gelagerten Backsteinbaus im Heimatschutzstil mit polygonalem Standerker mit Altan, Natursteinsockel, Mansarddach";"Geschichtlich, Künstlerisch, Städtebaulich";"gesamtes Objekt";"https://opendata.schleswig-holstein.de/data/denkmalpflege/fotos/9449.jpg"
28032;"Bauliche Anlage";"Stadt Flensburg";"Flensburg, Stadt";"Klaus-Groth-Straße 26";"Gartenhaus";"Gartenhaus; 1910, Arch. Anton Meyer; kleiner Backsteinbau an der Südwestecke des Grundstücks mit Sichtbezug zum Haupthaus, in Formen des Heimatschutzstils mit Eckrustizierung und Fachwerk mit Ziegelausfachung in der Fensterzone sowie pfannengedecktem Halbwalmdach";"Geschichtlich, Städtebaulich";"gesamtes Objekt";"https://opendata.schleswig-holstein.de/data/denkmalpflege/fotos/28032.jpg"
57;"Bauliche Anlage";"Stadt Flensburg";"Flensburg, Stadt";"Klostergang 5";"ehem. Haushaltungsschule";"Alteintragung (Aktualisierung vorgesehen)";"Geschichtlich, Künstlerisch, Städtebaulich";"gesamtes Objekt";"https://opendata.schleswig-holstein.de/data/denkmalpflege/fotos/57.jpg"
22;"Bauliche Anlage";"Stadt Flensburg";"Flensburg, Stadt";"Klostergang 9";"Heilig-Geist-Hospital mit Ausstattung";"Alteintragung (Aktualisierung vorgesehen)";"Geschichtlich, Künstlerisch, Städtebaulich";"gesamtes Objekt";"https://opendata.schleswig-holstein.de/data/denkmalpflege/fotos/22.jpg"
1314;"Bauliche Anlage";"Stadt Flensburg";"Flensburg, Stadt";"Kompagniestraße 4";"Wohnhaus";"ehem. Kirchvogtei; um 1800; schmales zweigeschossiges Traufenhaus mit pfannengedecktem Satteldach, OG und zweifach vorkragender Westgiebel in Fachwerk, sonst massiv, Mittelportal mit profilierter Rahmung";"Geschichtlich, Städtebaulich";"gesamtes Objekt";"https://opendata.schleswig-holstein.de/data/denkmalpflege/fotos/1314.jpg"
1315;"Bauliche Anlage";"Stadt Flensburg";"Flensburg, Stadt";"Kompagniestraße 6";"Wohnhaus";"Wohnhaus; 17./18. Jh.; westl. Haushälfte eines Doppelhauses, zweigeschossiger Fachwerkbau mit pfannengedecktem Satteldach und Putzfassade, in der Mitte des Doppelhauses Krangiebel über Ladetor";"Geschichtlich, Städtebaulich";"gesamtes Objekt";"https://opendata.schleswig-holstein.de/data/denkmalpflege/fotos/1315.jpg"
1861;"Bauliche Anlage";"Stadt Flensburg";"Flensburg, Stadt";"Kompagniestraße 8";"Wohnhaus";"Wohnhaus; 17./18. Jh.; östl. Haushälfte eines Doppelhauses, zweigeschossiger Fachwerkbau mit pfannengedecktem Satteldach und Putzfassade, Giebel auf gratigen Knaggen vorgekragt, in der Mitte des Doppelhauses Krangiebel über Ladetor";"Geschichtlich, Städtebaulich";"gesamtes Objekt";"https://opendata.schleswig-holstein.de/data/denkmalpflege/fotos/1861.jpg"
1901;"Bauliche Anlage";"Stadt Flensburg";"Flensburg, Stadt";"Kompagniestraße 9";"Wohnhaus";"Alteintragung (Aktualisierung vorgesehen)";"";"Alteintragung (Aktualisierung vorgesehen)";"https://opendata.schleswig-holstein.de/data/denkmalpflege/fotos/1901.jpg"
14060;"Bauliche Anlage";"Stadt Flensburg";"Flensburg, Stadt";"Kompagniestraße 10";"Wohnhaus";"Wohnhaus; dat. 1755; ehem. Schuppen, zweigeschossiger geschlämmter Backsteinbau mit pfannengedecktem einhüftigem Satteldach";"Geschichtlich, Städtebaulich";"gesamtes Objekt";"https://opendata.schleswig-holstein.de/data/denkmalpflege/fotos/14060.jpg"
9113;"Bauliche Anlage";"Stadt Flensburg";"Flensburg, Stadt";"Lindenallee 8";"Ölwindmühle: ehem. Müllerhaus";"Alteintragung (Aktualisierung vorgesehen)";"Geschichtlich, Städtebaulich";"Alteintragung (Aktualisierung vorgesehen)";"https://opendata.schleswig-holstein.de/data/denkmalpflege/fotos/9113.jpg"
28031;"Bauliche Anlage";"Stadt Flensburg";"Flensburg, Stadt";"Lindenallee 8";"Ölwindmühle: ehem. Wirtschaftsgebäude";"Alteintragung (Aktualisierung vorgesehen)";"Geschichtlich";"Alteintragung (Aktualisierung vorgesehen)";""
20020;"Bauliche Anlage";"Stadt Flensburg";"Flensburg, Stadt";"Marienhölzungsweg 32";"Wohnhaus";"Wohnhaus; 1906, Maurermeister Andreas Jensen; drei- bis viergeschossiger Putzbau in Ecklage, aufwändige, teils geschossübergreifende Backstein- und Putzgliederung mit Kasten- und Eckerkern";"Geschichtlich, Künstlerisch, Städtebaulich";"gesamtes Objekt";"https://opendata.schleswig-holstein.de/data/denkmalpflege/fotos/20020.jpg"
6479;"Bauliche Anlage";"Stadt Flensburg";"Flensburg, Stadt";"Marienhölzungsweg 37";"Villa";"Alteintragung (Aktualisierung vorgesehen)";"Geschichtlich, Künstlerisch, Städtebaulich";"gesamtes Objekt";"https://opendata.schleswig-holstein.de/data/denkmalpflege/fotos/6479.jpg"
6481;"Bauliche Anlage";"Stadt Flensburg";"Flensburg, Stadt";"Marienhölzungsweg 46";"Villa";"Alteintragung (Aktualisierung vorgesehen)";"Geschichtlich, Künstlerisch, Städtebaulich";"gesamtes Objekt";"https://opendata.schleswig-holstein.de/data/denkmalpflege/fotos/6481.jpg"
6482;"Bauliche Anlage";"Stadt Flensburg";"Flensburg, Stadt";"Marienhölzungsweg 47";"Mehrfamilienhaus";"Alteintragung (Aktualisierung vorgesehen)";"Geschichtlich, Künstlerisch, Städtebaulich";"gesamtes Objekt";"https://opendata.schleswig-holstein.de/data/denkmalpflege/fotos/6482.jpg"
6486;"Bauliche Anlage";"Stadt Flensburg";"Flensburg, Stadt";"Marienhölzungsweg 59";"Villa";"Alteintragung (Aktualisierung vorgesehen)";"Geschichtlich, Künstlerisch, Städtebaulich";"gesamtes Objekt";"https://opendata.schleswig-holstein.de/data/denkmalpflege/fotos/6486.jpg"
6487;"Bauliche Anlage";"Stadt Flensburg";"Flensburg, Stadt";"Marienhölzungsweg 61";"Villa";"Villa; 1922, Architekt Georg Rieve; eingeschossiger giebelständiger Putzbau mit steilem Satteldach, Baugliederung durch polygonale Standerker, im Giebel Zieranker und gezacktes Gesimsband; Garagenanbau von 1926";"Geschichtlich, Künstlerisch, Städtebaulich";"Villa, ";"https://opendata.schleswig-holstein.de/data/denkmalpflege/fotos/6487.jpg"
24249;"Bauliche Anlage";"Stadt Flensburg";"Flensburg, Stadt";"Marienhölzungsweg 66";"Ungdomskollegiet";"Ungdomskollegiet; 1970-72, Architekten Theo Bjerg, Palle Dyreborg u. Paul Heinrich; Wohnheim für Schüler der Duborg Skolen, zweigeschossiger Sichtbetonbau auf winkelförmigem Grundriss, Flachdach, farbige Fensterelemente, an Westseite terrassenförmig angeordnete Balkone; offene Grünfläche zur Straße";"Geschichtlich, Künstlerisch, Städtebaulich";"Ungdomskollegiet, Freifläche";"https://opendata.schleswig-holstein.de/data/denkmalpflege/fotos/24249.jpg"
6488;"Bauliche Anlage";"Stadt Flensburg";"Flensburg, Stadt";"Marienhölzungsweg 71";"Villa";"Villa; 1928, Georg Rieve; breitgelagerter zweigeschossiger Backsteinbau mit Walmdach, Mitteleingang mit Rundbogen und Freitreppe, flankierende Standerker, bauzeitliche Einfriedung";"Geschichtlich, Künstlerisch, Städtebaulich";"Villa, Einfriedung";"https://opendata.schleswig-holstein.de/data/denkmalpflege/fotos/6488.jpg"
6490;"Bauliche Anlage";"Stadt Flensburg";"Flensburg, Stadt";"Marienhölzungsweg 75";"Villa";"Villa; 1925, Ehrhardt u. Carstens; zweigeschossiger Putzbau mit Walmdach, Standerker mit Mitteleingang, dekorativ profilierte Haustür und Freitreppe";"Geschichtlich, Künstlerisch, Städtebaulich";"gesamtes Objekt";"https://opendata.schleswig-holstein.de/data/denkmalpflege/fotos/6490.jpg"
6491;"Bauliche Anlage";"Stadt Flensburg";"Flensburg, Stadt";"Marienhölzungsweg 77";"Landhaus";"Landhaus; 1926, Georg Rieve; zweigeschossiger Backsteinbau  in expressionistischer Formgebung, Walmdach, Mitteleingang im profilierten Parabelbogen, bauzeitliche Innenausstattung";"Geschichtlich, Künstlerisch, Städtebaulich";"gesamtes Objekt";"https://opendata.schleswig-holstein.de/data/denkmalpflege/fotos/6491.jpg"
6492;"Bauliche Anlage";"Stadt Flensburg";"Flensburg, Stadt";"Marienhölzungsweg 79";"Villa";"Villa Gross; 1925, Ehrhardt u. Carstens; zweigeschossiger Putzbau, auskragendes Walmdach, überhöhter Mittelrisalit mit Eingang und Freitreppe";"Geschichtlich, Künstlerisch, Städtebaulich";"gesamtes Objekt";"https://opendata.schleswig-holstein.de/data/denkmalpflege/fotos/6492.jpg"
13895;"Bauliche Anlage";"Stadt Flensburg";"Flensburg, Stadt";"Marienhölzungsweg 81";"Villa";"Villa Timman; 1934, Ehrhardt u. Carstens; zweigeschossiger Putzbau, auskragendes Walmdach, Eingang seitlich verschoben, liegende Fensterformate, qualitätvolle Innenausstattung";"Geschichtlich, Künstlerisch";"gesamtes Objekt";"https://opendata.schleswig-holstein.de/data/denkmalpflege/fotos/13895.jpg"
166;"Bauliche Anlage";"Stadt Flensburg";"Flensburg, Stadt";"Marienhölzungsweg 150";"Gasthaus Marienhölzung";"Alteintragung (Aktualisierung vorgesehen)";"Geschichtlich, Künstlerisch, Kulturlandschaftlich";"Alteintragung (Aktualisierung vorgesehen)";""
20012;"Bauliche Anlage";"Stadt Flensburg";"Flensburg, Stadt";"Marienhölzungsweg 160";"Altes Forsthaus";"Altes Forsthaus; um 1850; kleines verputztes Gebäude mit reetgedecktem Halbwalmdach in schlichter Ausführung, Fenster mit hölzernen Läden";"Geschichtlich, Kulturlandschaftlich";"gesamtes Objekt";"https://opendata.schleswig-holstein.de/data/denkmalpflege/fotos/20012.jpg"
20013;"Bauliche Anlage";"Stadt Flensburg";"Flensburg, Stadt";"Marienhölzungsweg 161";"Neues Forsthaus";"Neues Forsthaus; 1938-39, Architekt Theodor Rieve; eingeschossiger Gelbsteinbau mit reetgedecktem Halbwalmdach, rundbogiger Mitteleingang mit übergiebeltem Zwerchhaus";"Geschichtlich, Kulturlandschaftlich";"gesamtes Objekt";"https://opendata.schleswig-holstein.de/data/denkmalpflege/fotos/20013.jpg"
1903;"Bauliche Anlage";"Stadt Flensburg";"Flensburg, Stadt";"Marienkirchhof 1";"ehem. Hauptpastorat von St. Marien";"ehem. Hauptpastorat von St. Marien; dat. 1583, Umbau 1897; zweigeschossiges Backsteingiebelhaus mit pfannengedecktem Satteldach und Putzfassade mit reicher Rundbogenblendengliederung";"Geschichtlich, Künstlerisch, Städtebaulich";"gesamtes Objekt";"https://opendata.schleswig-holstein.de/data/denkmalpflege/fotos/1903.jpg"
14243;"Bauliche Anlage";"Stadt Flensburg";"Flensburg, Stadt";"Marienkirchhof 2 - 3";"Marien-Schule";"Marien-Schule; 1887-1889, vermutl. Otto Fielitz; dreigeschossiger winkelförmig angelegter Backsteinbau mit reicher neugotischer Gestaltung und pfannengedecktem Satteldach, diagonal in den Winkel gestellt turmartig überhöhtes Treppenhaus mit geschultertem";"Geschichtlich, Künstlerisch, Städtebaulich";"gesamtes Objekt";"https://opendata.schleswig-holstein.de/data/denkmalpflege/fotos/14243.jpg"
14244;"Bauliche Anlage";"Stadt Flensburg";"Flensburg, Stadt";"Marienkirchhof 4 - 5";"Doppelpastorat von St. Marien";"Doppelpastorat von St. Marien; 1896, Maurermeister H. Höft; zweigeschossiger Backsteinbau mit reicher neogotischer Gestaltung und pfannengedecktem Satteldach, mittig hoher Zwerchgiebel mit Firstzinne, darunter eingezogene Eingangshalle mit Kreuzrippengewölben";"Geschichtlich, Künstlerisch, Städtebaulich";"gesamtes Objekt";"https://opendata.schleswig-holstein.de/data/denkmalpflege/fotos/14244.jpg"
168;"Bauliche Anlage";"Stadt Flensburg";"Flensburg, Stadt";"Marienkirchhof 6";"ehem. Distrikt-Schule";"ehem. Distrikt-Schule; 1794, 1834; geschlämmter zweigeschossiger Backsteinbau auf winkelförmigem Grund mit pfannengedeckten Sattel- und Halbwalmdächern, schlichte Fronten teilw. mit Bänderung";"Geschichtlich, Städtebaulich, Wissenschaftlich";"gesamtes Objekt";"https://opendata.schleswig-holstein.de/data/denkmalpflege/fotos/168.jpg"
1899;"Bauliche Anlage";"Stadt Flensburg";"Flensburg, Stadt";"Marienkirchhof";"Kirche St. Marien mit Ausstattung";"Kirche St. Marien mit Ausstattung; ab 1248; chorlose, dreischiffige gotische Backsteinstufenhalle mit barockem Mansarddach, an der neogotisch umgestalteten Westseite eingezogener Turm, Gliederung durch Stützpfeiler und breite spitzbogige Fenster";"Geschichtlich, Künstlerisch, Städtebaulich";"gesamtes Objekt";"https://opendata.schleswig-holstein.de/data/denkmalpflege/fotos/1899.jpg"
23203;"Bauliche Anlage";"Stadt Flensburg";"Flensburg, Stadt";"Marienkirchhof";"gepflasterter Kirchhof";"gepflasterter Kirchhof; die Kirche St. Marien umgebender Kirchhof mit Pflasterungen unterschiedlicher Form und Entstehungszeit, bis 1814 als Friedhof genutzt";"Geschichtlich, Städtebaulich";"gepflasterter Kirchhof, Grabmale bis 1870, Granitpfeiler-Einfriedungen, Lindenreihen";"https://opendata.schleswig-holstein.de/data/denkmalpflege/fotos/23203.jpg"
1852;"Bauliche Anlage";"Stadt Flensburg";"Flensburg, Stadt";"Marienstraße 1";"Gasthaus Porticus 1740";"Gasthaus „Porticus 1740“; 17 Jh./18. Jh.; zweigeschossiges giebelständiges Eckhaus, Traufseite in Fachwerk, vorkragendes Obergeschoss über Knaggen, vierachsiger Anbau unter gleichem Satteldach nach Westen";"Geschichtlich, Städtebaulich, Wissenschaftlich";"gesamtes Objekt";"https://opendata.schleswig-holstein.de/data/denkmalpflege/fotos/1852.jpg"
1904;"Bauliche Anlage";"Stadt Flensburg";"Flensburg, Stadt";"Marienstraße 3 - 5";"Wohnhaus";"Wohnhaus; 17. Jh.; zweigeschossiges verputztes Fachwerk-Doppelhaus, traufständig unter Satteldach, profilierte Knaggen des auskragenden Obergeschosses";"Geschichtlich, Städtebaulich";"gesamtes Objekt";"https://opendata.schleswig-holstein.de/data/denkmalpflege/fotos/1904.jpg"
169;"Bauliche Anlage";"Stadt Flensburg";"Flensburg, Stadt";"Marienstraße 6";"Speicher";"Speicher; 1720/30; dreigeschossiger Speicher mit Satteldach aus Gelb- und Rotstein, mit vorgesetztem rundem Treppenturm des späten 18. Jh. aus Gelbstein, Ladeluken und Tor";"Geschichtlich, Städtebaulich, Wissenschaftlich";"gesamtes Objekt";"https://opendata.schleswig-holstein.de/data/denkmalpflege/fotos/169.jpg"
14248;"Bauliche Anlage";"Stadt Flensburg";"Flensburg, Stadt";"Marienstraße 6";"Kontorhaus";"Kontorhaus; 1914, Anton Meyer; zweigeschossiges Kontorhaus mit auf Knaggen vorkragendem Fachwerkdrempel, Portaleingang, breite Schleppgaube im Satteldach, Heimatschutzarchitektur";"Geschichtlich, Städtebaulich";"gesamtes Objekt";"https://opendata.schleswig-holstein.de/data/denkmalpflege/fotos/14248.jpg"
170;"Bauliche Anlage";"Stadt Flensburg";"Flensburg, Stadt";"Marienstraße 7";"Wohnhaus";"Wohnhaus; um 1840; zweigeschossiges geschlämmtes Traufenhaus mit schlichter Fassade und Fachwerkgiebel-wänden, ausgebautes Krummbinderdach zur Straße mit Schleppgaube, zum Hof Gaube über der Mittelachse";"Geschichtlich, Städtebaulich, Wissenschaftlich";"gesamtes Objekt";"https://opendata.schleswig-holstein.de/data/denkmalpflege/fotos/170.jpg"
171;"Bauliche Anlage";"Stadt Flensburg";"Flensburg, Stadt";"Marienstraße 8";"Wohnhaus mit Laden";"Wohnhaus mit Laden; 17./18. Jh.; zweigeschossiges dreiachsiges Fachwerktraufenhaus mit vorkragendem Obergeschoss auf vier schlichten Knaggen, Satteldach, Gefache mit Füllziegelmuster, Laden im Erdgeschoss";"Geschichtlich, Künstlerisch";"gesamtes Objekt";"https://opendata.schleswig-holstein.de/data/denkmalpflege/fotos/171.jpg"
1905;"Bauliche Anlage";"Stadt Flensburg";"Flensburg, Stadt";"Marienstraße 9";"Wohnhaus";"Wohnhaus; (um 1850) Neubau 1986, Povl Leckband; dreigeschossiges geschlämmtes Traufenhaus mit Satteldach, Sprossenfenster in drei Achsen, Verblendmauerwerk";"Städtebaulich, Wissenschaftlich";"gesamtes Objekt";"https://opendata.schleswig-holstein.de/data/denkmalpflege/fotos/1905.jpg"
1906;"Bauliche Anlage";"Stadt Flensburg";"Flensburg, Stadt";"Marienstraße 10";"Wohnhaus";"Wohnhaus; 17. Jh.; Zweigeschossiges verputztes Traufenhaus, auf profilierten Knaggen vorkragendes Obergeschoss, an Rückfront freiliegende Fachwerkkonstruktion, verbretterte Gaube nach Norden und Süden, Satteldach";"Geschichtlich, Künstlerisch, Städtebaulich";"gesamtes Objekt";"https://opendata.schleswig-holstein.de/data/denkmalpflege/fotos/1906.jpg"
1907;"Bauliche Anlage";"Stadt Flensburg";"Flensburg, Stadt";"Marienstraße 11";"Wohnhaus";"Wohnhaus; um 1850; dreigeschossiges geschlämmtes Traufenhaus, schlichte von gestuftem Traufgesims abgeschlossene Fassade, im Hauptgeschoss stichbogig schließende Fenster";"Geschichtlich, Städtebaulich";"gesamtes Objekt";"https://opendata.schleswig-holstein.de/data/denkmalpflege/fotos/1907.jpg"
173;"Bauliche Anlage";"Stadt Flensburg";"Flensburg, Stadt";"Marienstraße 12";"Wohnhaus";"Wohnhaus; um 1800; zweigeschossiges Traufenhaus mit schlichter Putzfassade und geschweiftem Satteldach, zweiflügelige beschnitzte Empire-Haustür, befensterte Rückfront, im Innern bauzeitliche Ausstattung";"Geschichtlich, Städtebaulich";"gesamtes Objekt";"https://opendata.schleswig-holstein.de/data/denkmalpflege/fotos/173.jpg"
39510;"Bauliche Anlage";"Stadt Flensburg";"Flensburg, Stadt";"Marienstraße 13";"Wohnhaus";"Wohnhaus; um 1850; dreigeschossiges Wohnhaus mit traufständigem Kniestock unter flachem Mansarddach, geschlämmte Backsteinfront, gleichmäßig gereihte Fenster";"Geschichtlich, Städtebaulich";"gesamtes Objekt";"https://opendata.schleswig-holstein.de/data/denkmalpflege/fotos/39510.jpg"
174;"Bauliche Anlage";"Stadt Flensburg";"Flensburg, Stadt";"Marienstraße 14";"Wohnhaus";"Wohnhaus; um 1800, Teilumbau 1919; zweigeschossiges Traufenhaus mit Putzfassade, ursprünglich mit Nr. 12 unter einem Dach, im Innern bauzeitliche Ausstattung";"Geschichtlich, Städtebaulich";"gesamtes Objekt";"https://opendata.schleswig-holstein.de/data/denkmalpflege/fotos/174.jpg"
2010;"Bauliche Anlage";"Stadt Flensburg";"Flensburg, Stadt";"Marienstraße 15";"Wohnhaus";"Wohnhaus; 17./18. Jh.; zweigeschossiges Fachwerktraufenhaus mit Satteldach, über profilierten Konsolknaggen vorkragendes Obergeschoss, beschnitzte frühklassizistische Haustür um 1780";"Geschichtlich, Städtebaulich, Wissenschaftlich";"gesamtes Objekt";"https://opendata.schleswig-holstein.de/data/denkmalpflege/fotos/2010.jpg"
175;"Bauliche Anlage";"Stadt Flensburg";"Flensburg, Stadt";"Marienstraße 17";"Wohnhaus";"Wohnhaus; 18. Jh.; zweigeschossiges geschlämmtes Traufenhaus von drei Achsen mit Fachwerkobergeschoss über profilierter Schwelle mit Gaube im Satteldach";"Geschichtlich, Städtebaulich, Wissenschaftlich";"gesamtes Objekt";"https://opendata.schleswig-holstein.de/data/denkmalpflege/fotos/175.jpg"
14038;"Bauliche Anlage";"Stadt Flensburg";"Flensburg, Stadt";"Marienstraße 18";"Wohnhaus";"Wohnhaus; 1840; zweigeschossiges Traufenhaus mit Satteldach und frei stehender westl. Giebelfront,Putzbau mit schlichten Fassaden und stichbogigen Fenstern";"Geschichtlich, Städtebaulich";"gesamtes Objekt";"https://opendata.schleswig-holstein.de/data/denkmalpflege/fotos/14038.jpg"
1908;"Bauliche Anlage";"Stadt Flensburg";"Flensburg, Stadt";"Marienstraße 19";"Wohnhaus";"Wohnhaus; 18. Jh.; geschlämmtes zweigeschossiges Traufenhaus mit vierachsige Fassade mit je einer Tür in beiden Geschossen, im Obergeschoß teilweise noch Fachwerk erhaltenen, Satteldach";"Geschichtlich, Städtebaulich, Wissenschaftlich";"gesamtes Objekt";"https://opendata.schleswig-holstein.de/data/denkmalpflege/fotos/1908.jpg"
1469;"Bauliche Anlage";"Stadt Flensburg";"Flensburg, Stadt";"Marienstraße 20";"Wohnhaus";"Wohnhaus; um 1840; zweigeschossiger breitgelagerter Putzbau mit Walmdach, spätklassizistische Putzfassade mit gleichmäßig gereihten Fenstern, mittig schlichtes Gebälkportal und Freitreppe";"Geschichtlich, Städtebaulich";"Wohnhaus, Einfriedung";"https://opendata.schleswig-holstein.de/data/denkmalpflege/fotos/1469.jpg"
8895;"Bauliche Anlage";"Stadt Flensburg";"Flensburg, Stadt";"Marienstraße 33";"Wohnhaus";"Alteintragung (Aktualisierung vorgesehen)";"Geschichtlich, Künstlerisch, Städtebaulich";"gesamtes Objekt";"https://opendata.schleswig-holstein.de/data/denkmalpflege/fotos/8895.jpg"
6496;"Bauliche Anlage";"Stadt Flensburg";"Flensburg, Stadt";"Mathildenstraße 5";"Mietwohnungshaus";"Mietwohnungshaus; 1901, Architekt L. Paris; viergeschossiger Backsteinbau mit reicher historisierender Putzgliederung, seitliche Achsen als Flacherker leicht vorgezogen, durch Zwerchgiebel abgeschlossen, im Inneren originale Ausstattung";"Geschichtlich, Künstlerisch, Städtebaulich";"Mietwohnungshaus, Vorgarten";"https://opendata.schleswig-holstein.de/data/denkmalpflege/fotos/6496.jpg"
7878;"Bauliche Anlage";"Stadt Flensburg";"Flensburg, Stadt";"Mathildenstraße 9";"Mietwohnungshaus";"Mietwohnungshaus; 1902, Architekten Schwarck u. Körner; viergeschossiger Backsteinbau auf hohem Sockel mit reicher historisierender Putzgliederung, seitliche Erkervorbauten, im Inneren originale Ausstattung erhalten";"Geschichtlich, Künstlerisch, Städtebaulich";"Mietwohnungshaus, Vorgarten";"https://opendata.schleswig-holstein.de/data/denkmalpflege/fotos/7878.jpg"
6502;"Bauliche Anlage";"Stadt Flensburg";"Flensburg, Stadt";"Mathildenstraße 12";"Mietwohnungshaus";"Mietwohnungshaus; 1904, Bauunternehmer Asmus Bögh; symmetrischer viergeschossiger Putzbau mit reicher Backsteingliederung und ausgebauter Dachzone, historistische Fassadengestaltung mit Jugendstilelementen; mit Vorgarten";"Geschichtlich, Städtebaulich";"Mietwohnungshaus, Vorgarten";"https://opendata.schleswig-holstein.de/data/denkmalpflege/fotos/6502.jpg"
6503;"Bauliche Anlage";"Stadt Flensburg";"Flensburg, Stadt";"Mathildenstraße 13";"Mietwohnungshaus";"Mietwohnungshaus; 1904 Architekt Georg Fries; viergeschossiger Putzbau mit sehr reich gegliederter und ornamentierter Fassade in der Formensprache des Jugendstils, im Inneren originale Ausstattung erhalten";"Geschichtlich, Künstlerisch, Städtebaulich";"Mietwohnungshaus, Vorgarten";"https://opendata.schleswig-holstein.de/data/denkmalpflege/fotos/6503.jpg"
6504;"Bauliche Anlage";"Stadt Flensburg";"Flensburg, Stadt";"Mathildenstraße 14";"Mietwohnungshaus";"Mietwohnungshaus; 1905; viergeschossiger Gelbsteinbau auf hohem Sockel mit aufwändiger Putzgliederung in historisierendem Jugendstil, die Mittelachse überhöht mit Giebelabschluss; mit Vorgarten";"Geschichtlich, Städtebaulich";"Mietwohnungshaus, Vorgarten";"https://opendata.schleswig-holstein.de/data/denkmalpflege/fotos/6504.jpg"
6505;"Bauliche Anlage";"Stadt Flensburg";"Flensburg, Stadt";"Mathildenstraße 15";"Mietwohnungshaus";"Mietwohnungshaus; 1904/05, Archiekt Georg Fries; viergeschossiger Backsteinbau auf hohem Sockel mit aufwändiger Putzgliederung in historisierendem Jugendstil; mit Vorgarten";"Geschichtlich, Städtebaulich";"Mietwohnungshaus, Vorgarten";"https://opendata.schleswig-holstein.de/data/denkmalpflege/fotos/6505.jpg"
6506;"Bauliche Anlage";"Stadt Flensburg";"Flensburg, Stadt";"Mathildenstraße 16";"Mietwohnungshaus";"Mietwohnungshaus; um 1905; viergeschossiger Putzbau auf hohem Sockel mit aufwändiger Gliederung in Jugendstilformen, gegliedert durch  Blendfelder, kastenförmige Standerker und Balkonachsen; mit Vorgarten";"Geschichtlich, Künstlerisch, Städtebaulich";"Mietwohnungshaus, Vorgarten";"https://opendata.schleswig-holstein.de/data/denkmalpflege/fotos/6506.jpg"
6507;"Bauliche Anlage";"Stadt Flensburg";"Flensburg, Stadt";"Mathildenstraße 17";"Mietwohnungshaus";"Mietwohnungshaus; 1908, Architekt Karl Bernt; viergeschossiger Backsteinbau auf hohem Sockel mit reduzierter Gliederung im Reformstil, einzelne barockisierende Stuckelemente; mit Vorgarten";"Geschichtlich, Künstlerisch, Städtebaulich";"Mietwohnungshaus, Vorgarten";"https://opendata.schleswig-holstein.de/data/denkmalpflege/fotos/6507.jpg"
6508;"Bauliche Anlage";"Stadt Flensburg";"Flensburg, Stadt";"Mathildenstraße 18";"Mietwohnungshaus";"Mietwohnungshaus; 1908, Architekt Karl Bernt; viergeschossiger Putzbau mit historisierender Fassadengliederung, untere Gebäudehälfte mit Klinkerblende, oben Kastenerkerund Balkone; mit Vorgarten";"Geschichtlich, Künstlerisch, Städtebaulich";"Mietwohnungshaus, Vorgarten";"https://opendata.schleswig-holstein.de/data/denkmalpflege/fotos/6508.jpg"
6509;"Bauliche Anlage";"Stadt Flensburg";"Flensburg, Stadt";"Mathildenstraße 19";"Mietwohnungshaus";"Mietwohnungshaus; 1911, Architekt Heinrich Cederberg; breiter viergeschossiger Putzbau in neubarocker Formgebung mit Schieferdach; mit Vorgarten";"Geschichtlich, Künstlerisch, Städtebaulich";"Mietwohnungshaus, Vorgarten";"https://opendata.schleswig-holstein.de/data/denkmalpflege/fotos/6509.jpg"
26901;"Bauliche Anlage";"Stadt Flensburg";"Flensburg, Stadt";"Meiereistraße 4";"Panzerkaserne: Mannschaftsgebäude";"Mannschaftsgebäude der ehem. Panzerkaserne; 1935/36 Heeresbauamt Rendsburg; dreigeschossiger Backsteinbau in bewusst reduzierter Ausführung, zweigeschossiger Seitenflügel an der Ostseite, Walmdächer";"Geschichtlich, Städtebaulich";"gesamtes Objekt";"https://opendata.schleswig-holstein.de/data/denkmalpflege/fotos/26901.jpg"
14028;"Bauliche Anlage";"Stadt Flensburg";"Flensburg, Stadt";"Mittelstraße 20";"Wohnhaus";"Wohnhaus; um 1860; eingeschossiger Backsteinbau, traufständig mit Satteldach, geschlämmte Fassade über Natursteinsockel, übergiebeltes Mittelzwerchhaus, Fenster mit flachen Blendbögen";"Geschichtlich, Städtebaulich";"Wohnhaus, Hofplasterung";"https://opendata.schleswig-holstein.de/data/denkmalpflege/fotos/14028.jpg"
20035;"Bauliche Anlage";"Stadt Flensburg";"Flensburg, Stadt";"Moltkestraße 1 a-d";"Wohnhauszeile";"Wohnhauszeile; 1899-1900, Architekt u. Maurermeister Adolf Voigt; Zeile aus vier Reihenhäusern, zweigeschossige Putzbauten mit abgesetzten Dächern, Backstein-Ziergliederungen und Risalite mit Fachwerkgiebeln";"Geschichtlich, Künstlerisch, Städtebaulich";"gesamtes Objekt";"https://opendata.schleswig-holstein.de/data/denkmalpflege/fotos/20035.jpg"
9875;"Bauliche Anlage";"Stadt Flensburg";"Flensburg, Stadt";"Moltkestraße 6 - 8";"Mehrfamilienwohnhaus";"Mehrfamilienwohnhaus; 1902, Maurermeister und Bauunternehmer Heinrich Davids; als Doppelhaus konzipierte Zeile, zweigeschossige Putzbauten mit Schieferdach und backsteinverblendetem Obergeschoss, Stuckierungen in Jugendstilornamentik von L. Paris";"Geschichtlich, Künstlerisch, Städtebaulich";"gesamtes Objekt";"https://opendata.schleswig-holstein.de/data/denkmalpflege/fotos/9875.jpg"
6510;"Bauliche Anlage";"Stadt Flensburg";"Flensburg, Stadt";"Moltkestraße 22 - 24";"Mehrfamilienhaus";"Alteintragung (Aktualisierung vorgesehen)";"Geschichtlich, Künstlerisch, Städtebaulich";"Alteintragung (Aktualisierung vorgesehen)";"https://opendata.schleswig-holstein.de/data/denkmalpflege/fotos/6510.jpg"
6511;"Bauliche Anlage";"Stadt Flensburg";"Flensburg, Stadt";"Moltkestraße 25";"Mehrfamilienhaus";"Mehrfamilienhaus; 1909-10, Baugeschäft Schwark u. Körner; zweigeschossiger Putzbau über sockelartigem Untergeschoss mit pfannengedecktem Mansarddach, Ecke mit halbrundem Vorbau Schweifgiebelabschluss, an den Längsfronten mittige Standerker mit geschweiften Zwerchgiebeln Sockelgeschoss verputzt, darüber bis ins 1. OG Backsteinsichtmauerwerk";"Geschichtlich, Künstlerisch, Städtebaulich";"gesamtes Objekt";"https://opendata.schleswig-holstein.de/data/denkmalpflege/fotos/6511.jpg"
6512;"Bauliche Anlage";"Stadt Flensburg";"Flensburg, Stadt";"Moltkestraße 26";"Mehrfamilienhaus";"Mehrfamilienhaus; 1909-10, Baugeschäft Schwark u. Körner; über stumpfwinkeligem Grundriss zweigeschossiger Backsteinbau mit sockelartigem natursteinverblendetem  Untergeschoss und pfannengedecktem Walmdach, Fronten im Landhausstil asymmetrisch gegliedert durch Risalit, Fenstererker mit Zwerchgiebelabschluss und Loggienachse, an der Giebelseite Eingangsbau mit Freitreppe und Altan";"Geschichtlich, Künstlerisch, Städtebaulich";"gesamtes Objekt";"https://opendata.schleswig-holstein.de/data/denkmalpflege/fotos/6512.jpg"
6513;"Bauliche Anlage";"Stadt Flensburg";"Flensburg, Stadt";"Moltkestraße 27";"Mehrfamilienhaus";"Mehrfamilienhaus; 1909-10, Baugeschäft Schwark u. Körner; zweigeschossiger Putzbau über sockelartigem natursteinverblendetem Untergeschoss mit Mansarddach, Straßenfront mit seitlichem, von Schweifgiebel abgeschlossenem Risalit, daneben Loggienachse, schlichte Gestaltung mit sparsamem Jugendstildekor am Risalitgiebel, an der  westlichen Schmalseite Eingangsvorbau mit Freitreppe und Altan";"Geschichtlich, Künstlerisch, Städtebaulich";"gesamtes Objekt";"https://opendata.schleswig-holstein.de/data/denkmalpflege/fotos/6513.jpg"
6514;"Bauliche Anlage";"Stadt Flensburg";"Flensburg, Stadt";"Moltkestraße 28";"Mehrfamilienhaus";"Mehrfamilienhaus; 1909-10, Baugeschäft Schwark u. Körner; auf winkelförmigen Grundriss zweigeschossiger Putzbau über sockelartigem natursteinverblendetem Untergeschoss mit pfannengedecktem Walmdach, an der stumpfen, von Fachwerkgiebel abgeschlossener Ecke halbrunder Loggienbau mit Altan, Fronten im Landhausstil gegliedert durch mittlere Risalite mit Fachwerkgiebeln, portalartiger Eingang in der westlichen Seitenachse";"Geschichtlich, Künstlerisch, Städtebaulich";"gesamtes Objekt";"https://opendata.schleswig-holstein.de/data/denkmalpflege/fotos/6514.jpg"
20048;"Bauliche Anlage";"Stadt Flensburg";"Flensburg, Stadt";"Moltkestraße 39";"Wohnhaus";"Wohnhaus; 1911, Baugeschäft Schwark u. Körner; eingeschossiger giebelständiger Putzbau auf hohem Sockel mit pfannengedecktem Mansarddach, Straßenfront mit breitem teilvertrettertem Giebel und übergiebeltem mittigem Eingangsvorbau, Treppenhausfenster mit Farbverglasung";"Geschichtlich, Künstlerisch, Städtebaulich";"gesamtes Objekt";"https://opendata.schleswig-holstein.de/data/denkmalpflege/fotos/20048.jpg"
20049;"Bauliche Anlage";"Stadt Flensburg";"Flensburg, Stadt";"Moltkestraße 41 - 43";"Doppelwohnhaus";"Doppelwohnhaus; 1910/11; Baugeschäft Schwark u. Körner; zweigeschossiger traufständiger Putzbau mit Pfannendächern, Straßenfassade als Doppelgiebelfront ausgebildet; mit Einfriedung";"Geschichtlich, Künstlerisch, Städtebaulich";"Doppelwohnhaus, Einfriedung";"https://opendata.schleswig-holstein.de/data/denkmalpflege/fotos/20049.jpg"
20050;"Bauliche Anlage";"Stadt Flensburg";"Flensburg, Stadt";"Moltkestraße 45";"Wohnhaus";"Wohnhaus; 1912, Baugeschäft Schwark u. Körner; eingeschossiger giebelständiger Putzbau über sockelartigem Untergeschoss mit biberschwanzgedecktem Mansarddach, Straßenfront mit polygonalem, von Altan abgeschlossenem Standerker, links seitlich angelagert Eingangsvorbau";"Geschichtlich, Künstlerisch, Städtebaulich";"gesamtes Objekt";"https://opendata.schleswig-holstein.de/data/denkmalpflege/fotos/20050.jpg"
9258;"Bauliche Anlage";"Stadt Flensburg";"Flensburg, Stadt";"Mühlendamm 21 - 23";"Bahn-Güterabfertigungsanlage";"Alteintragung (Aktualisierung vorgesehen)";"";"Alteintragung (Aktualisierung vorgesehen)";""
1471;"Bauliche Anlage";"Stadt Flensburg";"Flensburg, Stadt";"Mühlenstraße 1";"Christiansenpark: ehem. Müllerwohnhaus";"Alteintragung (Aktualisierung vorgesehen)";"Geschichtlich, Städtebaulich";"Alteintragung (Aktualisierung vorgesehen)";""
6393;"Bauliche Anlage";"Stadt Flensburg";"Flensburg, Stadt";"Mühlenstraße 1 - 3";"Christiansenpark: Gußeisenzaun mit Eingangstor";"Alteintragung (Aktualisierung vorgesehen)";"Geschichtlich, Künstlerisch, Städtebaulich";"Alteintragung (Aktualisierung vorgesehen)";""
20052;"Bauliche Anlage";"Stadt Flensburg";"Flensburg, Stadt";"Mühlenstraße 1 - 5";"Christiansenpark: ehem. Mühlengehöft";"Alteintragung (Aktualisierung vorgesehen)";"Geschichtlich, Städtebaulich";"Alteintragung (Aktualisierung vorgesehen)";""
1316;"Bauliche Anlage";"Stadt Flensburg";"Flensburg, Stadt";"Mühlenstraße 5";"Christiansenpark: Stallgebäude";"Alteintragung (Aktualisierung vorgesehen)";"Geschichtlich, Künstlerisch, Städtebaulich";"Alteintragung (Aktualisierung vorgesehen)";"https://opendata.schleswig-holstein.de/data/denkmalpflege/fotos/1316.jpg"
12671;"Bauliche Anlage";"Stadt Flensburg";"Flensburg, Stadt";"Mühlenstraße 5";"Christiansenpark: Kutscherhaus";"Alteintragung (Aktualisierung vorgesehen)";"Geschichtlich, Künstlerisch";"Alteintragung (Aktualisierung vorgesehen)";"https://opendata.schleswig-holstein.de/data/denkmalpflege/fotos/12671.jpg"
12672;"Bauliche Anlage";"Stadt Flensburg";"Flensburg, Stadt";"Mühlenstraße 5";"Christiansenpark: Schuppen";"Alteintragung (Aktualisierung vorgesehen)";"Geschichtlich, Städtebaulich";"Alteintragung (Aktualisierung vorgesehen)";""
1317;"Bauliche Anlage";"Stadt Flensburg";"Flensburg, Stadt";"Mühlenstraße 31 - 35";"Wasserwerk mit Wasserturm";"Alteintragung (Aktualisierung vorgesehen)";"Geschichtlich, Städtebaulich, Technisch";"gesamtes Objekt";""
19934;"Bauliche Anlage";"Stadt Flensburg";"Flensburg, Stadt";"Mühlenstraße 34";"Wohn- und Geschäftshaus";"Alteintragung (Aktualisierung vorgesehen)";"Geschichtlich, Künstlerisch, Städtebaulich";"gesamtes Objekt";""
19390;"Bauliche Anlage";"Stadt Flensburg";"Flensburg, Stadt";"Munketoft 5";"Wohnblock";"Alteintragung (Aktualisierung vorgesehen)";"";"Alteintragung (Aktualisierung vorgesehen)";""
19930;"Bauliche Anlage";"Stadt Flensburg";"Flensburg, Stadt";"Mürwiker Straße 26";"Wohn- und Bürohaus";"Alteintragung (Aktualisierung vorgesehen)";"Geschichtlich, Künstlerisch, Städtebaulich";"gesamtes Objekt";""
6738;"Bauliche Anlage";"Stadt Flensburg";"Flensburg, Stadt";"Mürwiker Straße 174";"Wohnhaus (ehem. kaiserliche Post)";"Alteintragung (Aktualisierung vorgesehen)";"";"Alteintragung (Aktualisierung vorgesehen)";"https://opendata.schleswig-holstein.de/data/denkmalpflege/fotos/6738.jpg"
10294;"Bauliche Anlage";"Stadt Flensburg";"Flensburg, Stadt";"Mürwiker Straße 183 - 185";"Verwaltungsgebäude";"Alteintragung (Aktualisierung vorgesehen)";"Geschichtlich, Künstlerisch, Städtebaulich";"Alteintragung (Aktualisierung vorgesehen)";"https://opendata.schleswig-holstein.de/data/denkmalpflege/fotos/10294.jpg"
10288;"Bauliche Anlage";"Stadt Flensburg";"Flensburg, Stadt";"Mürwiker Straße 201 - 203";"Offiziersheim";"Alteintragung (Aktualisierung vorgesehen)";"Geschichtlich, Künstlerisch, Städtebaulich";"Alteintragung (Aktualisierung vorgesehen)";""
10289;"Bauliche Anlage";"Stadt Flensburg";"Flensburg, Stadt";"Mürwiker Straße 201 - 203";"Schulgebäude";"Alteintragung (Aktualisierung vorgesehen)";"Geschichtlich, Künstlerisch, Städtebaulich";"Alteintragung (Aktualisierung vorgesehen)";""
10290;"Bauliche Anlage";"Stadt Flensburg";"Flensburg, Stadt";"Mürwiker Straße 201 - 203";"Kaserne Brandenburg";"Alteintragung (Aktualisierung vorgesehen)";"Geschichtlich, Künstlerisch, Städtebaulich";"Alteintragung (Aktualisierung vorgesehen)";""
10291;"Bauliche Anlage";"Stadt Flensburg";"Flensburg, Stadt";"Mürwiker Straße 201 - 203";"Kaserne Hansa";"Alteintragung (Aktualisierung vorgesehen)";"Geschichtlich, Künstlerisch, Städtebaulich";"Alteintragung (Aktualisierung vorgesehen)";""
10292;"Bauliche Anlage";"Stadt Flensburg";"Flensburg, Stadt";"Mürwiker Straße 201 - 203";"Kaserne Preußen";"Alteintragung (Aktualisierung vorgesehen)";"Geschichtlich, Künstlerisch, Städtebaulich";"Alteintragung (Aktualisierung vorgesehen)";""
10293;"Bauliche Anlage";"Stadt Flensburg";"Flensburg, Stadt";"Mürwiker Straße 201 - 203";"Kaserne Deutschland zugl. Torgebäude";"Alteintragung (Aktualisierung vorgesehen)";"Geschichtlich, Künstlerisch, Städtebaulich";"Alteintragung (Aktualisierung vorgesehen)";""
140;"Bauliche Anlage";"Stadt Flensburg";"Flensburg, Stadt";"Museumsberg 1";"Standbild Gerettet";"Alteintragung (Aktualisierung vorgesehen)";"";"Alteintragung (Aktualisierung vorgesehen)";"https://opendata.schleswig-holstein.de/data/denkmalpflege/fotos/140.jpg"
165;"Bauliche Anlage";"Stadt Flensburg";"Flensburg, Stadt";"Museumsberg 1";"Museum: Heinrich-Sauermann-Haus";"Alteintragung (Aktualisierung vorgesehen)";"Geschichtlich, Künstlerisch, Städtebaulich, Wissenschaftlich";"Alteintragung (Aktualisierung vorgesehen)";"https://opendata.schleswig-holstein.de/data/denkmalpflege/fotos/165.jpg"
1902;"Bauliche Anlage";"Stadt Flensburg";"Flensburg, Stadt";"Museumsberg 1";"Spiegelgrotte";"Alteintragung (Aktualisierung vorgesehen)";"Geschichtlich, Künstlerisch, Wissenschaftlich";"Alteintragung (Aktualisierung vorgesehen)";"https://opendata.schleswig-holstein.de/data/denkmalpflege/fotos/1902.jpg"
8948;"Bauliche Anlage";"Stadt Flensburg";"Flensburg, Stadt";"Museumsberg 1";"Museum: Hans-Christiansen-Haus";"Alteintragung (Aktualisierung vorgesehen)";"Geschichtlich, Künstlerisch, Wissenschaftlich";"Alteintragung (Aktualisierung vorgesehen)";"https://opendata.schleswig-holstein.de/data/denkmalpflege/fotos/8948.jpg"
30890;"Bauliche Anlage";"Stadt Flensburg";"Flensburg, Stadt";"Museumsberg 1";"Allegorie des Ruhms / Mars";"Alteintragung (Aktualisierung vorgesehen)";"Geschichtlich, Künstlerisch, Wissenschaftlich";"Alteintragung (Aktualisierung vorgesehen)";"https://opendata.schleswig-holstein.de/data/denkmalpflege/fotos/30890.jpg"
30891;"Bauliche Anlage";"Stadt Flensburg";"Flensburg, Stadt";"Museumsberg 1";"Athena";"Alteintragung (Aktualisierung vorgesehen)";"Geschichtlich, Künstlerisch, Wissenschaftlich";"Alteintragung (Aktualisierung vorgesehen)";"https://opendata.schleswig-holstein.de/data/denkmalpflege/fotos/30891.jpg"
30892;"Bauliche Anlage";"Stadt Flensburg";"Flensburg, Stadt";"Museumsberg 1";"zwei Sandsteintrophäen (Nischenfiguren)";"Alteintragung (Aktualisierung vorgesehen)";"Geschichtlich, Künstlerisch, Wissenschaftlich";"Alteintragung (Aktualisierung vorgesehen)";""
30893;"Bauliche Anlage";"Stadt Flensburg";"Flensburg, Stadt";"Museumsberg 1";"Ziervase";"Alteintragung (Aktualisierung vorgesehen)";"Geschichtlich, Künstlerisch, Wissenschaftlich";"Alteintragung (Aktualisierung vorgesehen)";"https://opendata.schleswig-holstein.de/data/denkmalpflege/fotos/30893.jpg"
30894;"Bauliche Anlage";"Stadt Flensburg";"Flensburg, Stadt";"Museumsberg 1";"drei barocke Sandsteinsarkophage";"Alteintragung (Aktualisierung vorgesehen)";"Geschichtlich, Künstlerisch, Wissenschaftlich";"Alteintragung (Aktualisierung vorgesehen)";""
30895;"Bauliche Anlage";"Stadt Flensburg";"Flensburg, Stadt";"Museumsberg 1";"Löwe aus Sandstein";"Alteintragung (Aktualisierung vorgesehen)";"Geschichtlich, Künstlerisch, Wissenschaftlich";"Alteintragung (Aktualisierung vorgesehen)";""
7577;"Bauliche Anlage";"Stadt Flensburg";"Flensburg, Stadt";"Nerongsallee 9";"Villa Holm";"Alteintragung (Aktualisierung vorgesehen)";"Geschichtlich, Künstlerisch, Städtebaulich";"gesamtes Objekt";"https://opendata.schleswig-holstein.de/data/denkmalpflege/fotos/7577.jpg"
20059;"Bauliche Anlage";"Stadt Flensburg";"Flensburg, Stadt";"Nerongsallee 14";"Villa";"Villa; 1902-03, Maurermeister Christian Hummel; zweigeschossiger Putzbau mit Attika, markanter Mittelrisalit mit flachem Dreiecksgiebel, aufwändige Putz- und Backsteingliederung, Pultdach";"Geschichtlich, Künstlerisch, Städtebaulich";"gesamtes Objekt";"https://opendata.schleswig-holstein.de/data/denkmalpflege/fotos/20059.jpg"
94;"Bauliche Anlage";"Stadt Flensburg";"Flensburg, Stadt";"Nerongsallee 22";"Marienhof";"Alteintragung (Aktualisierung vorgesehen)";"Geschichtlich, Städtebaulich";"gesamtes Objekt";"https://opendata.schleswig-holstein.de/data/denkmalpflege/fotos/94.jpg"
321;"Bauliche Anlage";"Stadt Flensburg";"Flensburg, Stadt";"Nerongsallee 44";"Anthon-Stift";"Alteintragung (Aktualisierung vorgesehen)";"";"Alteintragung (Aktualisierung vorgesehen)";"https://opendata.schleswig-holstein.de/data/denkmalpflege/fotos/321.jpg"
7576;"Bauliche Anlage";"Stadt Flensburg";"Flensburg, Stadt";"Nerongsallee 46 - 46a";"Heinrich- und Minna-Schuldt-Stift";"Alteintragung (Aktualisierung vorgesehen)";"Geschichtlich, Künstlerisch, Städtebaulich";"gesamtes Objekt";"https://opendata.schleswig-holstein.de/data/denkmalpflege/fotos/7576.jpg"
26504;"Bauliche Anlage";"Stadt Flensburg";"Flensburg, Stadt";"Neue Straße 5";"Wohn- und Geschäftshaus";"Wohn- und Geschäftshaus; 18.-19. Jahrhundert zweigeschossiger Traufenbau mit Satteldach, klassizistische Putzfassade mit mittigem ornamentiertem Stuckfeld, bauzeitliche Ausstattung, Rückflügel und Hofgebäude";"Geschichtlich, Städtebaulich";"gesamtes Objekt";"https://opendata.schleswig-holstein.de/data/denkmalpflege/fotos/26504.jpg"
26506;"Bauliche Anlage";"Stadt Flensburg";"Flensburg, Stadt";"Neue Straße 11 - 13";"Wohn- und Geschäftshaus";"Wohn- und Geschäftshaus; 18.-19. Jahrhundert; zweigeschossiger Putzbau mit asymmetrischem Satteldach in Traufstellung, im Innern qualitätvolle Ausstattung des 18. u. 19. Jhs. wie z.B. Delfter Fliesenspiegel erhalten";"Geschichtlich, Künstlerisch, Städtebaulich";"gesamtes Objekt";"https://opendata.schleswig-holstein.de/data/denkmalpflege/fotos/26506.jpg"
1909;"Bauliche Anlage";"Stadt Flensburg";"Flensburg, Stadt";"Neue Straße 15 - 17";"Wohnhaus";"Wohnhaus; E. 18. Jahrhundert; Giebelhaus mit Satteldach, zweigeschossige Straßenfassade mit spiegel- symmetrischer Gliederung, gemauertes Erdgeschoss und Obergeschoss sowie Dreiecksgiebel in Fachwerk, spiegelbildlich angeordnete Grundrisse";"Geschichtlich, Städtebaulich, Wissenschaftlich";"gesamtes Objekt";"https://opendata.schleswig-holstein.de/data/denkmalpflege/fotos/1909.jpg"
8650;"Bauliche Anlage";"Stadt Flensburg";"Flensburg, Stadt";"Neustadt 1";"Wohnhaus mit Gaststätte";"Wohnhaus mit Gaststätte; 1780, 1794; eingeschossiger, zunächst als Packhaus errichteter Giebelbau mit Satteldach, weißgeschlämmtes Ziegelmauerwerk, gereihte Fenster mit scheitrechten Stürzen";"Geschichtlich, Städtebaulich";"gesamtes Objekt";"https://opendata.schleswig-holstein.de/data/denkmalpflege/fotos/8650.jpg"
52944;"Bauliche Anlage";"Stadt Flensburg";"Flensburg, Stadt";"Neustadt 1 a";"Hofgebäude";"Hofgebäude; um 1800; zweigeschossiger geschlämmter Gelbsteinbau auf trapezförmigem Grundriss, traufständig zum Hof, steiles Satteldach, hofseitig zwei korbbogige Zugänge und Dachüberstand";"Geschichtlich, Städtebaulich";"gesamtes Objekt";"https://opendata.schleswig-holstein.de/data/denkmalpflege/fotos/52944.jpg"
13998;"Bauliche Anlage";"Stadt Flensburg";"Flensburg, Stadt";"Neustadt 2";"Wohn- und Geschäftshaus Pott";"Wohn- und Geschäftshaus Pott; 1878; ehem. Rumfabrik, dreigeschossiger Bau mit stumpfer Ecke und zum Nordertor abgewalmtem Schieferdach, Putzfassade mit spätklassizistischer Gliederung, rückwärtig kleine Ladeluke mit Kranbalken erhalten";"Geschichtlich, Städtebaulich";"gesamtes Objekt";"https://opendata.schleswig-holstein.de/data/denkmalpflege/fotos/13998.jpg"
8556;"Bauliche Anlage";"Stadt Flensburg";"Flensburg, Stadt";"Neustadt 9";"Wohn- und Geschäftshaus";"Wohn- und Geschäftshaus; um 1815, 1895/96, 1977; zweigeschossiger traufständiger Backsteinbau mit spätklassizistischer Putzfassade und nach Aufstockung sehr steilem schiefergedecktem Dach, im Erdgeschoss historische Apothekeneinrichtung erhalten";"Geschichtlich, Künstlerisch, Städtebaulich, Wissenschaftlich";"gesamtes Objekt";"https://opendata.schleswig-holstein.de/data/denkmalpflege/fotos/8556.jpg"
14534;"Bauliche Anlage";"Stadt Flensburg";"Flensburg, Stadt";"Neustadt 10";"Wohn- und Geschäftshaus";"Wohn- und Geschäftshaus; um 1872, 1892 u. 1901 erweitert; zweigeschossiger Putzbau mit reicher spätklassizistischer Putzgliederung";"Geschichtlich, Künstlerisch, Städtebaulich";"gesamtes Objekt";"https://opendata.schleswig-holstein.de/data/denkmalpflege/fotos/14534.jpg"
187;"Bauliche Anlage";"Stadt Flensburg";"Flensburg, Stadt";"Neustadt 15";"Wohn- und Geschäftshaus";"Wohn- und Geschäftshaus; um 1790, verm. Baumeister Christian Gottfried Buchwald; zweigeschossiger traufständiger Backsteinbau mit geschlämmter Fassade und pfannengedecktem Mansarddach, mittig der Straßenfront aufwendig gestaltetes Portal, Hofeingang mit schlichterer Hausteinrahmung, Giebelseiten mit Blendfenstern und Ladeluken";"Geschichtlich, Künstlerisch, Städtebaulich";"gesamtes Objekt";"https://opendata.schleswig-holstein.de/data/denkmalpflege/fotos/187.jpg"
6391;"Bauliche Anlage";"Stadt Flensburg";"Flensburg, Stadt";"Neustadt 16";"Flensburger Walzenmühle";"Alteintragung (Aktualisierung vorgesehen)";"Geschichtlich, Künstlerisch, Städtebaulich, Technisch";"Alteintragung (Aktualisierung vorgesehen)";""
1910;"Bauliche Anlage";"Stadt Flensburg";"Flensburg, Stadt";"Neustadt 38";"Fabrikantenwohnhaus";"Alteintragung (Aktualisierung vorgesehen)";"Geschichtlich, Künstlerisch";"gesamtes Objekt";"https://opendata.schleswig-holstein.de/data/denkmalpflege/fotos/1910.jpg"
186;"Bauliche Anlage";"Stadt Flensburg";"Flensburg, Stadt";"Neustadt 53";"Eckhaus";"Alteintragung (Aktualisierung vorgesehen)";"Geschichtlich, Städtebaulich";"Alteintragung (Aktualisierung vorgesehen)";"https://opendata.schleswig-holstein.de/data/denkmalpflege/fotos/186.jpg"
54918;"Bauliche Anlage";"Stadt Flensburg";"Flensburg, Stadt";"Neustadt 71";"Querspeicher";"Querspeicher; um 1820; Lage auf Gewerbehof, zweigeschossiger Fachwerkbau mit Verkleidung, inneres Holztraggerüst weitgehend überliefert, Satteldach mit Lagerböden auf zwei Ebenen";"Geschichtlich, Städtebaulich, Wissenschaftlich";"Querspeicher, ";"https://opendata.schleswig-holstein.de/data/denkmalpflege/fotos/54918.jpg"
54920;"Bauliche Anlage";"Stadt Flensburg";"Flensburg, Stadt";"Neustadt 71";"1. Seitenflügel (nord), Bohlendachspeicher";"1. Seitenflügel (nord), Bohlendachspeicher; um 1820; Lage auf Gewerbehof, zweigeschossiger Fachwerkbau mit Verkleidung, Eichendachstuhl mit Bogenbindern aus vernagelten Bohlen";"Geschichtlich, Städtebaulich, Wissenschaftlich";"1. Seitenflügel (nord), Bohlendachspeicher, ";"https://opendata.schleswig-holstein.de/data/denkmalpflege/fotos/54920.jpg"
61;"Bauliche Anlage";"Stadt Flensburg";"Flensburg, Stadt";"Niedermai 1";"ehem. Armenhaus Munketoftstift";"ehem. Armenhaus Munketoftstift; 1869; lang gestreckter zweigeschossiger Gelbsteinbau mit Satteldach und Giebelfront zur Niedermai, stichbogige Fenster zu Dreiergruppen gegliedert, ehemaliger Stallanbau mit Bohlendach";"Geschichtlich, Städtebaulich";"gesamtes Objekt";"https://opendata.schleswig-holstein.de/data/denkmalpflege/fotos/61.jpg"
14234;"Bauliche Anlage";"Stadt Flensburg";"Flensburg, Stadt";"Nikolaikirchhof 2";"ehem. Distriktschule";"ehem. Distriktschule; 1792, 1. H. 19. Jh.; dreigeschossiger Gelbsteinbau auf Granitquadersockel mit pfannengedecktem Satteldach, die schlichte Front mit Bänderung und dreiachsigem übergiebeltem Zwerchhaus";"Geschichtlich, Künstlerisch, Städtebaulich";"gesamtes Äußeres";"https://opendata.schleswig-holstein.de/data/denkmalpflege/fotos/14234.jpg"
14254;"Bauliche Anlage";"Stadt Flensburg";"Flensburg, Stadt";"Nikolaikirchhof 3";"ehem. Nikolai-Mädchenschule";"ehem. Nikoali-Mädchenschule; um 1890, vermutl. Otto Fielitz; dreigeschossiger Gelbsteinbau auf hohem Sockel mit Rotsteingliederung und reicher neugotischer Gestaltung unter flachgeneigtem Walmdach";"Geschichtlich, Künstlerisch, Städtebaulich";"gesamtes Äußeres";"https://opendata.schleswig-holstein.de/data/denkmalpflege/fotos/14254.jpg"
1911;"Bauliche Anlage";"Stadt Flensburg";"Flensburg, Stadt";"Nikolaikirchhof 7";"Organistenhaus";"Organistenhaus; 1750; schlichter zweigeschossiger Gelbsteinbau mit pfannengedecktem Satteldach von Feldsteinmauer eingefasster Terrasse";"Geschichtlich, Künstlerisch, Städtebaulich";"gesamtes Objekt";"https://opendata.schleswig-holstein.de/data/denkmalpflege/fotos/1911.jpg"
1900;"Bauliche Anlage";"Stadt Flensburg";"Flensburg, Stadt";"Nikolaikirchhof 8";"Kirche St. Nikolai mit Ausstattung";"Kirche St. Nikolai mit Ausstattung; ab 1390; chorlose, dreischiffige spätgotische Backsteinstufenhalle mit durchlaufendem hohem Satteldach, Westturm neogotisch umgeformt, Gliederung durch dreibahnige Fenster zwischen schlichten Stützpfeilern und Kranzgesims, südl. und nördl. zwei Eingangs- bzw. Kapellenvorbauten";"Geschichtlich, Künstlerisch, Städtebaulich";"gesamtes Objekt";"https://opendata.schleswig-holstein.de/data/denkmalpflege/fotos/1900.jpg"
51272;"Bauliche Anlage";"Stadt Flensburg";"Flensburg, Stadt";"Nikolaistraße 2";"Wohn- und Geschäftshaus";"Geschäftshaus Nikolaistraße 2; 1904, 1922, 1955-58, 1992-93, Architekten Willrath, Troost, Stoffers, Carlson; viergeschossiger Putzbau mit ausgebautem Satteldach und polygonalem Eckturm, Lisenengliederung, hochrechteckige Sprossenfenster";"Geschichtlich, Städtebaulich";"gesamtes Objekt";"https://opendata.schleswig-holstein.de/data/denkmalpflege/fotos/51272.jpg"
9580;"Bauliche Anlage";"Stadt Flensburg";"Flensburg, Stadt";"Nikolaistraße 3";"Wohn- und Geschäftshaus";"Alteintragung (Aktualisierung vorgesehen)";"Geschichtlich, Künstlerisch, Städtebaulich";"gesamtes Objekt";"https://opendata.schleswig-holstein.de/data/denkmalpflege/fotos/9580.jpg"
9581;"Bauliche Anlage";"Stadt Flensburg";"Flensburg, Stadt";"Nikolaistraße 5";"Wohn- und Geschäftshaus";"Alteintragung (Aktualisierung vorgesehen)";"Geschichtlich, Künstlerisch, Städtebaulich";"gesamtes Objekt";"https://opendata.schleswig-holstein.de/data/denkmalpflege/fotos/9581.jpg"
9582;"Bauliche Anlage";"Stadt Flensburg";"Flensburg, Stadt";"Nikolaistraße 7";"Wohn- und Geschäftshaus";"Wohn- und Geschäftshaus; 1905, Heinrich Petersen/Friedrich Maaß; viergeschossiger Bau mit reich gegliederter Putzfassade in Formen des Jugendstils, Mitte der Dachzone durch breiten Zwerchgiebel betont, halbrunder Erker, Fenster durch Stuckfelder zusammengefasst";"Geschichtlich, Künstlerisch, Städtebaulich";"gesamtes Objekt";"https://opendata.schleswig-holstein.de/data/denkmalpflege/fotos/9582.jpg"
193;"Bauliche Anlage";"Stadt Flensburg";"Flensburg, Stadt";"Nikolaistraße 10";"Wohn- und Geschäftshaus";"Alteintragung (Aktualisierung vorgesehen)";"Geschichtlich, Künstlerisch, Städtebaulich";"gesamtes Objekt";"https://opendata.schleswig-holstein.de/data/denkmalpflege/fotos/193.jpg"
20065;"Bauliche Anlage";"Stadt Flensburg";"Flensburg, Stadt";"Nordergraben 3";"Knuthsches Stiftungshaus";"Knuthsches Stiftungshaus; 1880, Architekt Alexander Wilhelm Prale; ehem. Warteschule, zweigeschossiger traufständiger Gelbsteinbau in neogotischen Formen mit schiefergedecktem Walmdach über Kniestock, Straßenfassade mit übergiebeltem Mittelrisalit und portalartig gerahmtem Mitteleingang, Dachzone mit Zwerchhäusern";"Geschichtlich, Künstlerisch, Städtebaulich";"gesamtes Objekt";"https://opendata.schleswig-holstein.de/data/denkmalpflege/fotos/20065.jpg"
20068;"Bauliche Anlage";"Stadt Flensburg";"Flensburg, Stadt";"Nordergraben 14";"Wohnhaus";"Wohnhaus; 1877/78; dreigeschossiger Bau mit Satteldach und zwei flachen überhöhten Seitenrisaliten, die historisierende Gelbsteinfassade mit Rotsteingliederung und Terrakottareliefs, im ersten OG aufwändige Terrakottarahmung des Mittelteils";"Geschichtlich, Künstlerisch, Städtebaulich";"gesamtes Objekt";"https://opendata.schleswig-holstein.de/data/denkmalpflege/fotos/20068.jpg"
20069;"Bauliche Anlage";"Stadt Flensburg";"Flensburg, Stadt";"Nordergraben 19";"Villa Burg Schöneck";"Villa 'Burg Schöneck'; 1884/85, Anbau 1905/06, Architekt Alexander Wilhelm Prale; zweigeschossiger Gelbsteinbau in historistischer Manier mit Schieferdach und Gliederung in Rotstein, vielteilige Fassade mit seitlichem Türmchen, verschiedenen Erkern, Giebeln und Vorbauten, 1905/06 Anbau an der Südseite, seit 1921 dänisches Konsulat";"Geschichtlich, Künstlerisch, Städtebaulich";"gesamtes Objekt";"https://opendata.schleswig-holstein.de/data/denkmalpflege/fotos/20069.jpg"
10951;"Bauliche Anlage";"Stadt Flensburg";"Flensburg, Stadt";"Nordergraben 23";"Logenhaus";"Logenhaus; 1901-02, Arch. Magnus Schlichting; Freimaurerloge 'Wilhelm zur nordischen Treue', zweigeschossiger Putzbau in neuklassizistischem Stil, tempelartig gestalteter Saalbau mit Satteldach an der Nordseite und anschließendem Treppenhausanbau mit Nebenräumen, im Inneren prächtige Ausstattung erhalten";"Geschichtlich, Künstlerisch, Städtebaulich";"gesamtes Objekt";"https://opendata.schleswig-holstein.de/data/denkmalpflege/fotos/10951.jpg"
28043;"Bauliche Anlage";"Stadt Flensburg";"Flensburg, Stadt";"Nordergraben 23";"Freitreppenanlage";"Freitreppenanlage; 1901-02; vom Nordergraben auf das Portal des Logenhauses zuführende repräsentative, von schweren Steinpfosten begleitete einläufige Treppe mit Steinstufen";"Geschichtlich, Künstlerisch, Städtebaulich";"gesamtes Objekt";"https://opendata.schleswig-holstein.de/data/denkmalpflege/fotos/28043.jpg"
20070;"Bauliche Anlage";"Stadt Flensburg";"Flensburg, Stadt";"Nordergraben 26";"Mietwohnungshaus";"Mietwohnungshaus; 1902, Maurermeister H. Höft; viergeschossiger Putzbau mit schiefergedecktem Berliner Dach, Fassade durch Vor- und Rücksprünge aufgelockert mit aufwändiger historisierender Gliederung und an die Innenseiten der Vorsprünge angelegte Balkone, die Obergeschosse teilweise gelb verklinkert, Erdgeschoss mit gebänderter Buckelquaderung";"Geschichtlich, Künstlerisch, Städtebaulich";"gesamtes Objekt";"https://opendata.schleswig-holstein.de/data/denkmalpflege/fotos/20070.jpg"
20071;"Bauliche Anlage";"Stadt Flensburg";"Flensburg, Stadt";"Nordergraben 36";"Kath. Kirche St. Marien Schmerzhafte Mutter";"Kath. Kirche St. Marien Schmerzhafte Mutter; 1898, geweiht 1900, Architekt Heinrich Flügel, Baumeister E. Brettschneider; dreischiffige Backsteinhallenkirche in neugotischer Formgebung mit nach Norden weisendem, polygonalem Chor und spitzbehelmtem Turm  mit Hauptportal an der Südwestecke";"Geschichtlich, Künstlerisch, Städtebaulich";"gesamtes Objekt";"https://opendata.schleswig-holstein.de/data/denkmalpflege/fotos/20071.jpg"
305;"Bauliche Anlage";"Stadt Flensburg";"Flensburg, Stadt";"Nordergraben 60";"ehem. Landeszentralbank";"Alteintragung (Aktualisierung vorgesehen)";"Geschichtlich, Künstlerisch, Städtebaulich";"gesamtes Objekt";"https://opendata.schleswig-holstein.de/data/denkmalpflege/fotos/305.jpg"
6388;"Bauliche Anlage";"Stadt Flensburg";"Flensburg, Stadt";"Nordergraben 64";"Mietwohnungshaus";"Alteintragung (Aktualisierung vorgesehen)";"Geschichtlich, Künstlerisch, Städtebaulich";"Alteintragung (Aktualisierung vorgesehen)";"https://opendata.schleswig-holstein.de/data/denkmalpflege/fotos/6388.jpg"
6389;"Bauliche Anlage";"Stadt Flensburg";"Flensburg, Stadt";"Nordergraben 66";"Mietwohnungshaus";"Alteintragung (Aktualisierung vorgesehen)";"Geschichtlich, Künstlerisch, Städtebaulich";"Alteintragung (Aktualisierung vorgesehen)";"https://opendata.schleswig-holstein.de/data/denkmalpflege/fotos/6389.jpg"
6390;"Bauliche Anlage";"Stadt Flensburg";"Flensburg, Stadt";"Nordergraben 68";"Mietwohnungshaus";"Alteintragung (Aktualisierung vorgesehen)";"Geschichtlich, Künstlerisch, Städtebaulich";"Alteintragung (Aktualisierung vorgesehen)";"https://opendata.schleswig-holstein.de/data/denkmalpflege/fotos/6390.jpg"
45770;"Bauliche Anlage";"Stadt Flensburg";"Flensburg, Stadt";"Nordergraben";"Transformatorenpavillon";"Transformatorenpavillon; 1913, Architekt Paul Ziegler; schlichter eingeschossiger Backsteinbau auf quadratischem Grund mit hohem Putzsockel, Mansarddach pfannengedeckt mit abschließender Laterne und halbrunden Gauben";"Geschichtlich, Künstlerisch, Städtebaulich";"gesamtes Objekt";"https://opendata.schleswig-holstein.de/data/denkmalpflege/fotos/45770.jpg"
1912;"Bauliche Anlage";"Stadt Flensburg";"Flensburg, Stadt";"Norderhofenden 1";"ehem. Hotel Flensburger Hof (Polizeiinspektion)";"Alteintragung (Aktualisierung vorgesehen)";"Geschichtlich, Künstlerisch, Städtebaulich";"Alteintragung (Aktualisierung vorgesehen)";"https://opendata.schleswig-holstein.de/data/denkmalpflege/fotos/1912.jpg"
322;"Bauliche Anlage";"Stadt Flensburg";"Flensburg, Stadt";"Nordermarkt 4";"Wohn- und Geschäftshaus";"Wohn- und Geschäftshaus; um 1860; dreigeschossiger Gelbsteinbau mit Pfannendach, spätklassizistischer Putzfassade und stumpfer Ecke";"Geschichtlich, Städtebaulich";"gesamtes Objekt";"https://opendata.schleswig-holstein.de/data/denkmalpflege/fotos/322.jpg"
1914;"Bauliche Anlage";"Stadt Flensburg";"Flensburg, Stadt";"Nordermarkt 5";"Wohn- und Geschäftshaus";"Wohn- und Geschäftshaus; 18. Jh.; zweigeschossige Fachwerkbude mit pfannengedecktem Satteldach, jüngerer Putzfassade und Mittelzwerchhaus";"Geschichtlich, Städtebaulich";"gesamtes Objekt";"https://opendata.schleswig-holstein.de/data/denkmalpflege/fotos/1914.jpg"
1915;"Bauliche Anlage";"Stadt Flensburg";"Flensburg, Stadt";"Nordermarkt 6";"Wohnhaus";"Wohnhaus; 18. Jh.; zweigeschossige Fachwerkbude mit pfannengedecktem Satteldach, jüngerer Putzfassade und Mittelzwerchhaus in Fachwerk";"Geschichtlich, Städtebaulich";"gesamtes Objekt";"https://opendata.schleswig-holstein.de/data/denkmalpflege/fotos/1915.jpg"
1913;"Bauliche Anlage";"Stadt Flensburg";"Flensburg, Stadt";"Nordermarkt";"Neptunbrunnen";"Alteintragung (Aktualisierung vorgesehen)";"Geschichtlich, Künstlerisch, Städtebaulich, Wissenschaftlich";"gesamtes Objekt";"https://opendata.schleswig-holstein.de/data/denkmalpflege/fotos/1913.jpg"
13967;"Bauliche Anlage";"Stadt Flensburg";"Flensburg, Stadt";"Norderstraße 2";"Wohn- und Geschäftshaus";"Wohn- und Geschäftshaus; um 1870/75; dreigeschossiger Putzbau mit flachgeneigtem Dach und spätklassizistischer Fassade, als Eckgebäude zu Kompagniestraße mit stumpfer Ecke";"Geschichtlich, Städtebaulich";"gesamtes Objekt";"https://opendata.schleswig-holstein.de/data/denkmalpflege/fotos/13967.jpg"
14264;"Bauliche Anlage";"Stadt Flensburg";"Flensburg, Stadt";"Norderstraße 3";"Wohn- und Geschäftshaus";"Wohn- und Geschäftshaus; 1898, Maurermeister H. Höft; viergeschossiger Backsteinbau mit reicher historisierender Fassadenzier in Putz, außermittig Kastenerker, darüber Turmhelm mit vorgesetzter Gaube, schlichteres EG mit Hofdurchfahrt, nach Westen hofumschließender Rückflügel";"Geschichtlich, Künstlerisch, Städtebaulich";"gesamtes Objekt";"https://opendata.schleswig-holstein.de/data/denkmalpflege/fotos/14264.jpg"
14265;"Bauliche Anlage";"Stadt Flensburg";"Flensburg, Stadt";"Norderstraße 4";"Wohn- und Geschäftshaus";"Wohn- und Geschäftshaus; 1888, Gebr. Hummel, im Kern älter; dreigeschossiger traufständiger Putzbau mit flachgeneigtem Satteldach und schlichter spätklassizistischer Fassade, der linke Teil risalitartig vortretend";"Geschichtlich, Städtebaulich";"gesamtes Objekt";"https://opendata.schleswig-holstein.de/data/denkmalpflege/fotos/14265.jpg"
47581;"Bauliche Anlage";"Stadt Flensburg";"Flensburg, Stadt";"Norderstraße 4";"Hofgebäude";"Hofgebäude; um 1870; schlichter dreigeschossiger Gelbsteinbau mit Satteldach und korbbogiger Durchfahrt, Lukenachse in den OG";"Geschichtlich, Städtebaulich";"gesamtes Objekt";"https://opendata.schleswig-holstein.de/data/denkmalpflege/fotos/47581.jpg"
14266;"Bauliche Anlage";"Stadt Flensburg";"Flensburg, Stadt";"Norderstraße 5";"Wohn- und Geschäftshaus";"Wohn- und Geschäftshaus; Fassade um 1860, im Kern  17. Jh.; zweigeschossiges Giebelhaus mit pfannengedecktem Satteldach und historistischer Putzfassade mit Stufengiebel, schlichter Rückgiebel des 18. Jahrhunderts";"Geschichtlich, Städtebaulich";"gesamtes Objekt";"https://opendata.schleswig-holstein.de/data/denkmalpflege/fotos/14266.jpg"
320;"Bauliche Anlage";"Stadt Flensburg";"Flensburg, Stadt";"Norderstraße 6";"Wohn- und Geschäftshaus";"Wohn- und Geschäftshaus; im Kern 15./16. Jh.; zweigeschossiges Giebelhaus mit pfannengedecktem Satteldach und schlichter Putzfassade, seitl. Utlucht";"Geschichtlich, Künstlerisch, Städtebaulich";"gesamtes Objekt";"https://opendata.schleswig-holstein.de/data/denkmalpflege/fotos/320.jpg"
46209;"Bauliche Anlage";"Stadt Flensburg";"Flensburg, Stadt";"Norderstraße 6";"Rückflügel";"Rückflügel; im Kern 16. Jh.; zweigeschossiger Flügelbau mit pfannengedecktem Satteldach und Fachwerkobergeschoss mit Fußstreben und geschnitzten Halbrosetten";"Geschichtlich, Künstlerisch, Städtebaulich";"gesamtes Objekt";""
198;"Bauliche Anlage";"Stadt Flensburg";"Flensburg, Stadt";"Norderstraße 8";"Kaufmannshof: Vorderhaus";"Vorderhaus; im Kern 15./16. Jh.; Mi. 18. Jh., 1914; zweigeschossiges Backsteingiebelhaus mit pfannengedecktem Satteldach und reicher spätbarocker Fassade mit seitlichen Utluchten und geschweiftem Volutengiebel über vasengeschmückter Attika";"Geschichtlich, Künstlerisch, Städtebaulich";"gesamtes Objekt";"https://opendata.schleswig-holstein.de/data/denkmalpflege/fotos/198.jpg"
412;"Bauliche Anlage";"Stadt Flensburg";"Flensburg, Stadt";"Norderstraße 8";"Kaufmannshof: Rückflügel";"Rückflügel; im Kern 16. Jh.; zweigeschossiger Saalflügel aus Backstein mit pfannengedecktem Satteldach";"Geschichtlich, Künstlerisch, Städtebaulich";"gesamtes Objekt";"https://opendata.schleswig-holstein.de/data/denkmalpflege/fotos/412.jpg"
413;"Bauliche Anlage";"Stadt Flensburg";"Flensburg, Stadt";"Norderstraße 8";"Kaufmannshof: Seitenflügel";"Seitenflügel; im Kern 16. Jh.; eingeschossiger Backsteinflügel mit pfannengedecktem Satteldach";"Geschichtlich, Künstlerisch, Städtebaulich";"gesamtes Objekt";"https://opendata.schleswig-holstein.de/data/denkmalpflege/fotos/413.jpg"
14268;"Bauliche Anlage";"Stadt Flensburg";"Flensburg, Stadt";"Norderstraße 9";"Wohn- und Geschäftshaus";"Wohn- und Geschäftshaus; 1911/12, Arch. Karl Bernt, Baugeschäft Wilhelm Nielsen; viergeschossiger traufständiger Putzbau mit pfannengedecktem Mansarddach und barockisierender Gestaltung, im ersten OG zwei polygonale Fenstererker unter geschweiften Kupferdächern, Abschluss durch breiten Zwerchgiebel, nach Westen hofumschließender Rückflügel";"Geschichtlich, Künstlerisch, Städtebaulich";"gesamtes Objekt";"https://opendata.schleswig-holstein.de/data/denkmalpflege/fotos/14268.jpg"
14269;"Bauliche Anlage";"Stadt Flensburg";"Flensburg, Stadt";"Norderstraße 11 - 13";"Wohn- und Geschäftshaus";"Wohn- und Geschäftshaus; 1888; viergeschossiger Putzbau mit zur Straße abgewalmtem Satteldach und schlichter sechsachsiger Fassade in spätklassizistischen Formen, Sohlbankgesimse, Gebälk und  Segmentgiebelverdachungen profiliert";"Geschichtlich, Städtebaulich";"gesamtes Objekt";"https://opendata.schleswig-holstein.de/data/denkmalpflege/fotos/14269.jpg"
14270;"Bauliche Anlage";"Stadt Flensburg";"Flensburg, Stadt";"Norderstraße 15 - 17";"Wohn- und Geschäftshaus";"Wohn- und Geschäftshaus; 1886, 1901, Arch. A. W. Prale, C. Sander; älteres Giebelhaus (Nr. 15) 1886 aufgestockt und mit zeitgleichem viergeschossigem Neubau von Alexander Wilhelm Prale (Nr. 17) 1901 durch C. Sander durch einheitliche Putzfassade in kleinteiligen historisierenden Formen verbunden";"Geschichtlich, Künstlerisch, Städtebaulich";"gesamtes Objekt";"https://opendata.schleswig-holstein.de/data/denkmalpflege/fotos/14270.jpg"
9112;"Bauliche Anlage";"Stadt Flensburg";"Flensburg, Stadt";"Norderstraße 31";"Kaufmannshof: Vorderhaus";"Kaufmannshof: Vorderhaus; 1906, Architekt Karl Bent; dreigeschossiges Giebelhaus mit flachgeneigtem Satteldach, Putzfassade durch Stegrustika gegliedert, gequaderte Pilaster im Erdgeschoss, Dreieckgiebel mit vierteiligem Segmentbogenfenster, ursprüngliche baufeste Innenausstattung";"Geschichtlich, Künstlerisch, Städtebaulich";"gesamtes Objekt";"https://opendata.schleswig-holstein.de/data/denkmalpflege/fotos/9112.jpg"
50023;"Bauliche Anlage";"Stadt Flensburg";"Flensburg, Stadt";"Norderstraße 31";"Kaufmannshof: Seitenflügel";"Kaufmannshof: Seitenflügel; um 1820; ehem. Zuckerspeicher, dreigeschossiger geschlämmter Backsteinbau über 18 Fensterachsen, weit vorkragendes Satteldach auf profilierten Balkenköpfen, Achse mit Ladeluken und Kranerker, Ankerzier";"Geschichtlich, Städtebaulich";"gesamtes Objekt";"https://opendata.schleswig-holstein.de/data/denkmalpflege/fotos/50023.jpg"
14278;"Bauliche Anlage";"Stadt Flensburg";"Flensburg, Stadt";"Norderstraße 33";"Gewerbehof: Vorderhaus";"Gewerbehof: Vorderhaus; 1878, Zimmermeister H. P. Hüttmann; dreigeschossiger Putzbau mit flachgeneigtem Satteldach und reicher spätklassizistischer Fassadengestaltung, seitl. breites Zwerchhaus mit abgewalmtem Dach, EG zu Passage umgestaltet mit seitl. Hofdurchfahrt, Fassade spiegelbildlich auf Nr. 35 bezogen";"Geschichtlich, Künstlerisch, Städtebaulich";"gesamtes Objekt";"https://opendata.schleswig-holstein.de/data/denkmalpflege/fotos/14278.jpg"
50027;"Bauliche Anlage";"Stadt Flensburg";"Flensburg, Stadt";"Norderstraße 35";"Gewerbehof: Vorderhaus";"Gewerbehof: Vorderhaus; 1878, Zimmermeister H. P. Hüttmann; dreigeschossiger Putzbau mit flachgeneigtem Satteldach und reicher spätklassizistischer Fassadengestaltung, seitl. breites Zwerchhaus mit abgewalmtem Dach, Fassade spiegelbildlich auf Nr. 33 bezogen";"Geschichtlich, Künstlerisch, Städtebaulich";"gesamtes Objekt";"https://opendata.schleswig-holstein.de/data/denkmalpflege/fotos/50027.jpg"
201;"Bauliche Anlage";"Stadt Flensburg";"Flensburg, Stadt";"Norderstraße 37";"Kaufmannshof: Vorderhaus";"Kaufmannshof: Vorderhaus; 1878, Zimmermeister H. P. Hüttmann; dreigeschossiger Putzbau mit flachgeneigtem Satteldach, links gerundete und rechts zweigeschossige kastenförmige Utlucht, Gesimsgliederung, Dreieckgiebel mit steigendem Bogenfries und rundbogiger Dreifenstergruppe";"Geschichtlich, Städtebaulich";"gesamtes Objekt";"https://opendata.schleswig-holstein.de/data/denkmalpflege/fotos/201.jpg"
204;"Bauliche Anlage";"Stadt Flensburg";"Flensburg, Stadt";"Norderstraße 43";"Gasthaus Silberquell";"Gasthaus „Silberquell“; um 1535 (d); zweigeschossiges Fachwerkgiebelhaus mit Satteldach, zweifach auf profilierter Schwelle und Konsolenknaggen ausgekragter Giebel, 2000 rekonstruierend wiederhergestellt; um 1709 (d), zweigeschossiger Rückflügel mit Fachwerkobergeschoss";"Geschichtlich, Künstlerisch, Städtebaulich";"gesamtes Objekt";"https://opendata.schleswig-holstein.de/data/denkmalpflege/fotos/204.jpg"
205;"Bauliche Anlage";"Stadt Flensburg";"Flensburg, Stadt";"Norderstraße 47";"Wohn- und Geschäftshaus";"Wohn- und Geschäftshaus; um 1850; zweigeschossiges Giebelhaus mit vier Achsen, geschlämmte Fassade, Dreieckgiebel mit Firstzinne, Erdgeschoss durch Ladeneinbau verändert";"Geschichtlich, Städtebaulich";"gesamtes Objekt";"https://opendata.schleswig-holstein.de/data/denkmalpflege/fotos/205.jpg"
206;"Bauliche Anlage";"Stadt Flensburg";"Flensburg, Stadt";"Norderstraße 49";"Handwerkerhof: Vorderhaus";"Handwerkerhof: Vorderhaus; um 1700, Schiffer Hans Dethleffsen; zweigeschossiges Giebelhaus, im Kern um 1600, geschlämmte Front, Obergeschoss mit Saalbau, nördliche Traufseite und westlicher Giebel mit Fachwerk";"Geschichtlich, Künstlerisch, Städtebaulich";"gesamtes Objekt";"https://opendata.schleswig-holstein.de/data/denkmalpflege/fotos/206.jpg"
207;"Bauliche Anlage";"Stadt Flensburg";"Flensburg, Stadt";"Norderstraße 49";"Handwerkerhof: Seitenflügel";"Handwerkerhof: Seitenflügel; 1989; zweigeschossiger Backsteinbau mit Pultdach, Hofseite im Obergeschoss mit Holzpaneelverschalung, Pultdach mit kleinem Hauserker";"Geschichtlich, Städtebaulich";"gesamtes Objekt";"https://opendata.schleswig-holstein.de/data/denkmalpflege/fotos/207.jpg"
422;"Bauliche Anlage";"Stadt Flensburg";"Flensburg, Stadt";"Norderstraße 49";"Handwerkerhof: Querspeicher";"Handwerkerhof: Querspeicher; 18. Jh.; zweigeschossiges hofabschließendes Backsteingebäude mit Tordurchfahrt, Fachwerkobergeschoss, Satteldach, Kranauslege über Dachluke rekonstruiert";"Geschichtlich, Städtebaulich";"gesamtes Objekt";"https://opendata.schleswig-holstein.de/data/denkmalpflege/fotos/422.jpg"
423;"Bauliche Anlage";"Stadt Flensburg";"Flensburg, Stadt";"Norderstraße 49";"Handwerkerhof: Rückflügel";"Handwerkerhof: Rückflügel; 1. H. 19. Jh.; schlichter, geschlämmter zweigeschossiger Backsteinbau mit Pultdach, gesprosste Flügelfenster in Reihe, außenliegende Kellerniedergang";"Geschichtlich, Städtebaulich";"gesamtes Objekt";"https://opendata.schleswig-holstein.de/data/denkmalpflege/fotos/423.jpg"
208;"Bauliche Anlage";"Stadt Flensburg";"Flensburg, Stadt";"Norderstraße 51";"Handwerkerhof: Rückflügel";"Handwerkerhof: Rückflügel, 1. H. 19. Jh., eingeschossiger geschlämmter Backsteinbau, Halbwalmdach, zwei seitliche Giebelluken, Kranausleger";"Geschichtlich, Städtebaulich";"gesamtes Objekt";"https://opendata.schleswig-holstein.de/data/denkmalpflege/fotos/208.jpg"
1875;"Bauliche Anlage";"Stadt Flensburg";"Flensburg, Stadt";"Norderstraße 51";"Handwerkerhof: Querspeicher";"Handwerkerhof: Querspeicher; um 1800; zweigeschossiger Backsteinbau mit pfannengedecktem Satteldach, fünfachsige Fassade, stichbogiges Ladetor und Kranluke in der Mittelachse";"Geschichtlich, Städtebaulich";"gesamtes Objekt";"https://opendata.schleswig-holstein.de/data/denkmalpflege/fotos/1875.jpg"
35771;"Bauliche Anlage";"Stadt Flensburg";"Flensburg, Stadt";"Norderstraße 51";"Handwerkerhof: Vorderhaus";"Handwerkerhof: Vorderhaus; 1870er Jahre, dreigeschossiges Backsteingebäude, Ladeneinbau, Blendrahmen im Erdgeschoss, horizontal unterteilte Putzfassade, abgewalmtes Satteldach im hinteren Abschnitt Pultdach";"Geschichtlich, Städtebaulich";"gesamtes Objekt";"https://opendata.schleswig-holstein.de/data/denkmalpflege/fotos/35771.jpg"
306;"Bauliche Anlage";"Stadt Flensburg";"Flensburg, Stadt";"Norderstraße 72";"ehem. Wasserschutzpolizei-Gebäude";"Alteintragung (Aktualisierung vorgesehen)";"Geschichtlich, Künstlerisch, Städtebaulich";"gesamtes Objekt";"https://opendata.schleswig-holstein.de/data/denkmalpflege/fotos/306.jpg"
210;"Bauliche Anlage";"Stadt Flensburg";"Flensburg, Stadt";"Norderstraße 76";"Flensborghus";"Alteintragung (Aktualisierung vorgesehen)";"Geschichtlich, Künstlerisch, Städtebaulich";"Alteintragung (Aktualisierung vorgesehen)";"https://opendata.schleswig-holstein.de/data/denkmalpflege/fotos/210.jpg"
211;"Bauliche Anlage";"Stadt Flensburg";"Flensburg, Stadt";"Norderstraße 78";"Kaufmannshof: Vorderhaus";"Alteintragung (Aktualisierung vorgesehen)";"Geschichtlich, Künstlerisch, Städtebaulich";"Alteintragung (Aktualisierung vorgesehen)";"https://opendata.schleswig-holstein.de/data/denkmalpflege/fotos/211.jpg"
426;"Bauliche Anlage";"Stadt Flensburg";"Flensburg, Stadt";"Norderstraße 78";"Kaufmannshof: Rückflügel";"Alteintragung (Aktualisierung vorgesehen)";"Geschichtlich, Künstlerisch, Städtebaulich";"Alteintragung (Aktualisierung vorgesehen)";"https://opendata.schleswig-holstein.de/data/denkmalpflege/fotos/426.jpg"
427;"Bauliche Anlage";"Stadt Flensburg";"Flensburg, Stadt";"Norderstraße 78";"Kaufmannshof: erster Seitenflügel";"Alteintragung (Aktualisierung vorgesehen)";"Geschichtlich, Künstlerisch, Städtebaulich";"Alteintragung (Aktualisierung vorgesehen)";""
27474;"Bauliche Anlage";"Stadt Flensburg";"Flensburg, Stadt";"Norderstraße 78";"Kaufmannshof: Querspeicher";"Alteintragung (Aktualisierung vorgesehen)";"Geschichtlich, Künstlerisch, Städtebaulich";"Alteintragung (Aktualisierung vorgesehen)";""
30956;"Bauliche Anlage";"Stadt Flensburg";"Flensburg, Stadt";"Norderstraße 78";"Kaufmannshof: zweiter Seitenflügel";"Alteintragung (Aktualisierung vorgesehen)";"Geschichtlich, Künstlerisch, Städtebaulich";"Alteintragung (Aktualisierung vorgesehen)";""
215;"Bauliche Anlage";"Stadt Flensburg";"Flensburg, Stadt";"Norderstraße 86";"Kaufmannshof: Vorderhaus";"Alteintragung (Aktualisierung vorgesehen)";"Geschichtlich, Künstlerisch, Städtebaulich";"Alteintragung (Aktualisierung vorgesehen)";"https://opendata.schleswig-holstein.de/data/denkmalpflege/fotos/215.jpg"
216;"Bauliche Anlage";"Stadt Flensburg";"Flensburg, Stadt";"Norderstraße 86";"Kaufmannshof: nördlicher erster Seitenflügel";"Alteintragung (Aktualisierung vorgesehen)";"Geschichtlich, Städtebaulich";"Alteintragung (Aktualisierung vorgesehen)";""
430;"Bauliche Anlage";"Stadt Flensburg";"Flensburg, Stadt";"Norderstraße 86";"Kaufmannshof: nördlicher zweiter Seitenflügel";"Alteintragung (Aktualisierung vorgesehen)";"Geschichtlich, Städtebaulich";"Alteintragung (Aktualisierung vorgesehen)";""
431;"Bauliche Anlage";"Stadt Flensburg";"Flensburg, Stadt";"Norderstraße 86";"Kaufmannshof: Querspeicher";"Alteintragung (Aktualisierung vorgesehen)";"";"Alteintragung (Aktualisierung vorgesehen)";"https://opendata.schleswig-holstein.de/data/denkmalpflege/fotos/431.jpg"
432;"Bauliche Anlage";"Stadt Flensburg";"Flensburg, Stadt";"Norderstraße 86";"Kaufmannshof: südlicher Seitenflügel";"Alteintragung (Aktualisierung vorgesehen)";"Geschichtlich, Städtebaulich";"Alteintragung (Aktualisierung vorgesehen)";""
50062;"Bauliche Anlage";"Stadt Flensburg";"Flensburg, Stadt";"Norderstraße 86";"Rückflügel";"Alteintragung (Aktualisierung vorgesehen)";"Geschichtlich, Künstlerisch, Städtebaulich";"Alteintragung (Aktualisierung vorgesehen)";""
325;"Bauliche Anlage";"Stadt Flensburg";"Flensburg, Stadt";"Norderstraße 110";"Wohnhaus mit Rückflügel";"Wohnhaus mit Rückflügel; Ende 18. Jh.; zweigeschossiger giebelständiger Backsteinbau mit pfannengedecktem Satteldach und Resten ehemaliger Fachwerkausführung an den Traufseiten,  Fassade geschlämmt mit seitlichem Eingang in hölzerner Rahmung, rückwärtig leicht einspringender zweigeschossiger Flügel";"Geschichtlich, Städtebaulich";"gesamtes Objekt";"https://opendata.schleswig-holstein.de/data/denkmalpflege/fotos/325.jpg"
326;"Bauliche Anlage";"Stadt Flensburg";"Flensburg, Stadt";"Norderstraße 112";"Kaufmannshof: Vorderhaus";"Kaufmannshof: Vorderhaus; Mitte 19. Jh.; dreigeschossige Putzfassade mit kassizistischer Gliederung, giebelständig, Walmdach, zugehörige Rückgebäude";"Geschichtlich, Städtebaulich";"gesamtes Objekt";"https://opendata.schleswig-holstein.de/data/denkmalpflege/fotos/326.jpg"
435;"Bauliche Anlage";"Stadt Flensburg";"Flensburg, Stadt";"Norderstraße 112";"Kaufmannshof: Seitenflügel";"Kaufmannshof: Seitenflügel; um 1800; dreigeschossiger geschlämmter Backsteinbau, Ostseite in Fachwerk, Mansarddach";"Geschichtlich, Städtebaulich";"gesamtes Objekt";""
20300;"Bauliche Anlage";"Stadt Flensburg";"Flensburg, Stadt";"Oberer Lautrupweg 24";"Wohnhaus mit ehem. Stallteil";"Wohnhaus mit ehem. Stallteil; um 1870; kleiner geschlämmter Backsteinbau auf Feldsteinsockel mit Satteldach, ehem. Stallteil nach Süden mit Metallsprossenfenster und Luke, an der Längsseite Mitteleingang zum Wohntrakt mit hoher Freitreppe";"Geschichtlich, Städtebaulich";"gesamtes Objekt";""
20620;"Bauliche Anlage";"Stadt Flensburg";"Flensburg, Stadt";"Ochsenweg 21";"Spritzenhaus";"Spritzenhaus; 1940, Tiefbauamt Flensburg, beteiligt Matzen und Rieve; schlichter zurückgesetzter Backsteinbau mit steilem Satteldach, hölzerner Schlauchturm";"Geschichtlich, Städtebaulich, Technisch";"gesamtes Objekt";"https://opendata.schleswig-holstein.de/data/denkmalpflege/fotos/20620.jpg"
19572;"Bauliche Anlage";"Stadt Flensburg";"Flensburg, Stadt";"Ochsenweg 82";"Kath. Kirche St. Michael";"Katholische St.-Michael-Kirche, errichtet 1964 nach Entwurf von Paul Johannbroer, Wiesbaden, in Form einer durchfensterten Halbkugel mit separatem, durch den hohen, vierkantigen Spitzhelm weithin sichtbarem Turm";"Geschichtlich, Künstlerisch, Städtebaulich";"Kath. Kirche St. Michael, Glockenturm, Pergola (zwei überdachte Verbindungwege)";"https://opendata.schleswig-holstein.de/data/denkmalpflege/fotos/19572.jpg"
246;"Bauliche Anlage";"Stadt Flensburg";"Flensburg, Stadt";"Oluf-Samson-Gang 3 - 5";"Fachwerk-Doppelhaus";"Alteintragung (Aktualisierung vorgesehen)";"Geschichtlich, Städtebaulich";"Alteintragung (Aktualisierung vorgesehen)";""
247;"Bauliche Anlage";"Stadt Flensburg";"Flensburg, Stadt";"Oluf-Samson-Gang 4";"Wohnhaus";"Alteintragung (Aktualisierung vorgesehen)";"Geschichtlich, Städtebaulich";"Alteintragung (Aktualisierung vorgesehen)";""
248;"Bauliche Anlage";"Stadt Flensburg";"Flensburg, Stadt";"Oluf-Samson-Gang 6";"Wohnhaus";"Alteintragung (Aktualisierung vorgesehen)";"Geschichtlich, Städtebaulich";"Alteintragung (Aktualisierung vorgesehen)";"https://opendata.schleswig-holstein.de/data/denkmalpflege/fotos/248.jpg"
2211;"Bauliche Anlage";"Stadt Flensburg";"Flensburg, Stadt";"Oluf-Samson-Gang 7";"Wohnhaus";"Alteintragung (Aktualisierung vorgesehen)";"Geschichtlich, Städtebaulich";"Alteintragung (Aktualisierung vorgesehen)";""
81;"Bauliche Anlage";"Stadt Flensburg";"Flensburg, Stadt";"Oluf-Samson-Gang 8";"Wohnhaus";"Alteintragung (Aktualisierung vorgesehen)";"Geschichtlich, Städtebaulich";"Alteintragung (Aktualisierung vorgesehen)";""
2094;"Bauliche Anlage";"Stadt Flensburg";"Flensburg, Stadt";"Oluf-Samson-Gang 9";"Wohnhaus";"Alteintragung (Aktualisierung vorgesehen)";"Geschichtlich, Städtebaulich";"Alteintragung (Aktualisierung vorgesehen)";""
249;"Bauliche Anlage";"Stadt Flensburg";"Flensburg, Stadt";"Oluf-Samson-Gang 10";"Wohnhaus";"Alteintragung (Aktualisierung vorgesehen)";"Geschichtlich, Städtebaulich";"Alteintragung (Aktualisierung vorgesehen)";""
2095;"Bauliche Anlage";"Stadt Flensburg";"Flensburg, Stadt";"Oluf-Samson-Gang 11";"Wohnhaus";"Alteintragung (Aktualisierung vorgesehen)";"Geschichtlich, Städtebaulich";"Alteintragung (Aktualisierung vorgesehen)";""
307;"Bauliche Anlage";"Stadt Flensburg";"Flensburg, Stadt";"Oluf-Samson-Gang 12";"Wohnhaus";"Alteintragung (Aktualisierung vorgesehen)";"Geschichtlich, Städtebaulich";"Alteintragung (Aktualisierung vorgesehen)";""
2096;"Bauliche Anlage";"Stadt Flensburg";"Flensburg, Stadt";"Oluf-Samson-Gang 13";"Wohnhaus";"Alteintragung (Aktualisierung vorgesehen)";"Geschichtlich, Städtebaulich";"Alteintragung (Aktualisierung vorgesehen)";""
252;"Bauliche Anlage";"Stadt Flensburg";"Flensburg, Stadt";"Oluf-Samson-Gang 14";"Wohnhaus";"Alteintragung (Aktualisierung vorgesehen)";"Geschichtlich, Städtebaulich";"Alteintragung (Aktualisierung vorgesehen)";""
2097;"Bauliche Anlage";"Stadt Flensburg";"Flensburg, Stadt";"Oluf-Samson-Gang 15";"Wohnhaus";"Alteintragung (Aktualisierung vorgesehen)";"Geschichtlich, Städtebaulich";"Alteintragung (Aktualisierung vorgesehen)";""
253;"Bauliche Anlage";"Stadt Flensburg";"Flensburg, Stadt";"Oluf-Samson-Gang 16";"Wohnhaus";"Alteintragung (Aktualisierung vorgesehen)";"Geschichtlich, Städtebaulich";"Alteintragung (Aktualisierung vorgesehen)";""
2098;"Bauliche Anlage";"Stadt Flensburg";"Flensburg, Stadt";"Oluf-Samson-Gang 17";"Wohnhaus";"Alteintragung (Aktualisierung vorgesehen)";"Geschichtlich, Städtebaulich";"Alteintragung (Aktualisierung vorgesehen)";""
254;"Bauliche Anlage";"Stadt Flensburg";"Flensburg, Stadt";"Oluf-Samson-Gang 18";"Wohnhaus";"Alteintragung (Aktualisierung vorgesehen)";"Geschichtlich, Städtebaulich";"Alteintragung (Aktualisierung vorgesehen)";""
335;"Bauliche Anlage";"Stadt Flensburg";"Flensburg, Stadt";"Oluf-Samson-Gang 19";"Wohnhaus";"Alteintragung (Aktualisierung vorgesehen)";"Geschichtlich, Städtebaulich";"Alteintragung (Aktualisierung vorgesehen)";""
255;"Bauliche Anlage";"Stadt Flensburg";"Flensburg, Stadt";"Oluf-Samson-Gang 20";"Wohnhaus";"Alteintragung (Aktualisierung vorgesehen)";"Geschichtlich, Städtebaulich";"Alteintragung (Aktualisierung vorgesehen)";""
2100;"Bauliche Anlage";"Stadt Flensburg";"Flensburg, Stadt";"Oluf-Samson-Gang 21";"Wohnhaus";"Alteintragung (Aktualisierung vorgesehen)";"Geschichtlich, Städtebaulich";"Alteintragung (Aktualisierung vorgesehen)";""
256;"Bauliche Anlage";"Stadt Flensburg";"Flensburg, Stadt";"Oluf-Samson-Gang 22";"Wohnhaus";"Alteintragung (Aktualisierung vorgesehen)";"Geschichtlich, Städtebaulich";"Alteintragung (Aktualisierung vorgesehen)";""
336;"Bauliche Anlage";"Stadt Flensburg";"Flensburg, Stadt";"Oluf-Samson-Gang 23";"Wohnhaus";"Alteintragung (Aktualisierung vorgesehen)";"Geschichtlich, Städtebaulich";"Alteintragung (Aktualisierung vorgesehen)";""
257;"Bauliche Anlage";"Stadt Flensburg";"Flensburg, Stadt";"Oluf-Samson-Gang 24";"Wohnhaus";"Alteintragung (Aktualisierung vorgesehen)";"Geschichtlich, Städtebaulich";"Alteintragung (Aktualisierung vorgesehen)";""
199;"Bauliche Anlage";"Stadt Flensburg";"Flensburg, Stadt";"Oluf-Samson-Gang 25";"Wohnhaus";"Alteintragung (Aktualisierung vorgesehen)";"Geschichtlich, Städtebaulich";"Alteintragung (Aktualisierung vorgesehen)";""
258;"Bauliche Anlage";"Stadt Flensburg";"Flensburg, Stadt";"Oluf-Samson-Gang 26";"Wohnhaus";"Alteintragung (Aktualisierung vorgesehen)";"Geschichtlich, Städtebaulich";"Alteintragung (Aktualisierung vorgesehen)";""
259;"Bauliche Anlage";"Stadt Flensburg";"Flensburg, Stadt";"Oluf-Samson-Gang 27";"Wohnhaus";"Alteintragung (Aktualisierung vorgesehen)";"Geschichtlich, Städtebaulich";"Alteintragung (Aktualisierung vorgesehen)";""
244;"Bauliche Anlage";"Stadt Flensburg";"Flensburg, Stadt";"Oluf-Samson-Gang 28";"Wohnhaus";"Alteintragung (Aktualisierung vorgesehen)";"Geschichtlich, Städtebaulich";"Alteintragung (Aktualisierung vorgesehen)";""
2099;"Bauliche Anlage";"Stadt Flensburg";"Flensburg, Stadt";"Oluf-Samson-Gang 30";"Wohnhaus";"Alteintragung (Aktualisierung vorgesehen)";"Geschichtlich, Städtebaulich";"Alteintragung (Aktualisierung vorgesehen)";""
10954;"Bauliche Anlage";"Stadt Flensburg";"Flensburg, Stadt";"Parkhof 1 - 11";"Parkhof: Reihenhauszeile";"Alteintragung (Aktualisierung vorgesehen)";"Geschichtlich, Künstlerisch, Städtebaulich";"Alteintragung (Aktualisierung vorgesehen)";""
10955;"Bauliche Anlage";"Stadt Flensburg";"Flensburg, Stadt";"Parkhof 2 - 12";"Parkhof: Reihenhauszeile";"Alteintragung (Aktualisierung vorgesehen)";"Geschichtlich, Künstlerisch, Städtebaulich";"Alteintragung (Aktualisierung vorgesehen)";""
20392;"Bauliche Anlage";"Stadt Flensburg";"Flensburg, Stadt";"Parkhof 13 - 17";"Parkhof: Dreifamilienhaus";"Alteintragung (Aktualisierung vorgesehen)";"Geschichtlich, Künstlerisch, Städtebaulich";"Alteintragung (Aktualisierung vorgesehen)";""
20394;"Bauliche Anlage";"Stadt Flensburg";"Flensburg, Stadt";"Parkhof 14 - 18";"Parkhof: Dreifamilienhaus";"Alteintragung (Aktualisierung vorgesehen)";"Geschichtlich, Künstlerisch, Städtebaulich";"Alteintragung (Aktualisierung vorgesehen)";""
20393;"Bauliche Anlage";"Stadt Flensburg";"Flensburg, Stadt";"Parkhof 19 - 23";"Parkhof: Dreifamilienhaus";"Alteintragung (Aktualisierung vorgesehen)";"Geschichtlich, Künstlerisch, Städtebaulich";"Alteintragung (Aktualisierung vorgesehen)";""
20395;"Bauliche Anlage";"Stadt Flensburg";"Flensburg, Stadt";"Parkhof 20 - 24";"Parkhof: Dreifamilienhaus";"Alteintragung (Aktualisierung vorgesehen)";"Geschichtlich, Künstlerisch, Städtebaulich";"Alteintragung (Aktualisierung vorgesehen)";""
20396;"Bauliche Anlage";"Stadt Flensburg";"Flensburg, Stadt";"Parkhof 25 - 29";"Parkhof: Reihenhauszeile";"Alteintragung (Aktualisierung vorgesehen)";"Geschichtlich, Künstlerisch, Städtebaulich";"Alteintragung (Aktualisierung vorgesehen)";""
20397;"Bauliche Anlage";"Stadt Flensburg";"Flensburg, Stadt";"Parkhof 26 - 30";"Parkhof: Reihenhauszeile";"Alteintragung (Aktualisierung vorgesehen)";"Geschichtlich, Künstlerisch, Städtebaulich";"Alteintragung (Aktualisierung vorgesehen)";""
20398;"Bauliche Anlage";"Stadt Flensburg";"Flensburg, Stadt";"Parkhof 31";"Parkhof: Verbindungsbau";"Alteintragung (Aktualisierung vorgesehen)";"Geschichtlich, Künstlerisch, Städtebaulich";"Alteintragung (Aktualisierung vorgesehen)";""
10676;"Bauliche Anlage";"Stadt Flensburg";"Flensburg, Stadt";"Paul-Ziegler-Straße 4 a-d";"ehem. Grenzlandkaserne: Unterkunftsgebäude (Haus 3)";"Alteintragung (Aktualisierung vorgesehen)";"";"Alteintragung (Aktualisierung vorgesehen)";""
8452;"Bauliche Anlage";"Stadt Flensburg";"Flensburg, Stadt";"Paul-Ziegler-Straße 6";"ehem. Grenzlandkaserne: Stabs- und Unterkunftsgebäude (Haus 1)";"Alteintragung (Aktualisierung vorgesehen)";"";"Alteintragung (Aktualisierung vorgesehen)";""
10677;"Bauliche Anlage";"Stadt Flensburg";"Flensburg, Stadt";"Paul-Ziegler-Straße 8";"ehem. Grenzlandkaserne: Wirtschaftsgebäude (Haus 4)";"Alteintragung (Aktualisierung vorgesehen)";"";"Alteintragung (Aktualisierung vorgesehen)";""
16;"Bauliche Anlage";"Stadt Flensburg";"Flensburg, Stadt";"Pilkentafel 2";"ehem. Gasthaus";"Alteintragung (Aktualisierung vorgesehen)";"Geschichtlich, Künstlerisch";"gesamtes Objekt";""
122;"Bauliche Anlage";"Stadt Flensburg";"Flensburg, Stadt";"Rathausstraße 1 - 3";"Hotel Europa";"Alteintragung (Aktualisierung vorgesehen)";"Geschichtlich, Künstlerisch, Städtebaulich";"gesamtes Objekt";"https://opendata.schleswig-holstein.de/data/denkmalpflege/fotos/122.jpg"
54;"Bauliche Anlage";"Stadt Flensburg";"Flensburg, Stadt";"Rathausstraße 2";"Postgebäude";"Alteintragung (Aktualisierung vorgesehen)";"Geschichtlich, Künstlerisch, Städtebaulich";"gesamtes Äußeres";"https://opendata.schleswig-holstein.de/data/denkmalpflege/fotos/54.jpg"
6515;"Bauliche Anlage";"Stadt Flensburg";"Flensburg, Stadt";"Rathausstraße 5 - 7";"Wohn- und Geschäftshaus";"Alteintragung (Aktualisierung vorgesehen)";"Geschichtlich, Städtebaulich";"Alteintragung (Aktualisierung vorgesehen)";"https://opendata.schleswig-holstein.de/data/denkmalpflege/fotos/6515.jpg"
339;"Bauliche Anlage";"Stadt Flensburg";"Flensburg, Stadt";"Rathausstraße 6 - 8";"Wohn- und Geschäftshaus";"Wohn- und Geschäftshaus; 1857, 1901; dreigeschossiger langgestreckter Backsteinbau mit flachgeneigtem Satteldach und reicher Fassade mit Putzgliederung in neogotischen Formen, die seitlichen Achsen turmartig überhöht";"Geschichtlich, Künstlerisch, Städtebaulich";"gesamtes Objekt";"https://opendata.schleswig-holstein.de/data/denkmalpflege/fotos/339.jpg"
6516;"Bauliche Anlage";"Stadt Flensburg";"Flensburg, Stadt";"Rathausstraße 9";"Wohn- und Geschäftshaus";"Alteintragung (Aktualisierung vorgesehen)";"Geschichtlich, Künstlerisch, Städtebaulich";"gesamtes Objekt";"https://opendata.schleswig-holstein.de/data/denkmalpflege/fotos/6516.jpg"
245;"Bauliche Anlage";"Stadt Flensburg";"Flensburg, Stadt";"Rathausstraße 10";"Wohn- und Geschäftshaus";"Wohn- und Geschäftshaus; um 1860, Umbau E. 19. Jh.; viergeschossiger Bau mit flachgeneigtem Satteldach und spätklassizistischer Putzfassade, EG seit 1974 mit Natursteinverkleidung";"Geschichtlich, Städtebaulich";"gesamtes Objekt";"https://opendata.schleswig-holstein.de/data/denkmalpflege/fotos/245.jpg"
6608;"Bauliche Anlage";"Stadt Flensburg";"Flensburg, Stadt";"Rathausstraße 11 - 13";"Wohn- und Geschäftshaus";"Alteintragung (Aktualisierung vorgesehen)";"Geschichtlich, Künstlerisch, Städtebaulich";"gesamtes Objekt";"https://opendata.schleswig-holstein.de/data/denkmalpflege/fotos/6608.jpg"
236;"Bauliche Anlage";"Stadt Flensburg";"Flensburg, Stadt";"Rathausstraße 14";"Wohn- und Geschäftshaus";"Wohn- und Geschäftshaus; 1879/80 Regierungsbaumeister Malcomess, Bremen; dreigeschossiger Backsteinbau mit Satteldach und aufwändiger historistischer Fassade mit Anklängen an die italienische Renaissancearchitektur";"Geschichtlich, Künstlerisch, Städtebaulich";"gesamtes Objekt";"https://opendata.schleswig-holstein.de/data/denkmalpflege/fotos/236.jpg"
14240;"Bauliche Anlage";"Stadt Flensburg";"Flensburg, Stadt";"Rathausstraße 19";"Kreissparkasse";"Alteintragung (Aktualisierung vorgesehen)";"Geschichtlich, Künstlerisch, Städtebaulich";"gesamtes Äußeres";"https://opendata.schleswig-holstein.de/data/denkmalpflege/fotos/14240.jpg"
9912;"Bauliche Anlage";"Stadt Flensburg";"Flensburg, Stadt";"Rathausstraße 22";"Stadttheater";"Stadttheater; 1891-94, Arch. Otto Fielitz; dreigeschossiger Bau auf hohem gequadertem Sockelgeschoss mit Backsteinfassade und repräsentativer Putzgliederung in Neorenaissanceformen, nach Norden schlichter Verwaltungsanbau von 1924";"Geschichtlich, Künstlerisch, Städtebaulich";"gesamtes Objekt";"https://opendata.schleswig-holstein.de/data/denkmalpflege/fotos/9912.jpg"
9549;"Bauliche Anlage";"Stadt Flensburg";"Flensburg, Stadt";"Reepschlägerbahn 30";"Villa";"Alteintragung (Aktualisierung vorgesehen)";"";"Alteintragung (Aktualisierung vorgesehen)";""
8817;"Bauliche Anlage";"Stadt Flensburg";"Flensburg, Stadt";"Reepschlägerbahn 38";"Villa";"Alteintragung (Aktualisierung vorgesehen)";"Geschichtlich, Künstlerisch, Städtebaulich";"gesamtes Objekt";"https://opendata.schleswig-holstein.de/data/denkmalpflege/fotos/8817.jpg"
20076;"Bauliche Anlage";"Stadt Flensburg";"Flensburg, Stadt";"Reutergang 5";"Wohnhaus";"Wohnhaus; 1884, Gebrüder Hummel; Zweigeschossiger Putzbau mit flachen Seitenrisaliten und flachem Satteldach, kräftige, geschosstrennende Gurtgesimse, Erdgeschoss mit Quaderwerk";"Geschichtlich, Künstlerisch, Städtebaulich";"gesamtes Objekt";"https://opendata.schleswig-holstein.de/data/denkmalpflege/fotos/20076.jpg"
12;"Bauliche Anlage";"Stadt Flensburg";"Flensburg, Stadt";"Richard-Wagner-Straße 51 - 55";"Kirche St. Johannis zu Adelby mit Ausstattung";"Alteintragung (Aktualisierung vorgesehen)";"Geschichtlich, Künstlerisch, Städtebaulich";"gesamtes Objekt";"https://opendata.schleswig-holstein.de/data/denkmalpflege/fotos/12.jpg"
104;"Bauliche Anlage";"Stadt Flensburg";"Flensburg, Stadt";"Ritterstraße 27";"Duborg-Skolen";"Alteintragung (Aktualisierung vorgesehen)";"Geschichtlich, Künstlerisch, Städtebaulich";"gesamtes Objekt";"https://opendata.schleswig-holstein.de/data/denkmalpflege/fotos/104.jpg"
3;"Bauliche Anlage";"Stadt Flensburg";"Flensburg, Stadt";"Ritterstraße 32";"Wohnhaus";"Alteintragung (Aktualisierung vorgesehen)";"Geschichtlich, Städtebaulich";"gesamtes Objekt";"https://opendata.schleswig-holstein.de/data/denkmalpflege/fotos/3.jpg"
8856;"Bauliche Anlage";"Stadt Flensburg";"Flensburg, Stadt";"Rote Straße 14";"Kaufmannshof: Vorderhaus";"Kaufmannshof: Vorderhaus; im Kern 18. Jh., Umbauten im 19. Jh.; zwei-, zum Hof dreigeschossiger Bau mit abgewalmtem Satteldach, umgebautes Erdgeschoss, Gauben im Dach, schlichte Putzfassade, segmentbogige Durchfahrt, geschlämmten Rückfront";"Geschichtlich, Städtebaulich";"gesamtes Objekt";"https://opendata.schleswig-holstein.de/data/denkmalpflege/fotos/8856.jpg"
14197;"Bauliche Anlage";"Stadt Flensburg";"Flensburg, Stadt";"Rote Straße 16";"Kaufmannshof: Vorderhaus";"Kaufmannshof: Vorderhaus; um 1810/20; zweigeschossiger Putzbau mit spätklassizistischer Fassade, gereihte stichbogige Fenster, korbbogige Durchfahrt, Fenster im Obergeschoss in profilierten Rahmungen, vegetabiler Schmuck Flachnischenband und Konsolgesims, geschlämmte Rückfront";"Geschichtlich, Städtebaulich";"gesamtes Objekt";"https://opendata.schleswig-holstein.de/data/denkmalpflege/fotos/14197.jpg"
14320;"Bauliche Anlage";"Stadt Flensburg";"Flensburg, Stadt";"Rote Straße 18 - 20";"Kaufmannshof: Vorderhaus";"Kaufmannshof: Vorderhaus; 1895, Jacob August Bandholz; drei- dreieinhalbgeschossiger Backsteinbau, Fassade in Backsteinsichtmauerwerk mit Putzflächen, stuckierte Fensterrahmen u. Hermenpilaster, Kieler Dach mit barockisierenden Gauben, Rückfront in Gelbstein mit Rotsteinakzentuierung";"Geschichtlich, Städtebaulich";"gesamtes Objekt";"https://opendata.schleswig-holstein.de/data/denkmalpflege/fotos/14320.jpg"
1319;"Bauliche Anlage";"Stadt Flensburg";"Flensburg, Stadt";"Rote Straße 22";"Kaufmannshof: Vorderhaus";"Kaufmannshof: Vorderhaus; 1.Hälfte 19. Jh.; zweigeschossiges Traufenhaus mit geschlämmter Fassade, Erdgeschosszone verändert, Obergeschoss rekonstruiert, Schleppgaube, Zieranker";"Geschichtlich, Städtebaulich";"gesamtes Objekt";"https://opendata.schleswig-holstein.de/data/denkmalpflege/fotos/1319.jpg"
1320;"Bauliche Anlage";"Stadt Flensburg";"Flensburg, Stadt";"Rote Straße 24";"Kaufmannshof: Vorderhaus";"Kaufmannshof: Vorderhaus; spätes 18. Jh.; zweigeschossiges Doppelhaus mit geschlämmter Fassade, Absatz in der Firsthöhe, Gestaltung der Obergeschosszone u. Traufe durchgehend, Durchgang zu engem Gewerbehof";"Geschichtlich, Städtebaulich";"gesamtes Objekt";"https://opendata.schleswig-holstein.de/data/denkmalpflege/fotos/1320.jpg"
1321;"Bauliche Anlage";"Stadt Flensburg";"Flensburg, Stadt";"Rote Straße 26 - 28";"Kaufmannshof: Vorderhaus";"Alteintragung (Aktualisierung vorgesehen)";"Geschichtlich, Städtebaulich";"Alteintragung (Aktualisierung vorgesehen)";"https://opendata.schleswig-holstein.de/data/denkmalpflege/fotos/1321.jpg"
49448;"Bauliche Anlage";"Stadt Flensburg";"Flensburg, Stadt";"Rote Straße 26 - 28";"Kaufmannshof: Seitenflügel";"Alteintragung (Aktualisierung vorgesehen)";"Geschichtlich, Städtebaulich";"Alteintragung (Aktualisierung vorgesehen)";"https://opendata.schleswig-holstein.de/data/denkmalpflege/fotos/49448.jpg"
49449;"Bauliche Anlage";"Stadt Flensburg";"Flensburg, Stadt";"Rote Straße 26 - 28";"Kaufmannshof: östlicher Querspeicher";"Alteintragung (Aktualisierung vorgesehen)";"Geschichtlich, Städtebaulich";"Alteintragung (Aktualisierung vorgesehen)";"https://opendata.schleswig-holstein.de/data/denkmalpflege/fotos/49449.jpg"
49450;"Bauliche Anlage";"Stadt Flensburg";"Flensburg, Stadt";"Rote Straße 26 - 28";"Kaufmannshof: westlicher Querspeicher";"Alteintragung (Aktualisierung vorgesehen)";"Geschichtlich, Städtebaulich";"Alteintragung (Aktualisierung vorgesehen)";"https://opendata.schleswig-holstein.de/data/denkmalpflege/fotos/49450.jpg"
239;"Bauliche Anlage";"Stadt Flensburg";"Flensburg, Stadt";"Schiffbrücke 12";"Kompagnietor";"Alteintragung (Aktualisierung vorgesehen)";"Geschichtlich, Künstlerisch, Städtebaulich";"gesamtes Objekt";"https://opendata.schleswig-holstein.de/data/denkmalpflege/fotos/239.jpg"
261;"Bauliche Anlage";"Stadt Flensburg";"Flensburg, Stadt";"Schiffbrücke 16 - 17";"ehem. Rumfabrik";"Alteintragung (Aktualisierung vorgesehen)";"Geschichtlich, Städtebaulich";"Alteintragung (Aktualisierung vorgesehen)";"https://opendata.schleswig-holstein.de/data/denkmalpflege/fotos/261.jpg"
14160;"Bauliche Anlage";"Stadt Flensburg";"Flensburg, Stadt";"Schiffbrücke 20";"Gasthaus";"Gasthaus; um 1800; zweigeschossiger traufständiger Backsteinbau mit steilem pfannengedecktem Satteldach, geschlämmte Front mit Mauerankern und seitlicher Hofdurchfahrt, rückwärtig zwei Seitenflügel mit Halbdächern";"Geschichtlich, Städtebaulich";"gesamtes Objekt";"https://opendata.schleswig-holstein.de/data/denkmalpflege/fotos/14160.jpg"
14323;"Bauliche Anlage";"Stadt Flensburg";"Flensburg, Stadt";"Schiffbrücke 21";"Wohn- und Geschäftshaus";"Wohn- und Geschäftshaus; 1880/81, Architekt Alexander Wilhelm Prale; dreigeschossiger Backsteinbau mit Satteldach, reich gegliederte Front in neugotischen Formen, breiter Polygonalerker und Gauben mit Firstzinnen";"Geschichtlich, Künstlerisch, Städtebaulich";"gesamtes Objekt";"https://opendata.schleswig-holstein.de/data/denkmalpflege/fotos/14323.jpg"
240;"Bauliche Anlage";"Stadt Flensburg";"Flensburg, Stadt";"Schiffbrücke 23";"Segelmacherei";"Segelmacherei; im Kern 17. Jh.; dreigeschossiger Fachwerkbau in Traufstellung mit vorkragenden Obergeschossen und steilem Satteldach, außermittige Ladeluke mit Kranerker, im Hof Seitenflügel mit vorkragendem Fachwerkobergeschoss und Mansarddach";"Geschichtlich, Städtebaulich";"gesamtes Objekt";"https://opendata.schleswig-holstein.de/data/denkmalpflege/fotos/240.jpg"
438;"Bauliche Anlage";"Stadt Flensburg";"Flensburg, Stadt";"Schiffbrücke 24";"Wohn- und Geschäftshaus";"Wohn- und Geschäftshaus; 1882, Architekt Alexander Wilhelm Prale; dreigeschossiger traufständiger Backsteinbau mit Satteldach und Zwerchhaus, reich gegliederte Front in neugotischen Formen, Hofflügel und Quertrakt";"Geschichtlich, Künstlerisch, Städtebaulich";"gesamtes Objekt";"https://opendata.schleswig-holstein.de/data/denkmalpflege/fotos/438.jpg"
241;"Bauliche Anlage";"Stadt Flensburg";"Flensburg, Stadt";"Schiffbrücke 28";"Wohn- und Geschäftshaus";"Wohn- und Geschäftshaus; um 1820/30; dreigeschossiger giebelständiger Backsteinbau mit Kurzwalmdach, geschlämmte Außenwände durch Gesimsbänder gegliedert, an Nordseite Kranerker über Ladetor";"Geschichtlich, Städtebaulich";"gesamtes Objekt";"https://opendata.schleswig-holstein.de/data/denkmalpflege/fotos/241.jpg"
263;"Bauliche Anlage";"Stadt Flensburg";"Flensburg, Stadt";"Schiffbrücke 29";"Gaststätte";"Gaststätte; Ende 18. Jh.; zweigeschossiges Giebelhaus mit Satteldach, hell geschlämmtes Ziegelmauerwerk, Zieranker im straßenseitigen Giebel, übergiebelter Kranerker in der südlichen Dachfläche";"Geschichtlich, Städtebaulich";"gesamtes Objekt";"https://opendata.schleswig-holstein.de/data/denkmalpflege/fotos/263.jpg"
14326;"Bauliche Anlage";"Stadt Flensburg";"Flensburg, Stadt";"Schiffbrücke 30";"Wohn- und Geschäftshaus";"Wohn- und Geschäftshaus; zwischen 1872 und 1877; dreigeschossiger Gelbsteinbau in neugotischen Formen, schmaler übergiebelter Seitenrisalit, Satteldach mit Schieferdeckung";"Geschichtlich, Städtebaulich";"gesamtes Objekt";"https://opendata.schleswig-holstein.de/data/denkmalpflege/fotos/14326.jpg"
264;"Bauliche Anlage";"Stadt Flensburg";"Flensburg, Stadt";"Schiffbrücke 32";"ehem. Gasthaus Kaysershof";"Alteintragung (Aktualisierung vorgesehen)";"Geschichtlich, Künstlerisch, Städtebaulich";"gesamtes Objekt";"https://opendata.schleswig-holstein.de/data/denkmalpflege/fotos/264.jpg"
342;"Bauliche Anlage";"Stadt Flensburg";"Flensburg, Stadt";"Schiffbrücke 39";"Zollpackhaus (Museum)";"Alteintragung (Aktualisierung vorgesehen)";"Geschichtlich, Künstlerisch, Städtebaulich, Wissenschaftlich";"Alteintragung (Aktualisierung vorgesehen)";"https://opendata.schleswig-holstein.de/data/denkmalpflege/fotos/342.jpg"
265;"Bauliche Anlage";"Stadt Flensburg";"Flensburg, Stadt";"Schiffbrücke 40";"Wohn- und Geschäftshaus";"Wohn- und Geschäftshaus; um 1840; dreigeschossiger Putzbau, traufständig mit Kurzwalmdach, zweigeschossiger Rückflügel.";"Geschichtlich, Städtebaulich";"gesamtes Objekt";"https://opendata.schleswig-holstein.de/data/denkmalpflege/fotos/265.jpg"
7968;"Bauliche Anlage";"Stadt Flensburg";"Flensburg, Stadt";"Schiffbrücke 50";"Speichergebäude (Querspeicher)";"Alteintragung (Aktualisierung vorgesehen)";"Geschichtlich, Städtebaulich";"gesamtes Objekt";""
8441;"Bauliche Anlage";"Stadt Flensburg";"Flensburg, Stadt";"Schiffbrücke 56";"Gaststätte";"Alteintragung (Aktualisierung vorgesehen)";"Geschichtlich, Städtebaulich";"gesamtes Objekt";"https://opendata.schleswig-holstein.de/data/denkmalpflege/fotos/8441.jpg"
14333;"Bauliche Anlage";"Stadt Flensburg";"Flensburg, Stadt";"Schiffbrückstraße 6";"Mietwohnungshaus";"Mietwohnungshaus; 1899, Arch. Alexander Wilhelm Prale; viergeschossiger Bau mit aufwändiger neogotischer Backsteinfassade, Fassadengliederung durch Polygonalerker, Zwerchgiebel und Balkone, Putzfelder mit Sgraffitomalerei";"Geschichtlich, Künstlerisch, Städtebaulich";"gesamtes Objekt";"https://opendata.schleswig-holstein.de/data/denkmalpflege/fotos/14333.jpg"
9350;"Bauliche Anlage";"Stadt Flensburg";"Flensburg, Stadt";"Schiffbrückstraße 8 - 8a";"Wohn- und Geschäftshaus";"Wohn- und Geschäftshaus; 1883, 1902, Arch. Alexander Wilhelm Prale; in zwei Abschnitten errichteter Bau auf verwinkeltem Grundriss mit aufwändigen neogotischen Backsteinfassaden";"Geschichtlich, Künstlerisch, Städtebaulich";"gesamtes Objekt";"https://opendata.schleswig-holstein.de/data/denkmalpflege/fotos/9350.jpg"
20595;"Bauliche Anlage";"Stadt Flensburg";"Flensburg, Stadt";"Schleswiger Straße 14";"Mietwohnungshaus";"Mietwohnungshaus; 1898, Maurermeister Johann Bruhn; dreigeschossiger Putzbau mit reicher, teils figürlicher neubarocker Gliederung in Backstein und Putz";"Geschichtlich, Städtebaulich";"gesamtes Objekt";"https://opendata.schleswig-holstein.de/data/denkmalpflege/fotos/20595.jpg"
9593;"Bauliche Anlage";"Stadt Flensburg";"Flensburg, Stadt";"Schleswiger Straße 26";"Wohn- und Geschäftshaus";"Wohn- und Geschäftshaus; 1899, Maurermeister Johann Bruhn; dreigeschossiger Putzbau mit reicher, teils figürlicher neubarocker Gliederung in Backstein und Putz";"Geschichtlich, Künstlerisch, Städtebaulich";"gesamtes Objekt";""
8653;"Bauliche Anlage";"Stadt Flensburg";"Flensburg, Stadt";"Schleswiger Straße 27";"Villa";"Alteintragung (Aktualisierung vorgesehen)";"Geschichtlich, Künstlerisch, Städtebaulich";"gesamtes Objekt";""
8973;"Bauliche Anlage";"Stadt Flensburg";"Flensburg, Stadt";"Schleswiger Straße 29";"Villa";"Alteintragung (Aktualisierung vorgesehen)";"";"Alteintragung (Aktualisierung vorgesehen)";""
8649;"Bauliche Anlage";"Stadt Flensburg";"Flensburg, Stadt";"Schleswiger Straße 31";"Villa";"Alteintragung (Aktualisierung vorgesehen)";"Geschichtlich, Künstlerisch, Städtebaulich";"gesamtes Objekt";""
9264;"Bauliche Anlage";"Stadt Flensburg";"Flensburg, Stadt";"Schleswiger Straße 42";"ehem. Bahnhofs-Betriebsamt";"Alteintragung (Aktualisierung vorgesehen)";"";"Alteintragung (Aktualisierung vorgesehen)";""
28014;"Bauliche Anlage";"Stadt Flensburg";"Flensburg, Stadt";"Schleswiger Straße 42";"Grundstückseinfriedigung";"Alteintragung (Aktualisierung vorgesehen)";"";"Alteintragung (Aktualisierung vorgesehen)";""
55147;"Bauliche Anlage";"Stadt Flensburg";"Flensburg, Stadt";"Schleswiger Straße 55";"Dienstgebäude des Straßenbauamtes";"Dienstgebäude des Straßenbauamtes; 1950, Straßenbaurat Lohse; breitgelagerter, zweigeschossiger Backsteinbau mit hohem ausgebautem Walmdach, Mitteleingang mit Vordach";"Geschichtlich, Städtebaulich";"gesamtes Äußeres, ";"https://opendata.schleswig-holstein.de/data/denkmalpflege/fotos/55147.jpg"
437;"Bauliche Anlage";"Stadt Flensburg";"Flensburg, Stadt";"Schleswiger Straße 66";"ehem. Landwirtschaftsschule";"Alteintragung (Aktualisierung vorgesehen)";"Geschichtlich, Künstlerisch, Städtebaulich";"gesamtes Objekt";"https://opendata.schleswig-holstein.de/data/denkmalpflege/fotos/437.jpg"
9265;"Bauliche Anlage";"Stadt Flensburg";"Flensburg, Stadt";"Schleswiger Straße";"Stellwerk Fw";"Alteintragung (Aktualisierung vorgesehen)";"Geschichtlich, Künstlerisch, Technisch";"Alteintragung (Aktualisierung vorgesehen)";""
9269;"Bauliche Anlage";"Stadt Flensburg";"Flensburg, Stadt";"Schleswiger Straße";"Brücke über die Bahnanlagen";"Alteintragung (Aktualisierung vorgesehen)";"Geschichtlich, Künstlerisch, Städtebaulich, Technisch";"gesamtes Objekt";""
870;"Bauliche Anlage";"Stadt Flensburg";"Flensburg, Stadt";"Schloßstraße 4";"Doppelhaus";"Doppelhaus; um 1820/40; zweigeschossiger traufständiger Backsteinbau mit Satteldach und geschlämmter Fassade, zwei Eingänge mit vorgesetzten Freitreppen, klassizistische Haustüren";"Geschichtlich, Städtebaulich";"gesamtes Objekt";"https://opendata.schleswig-holstein.de/data/denkmalpflege/fotos/870.jpg"
269;"Bauliche Anlage";"Stadt Flensburg";"Flensburg, Stadt";"Schloßstraße 13";"Wohnhaus";"Alteintragung (Aktualisierung vorgesehen)";"Geschichtlich, Künstlerisch, Städtebaulich";"Alteintragung (Aktualisierung vorgesehen)";"https://opendata.schleswig-holstein.de/data/denkmalpflege/fotos/269.jpg"
270;"Bauliche Anlage";"Stadt Flensburg";"Flensburg, Stadt";"Schloßstraße 15";"Wohnhaus";"Alteintragung (Aktualisierung vorgesehen)";"Geschichtlich, Künstlerisch, Städtebaulich";"Alteintragung (Aktualisierung vorgesehen)";"https://opendata.schleswig-holstein.de/data/denkmalpflege/fotos/270.jpg"
1475;"Bauliche Anlage";"Stadt Flensburg";"Flensburg, Stadt";"Schloßstraße 16";"Wohnhaus";"Wohnhaus; E. 18, Jh.; zweigeschossiger geschlämmter Mauerwerksbau, giebelständig mit Satteldach und Halbwalm";"Geschichtlich, Städtebaulich";"gesamtes Objekt";"https://opendata.schleswig-holstein.de/data/denkmalpflege/fotos/1475.jpg"
49801;"Bauliche Anlage";"Stadt Flensburg";"Flensburg, Stadt";"Schloßstraße 16";"ehem. Hofgebäude";"ehem. Hofgebäude; 1. H. 19. Jh.; als Hofgebäude zu Schloßstraße 16 errichteter ein- bis zweigeschossiger Backsteinbau mit verputzten Außenwänden und pfannengedecktem Bohlendach, umlaufend Maueranker";"Geschichtlich, Städtebaulich";"gesamtes Objekt";"https://opendata.schleswig-holstein.de/data/denkmalpflege/fotos/49801.jpg"
271;"Bauliche Anlage";"Stadt Flensburg";"Flensburg, Stadt";"Schloßstraße 17";"Wohnhaus";"Alteintragung (Aktualisierung vorgesehen)";"Geschichtlich, Künstlerisch, Städtebaulich";"Alteintragung (Aktualisierung vorgesehen)";"https://opendata.schleswig-holstein.de/data/denkmalpflege/fotos/271.jpg"
14338;"Bauliche Anlage";"Stadt Flensburg";"Flensburg, Stadt";"Schloßstraße 28";"Voigtschule";"Voigtschule; 1882, verm. Stadtbaumeister Otto Fielitz; dreigeschossiger traufständiger Gelbsteinbau auf hohem Rotsteinsockel, Satteldach schiefergedeckt, reiche Fassadengliederung, übergiebelte Mittelrisalite und kontrastierende Rotsteingliederung";"Geschichtlich, Künstlerisch, Städtebaulich";"gesamtes Objekt";"https://opendata.schleswig-holstein.de/data/denkmalpflege/fotos/14338.jpg"
272;"Bauliche Anlage";"Stadt Flensburg";"Flensburg, Stadt";"Schloßstraße 35";"Guttempler Logenhaus";"Alteintragung (Aktualisierung vorgesehen)";"Geschichtlich, Künstlerisch, Städtebaulich";"Alteintragung (Aktualisierung vorgesehen)";"https://opendata.schleswig-holstein.de/data/denkmalpflege/fotos/272.jpg"
20091;"Bauliche Anlage";"Stadt Flensburg";"Flensburg, Stadt";"Schloßstraße 44 - 46";"ehem. Gewerkschaftshaus";"Alteintragung (Aktualisierung vorgesehen)";"Geschichtlich, Künstlerisch, Städtebaulich";"Alteintragung (Aktualisierung vorgesehen)";"https://opendata.schleswig-holstein.de/data/denkmalpflege/fotos/20091.jpg"
53025;"Bauliche Anlage";"Stadt Flensburg";"Flensburg, Stadt";"Schöne Aussicht 17";"Wohnhaus Baumann";"Wohnhaus Baumann; 1927, Architekt Theodor Rieve; zweigeschossiger Backsteinbau in sachlichen Formen des späten Heimatschutzes mit Walmdach, Eingang ornamental betont";"Geschichtlich, Künstlerisch, Städtebaulich";"gesamtes Objekt";"https://opendata.schleswig-holstein.de/data/denkmalpflege/fotos/53025.jpg"
53030;"Bauliche Anlage";"Stadt Flensburg";"Flensburg, Stadt";"Schöne Aussicht 41";"Wohnhaus Dr. Karding";"Wohnhaus Dr. Karding; 1911, Architekt Friedrich Fabian; eingeschossiger Putzbau im Reformstil mit teilverglastem Erker, ausgebautes Satteldach mit Gauben und Falzziegeldeckung";"Geschichtlich, Künstlerisch, Städtebaulich";"gesamtes Objekt";""
20403;"Bauliche Anlage";"Stadt Flensburg";"Flensburg, Stadt";"Schöne Aussicht 49";"Wohnhaus Schaberg";"Wohnhaus Schaberg; 1911, Maurermeister H. Höft; eingeschossiger Fachwerkbau im Stil eines Forsthauses mit ausgebautem Halbwalmdach; im Inneren hoher bauzeitlicher Bestand";"Geschichtlich, Künstlerisch, Kulturlandschaftlich, Städtebaulich";"Wohnhaus Schaberg, ";"https://opendata.schleswig-holstein.de/data/denkmalpflege/fotos/20403.jpg"
1323;"Bauliche Anlage";"Stadt Flensburg";"Flensburg, Stadt";"Selckstraße 1";"Altes Gymnasium";"Alteintragung (Aktualisierung vorgesehen)";"Geschichtlich, Künstlerisch, Städtebaulich";"gesamtes Objekt";"https://opendata.schleswig-holstein.de/data/denkmalpflege/fotos/1323.jpg"
20097;"Bauliche Anlage";"Stadt Flensburg";"Flensburg, Stadt";"Selckstraße 3";"Villa Hansen";"Alteintragung (Aktualisierung vorgesehen)";"Geschichtlich, Künstlerisch, Städtebaulich";"gesamtes Objekt";"https://opendata.schleswig-holstein.de/data/denkmalpflege/fotos/20097.jpg"
20098;"Bauliche Anlage";"Stadt Flensburg";"Flensburg, Stadt";"Selckstraße 5";"Selckstift";"Selckstift; 1891-92; breitgelagerter zweigeschossiger Gelbsteinbau mit seitlichen Kopfbauten, Satteldächer, Mittelgaube, farbige Backsteingliederung; hölzernes, weitgehend verglastes Gartenhaus";"Geschichtlich, Künstlerisch, Städtebaulich";"Selckstift, Gartenhaus";"https://opendata.schleswig-holstein.de/data/denkmalpflege/fotos/20098.jpg"
1824;"Bauliche Anlage";"Stadt Flensburg";"Flensburg, Stadt";"Selckstraße";"Alter Friedhof: Friedhofskapelle";"Alteintragung (Aktualisierung vorgesehen)";"Geschichtlich, Künstlerisch";"Alteintragung (Aktualisierung vorgesehen)";"https://opendata.schleswig-holstein.de/data/denkmalpflege/fotos/1824.jpg"
29773;"Bauliche Anlage";"Stadt Flensburg";"Flensburg, Stadt";"Selckstraße";"Alter Friedhof: Grabstelle Christiansen (Grabmal/Gruft)";"Alteintragung (Aktualisierung vorgesehen)";"Geschichtlich, Künstlerisch";"gesamtes Objekt";"https://opendata.schleswig-holstein.de/data/denkmalpflege/fotos/29773.jpg"
364;"Bauliche Anlage";"Stadt Flensburg";"Flensburg, Stadt";"Speicherlinie 26";"Kaufmannshof: zweiter Seitenflügel";"Kaufmannshof: zweiter Seitenflügel; um 1800;  langgestreckter zweigeschossiger Flügelbau in geschlämmtes Gelbsteinmauerwerk mit halbem Bohlendach mittiger Kranluke mit beschnitzten Kopfbändern";"Geschichtlich, Städtebaulich";"gesamtes Objekt";"https://opendata.schleswig-holstein.de/data/denkmalpflege/fotos/364.jpg"
366;"Bauliche Anlage";"Stadt Flensburg";"Flensburg, Stadt";"Speicherlinie 26";"Kaufmannshof: Querspeicher";"Kaufmannshof: Querspeicher; um 1800; schlichter zweigeschossiger Backsteinquerbau mit geschlämmten Außenmauern und pfannengedecktem Satteldach, mittig Durchfahrt";"Geschichtlich, Städtebaulich";"gesamtes Objekt";"https://opendata.schleswig-holstein.de/data/denkmalpflege/fotos/366.jpg"
10486;"Bauliche Anlage";"Stadt Flensburg";"Flensburg, Stadt";"Speicherlinie 28";"Kaufmannshof: Querspeicher";"Kaufmannshof: Querspeicher; um 1880; dreigeschossiger geschlämmter Backsteinquerbau mit pfannengedecktem Satteldach, in der südlichsten Achse stichbogige Durchfahrt und hofseitig Kranluke im Dach";"Geschichtlich, Städtebaulich";"gesamtes Objekt";"https://opendata.schleswig-holstein.de/data/denkmalpflege/fotos/10486.jpg"
10484;"Bauliche Anlage";"Stadt Flensburg";"Flensburg, Stadt";"Speicherlinie 34";"Kaufmannshof: Querspeicher";"Kaufmannshof: Querspeicher; um 1830; viergeschossiger geschlämmter Backsteinquerbau mit Mauerankern und pfannengedecktem Satteldach, straßenseitig übergiebeltes Mittelzwerchhaus";"Geschichtlich, Städtebaulich";"gesamtes Objekt";"https://opendata.schleswig-holstein.de/data/denkmalpflege/fotos/10484.jpg"
10485;"Bauliche Anlage";"Stadt Flensburg";"Flensburg, Stadt";"Speicherlinie 34 a";"Kaufmannshof: Westindienspeicher";"Kaufmannshof: Westindienspeicher; 1789; fünfgeschossiger geschlämmter Backsteinbau mit Mauerankern und pfannengedecktem Satteldach, Mittelachse nach Osten mit sechs breiten Lukentüren unter hölzernem Windenausleger";"Geschichtlich, Künstlerisch, Städtebaulich";"gesamtes Objekt";"https://opendata.schleswig-holstein.de/data/denkmalpflege/fotos/10485.jpg"
10483;"Bauliche Anlage";"Stadt Flensburg";"Flensburg, Stadt";"Speicherlinie 36";"Kaufmannshof: Querspeicher";"Querspeicher; um 1800; östlich den Hof abschließender dreigeschossiger Querbau mit geschlämmtem Backsteinmauerwerk, pfannengedecktem Mansarddach und mittiger rundbogiger Tordurchfahrt, hofseitig hohes Zwerchhaus mit hölzernem Windenausleger";"Geschichtlich, Künstlerisch, Städtebaulich";"gesamtes Objekt";"https://opendata.schleswig-holstein.de/data/denkmalpflege/fotos/10483.jpg"
355;"Bauliche Anlage";"Stadt Flensburg";"Flensburg, Stadt";"Speicherlinie 40";"Kaufmannshof: Amalie-Lamp-Speicher";"Amalie-Lamp-Speicher; 1. H. 19. Jh.; östlich den Hof abschließender eingeschossiger Gelbsteinspeicher mit steilem pfannengedecktem Mansarddach und mittiger rundbogiger Tordurchfahrt, Nordgiebel in Fachwerk, hofseitig zweigeschossiger Giebelausbau in Fachwerk mit Kranausleger";"Geschichtlich, Städtebaulich";"gesamtes Objekt";"https://opendata.schleswig-holstein.de/data/denkmalpflege/fotos/355.jpg"
14204;"Bauliche Anlage";"Stadt Flensburg";"Flensburg, Stadt";"Speicherlinie 44";"Kaufmannshof: Querspeicher";"Querspeicher; 18. Jh.; östlich den Hof abschließender schlichter zweigeschossiger Querbau mit geschlämmtem Backsteinmauerwerk, pfannengedecktem Mansarddach und mittiger rundbogiger Tordurchfahrt, hofseitig hohes Zwerchhaus mit hölzernem Windenausleger";"Geschichtlich, Städtebaulich";"gesamtes Objekt";"https://opendata.schleswig-holstein.de/data/denkmalpflege/fotos/14204.jpg"
14203;"Bauliche Anlage";"Stadt Flensburg";"Flensburg, Stadt";"Speicherlinie 48";"Kaufmannshof: dritter Querspeicher";"Dritter Querspeicher; 18. Jh.; zweigeschossiger geschlämmter Backsteinquerbau mit pfannengedecktem Satteldach und korbbogiger Durchfahrt, hofseitig Ladeluke und Kranerker";"Geschichtlich, Städtebaulich";"gesamtes Objekt";"https://opendata.schleswig-holstein.de/data/denkmalpflege/fotos/14203.jpg"
1860;"Bauliche Anlage";"Stadt Flensburg";"Flensburg, Stadt";"Stadtpark";"Bronzestatue General Carl von Wrangel";"Alteintragung (Aktualisierung vorgesehen)";"Geschichtlich, Künstlerisch, Städtebaulich";"Alteintragung (Aktualisierung vorgesehen)";""
6114;"Bauliche Anlage";"Stadt Flensburg";"Flensburg, Stadt";"St.-Jürgen-Platz 4";"Wohnhaus";"Wohnhaus; 1914, Architekt Karl Bernt; dreigeschossiger Putzbau, traufständig, zwei Polygonalerker mit Balkonloggien und übergiebeltem Zwerchhaus, Mansarddach";"Geschichtlich, Künstlerisch, Städtebaulich";"gesamtes Objekt";"https://opendata.schleswig-holstein.de/data/denkmalpflege/fotos/6114.jpg"
411;"Bauliche Anlage";"Stadt Flensburg";"Flensburg, Stadt";"St.-Jürgen-Straße 14";"Wohnhaus";"Alteintragung (Aktualisierung vorgesehen)";"Geschichtlich, Künstlerisch, Städtebaulich";"gesamtes Objekt";"https://opendata.schleswig-holstein.de/data/denkmalpflege/fotos/411.jpg"
1897;"Bauliche Anlage";"Stadt Flensburg";"Flensburg, Stadt";"St.-Jürgen-Straße 20";"Wohnhaus";"Alteintragung (Aktualisierung vorgesehen)";"Geschichtlich, Künstlerisch, Städtebaulich";"Alteintragung (Aktualisierung vorgesehen)";"https://opendata.schleswig-holstein.de/data/denkmalpflege/fotos/1897.jpg"
13997;"Bauliche Anlage";"Stadt Flensburg";"Flensburg, Stadt";"St.-Jürgen-Straße 24 - 26";"Doppelhaus";"Doppelhaus; um 1800; eingeschossiger geschlämmter Backsteinbau über sechs Achsen, traufständig mit Satteldach, spiegelsymmetrische Gliederung, beide Eingangstüren in den mittleren Achsen, Außentreppen";"Geschichtlich, Städtebaulich";"gesamtes Objekt";"https://opendata.schleswig-holstein.de/data/denkmalpflege/fotos/13997.jpg"
14090;"Bauliche Anlage";"Stadt Flensburg";"Flensburg, Stadt";"St.-Jürgen-Straße 44";"Wohnhaus";"Wohnhaus; 1787 (i); zweigeschossiger dreiachsiger Putzbau auf hohem Sockel, traufständig mit Satteldach, linksseitig Eingangstür und Freitreppe, baufeste Ausstattung aus der Bauzeit";"Geschichtlich, Künstlerisch, Städtebaulich";"gesamtes Objekt";"https://opendata.schleswig-holstein.de/data/denkmalpflege/fotos/14090.jpg"
14040;"Bauliche Anlage";"Stadt Flensburg";"Flensburg, Stadt";"St.-Jürgen-Straße 48";"Wohnhaus";"Wohnhaus; 19. Jh.; zweigeschossiger vierachsiger Putzbau, traufständig mit Satteldach, sparsamer spätklassizistischer Putzdekor, rechtsseitig Eingangstür und Freitreppe, baufeste Ausstattung aus der Bauzeit";"Geschichtlich, Künstlerisch, Städtebaulich";"gesamtes Objekt";"https://opendata.schleswig-holstein.de/data/denkmalpflege/fotos/14040.jpg"
20314;"Bauliche Anlage";"Stadt Flensburg";"Flensburg, Stadt";"St.-Jürgen-Straße 86";"ehem. Pastorat der St.-Jürgen-Kirche";"ehem. Pastorat der St.-Jürgen-Kirche; 1952-53, Architekt Georg Rieve; zweigeschossiger traufständiger Backsteinbau mit pfannengedecktem Satteldach, schlichte Ausführung mit zeittypischen Details und  auffälligem Eingangsvorbau unter gerundeter Kragplatte";"Geschichtlich, Künstlerisch, Städtebaulich";"gesamtes Objekt";"https://opendata.schleswig-holstein.de/data/denkmalpflege/fotos/20314.jpg"
9058;"Bauliche Anlage";"Stadt Flensburg";"Flensburg, Stadt";"Strucksdamm 6";"Wohnhaus";"Wohnhaus; 1924-25, Friedrich und August Tietje; zweigeschossiger Backsteinbau auf etwa quadratischem Grundriss mit Walmdach, rustizierte Kanten, gruppierte Fenster, eingeschossiger Standerker in Ecklage, reiche bauzeitliche Innenausstattung, Einfriedung";"Geschichtlich, Künstlerisch, Städtebaulich";"Wohnhaus, EInfriedung";"https://opendata.schleswig-holstein.de/data/denkmalpflege/fotos/9058.jpg"
9542;"Bauliche Anlage";"Stadt Flensburg";"Flensburg, Stadt";"Stuhrsallee 10 - 12";"Doppelhaus";"Alteintragung (Aktualisierung vorgesehen)";"Geschichtlich, Künstlerisch, Städtebaulich";"gesamtes Objekt";"https://opendata.schleswig-holstein.de/data/denkmalpflege/fotos/9542.jpg"
13232;"Bauliche Anlage";"Stadt Flensburg";"Flensburg, Stadt";"Stuhrsallee 14";"Villa";"Villa; 1911-12, Architekt Anton Meyer; eingeschossiger Backsteinbau in barockisierenden Formen des Heimatschutzstils, Mansardwalmdach und Mittelzwerchhaus, Gartenpavillon";"Geschichtlich, Künstlerisch, Städtebaulich";"Villa, Gartenpavillon";"https://opendata.schleswig-holstein.de/data/denkmalpflege/fotos/13232.jpg"
13523;"Bauliche Anlage";"Stadt Flensburg";"Flensburg, Stadt";"Stuhrsallee 27";"Villa";"Villa, heute Katasteramt; 1897, Maurermeister Chr. Henningsen nach Plänen von Schwerdtfeger u. Schmüser; zweigeschossiger Putzbau auf hohem, genutetem Sockelgeschoss mit Schieferdach und dekorativ eingesetzten Backsteinflächen und -rahmungen, Straßenfront an der rechten Seite betont durch Risalit mit aufgesetztem Fachwerk und Verbretterung im Giebel sowie vorgelegtem polygonalem Standerker im Erdgeschoss, zurückversetzter Eingangsvorbau mit Freitreppe an der Nordseite, im Inneren Ausstattung erhalten";"Geschichtlich, Künstlerisch, Städtebaulich";"gesamtes Objekt";"https://opendata.schleswig-holstein.de/data/denkmalpflege/fotos/13523.jpg"
20110;"Bauliche Anlage";"Stadt Flensburg";"Flensburg, Stadt";"Stuhrsallee 29";"Villa";"Villa; 1899, Architekt Alexander Wilhelm Prale; zweigeschossiger aus trauf- und giebelständigem Trakt zusammengesetzter Putzbau mit Pfannendach über hohem Kellergeschoss, Fassade mit Backsteinziergliederungen, Dreieckgiebel in Zierfachwerk unter auf Freisparren vorgekragtem steilem Satteldach, davor polygonaler Standerker mit Altan";"Geschichtlich, Künstlerisch, Städtebaulich";"gesamtes Objekt";"https://opendata.schleswig-holstein.de/data/denkmalpflege/fotos/20110.jpg"
20111;"Bauliche Anlage";"Stadt Flensburg";"Flensburg, Stadt";"Stuhrsallee 31";"Villa Todsen";"Villa Todsen; 1899, Architekt Alexander Wilhelm Prale; zweigeschossiger Putzbau mit Schieferdächern auf hohem Sockel, Fassadengliederung durch kontrastierende Backsteinrahmungen und übergiebeltem Mittelrisalit mit Freigespärre am Giebel und polygonalem Erdgeschossstanderker, das auskragende Walmdach über der rechten Haushälfte höher ausgebildet, im Inneren ursprüngliche Ausstattung erhalten";"Geschichtlich, Künstlerisch, Städtebaulich";"gesamtes Objekt";"https://opendata.schleswig-holstein.de/data/denkmalpflege/fotos/20111.jpg"
20112;"Bauliche Anlage";"Stadt Flensburg";"Flensburg, Stadt";"Stuhrsallee 33";"Villa";"Villa; 1902/03, Architekt Alexander Wilhelm Prale; zweigeschossiger Putzbau mit Pfannendächern über Sockelgeschoss, Straßenfassade mit mittlerem Fachwerkzwerchgiebel sowie zweiteiligem, polygonal und kastenförmig ausgebildetem eingeschossigem Standerker mit Altan, an der Südseite ebenfalls halbrunder Standerker mit Altan, darüber breites übergiebeltes Zwerchhaus, an der Nordseite Eingangsvorbau mit polygonalem Treppenhausturm; mit Stallgebäude und Remise, heute Garage, mit korbbogigem zweiflügeligem Tor und Fachwerk im Drempelgeschoss";"Geschichtlich, Künstlerisch, Städtebaulich";"gesamtes Objekt";"https://opendata.schleswig-holstein.de/data/denkmalpflege/fotos/20112.jpg"
20113;"Bauliche Anlage";"Stadt Flensburg";"Flensburg, Stadt";"Stuhrsallee 35";"Wohnhaus";"Wohnhaus; 1911, Architekt Magnus Schlichting; eingeschossiger Putzbau über hohem Kellersockel mit auskragendem schiefergedecktem Mansarddach, an der Straßenfront mittiger Zwerchgiebel mit Ziermauerwerk und Fußwalm über vortretender rustizierter Fensterrahmung mit Altan, flankiert von flach polygonalen Fenstererkern, seitlich Eingangsvorbau mit Freitreppe";"Geschichtlich, Künstlerisch, Städtebaulich";"gesamtes Objekt";"https://opendata.schleswig-holstein.de/data/denkmalpflege/fotos/20113.jpg"
1324;"Bauliche Anlage";"Stadt Flensburg";"Flensburg, Stadt";"Süderfischerstraße 8";"Wohnhaus";"Alteintragung (Aktualisierung vorgesehen)";"Geschichtlich, Künstlerisch, Städtebaulich";"Wohnhaus, Hof";"https://opendata.schleswig-holstein.de/data/denkmalpflege/fotos/1324.jpg"
1325;"Bauliche Anlage";"Stadt Flensburg";"Flensburg, Stadt";"Südergraben 22";"Landgericht";"Alteintragung (Aktualisierung vorgesehen)";"Geschichtlich, Künstlerisch, Städtebaulich";"Alteintragung (Aktualisierung vorgesehen)";""
20124;"Bauliche Anlage";"Stadt Flensburg";"Flensburg, Stadt";"Südergraben 24";"Justizvollzugsanstalt";"Justizvollzugsanstalt; 1879-82, Regierungsbaumeister Richard Plüddemann; drei- bis viergeschossiger Backsteinbau über T-förmigem Grundriss mit abgewalmten Schieferdächern und Fassadengliederung durch Friese und Rahmungen aus farbig glasierten Ziegeln";"Geschichtlich, Städtebaulich";"Justizvollzugsanstalt, Gefängsnismauer";"https://opendata.schleswig-holstein.de/data/denkmalpflege/fotos/20124.jpg"
7574;"Bauliche Anlage";"Stadt Flensburg";"Flensburg, Stadt";"Südergraben 27";"Stadtvilla";"Stadtvilla; 1896, Zimmermeister Wilhelm Petersen; zweigeschossiger Putzbau mit gaubenbesetztem Mansarddach und reicher Fassade in historisierenden Formen, leicht außermittig Kastenerker mit darüberliegendem Dacherker und welscher Haube";"Geschichtlich, Künstlerisch, Städtebaulich";"gesamtes Objekt";"https://opendata.schleswig-holstein.de/data/denkmalpflege/fotos/7574.jpg"
20116;"Bauliche Anlage";"Stadt Flensburg";"Flensburg, Stadt";"Südergraben 31";"Wohnhaus";"Wohnhaus; 1904, Zimmermeister Boy Willandsen; dreigeschossiges Wohnhaus mit Satteldach und reicher Jugendstilfassade mit seitl. polygonalen Standerker, reicher floraler Stuckdekor, Glasursteinverblendung im OG, zugehöriger innenhofbildender Rückflügel";"Geschichtlich, Städtebaulich";"Wohnhaus, Einfriedung";"https://opendata.schleswig-holstein.de/data/denkmalpflege/fotos/20116.jpg"
11;"Bauliche Anlage";"Stadt Flensburg";"Flensburg, Stadt";"Südergraben 34";"Auguste-Viktoria-Schule";"Alteintragung (Aktualisierung vorgesehen)";"Geschichtlich, Künstlerisch, Städtebaulich";"gesamtes Objekt";""
20118;"Bauliche Anlage";"Stadt Flensburg";"Flensburg, Stadt";"Südergraben 37";"Wohnhaus";"Wohnhaus; 1894, Maurermeister H. Höft; viergeschossiger Putzbau mit flachem Satteldach und reich gegliederter Fassade in historisierenden Formen, seitl. Kastenerker auf kräftigen stuckierten Volutenkonsolen mit welscher Haube";"Geschichtlich, Künstlerisch, Städtebaulich";"gesamtes Objekt";"https://opendata.schleswig-holstein.de/data/denkmalpflege/fotos/20118.jpg"
20119;"Bauliche Anlage";"Stadt Flensburg";"Flensburg, Stadt";"Südergraben 39";"Wohn- und Geschäftshaus";"Wohn- und Geschäftshaus; 1897, Maurermeister H. Höft; dreigeschossiger Putzbau mit rustizierter Fassade in Neorenaissanceformen, außermittig zweigeschossiger Kastenerker mit Türmchenaufsatz, zugehöriger hofbildender Rückflügel";"Geschichtlich, Künstlerisch, Städtebaulich";"gesamtes Objekt";"https://opendata.schleswig-holstein.de/data/denkmalpflege/fotos/20119.jpg"
20120;"Bauliche Anlage";"Stadt Flensburg";"Flensburg, Stadt";"Südergraben 43";"Villa";"Villa; 1879, 1928/30, Maurermeister Carl T. Nielsen, erw. durch Arch. Dall; zwei-, zum rückwärtigen Hang dreigeschossiger Putzbau mit flachem Satteldach und historisierender Fassadengestaltung, straßenseitig Eingangsvorbau mit Altan";"Geschichtlich, Städtebaulich";"gesamtes Objekt";"https://opendata.schleswig-holstein.de/data/denkmalpflege/fotos/20120.jpg"
20121;"Bauliche Anlage";"Stadt Flensburg";"Flensburg, Stadt";"Südergraben 45";"ehem. Kunstgewerbeschule Sauermann";"ehem. Kunstgewerbeschule Sauermann; 1890, Zimmermeister Boy Willandsen, Gebr. Hummel; zwei-, rückseitig zum Hang dreigeschossiger Gelbsteinbau mit Rotsteingliederung und Berliner Dach, seitl. kleiner Eingangsanbau";"Geschichtlich, Künstlerisch, Städtebaulich";"gesamtes Objekt";"https://opendata.schleswig-holstein.de/data/denkmalpflege/fotos/20121.jpg"
20122;"Bauliche Anlage";"Stadt Flensburg";"Flensburg, Stadt";"Südergraben 47";"Villa Sauermann";"Villa Sauermann; 1884, Heinrich Moldenschardt; traufständiger ein-, rückseitig zum Hang zweigeschossiger Gelbsteinbau mit Rotsteingliederung und schiefergedecktem Halbwalmdach, straßenseitig zweigeschossiger übergiebelter Eingangsrisalit, Drempel mit Porträtmedaillons";"Geschichtlich, Künstlerisch, Städtebaulich";"gesamtes Objekt";"https://opendata.schleswig-holstein.de/data/denkmalpflege/fotos/20122.jpg"
674;"Bauliche Anlage";"Stadt Flensburg";"Flensburg, Stadt";"Südergraben 59";"Lutherhaus";"Alteintragung (Aktualisierung vorgesehen)";"Geschichtlich, Künstlerisch, Städtebaulich";"Alteintragung (Aktualisierung vorgesehen)";"https://opendata.schleswig-holstein.de/data/denkmalpflege/fotos/674.jpg"
45760;"Bauliche Anlage";"Stadt Flensburg";"Flensburg, Stadt";"Südergraben";"Treppenanlage am Fördehang";"Treppenanlage am Fördehang; E. 19. Jh.; den Hang zwischen Nikolaikirchhof und Südergraben in drei Freitreppen überwindende Anlage mit zentralem, terrassenartig angelegtem Platz, darauf Baumreihe aus vier Linden, platzbildprägend Böschungsmauern aus Zyklopenmauerwerk sowie eiserne Geländer";"Geschichtlich, Städtebaulich";"Treppenanlage am Fördehang, Lindenreihe, Freifläche, Böschungsmauern, Geländer";"https://opendata.schleswig-holstein.de/data/denkmalpflege/fotos/45760.jpg"
343;"Bauliche Anlage";"Stadt Flensburg";"Flensburg, Stadt";"Südermarkt 1";"Kaufmannshof: Vorderhaus";"Kaufmannshof: Vorderhaus; um 1800; mächtiges dreigeschossiges Traufenhaus mit steilem pfannengedecktem Satteldach, schlichte Putzfassade mit neun Fensterachsen, im Dach Schleppgauben";"Geschichtlich, Städtebaulich";"gesamtes Äußeres";"https://opendata.schleswig-holstein.de/data/denkmalpflege/fotos/343.jpg"
46050;"Bauliche Anlage";"Stadt Flensburg";"Flensburg, Stadt";"Südermarkt 1";"Kaufmannshof: Rückflügel";"Kaufmannshof: Rückflügel; Ende 18. Jh.; südlich viergeschossiger Anbau mit Flachdach, EG und 1.OG geschlämmt, 2. u. 3. OG verputzt";"Geschichtlich, Städtebaulich";"gesamtes Objekt";"https://opendata.schleswig-holstein.de/data/denkmalpflege/fotos/46050.jpg"
344;"Bauliche Anlage";"Stadt Flensburg";"Flensburg, Stadt";"Südermarkt 2";"Wohn- und Geschäftshaus";"Wohn- und Geschäftshaus; um 1800, im Kern älter; zweigeschossiges Giebelhaus mit zur Straße abgewalmtem steilem Satteldach und verputzter klassizistischer Front mit breitem übergiebeltem Zwerchhaus";"Geschichtlich, Städtebaulich";"gesamtes Objekt";"https://opendata.schleswig-holstein.de/data/denkmalpflege/fotos/344.jpg"
276;"Bauliche Anlage";"Stadt Flensburg";"Flensburg, Stadt";"Südermarkt 3";"Wohn- und Geschäftshaus";"Wohn- und Geschäftshaus; um 1850-60; dreigeschossiger Putzbau mit gotisierender Fassade und Berliner Dach,seitl. überhöhter Kastenerker mit steigendem Spitzbogenfries geschmücktem Stufengiebel";"Geschichtlich, Städtebaulich";"gesamtes Objekt";"https://opendata.schleswig-holstein.de/data/denkmalpflege/fotos/276.jpg"
277;"Bauliche Anlage";"Stadt Flensburg";"Flensburg, Stadt";"Südermarkt 7";"Wohn- und Geschäftshaus";"Wohn- und Geschäftshaus; 1928, Arch. P. Ziegler und Th. Rieve; viergeschossiger Gelbziegelbau in Formen der expressionistischen Heimatschutzarchitektur mit Walmdach u. Stufengiebel zum Südermarkt sowie Satteldach zur Dr.-Todsen-Straße, an westl. Längsseite Bürgersteig übergreifende Arkade";"Geschichtlich, Künstlerisch, Städtebaulich";"gesamtes Objekt";"https://opendata.schleswig-holstein.de/data/denkmalpflege/fotos/277.jpg"
345;"Bauliche Anlage";"Stadt Flensburg";"Flensburg, Stadt";"Südermarkt 8";"Wohn- und Geschäftshaus";"Wohn- und Geschäftshaus; 1925, Guido Widmann; viergeschossiger giebelständiger Putzbau im expressionistischen Heimatschutzstil mit Satteldach und geschweiftem, geschultertem Dreieckgiebel";"Geschichtlich, Künstlerisch, Städtebaulich";"gesamtes Äußeres, Treppenhaus einschließlich der bauzeitlichen Eingangstüren, im 2. und 3. OG zusätzlich Toilettentüren, gesamtes Obergeschoss";"https://opendata.schleswig-holstein.de/data/denkmalpflege/fotos/345.jpg"
279;"Bauliche Anlage";"Stadt Flensburg";"Flensburg, Stadt";"Südermarkt 12";"Kaufmannshaus (Apotheke)";"Kaufmannshaus (Apotheke); um 1490; zweigeschossiges geschlämmtes Backsteingiebelhaus mit Satteldach, Front mit Stufengiebel, spitzbogigen Hochblenden und hohem, gestuftem Spitzbogenportal, innen Reste spätgotischer Ausmalung";"Geschichtlich, Künstlerisch, Städtebaulich, Wissenschaftlich";"gesamtes Objekt";"https://opendata.schleswig-holstein.de/data/denkmalpflege/fotos/279.jpg"
53;"Bauliche Anlage";"Stadt Flensburg";"Flensburg, Stadt";"Südermarkt 15";"Hauptpastorat der Nikolaikirche";"Hauptpastorat der Nikolaikirche; 1743, verm. Ludwig Henning Schack Neumann; zweigeschossiges Backsteintraufenhaus mit auf hohem Sockelgeschoss mit pfannengedecktem Mansarddach und dreigeschossigem übergiebeltem Mittelrisalit, Fassade in Rot- und Gelbstein mit Lisenen und Pilastern, Mittelportal mit Freitreppe";"Geschichtlich, Künstlerisch, Städtebaulich";"gesamtes Objekt";"https://opendata.schleswig-holstein.de/data/denkmalpflege/fotos/53.jpg"
4050;"Bauliche Anlage";"Stadt Flensburg";"Flensburg, Stadt";"Südermarkt 15 - 16";"Stadtmauerreste";"Alteintragung (Aktualisierung vorgesehen)";"Geschichtlich, Städtebaulich, Wissenschaftlich";"Alteintragung (Aktualisierung vorgesehen)";"https://opendata.schleswig-holstein.de/data/denkmalpflege/fotos/4050.jpg"
14344;"Bauliche Anlage";"Stadt Flensburg";"Flensburg, Stadt";"Südermarkt 16";"Kompastorat der Nikolaikirche";"Hauptpastorat der Nikolaikirche; 1899/1900, Arch. Alexander Wilhelm Prale; zweigeschossiger Backsteinbau auf hohem Sockelgeschoss mit reicher neogotischer Gestaltung und Schieferdach, marktseitig flacher übergiebelter Mittelrisalit, an der stumpfen Ecke zum Nikolaikirchhof Kastenerker mit schlankem Turmhelm";"Geschichtlich, Künstlerisch, Städtebaulich";"gesamtes Objekt";"https://opendata.schleswig-holstein.de/data/denkmalpflege/fotos/14344.jpg"
6739;"Bauliche Anlage";"Stadt Flensburg";"Flensburg, Stadt";"Sünderup-Hof 1";"Gutshaus Sünderuphof";"Alteintragung (Aktualisierung vorgesehen)";"Geschichtlich, Künstlerisch, Städtebaulich";"Alteintragung (Aktualisierung vorgesehen)";""
6740;"Bauliche Anlage";"Stadt Flensburg";"Flensburg, Stadt";"Sünderup-Hof 1";"Scheune";"Alteintragung (Aktualisierung vorgesehen)";"";"Alteintragung (Aktualisierung vorgesehen)";""
6741;"Bauliche Anlage";"Stadt Flensburg";"Flensburg, Stadt";"Sünderup-Hof 1";"Stallgebäude";"Alteintragung (Aktualisierung vorgesehen)";"";"Alteintragung (Aktualisierung vorgesehen)";""
9048;"Bauliche Anlage";"Stadt Flensburg";"Flensburg, Stadt";"Sünderup-Hof 1";"Borkenhäuschen";"Alteintragung (Aktualisierung vorgesehen)";"";"Alteintragung (Aktualisierung vorgesehen)";""
20391;"Bauliche Anlage";"Stadt Flensburg";"Flensburg, Stadt";"Swinemünder Straße 6 - 10";"Parkhof: Wohnhausgruppe mit Torbau";"Alteintragung (Aktualisierung vorgesehen)";"Geschichtlich, Künstlerisch, Städtebaulich";"Alteintragung (Aktualisierung vorgesehen)";""
280;"Bauliche Anlage";"Stadt Flensburg";"Flensburg, Stadt";"Sylter Straße 7";"Heilands-Kapelle";"Alteintragung (Aktualisierung vorgesehen)";"Geschichtlich, Künstlerisch, Städtebaulich";"gesamtes Objekt";"https://opendata.schleswig-holstein.de/data/denkmalpflege/fotos/280.jpg"
9446;"Bauliche Anlage";"Stadt Flensburg";"Flensburg, Stadt";"Theodor-Storm-Straße 5";"Einfamilienhaus";"Alteintragung (Aktualisierung vorgesehen)";"Geschichtlich, Künstlerisch, Städtebaulich";"gesamtes Objekt";""
283;"Bauliche Anlage";"Stadt Flensburg";"Flensburg, Stadt";"Toosbüystraße 6";"Wohn- und Geschäftshaus";"Wohn- und Geschäftshaus; 1905, Maurermeister Martin Jensen; viergeschossiger Putzbau mit Berliner Dach, aufwändige Gestaltung in Jugendstilformen, Klinkerblenden, dreigeschossige Kastenerker mit Zwerchgiebeln";"Geschichtlich, Künstlerisch, Städtebaulich";"gesamtes Objekt";"https://opendata.schleswig-holstein.de/data/denkmalpflege/fotos/283.jpg"
1478;"Bauliche Anlage";"Stadt Flensburg";"Flensburg, Stadt";"Toosbüystraße 7";"Wohn- und Geschäftshaus";"Wohn- und Geschäftshaus; 1900-01, Architekt C. Sander; viergeschossiger Backsteinbau mit Putzgliederung und Berliner Dach, aufwändige Gestaltung in historisierenden Jugendstilformen, Seitenrisalite  leicht flach übergiebelt";"Geschichtlich, Künstlerisch, Städtebaulich";"gesamtes Objekt";"https://opendata.schleswig-holstein.de/data/denkmalpflege/fotos/1478.jpg"
284;"Bauliche Anlage";"Stadt Flensburg";"Flensburg, Stadt";"Toosbüystraße 8";"Wohn- und Geschäftshaus";"Wohn- und Geschäftshaus; 1905, Maurermeister Martin Jensen; viergeschossiger Putzbau mit Berliner Dach, Fassade in Jugendstilformen, mittig dreigeschossiger Polygonalerker mit Klinkergliederung";"Geschichtlich, Künstlerisch, Städtebaulich";"gesamtes Objekt";"https://opendata.schleswig-holstein.de/data/denkmalpflege/fotos/284.jpg"
297;"Bauliche Anlage";"Stadt Flensburg";"Flensburg, Stadt";"Toosbüystraße 9";"Wohn- und Geschäftshaus";"Wohn- und Geschäftshaus; 1902, Gebr. Hummel; viergeschossiger Bau mit ausgebautem Berliner Dach, historisierende Fassadenzier mit Klinkerblende, mittig verputzter Polygonalerker mit seitlichen Balkonachsen, Altanabschluss und Zwerchgiebel";"Geschichtlich, Künstlerisch, Städtebaulich";"gesamtes Objekt";"https://opendata.schleswig-holstein.de/data/denkmalpflege/fotos/297.jpg"
285;"Bauliche Anlage";"Stadt Flensburg";"Flensburg, Stadt";"Toosbüystraße 10";"Wohn- und Geschäftshaus";"Wohn- und Geschäftshaus; 1905-06, Maurermeister Martin Jensen; viergeschossiger Putzbau mit Berliner Dach, historisierende Jugendstilformen, Kastenerker mit einseitigen Balkonachsen; viergeschossiger Hofflügel";"Geschichtlich, Künstlerisch, Städtebaulich";"gesamtes Objekt";"https://opendata.schleswig-holstein.de/data/denkmalpflege/fotos/285.jpg"
20129;"Bauliche Anlage";"Stadt Flensburg";"Flensburg, Stadt";"Toosbüystraße 11";"Mietwohnungshaus";"Mietwohnungshaus; 1909, Paul Ziegler; viergeschossiger Backsteinbau im Heimatschutzstil, Mansarddach, breiter Zwerchgiebel, Lisenengliederung, rückwärtig Rundturm mit Kegeldach";"Geschichtlich, Künstlerisch, Städtebaulich";"gesamtes Objekt";"https://opendata.schleswig-holstein.de/data/denkmalpflege/fotos/20129.jpg"
286;"Bauliche Anlage";"Stadt Flensburg";"Flensburg, Stadt";"Toosbüystraße 12";"Wohn- und Geschäftshaus";"Wohn- und Geschäftshaus; 1906, Maurermeister Martin Jensen; viergeschossiger Putzbau mit Berliner Dach , untere Fassadenhälfte verklinkert, Gliederung in historisierenden Jugendstilformen, dreigeschossige Erker mit Balkonachsen, viergeschossiger Hofflügel";"Geschichtlich, Künstlerisch, Städtebaulich";"gesamtes Objekt";"https://opendata.schleswig-holstein.de/data/denkmalpflege/fotos/286.jpg"
1480;"Bauliche Anlage";"Stadt Flensburg";"Flensburg, Stadt";"Toosbüystraße 14";"Wohn- und Geschäftshaus";"Wohn- und Geschäftshaus; 1906, Maurermeister Martin Jensen; viergeschossiger Putzbau mit Berliner Dach, Fassadenzier in historisierenden Jugendstilformen, Kastenerker mit Balkonachsen, viergeschossiger Hofflügel";"Geschichtlich, Künstlerisch, Städtebaulich";"gesamtes Objekt";"https://opendata.schleswig-holstein.de/data/denkmalpflege/fotos/1480.jpg"
288;"Bauliche Anlage";"Stadt Flensburg";"Flensburg, Stadt";"Toosbüystraße 15";"Wohn- und Geschäftshaus";"Wohn- und Geschäftshaus; 1903, Maurermeister Christian Hummel; viergeschossiger Bau mit aufwändiger Gestaltung in Jugendstilformen, helle Klinkerverblendung, Kastenerker, geschweifte, unterschiedlich geformte seitliche Zwerchgiebel, dazwischen verglaste Front des ehemaligen Fotoateliers, rückwärtig hakenförmiger viergeschossiger Hofflügel";"Geschichtlich, Künstlerisch, Städtebaulich";"gesamtes Objekt";"https://opendata.schleswig-holstein.de/data/denkmalpflege/fotos/288.jpg"
289;"Bauliche Anlage";"Stadt Flensburg";"Flensburg, Stadt";"Toosbüystraße 16 - 18";"Wohn- und Geschäftshaus";"Wohn- und Geschäftshaus; 1904, Baugeschäft Schwark u. Körner; viergeschossiger Putzbau, Eckhaus mit turmartigem Eckerker mit Glockendach, Fassaden im Landhaus- und Jugendstil, Klinkerzone im Erdgeschoss, Fachwerkelemente in den Giebeln";"Geschichtlich, Künstlerisch, Städtebaulich";"gesamtes Objekt";"https://opendata.schleswig-holstein.de/data/denkmalpflege/fotos/289.jpg"
1481;"Bauliche Anlage";"Stadt Flensburg";"Flensburg, Stadt";"Toosbüystraße 17";"Wohn- und Geschäftshaus";"Wohn- und Geschäftshaus; 1905, Baugeschäft Schwark u. Körner; viergeschossiger Putzbau mit Berliner Dach, aufwändige Putzgliederung in Jugendstilformen, Kastenerker mit loggienartigen Doppelbalkonen, viergeschossiger Hofflügel";"Geschichtlich, Künstlerisch, Städtebaulich";"gesamtes Objekt";"https://opendata.schleswig-holstein.de/data/denkmalpflege/fotos/1481.jpg"
290;"Bauliche Anlage";"Stadt Flensburg";"Flensburg, Stadt";"Toosbüystraße 19";"Wohn- und Geschäftshaus";"Wohn- und Geschäftshaus; 1905-06, Architekt Heinrich Petersen; viergeschossiger Putzbau, aufwändige Fassadengestaltung in Formen des Landhaus- und Jugendstils, Backstein- und Fachwerkelemente, viergeschossige Innenhofbebauung";"Geschichtlich, Künstlerisch, Städtebaulich";"gesamtes Objekt";"https://opendata.schleswig-holstein.de/data/denkmalpflege/fotos/290.jpg"
291;"Bauliche Anlage";"Stadt Flensburg";"Flensburg, Stadt";"Toosbüystraße 21";"ehem. Gesellschaftshaus der Neuen Harmonie";"ehem. Gesellschaftshaus der Neuen Harmonie; 1901-02, Architekt Alexander Wilhelm Prale; breitgelagerter dreigeschossiger Putzbau in Formen der Neurenaissance, rechtsseitig Saaltrakt mit Emporengeschoss und Staffelgiebel, linksseitig Dreieckserker mit Pyramidendach, im Inneren Teile der ursprünglichen Raumausstattung erhalten";"Geschichtlich, Künstlerisch, Städtebaulich";"gesamtes Objekt";"https://opendata.schleswig-holstein.de/data/denkmalpflege/fotos/291.jpg"
1482;"Bauliche Anlage";"Stadt Flensburg";"Flensburg, Stadt";"Toosbüystraße 23";"Wohn- und Geschäftshaus";"Wohn- und Geschäftshaus; 1906; Baugeschäft Schwark u. Körner; viergeschossiger Putzbau mit Mansarddach, reiche Fassadengestaltung in Jugendstilformen, Kastenerker mit Altan und Zwerchgiebel, viergeschossiger Hofflügel";"Geschichtlich, Künstlerisch, Städtebaulich";"gesamtes Objekt";"https://opendata.schleswig-holstein.de/data/denkmalpflege/fotos/1482.jpg"
292;"Bauliche Anlage";"Stadt Flensburg";"Flensburg, Stadt";"Toosbüystraße 25";"Wohn- und Geschäftshaus";"Wohn- und Geschäftshaus; 1906; Baugeschäft Schwark u. Körner; viergeschossiger Putzbau, Fassadengestaltung in Jugendstilformen, bis in das erste Obergeschoss mit Sichtbackstein und Backsteinziergliederungen, viergeschossiger Hofflügel";"Geschichtlich, Künstlerisch, Städtebaulich";"gesamtes Objekt";"https://opendata.schleswig-holstein.de/data/denkmalpflege/fotos/292.jpg"
293;"Bauliche Anlage";"Stadt Flensburg";"Flensburg, Stadt";"Toosbüystraße 27";"Wohn- und Geschäftshaus";"Wohn- und Geschäftshaus; 1906; Baugeschäft Schwark u. Körner; viergeschossiger Putzbau, Fassadengestaltung in Jugendstilformen, verbundene Zwerchgiebel über Kastenerkern optisch als viertes Obergeschoss erscheinend, viergeschossiger Hofflügel";"Geschichtlich, Künstlerisch, Städtebaulich";"gesamtes Objekt";"https://opendata.schleswig-holstein.de/data/denkmalpflege/fotos/293.jpg"
1483;"Bauliche Anlage";"Stadt Flensburg";"Flensburg, Stadt";"Toosbüystraße 29";"Wohn- und Geschäftshaus";"Wohn- und Geschäftshaus; 1906; Baugeschäft Schwark u. Körner; viergeschossiger Putzbau, Fassadengestaltung in Jugendstilformen, mittig Kastenerker mit Zwerchgiebel Balkone mit steinernen Brüstungen";"Geschichtlich, Künstlerisch, Städtebaulich";"gesamtes Objekt";"https://opendata.schleswig-holstein.de/data/denkmalpflege/fotos/1483.jpg"
294;"Bauliche Anlage";"Stadt Flensburg";"Flensburg, Stadt";"Toosbüystraße 31";"Wohn- und Geschäftshaus";"Wohn- und Geschäftshaus; 1904, Baugeschäft Schwark u. Körner; viergeschossiger Putzbau mit ausgebautem Dach,  Fassade in historisierenden Jugendstilformen, hoher Backsteinsockel, darüber gliedernde Ziegelbänder, zwei Kastenerker, einseitige Balkonachsen, Zwerchgiebel mit Zierfachwerk";"Geschichtlich, Künstlerisch, Städtebaulich";"gesamtes Objekt";"https://opendata.schleswig-holstein.de/data/denkmalpflege/fotos/294.jpg"
296;"Bauliche Anlage";"Stadt Flensburg";"Flensburg, Stadt";"Toosbüystraße 37";"Wohn- und Geschäftshaus";"Wohn- und Geschäftshaus; 1903-04, Maurermeister Christian Hummel; viergeschossiger Putzbau reiche Gliederung in historisierenden Jugendstilformen, stumpfe Ecke mit überhöhtem Turmerker und Haube";"Geschichtlich, Künstlerisch, Städtebaulich";"gesamtes Objekt";"https://opendata.schleswig-holstein.de/data/denkmalpflege/fotos/296.jpg"
9445;"Bauliche Anlage";"Stadt Flensburg";"Flensburg, Stadt";"Turnerberg 16";"Pastorat der St.-Petri-Gemeinde";"Alteintragung (Aktualisierung vorgesehen)";"Geschichtlich, Künstlerisch, Städtebaulich";"Alteintragung (Aktualisierung vorgesehen)";"https://opendata.schleswig-holstein.de/data/denkmalpflege/fotos/9445.jpg"
9059;"Bauliche Anlage";"Stadt Flensburg";"Flensburg, Stadt";"Twedter Strandweg 7";"Einfamilienhaus";"Alteintragung (Aktualisierung vorgesehen)";"Geschichtlich, Künstlerisch";"gesamtes Objekt";""
9060;"Bauliche Anlage";"Stadt Flensburg";"Flensburg, Stadt";"Twedter Strandweg 9";"Einfamilienhaus";"Alteintragung (Aktualisierung vorgesehen)";"Geschichtlich, Künstlerisch";"gesamtes Objekt";""
2708;"Bauliche Anlage";"Stadt Flensburg";"Flensburg, Stadt";"Ulmenstraße 15";"Mietwohnungshaus";"Mietwohnungshaus; 1911/12, Architekt Karl Bernt; repräsentativer viergeschossiger Putzbau in Ecklage, Hauptfassaden durch Risalite, flankierende Balkone und Zwerchhäuser";"Geschichtlich, Künstlerisch, Städtebaulich";"gesamtes Objekt";""
20327;"Bauliche Anlage";"Stadt Flensburg";"Flensburg, Stadt";"Ulmenstraße 18";"Mietwohnungshaus";"Mietwohnungshaus; 1912/13, Architekt Karl Bernt; repräsentativer viergeschossiger Putzbau in Ecklage, Hauptfassaden mit Loggien, Balkonen, Fenstererkern und Gauben gegliedert";"Geschichtlich, Künstlerisch, Städtebaulich";"gesamtes Objekt";""
346;"Bauliche Anlage";"Stadt Flensburg";"Flensburg, Stadt";"Waitzstraße 1";"Amtsverwalter-Wohnhaus";"Alteintragung (Aktualisierung vorgesehen)";"Geschichtlich, Künstlerisch, Städtebaulich";"Alteintragung (Aktualisierung vorgesehen)";"https://opendata.schleswig-holstein.de/data/denkmalpflege/fotos/346.jpg"
1326;"Bauliche Anlage";"Stadt Flensburg";"Flensburg, Stadt";"Waitzstraße 3";"Neues Amtshaus";"Alteintragung (Aktualisierung vorgesehen)";"";"Alteintragung (Aktualisierung vorgesehen)";"https://opendata.schleswig-holstein.de/data/denkmalpflege/fotos/1326.jpg"
20138;"Bauliche Anlage";"Stadt Flensburg";"Flensburg, Stadt";"Waldstraße 44";"Waldschule mit Turnhalle";"Alteintragung (Aktualisierung vorgesehen)";"Geschichtlich, Künstlerisch, Städtebaulich";"gesamtes Objekt";"https://opendata.schleswig-holstein.de/data/denkmalpflege/fotos/20138.jpg"
26905;"Bauliche Anlage";"Stadt Flensburg";"Flensburg, Stadt";"Werftstraße 24";"Verwaltungsgebäude/Torhaus";"Verwaltungsgebäude/Torhaus; 1897; dreigeschossiger nachträglich geschlämmter Backsteinbau mit Durchfahrt und Satteldach sowie dreigeschossige Tischlerei";"Geschichtlich, Städtebaulich";"gesamtes Objekt";"https://opendata.schleswig-holstein.de/data/denkmalpflege/fotos/26905.jpg"
26907;"Bauliche Anlage";"Stadt Flensburg";"Flensburg, Stadt";"Werftstraße 24";"Maschinenbauhalle";"Maschinenbauhalle; 1891, 1906; dreischiffige Werkhalle, Anbau z.T. zweigeschossig, Holz-Gusseisen-Mischkonstruktion mit Mauerwerksfassaden, Pilastergliederung mit Segment- und Rundbogenöffnungen, gestaffeltes Dach, Mittelteil heute vollverglast";"Geschichtlich, Städtebaulich";"gesamtes Objekt";"https://opendata.schleswig-holstein.de/data/denkmalpflege/fotos/26907.jpg"
44626;"Bauliche Anlage";"Stadt Flensburg";"Flensburg, Stadt";"Werftstraße 24";"Alte Kesselschmiede";"Alte Kesselschmiede; vor 1886, 1891; eingeschossige Werkhalle, Backsteinbau mit Lisenengliederung und flach geneigtem Satteldach (urspr. Steildach), im Innern Gusseisen-Holz-Mischkonstruktion, Anbau 1891";"Geschichtlich, Städtebaulich, Technisch";"gesamtes Objekt";"https://opendata.schleswig-holstein.de/data/denkmalpflege/fotos/44626.jpg"
44630;"Bauliche Anlage";"Stadt Flensburg";"Flensburg, Stadt";"Werftstraße 24";"Modelltischlerei und Lager";"Modelltischlerei und Lager; 1892; viergeschossiger Bau mit Mauerwerksfassaden und flachem Satteldach, Gliederung durch Strebepfeiler und Kranzgesimse, im Innern Eisen-Holz-Mischkonstruktion";"Geschichtlich, Städtebaulich, Technisch";"gesamtes Objekt";"https://opendata.schleswig-holstein.de/data/denkmalpflege/fotos/44630.jpg"
44632;"Bauliche Anlage";"Stadt Flensburg";"Flensburg, Stadt";"Werftstraße 24";"Neue Dreherei";"Neue Dreherei; 1916; eingeschossige Werkhalle mit Mauerwerksfassade, Walmdach ehemals mit Oberlichtband, Pilastergliederung und hohe Fensterbänder, Eisenbetonbinderkonstruktion";"Geschichtlich, Künstlerisch, Städtebaulich, Technisch";"gesamtes Objekt";"https://opendata.schleswig-holstein.de/data/denkmalpflege/fotos/44632.jpg"
44635;"Bauliche Anlage";"Stadt Flensburg";"Flensburg, Stadt";"Werftstraße 24";"Alte Montagehalle";"Alte Montagehalle; 1891, erweitert 1916; eingeschossige Werkhalle mit zweigeschossigem Büroanbau und zwei eingeschossigen Anbauten, massives Mauerwerk mit Pilastergliederung, Eisenbinderkonstruktion, Walmdach ehem. mit Oberlicht";"Geschichtlich, Städtebaulich, Technisch";"gesamtes Objekt";"https://opendata.schleswig-holstein.de/data/denkmalpflege/fotos/44635.jpg"
9464;"Bauliche Anlage";"Stadt Flensburg";"Flensburg, Stadt";"Westerallee 6";"Villa";"Alteintragung (Aktualisierung vorgesehen)";"Geschichtlich, Künstlerisch, Städtebaulich";"gesamtes Objekt";"https://opendata.schleswig-holstein.de/data/denkmalpflege/fotos/9464.jpg"
9463;"Bauliche Anlage";"Stadt Flensburg";"Flensburg, Stadt";"Westerallee 8";"Villa";"Alteintragung (Aktualisierung vorgesehen)";"Geschichtlich, Künstlerisch, Städtebaulich";"Alteintragung (Aktualisierung vorgesehen)";"https://opendata.schleswig-holstein.de/data/denkmalpflege/fotos/9463.jpg"
27982;"Bauliche Anlage";"Stadt Flensburg";"Flensburg, Stadt";"Westerallee 8";"Garagengebäude";"Alteintragung (Aktualisierung vorgesehen)";"Geschichtlich, Künstlerisch, Städtebaulich";"Alteintragung (Aktualisierung vorgesehen)";""
9441;"Bauliche Anlage";"Stadt Flensburg";"Flensburg, Stadt";"Westerallee 10";"Villa";"Alteintragung (Aktualisierung vorgesehen)";"Geschichtlich, Künstlerisch";"Alteintragung (Aktualisierung vorgesehen)";"https://opendata.schleswig-holstein.de/data/denkmalpflege/fotos/9441.jpg"
10685;"Bauliche Anlage";"Stadt Flensburg";"Flensburg, Stadt";"Westerallee 10";"Garage";"Alteintragung (Aktualisierung vorgesehen)";"Geschichtlich, Künstlerisch, Städtebaulich";"Alteintragung (Aktualisierung vorgesehen)";"https://opendata.schleswig-holstein.de/data/denkmalpflege/fotos/10685.jpg"
10686;"Bauliche Anlage";"Stadt Flensburg";"Flensburg, Stadt";"Westerallee 10";"Gartenpavillon";"Alteintragung (Aktualisierung vorgesehen)";"Geschichtlich, Künstlerisch";"Alteintragung (Aktualisierung vorgesehen)";""
20140;"Bauliche Anlage";"Stadt Flensburg";"Flensburg, Stadt";"Westerallee 11";"Wohnhaus Graef";"Wohnhaus Graef; 1913, Architekt Anton Huber; zweigeschossiger Putzbau mit geschweiftem Walmdach, Biberschwanzdeckung, kurzer straßenseitiger Flügel, eingeschossiger gerundeter Eingangsvorbau";"Geschichtlich, Künstlerisch, Städtebaulich";"gesamtes Objekt";"https://opendata.schleswig-holstein.de/data/denkmalpflege/fotos/20140.jpg"
14449;"Bauliche Anlage";"Stadt Flensburg";"Flensburg, Stadt";"Wilhelmstraße 4";"Geschäftshaus";"Geschäftshaus; 1897; ehem. Dachdeckerei  George, dreigeschossiger traufständiger Bau über sieben Achsen mit flachgeneigtem Pultdach, Fassade zur Straße in Gelbstein-Sichtmauerwerk mit Rotsteingliederung,  Fenster in den unteren beiden Geschosse in übergreifenden verputzten Segmentbogenblenden, Schmalseiten und Rückfront geschlämmt";"Geschichtlich, Städtebaulich";"gesamtes Objekt";"https://opendata.schleswig-holstein.de/data/denkmalpflege/fotos/14449.jpg"
12658;"Bauliche Anlage";"Stadt Flensburg";"Flensburg, Stadt";"Wilhelmstraße 7";"ehem. Palmkernölfabrik: Lagerhaus";"Alteintragung (Aktualisierung vorgesehen)";"Geschichtlich, Städtebaulich";"Alteintragung (Aktualisierung vorgesehen)";"https://opendata.schleswig-holstein.de/data/denkmalpflege/fotos/12658.jpg"
20144;"Bauliche Anlage";"Stadt Flensburg";"Flensburg, Stadt";"Wrangelstraße 2";"Wohnhaus";"Wohnhaus; um 1912; zweigeschossiger Putzbau mit Anbauten, kreuzförmig durchdrungenes Walmdach, an Nordostseite Standerker mit Altan, südseitig Eingangsvorbau; im Innern bauzeitliche Ausstattung";"Geschichtlich, Künstlerisch, Städtebaulich";"Wohnhaus, ";"https://opendata.schleswig-holstein.de/data/denkmalpflege/fotos/20144.jpg"
20145;"Bauliche Anlage";"Stadt Flensburg";"Flensburg, Stadt";"Wrangelstraße 3";"Wohnhaus";"Wohnhaus; 1902, Architekt Gustav Willrath; zweigeschossiges Mehrfamilienhaus im Landhausstil, Pfannendach mit Schweifhelm, untere Gebäudehälfte in Backstein, sonst verputzt, Drempelzone mit Zierfachwerk, Straßenfront gegliedert durch Vorbau, übergiebelten Seitenrisalit, Polygonalerker und Fachwerk-Doppelgiebel";"Geschichtlich, Künstlerisch, Städtebaulich";"Wohnhaus, ";"https://opendata.schleswig-holstein.de/data/denkmalpflege/fotos/20145.jpg"
20146;"Bauliche Anlage";"Stadt Flensburg";"Flensburg, Stadt";"Wrangelstraße 4";"Wohnhaus";"Wohnhaus; 1885, Arch. Alexander Wilhelm Prale; dreigeschossiger Putzbau, Straßenfront mit aufgesetztem Mezzanin und aufwendig in gelbem Backstein angelegter, gotisierender Straßenfassade mit Rotsteingliederung, schmaler Mittelrisalit, Putzfelder mit vegetabiler Sgraffitomalerei";"Geschichtlich, Künstlerisch, Städtebaulich";"Wohnhaus, ";"https://opendata.schleswig-holstein.de/data/denkmalpflege/fotos/20146.jpg"
4132;"Bauliche Anlage";"Stadt Flensburg";"Flensburg, Stadt";"Wrangelstraße 5";"Villa";"Villa; 1900, Maurermeister Martin Jensen; zweigeschossiger Backsteinbau auf hohem Sockel mit schiefergedecktem Walmdach, reich gegliederte Fassade in späthistoristischen Formen mit übergiebeltem Risalit, Säulenloggien und kastenförmigem Erkerturm mit Pyramidendach";"Geschichtlich, Künstlerisch, Städtebaulich";"Villa, ";"https://opendata.schleswig-holstein.de/data/denkmalpflege/fotos/4132.jpg"
7572;"Bauliche Anlage";"Stadt Flensburg";"Flensburg, Stadt";"Wrangelstraße 7";"ehem. Reedervilla";"ehem. Reedervilla; 1902, Architekt Gustav Willrath; zweigeschossiger Putzbau mit teils halbgewalmten Dach, flachrunder Standerker, Altan und Schweifgiebel in Formen der Neurenaissance, dekoratives Fachwerk in den oberen Geschossen, Eingang als kleiner Säulenportikus, im Inneren historische Ausstattung; Vorgarten-Einfriedung";"Geschichtlich, Künstlerisch, Städtebaulich";"ehem. Reedervilla, Vorgarten-Einfriedung";"https://opendata.schleswig-holstein.de/data/denkmalpflege/fotos/7572.jpg"
20147;"Bauliche Anlage";"Stadt Flensburg";"Flensburg, Stadt";"Wrangelstraße 8";"Wohnhaus";"Wohnhaus; 1901-02, Maurermeister Christian Hummel; zweigeschossiger Backsteinbau über spitzwinkeligem Grundriss mit Schieferdach und reicher späthistoristischer Putzgliederung, vor der stumpfen Ecke gerundeter Loggienvorbau mit Altan, geschweiftem Zwerchhaus und Dachkuppel";"Geschichtlich, Künstlerisch, Städtebaulich";"Wohnhaus, ";"https://opendata.schleswig-holstein.de/data/denkmalpflege/fotos/20147.jpg"
20148;"Bauliche Anlage";"Stadt Flensburg";"Flensburg, Stadt";"Wrangelstraße 9";"Villa";"Villa; 1902, Architekt Heinrich Petersen; zweigeschossiger historistischer Putzbau mit Schieferdach und turmartiger von Zeltdach bekrönter Ecke, dreigeschossige Giebelfront mit seitlich gerundetem Standerker, seitlich polygonaler Standerker, Gartenseite mit Säulenloggia; Einfriedung schmiedeeisernes Ziergitter";"Geschichtlich, Künstlerisch, Städtebaulich";"Villa, Einfriedung";"https://opendata.schleswig-holstein.de/data/denkmalpflege/fotos/20148.jpg"
20149;"Bauliche Anlage";"Stadt Flensburg";"Flensburg, Stadt";"Wrangelstraße 11";"Villa";"Villa; 1902, Gustav Willrath; zweigeschossiger Putzbau mit Schieferdach über unregelmäßigem Grundriss, Eckrustizierung durch kräftige Buckelquader, Hauptfront mit Schweifgiebel und Standerker mit Altan, an der Ecke zur Roonstraße eingeschossiger polygonaler Standerker; Einfriedung schmiedeeisernes Ziergitter";"Geschichtlich, Künstlerisch, Städtebaulich";"Villa, Gartenzaun";"https://opendata.schleswig-holstein.de/data/denkmalpflege/fotos/20149.jpg"
20150;"Bauliche Anlage";"Stadt Flensburg";"Flensburg, Stadt";"Wrangelstraße 13";"Villa";"Villa; 1900, Maurermeister Chr. Fürstenberg; zweigeschossiger traufständiger Putzbau im Landhausstil mit Halbwalmdach, an Südseite Giebeltrakt mit polygonalem Standerker und Altan, gelber Backsteindekor, Fassaden im Wechsel mit Rotstein gegliedert, Giebel in Fachwerk. Straßenseitig schmiedeeiserne Einfriedung";"Geschichtlich, Künstlerisch, Städtebaulich";"Villa, Einfriedung";"https://opendata.schleswig-holstein.de/data/denkmalpflege/fotos/20150.jpg"
20151;"Bauliche Anlage";"Stadt Flensburg";"Flensburg, Stadt";"Wrangelstraße 14";"Wohnhaus";"Wohnhaus; 1. Hälfte 19. Jh.; ehem. Müllerhaus der um 1880 abgebrochenen Ölwindmühle Sempkruk, eingeschossiger, traufständiger, Backsteinbau mit geschlämmten Außenwänden und Halbwalmdach, schlichte neunachsige Front mit Mitteleingang";"Geschichtlich, Städtebaulich";"Wohnhaus, ";"https://opendata.schleswig-holstein.de/data/denkmalpflege/fotos/20151.jpg"
20153;"Bauliche Anlage";"Stadt Flensburg";"Flensburg, Stadt";"Wrangelstraße 15";"Villa";"Villa; 1900, Architekt Alexander Wilhelm Prale; eingeschossiger traufständiger Putzbau auf hohem Backsteinsockel mit roter Backsteingliederung, seitlich eingestellter Giebeltrakt, Schopfwalmdächer mit Zierdeckung, straßenseitig Loggia mit Backsteinpfeilern unter flachem Satteldach";"Geschichtlich, Künstlerisch, Städtebaulich";"Villa, ";"https://opendata.schleswig-holstein.de/data/denkmalpflege/fotos/20153.jpg"
9412;"Bauliche Anlage";"Stadt Flensburg";"Flensburg, Stadt";"Wrangelstraße 19";"ehem. Reedervilla";"ehem. Reedervilla; 1912, Architekten Ehrhardt und Carstens; zweigeschossiger Putzbau im Reformstil mit Walmdach und übergiebeltem Seitenrisalit, Fronten zurückhaltend gegliedert, gartenseitig polygonaler Seitenrisalit mit halbrundem Standerker und Altan; reiche historische Innenausstattung";"Geschichtlich, Künstlerisch, Städtebaulich";"ehem. Reedervilla, ";"https://opendata.schleswig-holstein.de/data/denkmalpflege/fotos/9412.jpg"
13669;"Bauliche Anlage";"Stadt Flensburg";"Flensburg, Stadt";"Wrangelstraße 21 a";"Villa";"Villa; 1891, Gebr. Hummel; zweigeschossiger Putzbau in neuklassizistischen Formen, mit Seitenrisaliten, vorgelagerten Loggien und Veranda, Eingang mit Säulenportikus, Satteldächer mit Schieferdeckung; Einfriedung mit Pforte und Einfahrtstor";"Geschichtlich, Künstlerisch, Städtebaulich";"Villa, Eisenzaun mit Pforte";"https://opendata.schleswig-holstein.de/data/denkmalpflege/fotos/13669.jpg"
20156;"Bauliche Anlage";"Stadt Flensburg";"Flensburg, Stadt";"Wrangelstraße 25";"Wohnhaus";"Wohnhaus; 1896, Maurermeister Carl Schulz; zweigeschossiger Putzbau in historisierenden Formen mit schiefergedecktem Mansarddach, dreigeschossiger giebelständiger Quertrakt mit turmartiger Eckbetonung, vorgelagert zweigeschossiger Standerker, Säulenloggia und Altane";"Geschichtlich, Künstlerisch, Städtebaulich";"Wohnhaus, ";"https://opendata.schleswig-holstein.de/data/denkmalpflege/fotos/20156.jpg"
20158;"Bauliche Anlage";"Stadt Flensburg";"Flensburg, Stadt";"Wrangelstraße 27";"Mehrfamilienhaus";"Mehrfamilienhaus; 1904, Maurermeister Martin Jensen; zweigeschossiger Putzbau mit Backsteinziergliederungen, dreigeschossigem giebelständigem Quertrakt und schiefergedecktem Halbwalmdach, vorgelagerter turmartiger polygonaler Standerker in Backstein mit Putzgliederung und Zeltdach";"Geschichtlich, Künstlerisch, Städtebaulich";"Mehrfamilienhaus, ";"https://opendata.schleswig-holstein.de/data/denkmalpflege/fotos/20158.jpg"
8673;"Bauliche Anlage";"Stadt Flensburg";"Flensburg, Stadt";"Wrangelstraße 31";"Wohnhaus";"Wohnhaus; 1902-03, Maurermeister Martin Jensen; Eckgebäude zur Selckstraße, zwei- und dreigeschossiger Putzbau mit Backsteinzierelementen und schiefergedecktem Walmdach, an stumpfer Ecke in Backsteinsichtmauerwerk mit Putz und Zierfachwerk ausgeführter Erkerturm, Seitenrisalit und Loggienvorbau mit Freitreppe";"Geschichtlich, Künstlerisch, Städtebaulich";"Wohnhaus, ";"https://opendata.schleswig-holstein.de/data/denkmalpflege/fotos/8673.jpg"
8156;"Bauliche Anlage";"Stadt Flensburg";"Flensburg, Stadt";"Ziegeleistraße 4";"Villa";"Alteintragung (Aktualisierung vorgesehen)";"";"Alteintragung (Aktualisierung vorgesehen)";""
9246;"Bauliche Anlage";"Stadt Flensburg";"Flensburg, Stadt";"Ziegeleistraße 10";"Villa";"Alteintragung (Aktualisierung vorgesehen)";"Geschichtlich, Künstlerisch";"gesamtes Objekt";""
1898;"Bauliche Anlage";"Stadt Flensburg";"Flensburg, Stadt";"Zur Johannismühle 1";"Windmühle St. Johannis";"Alteintragung (Aktualisierung vorgesehen)";"";"Alteintragung (Aktualisierung vorgesehen)";"https://opendata.schleswig-holstein.de/data/denkmalpflege/fotos/1898.jpg"
14214;"Teil einer baulichen Anlage";"Stadt Flensburg";"Flensburg, Stadt";"Große Straße 65";"Fassade des Gasthauses Zur Börse";"Gasthaus „Zur Börse“; 1788; historische Fassade eines zweigeschossigen Giebelhauses mit reich gestalteter Giebelzier und einachsiger seitliche Erweiterung mit Balustrade, straßenseitig Utlucht";"Geschichtlich, Künstlerisch, Städtebaulich";"gesamtes Objekt";"https://opendata.schleswig-holstein.de/data/denkmalpflege/fotos/14214.jpg"
49447;"Teil einer baulichen Anlage";"Stadt Flensburg";"Flensburg, Stadt";"Norderstraße 10";"Saalausstattung";"Saalausstattung; 1886; aus dem von A. W. Prale errichteten Gebäude Hafermarkt 1 vor Abbruch 1975 translozierte historistische Deckentäfelung und Eichenholzboden";"Geschichtlich, Künstlerisch, Wissenschaftlich";"gesamtes Objekt";"https://opendata.schleswig-holstein.de/data/denkmalpflege/fotos/49447.jpg"
278;"Teil einer baulichen Anlage";"Stadt Flensburg";"Flensburg, Stadt";"Südermarkt 11";"Renaissance-Fassade";"Renaissance-Fassade; spätes 16. Jh.;  Fassade eines zweigeschossigen Backsteingiebelhauses, Staffelgiebel mit Kaffgesimsen, gekreuzte Zierbögen, zweigeschossige Utluchten";"Geschichtlich, Künstlerisch, Städtebaulich, Wissenschaftlich";"gesamtes Objekt";"https://opendata.schleswig-holstein.de/data/denkmalpflege/fotos/278.jpg"
21236;"Gründenkmal";"Stadt Flensburg";"Flensburg, Stadt";"Arndtstraße 5";"Sportplätze";"Alteintragung (Aktualisierung vorgesehen)";"Geschichtlich, Städtebaulich";"gesamtes Objekt";""
21237;"Gründenkmal";"Stadt Flensburg";"Flensburg, Stadt";"Arndtstraße 5";"Ehrenhain";"Alteintragung (Aktualisierung vorgesehen)";"Geschichtlich, Kulturlandschaftlich";"gesamtes Objekt";""
6394;"Gründenkmal";"Stadt Flensburg";"Flensburg, Stadt";"Christiansenpark";"Christiansenpark";"Alteintragung (Aktualisierung vorgesehen)";"Geschichtlich, Künstlerisch, Städtebaulich";"Christiansenpark, schmiedeeisernes Gitter mit Tor, Zyklopenmauerwerk an der Mühlenstraße, zwei Steinknicks, Feldsteinmauer an der Stuhrsallee, drei gestaffelte Teiche, kleiner Wasserfall";"https://opendata.schleswig-holstein.de/data/denkmalpflege/fotos/6394.jpg"
23690;"Gründenkmal";"Stadt Flensburg";"Flensburg, Stadt";"Johanniskirchhof";"Kirchhof";"Alteintragung (Aktualisierung vorgesehen)";"Geschichtlich, Kulturlandschaftlich, Städtebaulich";"Kirchhof, Granitböschungsmauern, Lindenkranz";"https://opendata.schleswig-holstein.de/data/denkmalpflege/fotos/23690.jpg"
10949;"Gründenkmal";"Stadt Flensburg";"Flensburg, Stadt";"Johannisstraße 78 a-b";"Garten des Margarethenhofs";"Garten des Margarethenhofs; auf spätes 17. Jh. zurückgehend; Lage mit ehemaligem Herrenhaus ursprünglich vor den Toren der Stadt, im 18. u. 19. Jh. Umnutzung als Fabrik, vor und hinter dem Wohnhaus Reste der landschaftlichen Gartengestaltung vielleicht noch aus der Zeit um 1800 überliefert, alter Baumbestand, durch Feldsteinmauerwerk architektonisch eingefasste natürliche Quelle, ehem. Wasserreservoir, Grabsteinfragment";"Geschichtlich, Künstlerisch, Städtebaulich";"Garten des Margarethenhofs, Quellenfassung, Grabsteinfragment Holst, ehem. Wasserreservoir";"https://opendata.schleswig-holstein.de/data/denkmalpflege/fotos/10949.jpg"
50736;"Gründenkmal";"Stadt Flensburg";"Flensburg, Stadt";"Jürgensgaarder Straße 2";"Kirchhof";"Kirchhof; die Kirche St. Jürgen umgebender Kirchhof mit Grünflächen und jüngeren Pflasterungen, die einfriedende Bruchsteinmauer gegen den Fördehang als Böschungsmauer mit Treppenaufgängen ausgestaltet";"Geschichtlich, Städtebaulich";"Kirchhof, Kirchhofsmauer";"https://opendata.schleswig-holstein.de/data/denkmalpflege/fotos/50736.jpg"
10206;"Gründenkmal";"Stadt Flensburg";"Flensburg, Stadt";"Kelmstraße 14";"Außenanlagen der Marineschule";"Alteintragung (Aktualisierung vorgesehen)";"Geschichtlich, Städtebaulich";"gesamtes Objekt";""
26521;"Gründenkmal";"Stadt Flensburg";"Flensburg, Stadt";"Kelmstraße 14";"halbkreisförmige Lindenallee";"Alteintragung (Aktualisierung vorgesehen)";"Geschichtlich, Künstlerisch, Städtebaulich";"gesamtes Objekt";""
26808;"Gründenkmal";"Stadt Flensburg";"Flensburg, Stadt";"Mühlenstraße 1 - 3";"Christiansenpark: Teil des Christiansenparks (Mühlengehöft)";"Alteintragung (Aktualisierung vorgesehen)";"Geschichtlich, Künstlerisch, Städtebaulich";"gesamtes Objekt";""
10300;"Gründenkmal";"Stadt Flensburg";"Flensburg, Stadt";"Museumsberg 1";"Park Museumsberg";"Alteintragung (Aktualisierung vorgesehen)";"Geschichtlich, Künstlerisch, Städtebaulich, Wissenschaftlich";"gesamtes Objekt";"https://opendata.schleswig-holstein.de/data/denkmalpflege/fotos/10300.jpg"
9980;"Gründenkmal";"Stadt Flensburg";"Flensburg, Stadt";"Richard-Wagner-Straße 51 - 55";"Kirchhof";"Alteintragung (Aktualisierung vorgesehen)";"Geschichtlich, Kulturlandschaftlich";"Kirchhof, Gruftanlage, Grabmale bis 1870, Nordertor, Ostertor, Westerpforte, Feldsteinwall";"https://opendata.schleswig-holstein.de/data/denkmalpflege/fotos/9980.jpg"
1823;"Gründenkmal";"Stadt Flensburg";"Flensburg, Stadt";"Selckstraße";"Alter Friedhof";"Alteintragung (Aktualisierung vorgesehen)";"Geschichtlich, Künstlerisch, Städtebaulich, Wissenschaftlich";"gesamtes Objekt";"https://opendata.schleswig-holstein.de/data/denkmalpflege/fotos/1823.jpg"
20103;"Gründenkmal";"Stadt Flensburg";"Flensburg, Stadt";"Stadtpark";"Stadtpark";"Alteintragung (Aktualisierung vorgesehen)";"Geschichtlich, Künstlerisch, Städtebaulich";"gesamtes Objekt";""
27792;"Gründenkmal";"Stadt Flensburg";"Flensburg, Stadt";"Stadtpark";"Doppeleiche mit Gedenkstein (1920)";"Alteintragung (Aktualisierung vorgesehen)";"Geschichtlich, Kulturlandschaftlich";"gesamtes Objekt";""
