1-stelliger Produktbereich - Kennung;1-stelliger Produktbereich - Bezeichnung;2-stelliger Produktbereich - Kennung;2-stelliger Produktbereich - Bezeichnung;Produktgruppe - Kennung;Produktgruppe - Bezeichnung;Produkt - Kennung;Produkt - Bezeichnung;Ertrags- und Aufwandsarten - Gliederung 1;Ertrags- und Aufwandsarten - Gliederung 2;Ertrags- und Aufwandsarten Beschreibung;Kontonummer;Kontobezeichnung;Ergebnis Jahresabschluss 2018;Haushaltsansatz 2019;Haushaltsansatz 2020;Mittelfristige Finanzplanung 2021;Mittelfristige Finanzplanung 2022;Mittelfristige Finanzplanung 2023
1;Zentrale Verwaltung;11;Innere Verwaltung;111;Verwaltungssteuerung und -Service;111010;Gemeindeorgane;40;1;Steuern und ähnliche Abgaben;;;0,00;0;0;0;0;0
1;Zentrale Verwaltung;11;Innere Verwaltung;111;Verwaltungssteuerung und -Service;111010;Gemeindeorgane;41;2;Zuwendungen und allgemeine Umlagen;;;0,00;0;0;0;0;0
1;Zentrale Verwaltung;11;Innere Verwaltung;111;Verwaltungssteuerung und -Service;111010;Gemeindeorgane;42;3;sonstige Transfererträge;;;0,00;0;0;0;0;0
1;Zentrale Verwaltung;11;Innere Verwaltung;111;Verwaltungssteuerung und -Service;111010;Gemeindeorgane;43;4;öffentlich-rechtliche Leistungsentgelte;;;0,00;0;0;0;0;0
1;Zentrale Verwaltung;11;Innere Verwaltung;111;Verwaltungssteuerung und -Service;111010;Gemeindeorgane;441, 442, 446;5;privatrechtliche Leistungsentgelte;;;0,00;0;0;0;0;0
1;Zentrale Verwaltung;11;Innere Verwaltung;111;Verwaltungssteuerung und -Service;111010;Gemeindeorgane;448;6;Kostenerstattungen und Kostenumlagen;;;85,46;100;0;0;0;0
1;Zentrale Verwaltung;11;Innere Verwaltung;111;Verwaltungssteuerung und -Service;111010;Gemeindeorgane;448;6;Kostenerstattungen und Kostenumlagen;448500;Erstattung Stadtwerke;85,46;100;0;0;0;0
1;Zentrale Verwaltung;11;Innere Verwaltung;111;Verwaltungssteuerung und -Service;111010;Gemeindeorgane;45;7;sonstige Erträge;;;0,00;0;0;0;0;0
1;Zentrale Verwaltung;11;Innere Verwaltung;111;Verwaltungssteuerung und -Service;111010;Gemeindeorgane;471;8;aktivierte Eigenleistungen;;;0,00;0;0;0;0;0
1;Zentrale Verwaltung;11;Innere Verwaltung;111;Verwaltungssteuerung und -Service;111010;Gemeindeorgane;472;9;Bestandsveränderungen;;;0,00;0;0;0;0;0
1;Zentrale Verwaltung;11;Innere Verwaltung;111;Verwaltungssteuerung und -Service;111010;Gemeindeorgane;;10;Erträge;;;85,46;100;0;0;0;0
1;Zentrale Verwaltung;11;Innere Verwaltung;111;Verwaltungssteuerung und -Service;111010;Gemeindeorgane;50;11;Personalaufwendungen;;;229.362,26;241.400;275.100;283.200;291.800;301.200
1;Zentrale Verwaltung;11;Innere Verwaltung;111;Verwaltungssteuerung und -Service;111010;Gemeindeorgane;50;11;Personalaufwendungen;501100;Beamtenbezüge;111.465,49;122.700;135.000;139.100;143.300;147.600
1;Zentrale Verwaltung;11;Innere Verwaltung;111;Verwaltungssteuerung und -Service;111010;Gemeindeorgane;50;11;Personalaufwendungen;501200;Entgelte an ArbeitnehmerInnen;28.523,00;19.000;23.500;24.200;24.900;25.600
1;Zentrale Verwaltung;11;Innere Verwaltung;111;Verwaltungssteuerung und -Service;111010;Gemeindeorgane;50;11;Personalaufwendungen;502100;VAK Beamte;49.832,18;69.200;79.300;81.700;84.200;86.700
1;Zentrale Verwaltung;11;Innere Verwaltung;111;Verwaltungssteuerung und -Service;111010;Gemeindeorgane;50;11;Personalaufwendungen;502200;Zusatzversicherung ArbeitnehmerInnen;1.914,01;1.800;1.900;2.000;2.100;2.200
1;Zentrale Verwaltung;11;Innere Verwaltung;111;Verwaltungssteuerung und -Service;111010;Gemeindeorgane;50;11;Personalaufwendungen;503200;Beiträge gesetzliche Sozialversicherung ArbeitnehmerInnen;5.748,58;5.400;4.800;4.900;5.000;5.200
1;Zentrale Verwaltung;11;Innere Verwaltung;111;Verwaltungssteuerung und -Service;111010;Gemeindeorgane;50;11;Personalaufwendungen;504100;Beihilfen;5.479,00;4.800;11.200;11.500;11.800;12.200
1;Zentrale Verwaltung;11;Innere Verwaltung;111;Verwaltungssteuerung und -Service;111010;Gemeindeorgane;50;11;Personalaufwendungen;505100;Zuführungen zu Pensionsrückstellungen nach beamtenrechtlichen Vorschriften;21.700,00;15.200;15.900;16.200;16.800;17.800
1;Zentrale Verwaltung;11;Innere Verwaltung;111;Verwaltungssteuerung und -Service;111010;Gemeindeorgane;50;11;Personalaufwendungen;506100;Zuführungen zur Beihilferückstellung;4.700,00;3.300;3.500;3.600;3.700;3.900
1;Zentrale Verwaltung;11;Innere Verwaltung;111;Verwaltungssteuerung und -Service;111010;Gemeindeorgane;51;12;Versorgungsaufwendungen;;;0,00;0;0;0;0;0
1;Zentrale Verwaltung;11;Innere Verwaltung;111;Verwaltungssteuerung und -Service;111010;Gemeindeorgane;52;13;Aufwendungen für Sach- u. Dienstleistungen;;;3.869,84;11.600;9.700;9.700;9.700;9.700
1;Zentrale Verwaltung;11;Innere Verwaltung;111;Verwaltungssteuerung und -Service;111010;Gemeindeorgane;52;13;Aufwendungen für Sach- u. Dienstleistungen;524110;Heizungskosten;618,33;900;900;900;900;900
1;Zentrale Verwaltung;11;Innere Verwaltung;111;Verwaltungssteuerung und -Service;111010;Gemeindeorgane;52;13;Aufwendungen für Sach- u. Dienstleistungen;524120;Reinigungskosten;14,37;100;100;100;100;100
1;Zentrale Verwaltung;11;Innere Verwaltung;111;Verwaltungssteuerung und -Service;111010;Gemeindeorgane;52;13;Aufwendungen für Sach- u. Dienstleistungen;524130;Wasserversorgung, Strom, Abwasser;511,77;800;800;800;800;800
1;Zentrale Verwaltung;11;Innere Verwaltung;111;Verwaltungssteuerung und -Service;111010;Gemeindeorgane;52;13;Aufwendungen für Sach- u. Dienstleistungen;524140;Gebäudeversicherungen;88,10;100;200;200;200;200
1;Zentrale Verwaltung;11;Innere Verwaltung;111;Verwaltungssteuerung und -Service;111010;Gemeindeorgane;52;13;Aufwendungen für Sach- u. Dienstleistungen;524150;Steuern und Abgaben;43,28;100;100;100;100;100
1;Zentrale Verwaltung;11;Innere Verwaltung;111;Verwaltungssteuerung und -Service;111010;Gemeindeorgane;52;13;Aufwendungen für Sach- u. Dienstleistungen;526200;Schulung der Stadtvertreter;2.056,88;6.000;4.000;4.000;4.000;4.000
1;Zentrale Verwaltung;11;Innere Verwaltung;111;Verwaltungssteuerung und -Service;111010;Gemeindeorgane;52;13;Aufwendungen für Sach- u. Dienstleistungen;527100;Besondere Verwaltungs- und Betriebsaufwendungen;50,13;100;100;100;100;100
1;Zentrale Verwaltung;11;Innere Verwaltung;111;Verwaltungssteuerung und -Service;111010;Gemeindeorgane;52;13;Aufwendungen für Sach- u. Dienstleistungen;529100;Öffentlichkeitsarbeit;486,98;3.500;3.500;3.500;3.500;3.500
1;Zentrale Verwaltung;11;Innere Verwaltung;111;Verwaltungssteuerung und -Service;111010;Gemeindeorgane;57;14;Aufwendungen für Sach- u. Dienstleistungen;;;0,00;0;0;0;0;0
1;Zentrale Verwaltung;11;Innere Verwaltung;111;Verwaltungssteuerung und -Service;111010;Gemeindeorgane;53;15;Transferaufwendungen;;;0,00;0;0;0;0;0
1;Zentrale Verwaltung;11;Innere Verwaltung;111;Verwaltungssteuerung und -Service;111010;Gemeindeorgane;54;16;sonstige Aufwendungen;;;72.806,06;87.600;87.300;87.400;87.500;87.600
1;Zentrale Verwaltung;11;Innere Verwaltung;111;Verwaltungssteuerung und -Service;111010;Gemeindeorgane;54;16;sonstige Aufwendungen;542100;Ehrenamtliche Tätigkeiten, Aufwandsentschädigung;63.053,38;77.800;76.500;76.500;76.500;76.500
1;Zentrale Verwaltung;11;Innere Verwaltung;111;Verwaltungssteuerung und -Service;111010;Gemeindeorgane;54;16;sonstige Aufwendungen;543100;Bürobedarf;1.098,91;600;600;600;600;600
1;Zentrale Verwaltung;11;Innere Verwaltung;111;Verwaltungssteuerung und -Service;111010;Gemeindeorgane;54;16;sonstige Aufwendungen;543110;Bücher und Zeitschriften;316,00;400;400;400;400;400
1;Zentrale Verwaltung;11;Innere Verwaltung;111;Verwaltungssteuerung und -Service;111010;Gemeindeorgane;54;16;sonstige Aufwendungen;543120;Postgebühren;102,00;300;300;300;300;300
1;Zentrale Verwaltung;11;Innere Verwaltung;111;Verwaltungssteuerung und -Service;111010;Gemeindeorgane;54;16;sonstige Aufwendungen;543130;Öffentliche Bekanntmachungen;4.828,45;4.000;3.000;3.000;3.000;3.000
1;Zentrale Verwaltung;11;Innere Verwaltung;111;Verwaltungssteuerung und -Service;111010;Gemeindeorgane;54;16;sonstige Aufwendungen;543140;Reisekosten;2.446,70;2.000;2.000;2.000;2.000;2.000
1;Zentrale Verwaltung;11;Innere Verwaltung;111;Verwaltungssteuerung und -Service;111010;Gemeindeorgane;54;16;sonstige Aufwendungen;543150;Sachverständigen-, Gerichts- u.ä. Kosten;0,00;1.500;1.500;1.500;1.500;1.500
1;Zentrale Verwaltung;11;Innere Verwaltung;111;Verwaltungssteuerung und -Service;111010;Gemeindeorgane;54;16;sonstige Aufwendungen;544120;Versicherung Gemeindevertreter;960,62;1.000;3.000;3.100;3.200;3.300
1;Zentrale Verwaltung;11;Innere Verwaltung;111;Verwaltungssteuerung und -Service;111010;Gemeindeorgane;;17;davon: Verfügungsmittel;;;0,00;0;0;0;0;0
1;Zentrale Verwaltung;11;Innere Verwaltung;111;Verwaltungssteuerung und -Service;111010;Gemeindeorgane;;18;Aufwendungen;;;306.038,16;340.600;372.100;380.300;389.000;398.500
1;Zentrale Verwaltung;11;Innere Verwaltung;111;Verwaltungssteuerung und -Service;111010;Gemeindeorgane;;19;Ergebnis der laufenden Verwaltungstätigkeit;;;-305.952,70;-340.500;-372.100;-380.300;-389.000;-398.500
1;Zentrale Verwaltung;11;Innere Verwaltung;111;Verwaltungssteuerung und -Service;111010;Gemeindeorgane;46;20;Finanzerträge;;;0,00;0;0;0;0;0
1;Zentrale Verwaltung;11;Innere Verwaltung;111;Verwaltungssteuerung und -Service;111010;Gemeindeorgane;55;21;Zinsen und sonstige Finanzaufwendungen;;;0,00;0;0;0;0;0
1;Zentrale Verwaltung;11;Innere Verwaltung;111;Verwaltungssteuerung und -Service;111010;Gemeindeorgane;;22;Finanzergebnis;;;0,00;0;0;0;0;0
1;Zentrale Verwaltung;11;Innere Verwaltung;111;Verwaltungssteuerung und -Service;111010;Gemeindeorgane;;23;Ergebnis vor Berücksichtigung der internen Leistungsbeziehungen;;;-305.952,70;-340.500;-372.100;-380.300;-389.000;-398.500
1;Zentrale Verwaltung;11;Innere Verwaltung;111;Verwaltungssteuerung und -Service;111010;Gemeindeorgane;48;24;Erträge aus internen Leistungsbeziehungen;;;0,00;0;0;0;0;0
1;Zentrale Verwaltung;11;Innere Verwaltung;111;Verwaltungssteuerung und -Service;111010;Gemeindeorgane;58;25;Aufwendungen aus internen Leistungsbeziehungen;;;0,00;0;0;0;0;0
1;Zentrale Verwaltung;11;Innere Verwaltung;111;Verwaltungssteuerung und -Service;111010;Gemeindeorgane;;26;Ergebnis;;;-305.952,70;-340.500;-372.100;-380.300;-389.000;-398.500
1;Zentrale Verwaltung;11;Innere Verwaltung;111;Verwaltungssteuerung und -Service;111011;Repräsentation;40;1;Steuern und ähnliche Abgaben;;;0,00;0;0;0;0;0
1;Zentrale Verwaltung;11;Innere Verwaltung;111;Verwaltungssteuerung und -Service;111011;Repräsentation;41;2;Zuwendungen und allgemeine Umlagen;;;0,00;0;0;0;0;0
1;Zentrale Verwaltung;11;Innere Verwaltung;111;Verwaltungssteuerung und -Service;111011;Repräsentation;42;3;sonstige Transfererträge;;;0,00;0;0;0;0;0
1;Zentrale Verwaltung;11;Innere Verwaltung;111;Verwaltungssteuerung und -Service;111011;Repräsentation;43;4;öffentlich-rechtliche Leistungsentgelte;;;0,00;0;0;0;0;0
1;Zentrale Verwaltung;11;Innere Verwaltung;111;Verwaltungssteuerung und -Service;111011;Repräsentation;441, 442, 446;5;privatrechtliche Leistungsentgelte;;;0,00;0;0;0;0;0
1;Zentrale Verwaltung;11;Innere Verwaltung;111;Verwaltungssteuerung und -Service;111011;Repräsentation;448;6;Kostenerstattungen und Kostenumlagen;;;0,00;0;0;0;0;0
1;Zentrale Verwaltung;11;Innere Verwaltung;111;Verwaltungssteuerung und -Service;111011;Repräsentation;45;7;sonstige Erträge;;;0,00;0;0;0;0;0
1;Zentrale Verwaltung;11;Innere Verwaltung;111;Verwaltungssteuerung und -Service;111011;Repräsentation;471;8;aktivierte Eigenleistungen;;;0,00;0;0;0;0;0
1;Zentrale Verwaltung;11;Innere Verwaltung;111;Verwaltungssteuerung und -Service;111011;Repräsentation;472;9;Bestandsveränderungen;;;0,00;0;0;0;0;0
1;Zentrale Verwaltung;11;Innere Verwaltung;111;Verwaltungssteuerung und -Service;111011;Repräsentation;;10;Erträge;;;0,00;0;0;0;0;0
1;Zentrale Verwaltung;11;Innere Verwaltung;111;Verwaltungssteuerung und -Service;111011;Repräsentation;50;11;Personalaufwendungen;;;35.039,32;53.300;54.600;56.300;58.000;59.800
1;Zentrale Verwaltung;11;Innere Verwaltung;111;Verwaltungssteuerung und -Service;111011;Repräsentation;50;11;Personalaufwendungen;501200;Entgelte an ArbeitnehmerInnen;27.559,52;40.700;42.500;43.800;45.100;46.500
1;Zentrale Verwaltung;11;Innere Verwaltung;111;Verwaltungssteuerung und -Service;111011;Repräsentation;50;11;Personalaufwendungen;502200;Zusatzversicherung ArbeitnehmerInnen;1.874,70;3.800;3.500;3.600;3.700;3.800
1;Zentrale Verwaltung;11;Innere Verwaltung;111;Verwaltungssteuerung und -Service;111011;Repräsentation;50;11;Personalaufwendungen;503200;Beiträge gesetzliche Sozialversicherung ArbeitnehmerInnen;5.605,10;8.800;8.600;8.900;9.200;9.500
1;Zentrale Verwaltung;11;Innere Verwaltung;111;Verwaltungssteuerung und -Service;111011;Repräsentation;51;12;Versorgungsaufwendungen;;;0,00;0;0;0;0;0
1;Zentrale Verwaltung;11;Innere Verwaltung;111;Verwaltungssteuerung und -Service;111011;Repräsentation;52;13;Aufwendungen für Sach- u. Dienstleistungen;;;5.420,26;7.900;11.200;8.200;8.200;8.200
1;Zentrale Verwaltung;11;Innere Verwaltung;111;Verwaltungssteuerung und -Service;111011;Repräsentation;52;13;Aufwendungen für Sach- u. Dienstleistungen;529100;Repräsentationen, Ehrungen u. Ehrengeschenke;4.148,26;3.500;6.800;3.800;3.800;3.800
1;Zentrale Verwaltung;11;Innere Verwaltung;111;Verwaltungssteuerung und -Service;111011;Repräsentation;52;13;Aufwendungen für Sach- u. Dienstleistungen;529190;Pflege partnerschaftlicher Beziehungen;1.272,00;4.400;4.400;4.400;4.400;4.400
1;Zentrale Verwaltung;11;Innere Verwaltung;111;Verwaltungssteuerung und -Service;111011;Repräsentation;57;14;bilanzielle Abschreibungen;;;0,00;0;0;0;0;0
1;Zentrale Verwaltung;11;Innere Verwaltung;111;Verwaltungssteuerung und -Service;111011;Repräsentation;53;15;Transferaufwendungen;;;0,00;0;0;0;0;0
1;Zentrale Verwaltung;11;Innere Verwaltung;111;Verwaltungssteuerung und -Service;111011;Repräsentation;54;16;sonstige Aufwendungen;;;776,85;800;800;800;800;800
1;Zentrale Verwaltung;11;Innere Verwaltung;111;Verwaltungssteuerung und -Service;111011;Repräsentation;54;16;sonstige Aufwendungen;542995;Verfügungsmittel;776,85;800;800;800;800;800
1;Zentrale Verwaltung;11;Innere Verwaltung;111;Verwaltungssteuerung und -Service;111011;Repräsentation;;17;davon: Verfügungsmittel;;;776,85;800;800;800;800;800
1;Zentrale Verwaltung;11;Innere Verwaltung;111;Verwaltungssteuerung und -Service;111011;Repräsentation;;17;davon: Verfügungsmittel;542995;Verfügungsmittel;776,85;800;800;800;800;800
1;Zentrale Verwaltung;11;Innere Verwaltung;111;Verwaltungssteuerung und -Service;111011;Repräsentation;;18;Aufwendungen;;;41.236,43;62.000;66.600;65.300;67.000;68.800
1;Zentrale Verwaltung;11;Innere Verwaltung;111;Verwaltungssteuerung und -Service;111011;Repräsentation;;19;Ergebnis der laufenden Verwaltungstätigkeit;;;-41.236,43;-62.000;-66.600;-65.300;-67.000;-68.800
1;Zentrale Verwaltung;11;Innere Verwaltung;111;Verwaltungssteuerung und -Service;111011;Repräsentation;46;20;Finanzerträge;;;0,00;0;0;0;0;0
1;Zentrale Verwaltung;11;Innere Verwaltung;111;Verwaltungssteuerung und -Service;111011;Repräsentation;55;21;Zinsen und sonstige Finanzaufwendungen;;;0,00;0;0;0;0;0
1;Zentrale Verwaltung;11;Innere Verwaltung;111;Verwaltungssteuerung und -Service;111011;Repräsentation;;22;Finanzergebnis;;;0,00;0;0;0;0;0
1;Zentrale Verwaltung;11;Innere Verwaltung;111;Verwaltungssteuerung und -Service;111011;Repräsentation;;23;Ergebnis vor Berücksichtigung der internen Leistungsbeziehungen;;;-41.236,43;-62.000;-66.600;-65.300;-67.000;-68.800
1;Zentrale Verwaltung;11;Innere Verwaltung;111;Verwaltungssteuerung und -Service;111011;Repräsentation;48;24;Erträge aus internen Leistungsbeziehungen;;;0,00;0;0;0;0;0
1;Zentrale Verwaltung;11;Innere Verwaltung;111;Verwaltungssteuerung und -Service;111011;Repräsentation;58;25;Aufwendungen aus internen Leistungsbeziehungen;;;0,00;0;0;0;0;0
1;Zentrale Verwaltung;11;Innere Verwaltung;111;Verwaltungssteuerung und -Service;111011;Repräsentation;;26;Ergebnis;;;-41.236,43;-62.000;-66.600;-65.300;-67.000;-68.800
1;Zentrale Verwaltung;11;Innere Verwaltung;111;Verwaltungssteuerung und -Service;111020;Hauptverwaltung;40;1;Steuern und ähnliche Abgaben;;;0,00;0;0;0;0;0
1;Zentrale Verwaltung;11;Innere Verwaltung;111;Verwaltungssteuerung und -Service;111020;Hauptverwaltung;41;2;Zuwendungen und allgemeine Umlagen;;;0,00;0;0;0;0;0
1;Zentrale Verwaltung;11;Innere Verwaltung;111;Verwaltungssteuerung und -Service;111020;Hauptverwaltung;42;3;sonstige Transfererträge;;;0,00;0;0;0;0;0
1;Zentrale Verwaltung;11;Innere Verwaltung;111;Verwaltungssteuerung und -Service;111020;Hauptverwaltung;43;4;öffentlich-rechtliche Leistungsentgelte;;;0,00;0;0;0;0;0
1;Zentrale Verwaltung;11;Innere Verwaltung;111;Verwaltungssteuerung und -Service;111020;Hauptverwaltung;441, 442, 446;5;privatrechtliche Leistungsentgelte;;;0,00;0;0;0;0;0
1;Zentrale Verwaltung;11;Innere Verwaltung;111;Verwaltungssteuerung und -Service;111020;Hauptverwaltung;448;6;Kostenerstattungen und Kostenumlagen;;;291.239,89;290.700;361.500;368.700;376.100;383.600
1;Zentrale Verwaltung;11;Innere Verwaltung;111;Verwaltungssteuerung und -Service;111020;Hauptverwaltung;448;6;Kostenerstattungen und Kostenumlagen;448300;Verwaltungskostenbeitrag vom Schulverband;290.600,00;290.600;361.500;368.700;376.100;383.600
1;Zentrale Verwaltung;11;Innere Verwaltung;111;Verwaltungssteuerung und -Service;111020;Hauptverwaltung;448;6;Kostenerstattungen und Kostenumlagen;448500;Erstattung Stadtwerke;639,89;100;0;0;0;0
1;Zentrale Verwaltung;11;Innere Verwaltung;111;Verwaltungssteuerung und -Service;111020;Hauptverwaltung;45;7;sonstige Erträge;;;0,00;0;0;0;0;0
1;Zentrale Verwaltung;11;Innere Verwaltung;111;Verwaltungssteuerung und -Service;111020;Hauptverwaltung;471;8;aktivierte Eigenleistungen;;;0,00;0;0;0;0;0
1;Zentrale Verwaltung;11;Innere Verwaltung;111;Verwaltungssteuerung und -Service;111020;Hauptverwaltung;472;9;Bestandsveränderungen;;;0,00;0;0;0;0;0
1;Zentrale Verwaltung;11;Innere Verwaltung;111;Verwaltungssteuerung und -Service;111020;Hauptverwaltung;;10;Erträge;;;291.239,89;290.700;361.500;368.700;376.100;383.600
1;Zentrale Verwaltung;11;Innere Verwaltung;111;Verwaltungssteuerung und -Service;111020;Hauptverwaltung;50;11;Personalaufwendungen;;;107.290,81;161.100;186.300;191.500;197.500;204.200
1;Zentrale Verwaltung;11;Innere Verwaltung;111;Verwaltungssteuerung und -Service;111020;Hauptverwaltung;50;11;Personalaufwendungen;501100;Beamtenbezüge;30.668,56;64.800;64.700;66.600;68.600;70.700
1;Zentrale Verwaltung;11;Innere Verwaltung;111;Verwaltungssteuerung und -Service;111020;Hauptverwaltung;50;11;Personalaufwendungen;501200;Entgelte an ArbeitnehmerInnen;28.505,57;33.000;37.500;38.600;39.800;41.000
1;Zentrale Verwaltung;11;Innere Verwaltung;111;Verwaltungssteuerung und -Service;111020;Hauptverwaltung;50;11;Personalaufwendungen;502100;VAK Beamte;21.629,33;36.600;42.200;43.500;44.800;46.100
1;Zentrale Verwaltung;11;Innere Verwaltung;111;Verwaltungssteuerung und -Service;111020;Hauptverwaltung;50;11;Personalaufwendungen;502200;Zusatzversicherung ArbeitnehmerInnen;1.380,70;3.100;3.000;3.100;3.200;3.300
1;Zentrale Verwaltung;11;Innere Verwaltung;111;Verwaltungssteuerung und -Service;111020;Hauptverwaltung;50;11;Personalaufwendungen;503200;Beiträge gesetzliche Sozialversicherung ArbeitnehmerInnen;4.149,81;8.700;7.500;7.700;7.900;8.100
1;Zentrale Verwaltung;11;Innere Verwaltung;111;Verwaltungssteuerung und -Service;111020;Hauptverwaltung;50;11;Personalaufwendungen;504100;Beihilfen;2.556,84;2.200;4.900;5.000;5.100;5.200
1;Zentrale Verwaltung;11;Innere Verwaltung;111;Verwaltungssteuerung und -Service;111020;Hauptverwaltung;50;11;Personalaufwendungen;505100;Zuführungen zu Pensionsrückstellungen nach beamtenrechtlichen Vorschriften;15.100,00;10.400;21.700;22.100;23.000;24.400
1;Zentrale Verwaltung;11;Innere Verwaltung;111;Verwaltungssteuerung und -Service;111020;Hauptverwaltung;50;11;Personalaufwendungen;506100;Zuführungen zur Beihilferückstellung für Beschäftigte;3.300,00;2.300;4.800;4.900;5.100;5.400
1;Zentrale Verwaltung;11;Innere Verwaltung;111;Verwaltungssteuerung und -Service;111020;Hauptverwaltung;51;12;Versorgungsaufwendungen;;;0,00;0;0;0;0;0
1;Zentrale Verwaltung;11;Innere Verwaltung;111;Verwaltungssteuerung und -Service;111020;Hauptverwaltung;52;13;Aufwendungen für Sach- u. Dienstleistungen;;;35.176,22;40.400;43.100;43.200;43.400;43.700
1;Zentrale Verwaltung;11;Innere Verwaltung;111;Verwaltungssteuerung und -Service;111020;Hauptverwaltung;52;13;Aufwendungen für Sach- u. Dienstleistungen;524110;Heizungskosten;4.630,25;5.000;6.500;6.600;6.700;6.900
1;Zentrale Verwaltung;11;Innere Verwaltung;111;Verwaltungssteuerung und -Service;111020;Hauptverwaltung;52;13;Aufwendungen für Sach- u. Dienstleistungen;524120;Reinigungskosten;201,61;500;300;300;300;300
1;Zentrale Verwaltung;11;Innere Verwaltung;111;Verwaltungssteuerung und -Service;111020;Hauptverwaltung;52;13;Aufwendungen für Sach- u. Dienstleistungen;524125;Fremdreinigung;25.313,09;29.300;30.000;30.000;30.000;30.000
1;Zentrale Verwaltung;11;Innere Verwaltung;111;Verwaltungssteuerung und -Service;111020;Hauptverwaltung;52;13;Aufwendungen für Sach- u. Dienstleistungen;524130;Wasserversorgung, Strom, Abwasser;3.832,27;4.200;4.800;4.800;4.900;5.000
1;Zentrale Verwaltung;11;Innere Verwaltung;111;Verwaltungssteuerung und -Service;111020;Hauptverwaltung;52;13;Aufwendungen für Sach- u. Dienstleistungen;524140;Gebäudeversicherungen;857,37;800;900;900;900;900
1;Zentrale Verwaltung;11;Innere Verwaltung;111;Verwaltungssteuerung und -Service;111020;Hauptverwaltung;52;13;Aufwendungen für Sach- u. Dienstleistungen;524150;Steuern und Abgaben;324,08;400;400;400;400;400
1;Zentrale Verwaltung;11;Innere Verwaltung;111;Verwaltungssteuerung und -Service;111020;Hauptverwaltung;52;13;Aufwendungen für Sach- u. Dienstleistungen;524160;sonstige Bewirtschaftungskosten;17,55;100;100;100;100;100
1;Zentrale Verwaltung;11;Innere Verwaltung;111;Verwaltungssteuerung und -Service;111020;Hauptverwaltung;52;13;Aufwendungen für Sach- u. Dienstleistungen;527100;Besondere Verwaltungs- und Betriebsaufwendungen;0,00;100;100;100;100;100
1;Zentrale Verwaltung;11;Innere Verwaltung;111;Verwaltungssteuerung und -Service;111020;Hauptverwaltung;57;14;bilanzielle Abschreibungen;;;0,00;0;0;0;0;0
1;Zentrale Verwaltung;11;Innere Verwaltung;111;Verwaltungssteuerung und -Service;111020;Hauptverwaltung;53;15;Transferaufwendungen;;;0,00;0;0;0;0;0
1;Zentrale Verwaltung;11;Innere Verwaltung;111;Verwaltungssteuerung und -Service;111020;Hauptverwaltung;54;16;sonstige Aufwendungen;;;24.162,32;14.100;17.200;17.200;17.200;17.200
1;Zentrale Verwaltung;11;Innere Verwaltung;111;Verwaltungssteuerung und -Service;111020;Hauptverwaltung;54;16;sonstige Aufwendungen;542910;Mitgliedsbeiträge;2.868,37;3.000;3.000;3.000;3.000;3.000
1;Zentrale Verwaltung;11;Innere Verwaltung;111;Verwaltungssteuerung und -Service;111020;Hauptverwaltung;54;16;sonstige Aufwendungen;543100;Bürobedarf;86,86;100;200;200;200;200
1;Zentrale Verwaltung;11;Innere Verwaltung;111;Verwaltungssteuerung und -Service;111020;Hauptverwaltung;54;16;sonstige Aufwendungen;543110;Bücher und Zeitschriften;4.415,13;5.000;5.000;5.000;5.000;5.000
1;Zentrale Verwaltung;11;Innere Verwaltung;111;Verwaltungssteuerung und -Service;111020;Hauptverwaltung;54;16;sonstige Aufwendungen;543130;Öffentliche Bekanntmachungen;5.241,96;3.000;6.000;6.000;6.000;6.000
1;Zentrale Verwaltung;11;Innere Verwaltung;111;Verwaltungssteuerung und -Service;111020;Hauptverwaltung;54;16;sonstige Aufwendungen;543140;Reisekosten;780,50;1.500;1.500;1.500;1.500;1.500
1;Zentrale Verwaltung;11;Innere Verwaltung;111;Verwaltungssteuerung und -Service;111020;Hauptverwaltung;54;16;sonstige Aufwendungen;543150;Sachverständigen-, Gerichts- u.ä. Kosten;10.769,50;1.000;1.000;1.000;1.000;1.000
1;Zentrale Verwaltung;11;Innere Verwaltung;111;Verwaltungssteuerung und -Service;111020;Hauptverwaltung;54;16;sonstige Aufwendungen;545510;Erstattungen von Leistungen Kommunaler Service;0,00;500;500;500;500;500
1;Zentrale Verwaltung;11;Innere Verwaltung;111;Verwaltungssteuerung und -Service;111020;Hauptverwaltung;;17;davon: Verfügungsmittel;;;0,00;0;0;0;0;0
1;Zentrale Verwaltung;11;Innere Verwaltung;111;Verwaltungssteuerung und -Service;111020;Hauptverwaltung;;18;Aufwendungen;;;166.629,35;215.600;246.600;251.900;258.100;265.100
1;Zentrale Verwaltung;11;Innere Verwaltung;111;Verwaltungssteuerung und -Service;111020;Hauptverwaltung;;19;Ergebnis der laufenden Verwaltungstätigkeit;;;124.610,54;75.100;114.900;116.800;118.000;118.500
1;Zentrale Verwaltung;11;Innere Verwaltung;111;Verwaltungssteuerung und -Service;111020;Hauptverwaltung;46;20;Finanzerträge;;;0,00;0;0;0;0;0
1;Zentrale Verwaltung;11;Innere Verwaltung;111;Verwaltungssteuerung und -Service;111020;Hauptverwaltung;55;21;Zinsen und sonstige Finanzaufwendungen;;;0,00;0;0;0;0;0
1;Zentrale Verwaltung;11;Innere Verwaltung;111;Verwaltungssteuerung und -Service;111020;Hauptverwaltung;;22;Finanzergebnis;;;0,00;0;0;0;0;0
1;Zentrale Verwaltung;11;Innere Verwaltung;111;Verwaltungssteuerung und -Service;111020;Hauptverwaltung;;23;Ergebnis vor Berücksichtigung der internen Leistungsbeziehungen;;;124.610,54;75.100;114.900;116.800;118.000;118.500
1;Zentrale Verwaltung;11;Innere Verwaltung;111;Verwaltungssteuerung und -Service;111020;Hauptverwaltung;48;24;Erträge aus internen Leistungsbeziehungen;;;0,00;0;0;0;0;0
1;Zentrale Verwaltung;11;Innere Verwaltung;111;Verwaltungssteuerung und -Service;111020;Hauptverwaltung;58;25;Aufwendungen aus internen Leistungsbeziehungen;;;0,00;0;0;0;0;0
1;Zentrale Verwaltung;11;Innere Verwaltung;111;Verwaltungssteuerung und -Service;111020;Hauptverwaltung;;26;Ergebnis;;;124.610,54;75.100;114.900;116.800;118.000;118.500
1;Zentrale Verwaltung;11;Innere Verwaltung;111;Verwaltungssteuerung und -Service;111030;Personalmanagement;40;1;Steuern und ähnliche Abgaben;;;0,00;0;0;0;0;0
1;Zentrale Verwaltung;11;Innere Verwaltung;111;Verwaltungssteuerung und -Service;111030;Personalmanagement;41;2;Zuwendungen und allgemeine Umlagen;;;0,00;0;0;0;0;0
1;Zentrale Verwaltung;11;Innere Verwaltung;111;Verwaltungssteuerung und -Service;111030;Personalmanagement;42;3;sonstige Transfererträge;;;0,00;0;0;0;0;0
1;Zentrale Verwaltung;11;Innere Verwaltung;111;Verwaltungssteuerung und -Service;111030;Personalmanagement;43;4;öffentlich-rechtliche Leistungsentgelte;;;0,00;0;0;0;0;0
1;Zentrale Verwaltung;11;Innere Verwaltung;111;Verwaltungssteuerung und -Service;111030;Personalmanagement;441, 442, 446;5;privatrechtliche Leistungsentgelte;;;0,00;0;0;0;0;0
1;Zentrale Verwaltung;11;Innere Verwaltung;111;Verwaltungssteuerung und -Service;111030;Personalmanagement;448;6;Kostenerstattungen und Kostenumlagen;;;35.988,50;23.400;37.800;23.400;23.400;0
1;Zentrale Verwaltung;11;Innere Verwaltung;111;Verwaltungssteuerung und -Service;111030;Personalmanagement;448;6;Kostenerstattungen und Kostenumlagen;448400;Erstattung Personalkosten;32.136,04;23.400;37.800;23.400;23.400;0
1;Zentrale Verwaltung;11;Innere Verwaltung;111;Verwaltungssteuerung und -Service;111030;Personalmanagement;448;6;Kostenerstattungen und Kostenumlagen;448800;Erstattung Personalkosten ArGe;3.852,46;0;0;0;0;0
1;Zentrale Verwaltung;11;Innere Verwaltung;111;Verwaltungssteuerung und -Service;111030;Personalmanagement;45;7;sonstige Erträge;;;2.249.900,00;201.800;209.200;207.100;203.000;196.900
1;Zentrale Verwaltung;11;Innere Verwaltung;111;Verwaltungssteuerung und -Service;111030;Personalmanagement;45;7;sonstige Erträge;458211;Erträge aus der Auflösung oder Herabsetzung der Pensionsrückstellung;1.850.500,00;170.400;172.000;170.300;166.900;161.900
1;Zentrale Verwaltung;11;Innere Verwaltung;111;Verwaltungssteuerung und -Service;111030;Personalmanagement;45;7;sonstige Erträge;458212;Erträge aus der Auflösung oder Herabsetzung der Beihilferückstellung;399.400,00;31.400;37.200;36.800;36.100;35.000
1;Zentrale Verwaltung;11;Innere Verwaltung;111;Verwaltungssteuerung und -Service;111030;Personalmanagement;471;8;aktivierte Eigenleistungen;;;0,00;0;0;0;0;0
1;Zentrale Verwaltung;11;Innere Verwaltung;111;Verwaltungssteuerung und -Service;111030;Personalmanagement;472;9;Bestandsveränderungen;;;0,00;0;0;0;0;0
1;Zentrale Verwaltung;11;Innere Verwaltung;111;Verwaltungssteuerung und -Service;111030;Personalmanagement;;10;Erträge;;;2.285.888,50;225.200;247.000;230.500;226.400;196.900
1;Zentrale Verwaltung;11;Innere Verwaltung;111;Verwaltungssteuerung und -Service;111030;Personalmanagement;50;11;Personalaufwendungen;;;396.049,64;372.000;372.100;382.900;394.100;405.800
1;Zentrale Verwaltung;11;Innere Verwaltung;111;Verwaltungssteuerung und -Service;111030;Personalmanagement;50;11;Personalaufwendungen;501100;Beamtenbezüge;14.643,39;0;0;0;0;0
1;Zentrale Verwaltung;11;Innere Verwaltung;111;Verwaltungssteuerung und -Service;111030;Personalmanagement;50;11;Personalaufwendungen;501110;Sonstige Beamtenbezüge;0,00;0;10.000;10.000;10.000;10.000
1;Zentrale Verwaltung;11;Innere Verwaltung;111;Verwaltungssteuerung und -Service;111030;Personalmanagement;50;11;Personalaufwendungen;501200;Entgelte an ArbeitnehmerInnen;246.698,87;268.600;263.400;271.300;279.400;287.800
1;Zentrale Verwaltung;11;Innere Verwaltung;111;Verwaltungssteuerung und -Service;111030;Personalmanagement;50;11;Personalaufwendungen;502100;VAK Beamte;30.620,26;6.000;0;0;0;0
1;Zentrale Verwaltung;11;Innere Verwaltung;111;Verwaltungssteuerung und -Service;111030;Personalmanagement;50;11;Personalaufwendungen;502200;Zusatzversicherung ArbeitnehmerInnen;16.486,53;25.300;20.400;21.000;21.600;22.200
1;Zentrale Verwaltung;11;Innere Verwaltung;111;Verwaltungssteuerung und -Service;111030;Personalmanagement;50;11;Personalaufwendungen;503200;Beiträge gesetzliche Sozialversicherung ArbeitnehmerInnen;68.741,07;58.600;71.700;73.900;76.100;78.400
1;Zentrale Verwaltung;11;Innere Verwaltung;111;Verwaltungssteuerung und -Service;111030;Personalmanagement;50;11;Personalaufwendungen;504100;Beihilfen;859,52;900;0;0;0;0
1;Zentrale Verwaltung;11;Innere Verwaltung;111;Verwaltungssteuerung und -Service;111030;Personalmanagement;50;11;Personalaufwendungen;505100;Zuführungen zu Pensionsrückstellungen nach beamtenrechtlichen Vorschriften;14.800,00;10.300;6.600;6.700;7.000;7.400
1;Zentrale Verwaltung;11;Innere Verwaltung;111;Verwaltungssteuerung und -Service;111030;Personalmanagement;50;11;Personalaufwendungen;506100;Zuführungen zur Beihilferückstellung für Beschäftigte;3.200,00;2.300;0;0;0;0
1;Zentrale Verwaltung;11;Innere Verwaltung;111;Verwaltungssteuerung und -Service;111030;Personalmanagement;51;12;Versorgungsaufwendungen;;;2.651.375,46;146.200;526.600;538.800;551.300;564.100
1;Zentrale Verwaltung;11;Innere Verwaltung;111;Verwaltungssteuerung und -Service;111030;Personalmanagement;51;12;Versorgungsaufwendungen;511100;Versorgungsbezüge;49.259,06;45.000;356.600;363.700;371.000;378.400
1;Zentrale Verwaltung;11;Innere Verwaltung;111;Verwaltungssteuerung und -Service;111030;Personalmanagement;51;12;Versorgungsaufwendungen;514100;Beihilfen Versorgungsempfänger;117.516,40;101.200;147.000;151.400;155.900;160.600
1;Zentrale Verwaltung;11;Innere Verwaltung;111;Verwaltungssteuerung und -Service;111030;Personalmanagement;51;12;Versorgungsaufwendungen;515100;Zuführung zur Pensionsrückstellung Versorgungsempfänger;2.043.500,00;0;23.000;23.700;24.400;25.100
1;Zentrale Verwaltung;11;Innere Verwaltung;111;Verwaltungssteuerung und -Service;111030;Personalmanagement;51;12;Versorgungsaufwendungen;516100;Zuführungen zu Beihilferückstellungen für Versorgungsempfänger;441.100,00;0;0;0;0;0
1;Zentrale Verwaltung;11;Innere Verwaltung;111;Verwaltungssteuerung und -Service;111030;Personalmanagement;52;13;Aufwendungen für Sach- u. Dienstleistungen;;;0,00;0;0;0;0;0
1;Zentrale Verwaltung;11;Innere Verwaltung;111;Verwaltungssteuerung und -Service;111030;Personalmanagement;57;14;bilanzielle Abschreibungen;;;0,00;0;0;0;0;0
1;Zentrale Verwaltung;11;Innere Verwaltung;111;Verwaltungssteuerung und -Service;111030;Personalmanagement;53;15;Transferaufwendungen;;;0,00;0;0;0;0;0
1;Zentrale Verwaltung;11;Innere Verwaltung;111;Verwaltungssteuerung und -Service;111030;Personalmanagement;54;16;sonstige Aufwendungen;;;17.288,87;20.900;22.900;22.900;22.900;22.900
1;Zentrale Verwaltung;11;Innere Verwaltung;111;Verwaltungssteuerung und -Service;111030;Personalmanagement;54;16;sonstige Aufwendungen;541100;Personal-Nebenausgaben;0,00;1.500;1.500;1.500;1.500;1.500
1;Zentrale Verwaltung;11;Innere Verwaltung;111;Verwaltungssteuerung und -Service;111030;Personalmanagement;54;16;sonstige Aufwendungen;543150;Sachverständigen-, Gerichts- u.ä. Kosten;0,00;2.000;2.000;2.000;2.000;2.000
1;Zentrale Verwaltung;11;Innere Verwaltung;111;Verwaltungssteuerung und -Service;111030;Personalmanagement;54;16;sonstige Aufwendungen;545800;Erstattungen Aufwendungen Dritter;17.288,87;17.400;19.400;19.400;19.400;19.400
1;Zentrale Verwaltung;11;Innere Verwaltung;111;Verwaltungssteuerung und -Service;111030;Personalmanagement;;17;davon: Verfügungsmittel;;;0,00;0;0;0;0;0
1;Zentrale Verwaltung;11;Innere Verwaltung;111;Verwaltungssteuerung und -Service;111030;Personalmanagement;;18;Aufwendungen;;;3.064.713,97;539.100;921.600;944.600;968.300;992.800
1;Zentrale Verwaltung;11;Innere Verwaltung;111;Verwaltungssteuerung und -Service;111030;Personalmanagement;;19;Ergebnis der laufenden Verwaltungstätigkeit;;;-778.825,47;-313.900;-674.600;-714.100;-741.900;-795.900
1;Zentrale Verwaltung;11;Innere Verwaltung;111;Verwaltungssteuerung und -Service;111030;Personalmanagement;46;20;Finanzerträge;;;0,00;0;0;0;0;0
1;Zentrale Verwaltung;11;Innere Verwaltung;111;Verwaltungssteuerung und -Service;111030;Personalmanagement;55;21;Zinsen und sonstige Finanzaufwendungen;;;0,00;0;0;0;0;0
1;Zentrale Verwaltung;11;Innere Verwaltung;111;Verwaltungssteuerung und -Service;111030;Personalmanagement;;22;Finanzergebnis;;;0,00;0;0;0;0;0
1;Zentrale Verwaltung;11;Innere Verwaltung;111;Verwaltungssteuerung und -Service;111030;Personalmanagement;;23;Ergebnis vor Berücksichtigung der internen Leistungsbeziehungen;;;-778.825,47;-313.900;-674.600;-714.100;-741.900;-795.900
1;Zentrale Verwaltung;11;Innere Verwaltung;111;Verwaltungssteuerung und -Service;111030;Personalmanagement;48;24;Erträge aus internen Leistungsbeziehungen;;;0,00;0;0;0;0;0
1;Zentrale Verwaltung;11;Innere Verwaltung;111;Verwaltungssteuerung und -Service;111030;Personalmanagement;58;25;Aufwendungen aus internen Leistungsbeziehungen;;;0,00;0;0;0;0;0
1;Zentrale Verwaltung;11;Innere Verwaltung;111;Verwaltungssteuerung und -Service;111030;Personalmanagement;;26;Ergebnis;;;-778.825,47;-313.900;-674.600;-714.100;-741.900;-795.900
1;Zentrale Verwaltung;11;Innere Verwaltung;111;Verwaltungssteuerung und -Service;111040;Gleichstellungsbeauftragte;40;1;Steuern und ähnliche Abgaben;;;0,00;0;0;0;0;0
1;Zentrale Verwaltung;11;Innere Verwaltung;111;Verwaltungssteuerung und -Service;111040;Gleichstellungsbeauftragte;41;2;Zuwendungen und allgemeine Umlagen;;;0,00;0;0;0;0;0
1;Zentrale Verwaltung;11;Innere Verwaltung;111;Verwaltungssteuerung und -Service;111040;Gleichstellungsbeauftragte;42;3;sonstige Transfererträge;;;0,00;0;0;0;0;0
1;Zentrale Verwaltung;11;Innere Verwaltung;111;Verwaltungssteuerung und -Service;111040;Gleichstellungsbeauftragte;43;4;öffentlich-rechtliche Leistungsentgelte;;;0,00;0;0;0;0;0
1;Zentrale Verwaltung;11;Innere Verwaltung;111;Verwaltungssteuerung und -Service;111040;Gleichstellungsbeauftragte;441, 442, 446;5;privatrechtliche Leistungsentgelte;;;0,00;0;0;0;0;0
1;Zentrale Verwaltung;11;Innere Verwaltung;111;Verwaltungssteuerung und -Service;111040;Gleichstellungsbeauftragte;448;6;Kostenerstattungen und Kostenumlagen;;;42,58;100;0;0;0;0
1;Zentrale Verwaltung;11;Innere Verwaltung;111;Verwaltungssteuerung und -Service;111040;Gleichstellungsbeauftragte;448;6;Kostenerstattungen und Kostenumlagen;448500;Erstattung Stadtwerke;42,58;100;0;0;0;0
1;Zentrale Verwaltung;11;Innere Verwaltung;111;Verwaltungssteuerung und -Service;111040;Gleichstellungsbeauftragte;45;7;sonstige Erträge;;;0,00;0;0;0;0;0
1;Zentrale Verwaltung;11;Innere Verwaltung;111;Verwaltungssteuerung und -Service;111040;Gleichstellungsbeauftragte;471;8;aktivierte Eigenleistungen;;;0,00;0;0;0;0;0
1;Zentrale Verwaltung;11;Innere Verwaltung;111;Verwaltungssteuerung und -Service;111040;Gleichstellungsbeauftragte;472;9;Bestandsveränderungen;;;0,00;0;0;0;0;0
1;Zentrale Verwaltung;11;Innere Verwaltung;111;Verwaltungssteuerung und -Service;111040;Gleichstellungsbeauftragte;;10;Erträge;;;42,58;100;0;0;0;0
1;Zentrale Verwaltung;11;Innere Verwaltung;111;Verwaltungssteuerung und -Service;111040;Gleichstellungsbeauftragte;50;11;Personalaufwendungen;;;15.872,63;18.800;19.400;20.000;20.600;21.200
1;Zentrale Verwaltung;11;Innere Verwaltung;111;Verwaltungssteuerung und -Service;111040;Gleichstellungsbeauftragte;50;11;Personalaufwendungen;501200;Entgelte an ArbeitnehmerInnen;14.320,27;14.200;15.000;15.500;16.000;16.500
1;Zentrale Verwaltung;11;Innere Verwaltung;111;Verwaltungssteuerung und -Service;111040;Gleichstellungsbeauftragte;50;11;Personalaufwendungen;502200;Zusatzversicherung ArbeitnehmerInnen;0,00;1.400;1.300;1.300;1.300;1.300
1;Zentrale Verwaltung;11;Innere Verwaltung;111;Verwaltungssteuerung und -Service;111040;Gleichstellungsbeauftragte;50;11;Personalaufwendungen;503200;Beiträge gesetzliche Sozialversicherung ArbeitnehmerInnen;1.552,36;3.200;3.100;3.200;3.300;3.400
1;Zentrale Verwaltung;11;Innere Verwaltung;111;Verwaltungssteuerung und -Service;111040;Gleichstellungsbeauftragte;51;12;Versorgungsaufwendungen;;;0,00;0;0;0;0;0
1;Zentrale Verwaltung;11;Innere Verwaltung;111;Verwaltungssteuerung und -Service;111040;Gleichstellungsbeauftragte;52;13;Aufwendungen für Sach- u. Dienstleistungen;;;756,49;3.000;1.800;2.300;2.300;2.300
1;Zentrale Verwaltung;11;Innere Verwaltung;111;Verwaltungssteuerung und -Service;111040;Gleichstellungsbeauftragte;52;13;Aufwendungen für Sach- u. Dienstleistungen;524110;Heizungskosten;308,13;600;500;500;500;500
1;Zentrale Verwaltung;11;Innere Verwaltung;111;Verwaltungssteuerung und -Service;111040;Gleichstellungsbeauftragte;52;13;Aufwendungen für Sach- u. Dienstleistungen;524120;Reinigungskosten;7,19;100;100;100;100;100
1;Zentrale Verwaltung;11;Innere Verwaltung;111;Verwaltungssteuerung und -Service;111040;Gleichstellungsbeauftragte;52;13;Aufwendungen für Sach- u. Dienstleistungen;524130;Wasserversorgung, Strom, Abwasser;255,03;300;400;400;400;400
1;Zentrale Verwaltung;11;Innere Verwaltung;111;Verwaltungssteuerung und -Service;111040;Gleichstellungsbeauftragte;52;13;Aufwendungen für Sach- u. Dienstleistungen;524140;Gebäudeversicherungen;53,51;100;100;100;100;100
1;Zentrale Verwaltung;11;Innere Verwaltung;111;Verwaltungssteuerung und -Service;111040;Gleichstellungsbeauftragte;52;13;Aufwendungen für Sach- u. Dienstleistungen;524150;Steuern und Abgaben;21,57;100;100;100;100;100
1;Zentrale Verwaltung;11;Innere Verwaltung;111;Verwaltungssteuerung und -Service;111040;Gleichstellungsbeauftragte;52;13;Aufwendungen für Sach- u. Dienstleistungen;527100;Besondere Verwaltungs- und Betriebsaufwendungen;0,00;100;100;100;100;100
1;Zentrale Verwaltung;11;Innere Verwaltung;111;Verwaltungssteuerung und -Service;111040;Gleichstellungsbeauftragte;52;13;Aufwendungen für Sach- u. Dienstleistungen;529100;Veranstaltungen;111,06;1.700;500;1.000;1.000;1.000
1;Zentrale Verwaltung;11;Innere Verwaltung;111;Verwaltungssteuerung und -Service;111040;Gleichstellungsbeauftragte;57;14;bilanzielle Abschreibungen;;;0,00;0;0;0;0;0
1;Zentrale Verwaltung;11;Innere Verwaltung;111;Verwaltungssteuerung und -Service;111040;Gleichstellungsbeauftragte;53;15;Transferaufwendungen;;;0,00;0;0;0;0;0
1;Zentrale Verwaltung;11;Innere Verwaltung;111;Verwaltungssteuerung und -Service;111040;Gleichstellungsbeauftragte;54;16;sonstige Aufwendungen;;;40,00;600;700;700;700;700
1;Zentrale Verwaltung;11;Innere Verwaltung;111;Verwaltungssteuerung und -Service;111040;Gleichstellungsbeauftragte;54;16;sonstige Aufwendungen;542910;Mitgliedsbeiträge;0,00;100;200;200;200;200
1;Zentrale Verwaltung;11;Innere Verwaltung;111;Verwaltungssteuerung und -Service;111040;Gleichstellungsbeauftragte;54;16;sonstige Aufwendungen;543100;Geschäftsausgaben;40,00;500;500;500;500;500
1;Zentrale Verwaltung;11;Innere Verwaltung;111;Verwaltungssteuerung und -Service;111040;Gleichstellungsbeauftragte;;17;davon: Verfügungsmittel;;;0,00;0;0;0;0;0
1;Zentrale Verwaltung;11;Innere Verwaltung;111;Verwaltungssteuerung und -Service;111040;Gleichstellungsbeauftragte;;18;Aufwendungen;;;16.669,12;22.400;21.900;23.000;23.600;24.200
1;Zentrale Verwaltung;11;Innere Verwaltung;111;Verwaltungssteuerung und -Service;111040;Gleichstellungsbeauftragte;;19;Ergebnis der laufenden Verwaltungstätigkeit;;;-16.626,54;-22.300;-21.900;-23.000;-23.600;-24.200
1;Zentrale Verwaltung;11;Innere Verwaltung;111;Verwaltungssteuerung und -Service;111040;Gleichstellungsbeauftragte;46;20;Finanzerträge;;;0,00;0;0;0;0;0
1;Zentrale Verwaltung;11;Innere Verwaltung;111;Verwaltungssteuerung und -Service;111040;Gleichstellungsbeauftragte;55;21;Zinsen und sonstige Finanzaufwendungen;;;0,00;0;0;0;0;0
1;Zentrale Verwaltung;11;Innere Verwaltung;111;Verwaltungssteuerung und -Service;111040;Gleichstellungsbeauftragte;;22;Finanzergebnis;;;0,00;0;0;0;0;0
1;Zentrale Verwaltung;11;Innere Verwaltung;111;Verwaltungssteuerung und -Service;111040;Gleichstellungsbeauftragte;;23;Ergebnis vor Berücksichtigung der internen Leistungsbeziehungen;;;-16.626,54;-22.300;-21.900;-23.000;-23.600;-24.200
1;Zentrale Verwaltung;11;Innere Verwaltung;111;Verwaltungssteuerung und -Service;111040;Gleichstellungsbeauftragte;48;24;Erträge aus internen Leistungsbeziehungen;;;0,00;0;0;0;0;0
1;Zentrale Verwaltung;11;Innere Verwaltung;111;Verwaltungssteuerung und -Service;111040;Gleichstellungsbeauftragte;58;25;Aufwendungen aus internen Leistungsbeziehungen;;;0,00;0;0;0;0;0
1;Zentrale Verwaltung;11;Innere Verwaltung;111;Verwaltungssteuerung und -Service;111040;Gleichstellungsbeauftragte;;26;Ergebnis;;;-16.626,54;-22.300;-21.900;-23.000;-23.600;-24.200
1;Zentrale Verwaltung;11;Innere Verwaltung;111;Verwaltungssteuerung und -Service;111050;Finanz- und Steuerverwaltung;40;1;Steuern und ähnliche Abgaben;;;0,00;0;0;0;0;0
1;Zentrale Verwaltung;11;Innere Verwaltung;111;Verwaltungssteuerung und -Service;111050;Finanz- und Steuerverwaltung;41;2;Zuwendungen und allgemeine Umlagen;;;0,00;0;0;0;0;0
1;Zentrale Verwaltung;11;Innere Verwaltung;111;Verwaltungssteuerung und -Service;111050;Finanz- und Steuerverwaltung;42;3;sonstige Transfererträge;;;0,00;0;0;0;0;0
1;Zentrale Verwaltung;11;Innere Verwaltung;111;Verwaltungssteuerung und -Service;111050;Finanz- und Steuerverwaltung;43;4;öffentlich-rechtliche Leistungsentgelte;;;5,00;0;0;0;0;0
1;Zentrale Verwaltung;11;Innere Verwaltung;111;Verwaltungssteuerung und -Service;111050;Finanz- und Steuerverwaltung;43;4;öffentlich-rechtliche Leistungsentgelte;431100;Verwaltungsgebühren;5,00;0;0;0;0;0
1;Zentrale Verwaltung;11;Innere Verwaltung;111;Verwaltungssteuerung und -Service;111050;Finanz- und Steuerverwaltung;441, 442, 446;5;privatrechtliche Leistungsentgelte;;;0,00;0;0;0;0;0
1;Zentrale Verwaltung;11;Innere Verwaltung;111;Verwaltungssteuerung und -Service;111050;Finanz- und Steuerverwaltung;448;6;Kostenerstattungen und Kostenumlagen;;;136,61;100;0;0;0;0
1;Zentrale Verwaltung;11;Innere Verwaltung;111;Verwaltungssteuerung und -Service;111050;Finanz- und Steuerverwaltung;448;6;Kostenerstattungen und Kostenumlagen;448500;Erstattung Stadtwerke;136,61;100;0;0;0;0
1;Zentrale Verwaltung;11;Innere Verwaltung;111;Verwaltungssteuerung und -Service;111050;Finanz- und Steuerverwaltung;45;7;sonstige Erträge;;;1.145,00;500;500;500;500;500
1;Zentrale Verwaltung;11;Innere Verwaltung;111;Verwaltungssteuerung und -Service;111050;Finanz- und Steuerverwaltung;45;7;sonstige Erträge;456200;Stundungszinsen;1.145,00;500;500;500;500;500
1;Zentrale Verwaltung;11;Innere Verwaltung;111;Verwaltungssteuerung und -Service;111050;Finanz- und Steuerverwaltung;471;8;aktivierte Eigenleistungen;;;0,00;0;0;0;0;0
1;Zentrale Verwaltung;11;Innere Verwaltung;111;Verwaltungssteuerung und -Service;111050;Finanz- und Steuerverwaltung;472;9;Bestandsveränderungen;;;0,00;0;0;0;0;0
1;Zentrale Verwaltung;11;Innere Verwaltung;111;Verwaltungssteuerung und -Service;111050;Finanz- und Steuerverwaltung;;10;Erträge;;;1.286,61;600;500;500;500;500
1;Zentrale Verwaltung;11;Innere Verwaltung;111;Verwaltungssteuerung und -Service;111050;Finanz- und Steuerverwaltung;50;11;Personalaufwendungen;;;141.150,26;261.200;288.100;296.700;305.700;315.400
1;Zentrale Verwaltung;11;Innere Verwaltung;111;Verwaltungssteuerung und -Service;111050;Finanz- und Steuerverwaltung;50;11;Personalaufwendungen;501100;Beamtenbezüge;26.854,68;45.000;47.000;48.400;49.900;51.400
1;Zentrale Verwaltung;11;Innere Verwaltung;111;Verwaltungssteuerung und -Service;111050;Finanz- und Steuerverwaltung;50;11;Personalaufwendungen;501200;Entgelte an ArbeitnehmerInnen;61.861,76;132.000;148.900;153.400;158.000;162.700
1;Zentrale Verwaltung;11;Innere Verwaltung;111;Verwaltungssteuerung und -Service;111050;Finanz- und Steuerverwaltung;50;11;Personalaufwendungen;502100;VAK Beamte;12.237,54;25.400;30.600;31.500;32.400;33.400
1;Zentrale Verwaltung;11;Innere Verwaltung;111;Verwaltungssteuerung und -Service;111050;Finanz- und Steuerverwaltung;50;11;Personalaufwendungen;502200;Zusatzversicherung ArbeitnehmerInnen;4.141,12;12.300;12.200;12.600;13.000;13.400
1;Zentrale Verwaltung;11;Innere Verwaltung;111;Verwaltungssteuerung und -Service;111050;Finanz- und Steuerverwaltung;50;11;Personalaufwendungen;503200;Beiträge gesetzliche Sozialversicherung ArbeitnehmerInnen;12.463,56;29.500;30.000;30.900;31.800;32.800
1;Zentrale Verwaltung;11;Innere Verwaltung;111;Verwaltungssteuerung und -Service;111050;Finanz- und Steuerverwaltung;50;11;Personalaufwendungen;504100;Beihilfen;2.191,60;2.100;3.700;3.800;3.900;4.000
1;Zentrale Verwaltung;11;Innere Verwaltung;111;Verwaltungssteuerung und -Service;111050;Finanz- und Steuerverwaltung;50;11;Personalaufwendungen;505100;Zuführungen zu Pensionsrückstellungen nach beamtenrechtlichen Vorschriften;17.600,00;12.200;12.900;13.200;13.700;14.500
1;Zentrale Verwaltung;11;Innere Verwaltung;111;Verwaltungssteuerung und -Service;111050;Finanz- und Steuerverwaltung;50;11;Personalaufwendungen;506100;Zuführungen zur Beihilferückstellung für Beschäftigte;3.800,00;2.700;2.800;2.900;3.000;3.200
1;Zentrale Verwaltung;11;Innere Verwaltung;111;Verwaltungssteuerung und -Service;111050;Finanz- und Steuerverwaltung;51;12;Versorgungsaufwendungen;;;0,00;0;0;0;0;0
1;Zentrale Verwaltung;11;Innere Verwaltung;111;Verwaltungssteuerung und -Service;111050;Finanz- und Steuerverwaltung;52;13;Aufwendungen für Sach- u. Dienstleistungen;;;2.089,55;2.900;3.000;3.000;3.000;3.000
1;Zentrale Verwaltung;11;Innere Verwaltung;111;Verwaltungssteuerung und -Service;111050;Finanz- und Steuerverwaltung;52;13;Aufwendungen für Sach- u. Dienstleistungen;524110;Heizungskosten;988,50;1.300;1.300;1.300;1.300;1.300
1;Zentrale Verwaltung;11;Innere Verwaltung;111;Verwaltungssteuerung und -Service;111050;Finanz- und Steuerverwaltung;52;13;Aufwendungen für Sach- u. Dienstleistungen;524120;Reinigungskosten;30,48;100;100;100;100;100
1;Zentrale Verwaltung;11;Innere Verwaltung;111;Verwaltungssteuerung und -Service;111050;Finanz- und Steuerverwaltung;52;13;Aufwendungen für Sach- u. Dienstleistungen;524130;Wasserversorgung, Strom, Abwasser;818,15;1.100;1.100;1.100;1.100;1.100
1;Zentrale Verwaltung;11;Innere Verwaltung;111;Verwaltungssteuerung und -Service;111050;Finanz- und Steuerverwaltung;52;13;Aufwendungen für Sach- u. Dienstleistungen;524140;Gebäudeversicherungen;183,23;200;200;200;200;200
1;Zentrale Verwaltung;11;Innere Verwaltung;111;Verwaltungssteuerung und -Service;111050;Finanz- und Steuerverwaltung;52;13;Aufwendungen für Sach- u. Dienstleistungen;524150;Steuern und Abgaben;69,19;100;200;200;200;200
1;Zentrale Verwaltung;11;Innere Verwaltung;111;Verwaltungssteuerung und -Service;111050;Finanz- und Steuerverwaltung;52;13;Aufwendungen für Sach- u. Dienstleistungen;527100;Besondere Verwaltungs- und Betriebsaufwendungen;0,00;100;100;100;100;100
1;Zentrale Verwaltung;11;Innere Verwaltung;111;Verwaltungssteuerung und -Service;111050;Finanz- und Steuerverwaltung;57;14;bilanzielle Abschreibungen;;;251,89;200;200;0;0;0
1;Zentrale Verwaltung;11;Innere Verwaltung;111;Verwaltungssteuerung und -Service;111050;Finanz- und Steuerverwaltung;57;14;bilanzielle Abschreibungen;571100;Abschreibungen auf immaterielle Vermögensgegenstände und Sachanlagen;139,05;200;200;0;0;0
1;Zentrale Verwaltung;11;Innere Verwaltung;111;Verwaltungssteuerung und -Service;111050;Finanz- und Steuerverwaltung;57;14;bilanzielle Abschreibungen;573100;Abschreibungen auf das Umlaufvermögen;112,84;0;0;0;0;0
1;Zentrale Verwaltung;11;Innere Verwaltung;111;Verwaltungssteuerung und -Service;111050;Finanz- und Steuerverwaltung;53;15;Transferaufwendungen;;;0,00;0;0;0;0;0
1;Zentrale Verwaltung;11;Innere Verwaltung;111;Verwaltungssteuerung und -Service;111050;Finanz- und Steuerverwaltung;54;16;sonstige Aufwendungen;;;7.794,87;18.600;13.900;14.000;14.100;14.200
1;Zentrale Verwaltung;11;Innere Verwaltung;111;Verwaltungssteuerung und -Service;111050;Finanz- und Steuerverwaltung;54;16;sonstige Aufwendungen;542910;Mitgliedsbeiträge;15,00;100;100;100;100;100
1;Zentrale Verwaltung;11;Innere Verwaltung;111;Verwaltungssteuerung und -Service;111050;Finanz- und Steuerverwaltung;54;16;sonstige Aufwendungen;543100;Bürobedarf;34,87;100;100;100;100;100
1;Zentrale Verwaltung;11;Innere Verwaltung;111;Verwaltungssteuerung und -Service;111050;Finanz- und Steuerverwaltung;54;16;sonstige Aufwendungen;543110;Bücher und Zeitschriften;573,86;700;1.000;1.000;1.000;1.000
1;Zentrale Verwaltung;11;Innere Verwaltung;111;Verwaltungssteuerung und -Service;111050;Finanz- und Steuerverwaltung;54;16;sonstige Aufwendungen;543120;Postgebühren;3.330,00;3.500;3.500;3.600;3.700;3.800
1;Zentrale Verwaltung;11;Innere Verwaltung;111;Verwaltungssteuerung und -Service;111050;Finanz- und Steuerverwaltung;54;16;sonstige Aufwendungen;543130;Öffentliche Bekanntmachungen;411,49;1.500;1.500;1.500;1.500;1.500
1;Zentrale Verwaltung;11;Innere Verwaltung;111;Verwaltungssteuerung und -Service;111050;Finanz- und Steuerverwaltung;54;16;sonstige Aufwendungen;543140;Reisekosten;8,40;100;100;100;100;100
1;Zentrale Verwaltung;11;Innere Verwaltung;111;Verwaltungssteuerung und -Service;111050;Finanz- und Steuerverwaltung;54;16;sonstige Aufwendungen;543150;Sachverständigen-, Gerichts- u.ä. Kosten;3.421,25;7.600;5.100;5.100;5.100;5.100
1;Zentrale Verwaltung;11;Innere Verwaltung;111;Verwaltungssteuerung und -Service;111050;Finanz- und Steuerverwaltung;54;16;sonstige Aufwendungen;543159;Beratungskosten u.ä. Doppik;0,00;5.000;2.500;2.500;2.500;2.500
1;Zentrale Verwaltung;11;Innere Verwaltung;111;Verwaltungssteuerung und -Service;111050;Finanz- und Steuerverwaltung;;17;davon: Verfügungsmittel;;;0,00;0;0;0;0;0
1;Zentrale Verwaltung;11;Innere Verwaltung;111;Verwaltungssteuerung und -Service;111050;Finanz- und Steuerverwaltung;;18;Aufwendungen;;;151.286,57;282.900;305.200;313.700;322.800;332.600
1;Zentrale Verwaltung;11;Innere Verwaltung;111;Verwaltungssteuerung und -Service;111050;Finanz- und Steuerverwaltung;;19;Ergebnis der laufenden Verwaltungstätigkeit;;;-149.999,96;-282.300;-304.700;-313.200;-322.300;-332.100
1;Zentrale Verwaltung;11;Innere Verwaltung;111;Verwaltungssteuerung und -Service;111050;Finanz- und Steuerverwaltung;46;20;Finanzerträge;;;0,00;0;0;0;0;0
1;Zentrale Verwaltung;11;Innere Verwaltung;111;Verwaltungssteuerung und -Service;111050;Finanz- und Steuerverwaltung;55;21;Zinsen und sonstige Finanzaufwendungen;;;0,00;0;0;0;0;0
1;Zentrale Verwaltung;11;Innere Verwaltung;111;Verwaltungssteuerung und -Service;111050;Finanz- und Steuerverwaltung;;22;Finanzergebnis;;;0,00;0;0;0;0;0
1;Zentrale Verwaltung;11;Innere Verwaltung;111;Verwaltungssteuerung und -Service;111050;Finanz- und Steuerverwaltung;;23;Ergebnis vor Berücksichtigung der internen Leistungsbeziehungen;;;-149.999,96;-282.300;-304.700;-313.200;-322.300;-332.100
1;Zentrale Verwaltung;11;Innere Verwaltung;111;Verwaltungssteuerung und -Service;111050;Finanz- und Steuerverwaltung;48;24;Erträge aus internen Leistungsbeziehungen;;;0,00;0;0;0;0;0
1;Zentrale Verwaltung;11;Innere Verwaltung;111;Verwaltungssteuerung und -Service;111050;Finanz- und Steuerverwaltung;58;25;Aufwendungen aus internen Leistungsbeziehungen;;;0,00;0;0;0;0;0
1;Zentrale Verwaltung;11;Innere Verwaltung;111;Verwaltungssteuerung und -Service;111050;Finanz- und Steuerverwaltung;;26;Ergebnis;;;-149.999,96;-282.300;-304.700;-313.200;-322.300;-332.100
1;Zentrale Verwaltung;11;Innere Verwaltung;111;Verwaltungssteuerung und -Service;111060;Finanzbuchhaltung;40;1;Steuern und ähnliche Abgaben;;;0,00;0;0;0;0;0
1;Zentrale Verwaltung;11;Innere Verwaltung;111;Verwaltungssteuerung und -Service;111060;Finanzbuchhaltung;41;2;Zuwendungen und allgemeine Umlagen;;;0,00;0;0;0;0;0
1;Zentrale Verwaltung;11;Innere Verwaltung;111;Verwaltungssteuerung und -Service;111060;Finanzbuchhaltung;42;3;sonstige Transfererträge;;;0,00;0;0;0;0;0
1;Zentrale Verwaltung;11;Innere Verwaltung;111;Verwaltungssteuerung und -Service;111060;Finanzbuchhaltung;43;4;öffentlich-rechtliche Leistungsentgelte;;;0,00;0;0;0;0;0
1;Zentrale Verwaltung;11;Innere Verwaltung;111;Verwaltungssteuerung und -Service;111060;Finanzbuchhaltung;441, 442, 446;5;privatrechtliche Leistungsentgelte;;;0,00;0;0;0;0;0
1;Zentrale Verwaltung;11;Innere Verwaltung;111;Verwaltungssteuerung und -Service;111060;Finanzbuchhaltung;448;6;Kostenerstattungen und Kostenumlagen;;;247,49;100;0;0;0;0
1;Zentrale Verwaltung;11;Innere Verwaltung;111;Verwaltungssteuerung und -Service;111060;Finanzbuchhaltung;448;6;Kostenerstattungen und Kostenumlagen;448500;Erstattung Stadtwerke;247,49;100;0;0;0;0
1;Zentrale Verwaltung;11;Innere Verwaltung;111;Verwaltungssteuerung und -Service;111060;Finanzbuchhaltung;45;7;sonstige Erträge;;;49.906,27;40.000;40.000;40.000;40.000;40.000
1;Zentrale Verwaltung;11;Innere Verwaltung;111;Verwaltungssteuerung und -Service;111060;Finanzbuchhaltung;45;7;sonstige Erträge;456210;Vollstreckungskosten;49.906,27;40.000;40.000;40.000;40.000;40.000
1;Zentrale Verwaltung;11;Innere Verwaltung;111;Verwaltungssteuerung und -Service;111060;Finanzbuchhaltung;471;8;aktivierte Eigenleistungen;;;0,00;0;0;0;0;0
1;Zentrale Verwaltung;11;Innere Verwaltung;111;Verwaltungssteuerung und -Service;111060;Finanzbuchhaltung;472;9;Bestandsveränderungen;;;0,00;0;0;0;0;0
1;Zentrale Verwaltung;11;Innere Verwaltung;111;Verwaltungssteuerung und -Service;111060;Finanzbuchhaltung;;10;Erträge;;;50.153,76;40.100;40.000;40.000;40.000;40.000
1;Zentrale Verwaltung;11;Innere Verwaltung;111;Verwaltungssteuerung und -Service;111060;Finanzbuchhaltung;50;11;Personalaufwendungen;;;234.779,02;179.300;187.900;193.400;199.300;205.600
1;Zentrale Verwaltung;11;Innere Verwaltung;111;Verwaltungssteuerung und -Service;111060;Finanzbuchhaltung;50;11;Personalaufwendungen;501100;Beamtenbezüge;51.936,13;32.700;32.000;33.000;34.000;35.000
1;Zentrale Verwaltung;11;Innere Verwaltung;111;Verwaltungssteuerung und -Service;111060;Finanzbuchhaltung;50;11;Personalaufwendungen;501200;Entgelte an ArbeitnehmerInnen;114.132,68;86.000;97.000;99.900;102.900;106.000
1;Zentrale Verwaltung;11;Innere Verwaltung;111;Verwaltungssteuerung und -Service;111060;Finanzbuchhaltung;50;11;Personalaufwendungen;502100;VAK Beamte;17.702,72;18.400;17.800;18.300;18.800;19.400
1;Zentrale Verwaltung;11;Innere Verwaltung;111;Verwaltungssteuerung und -Service;111060;Finanzbuchhaltung;50;11;Personalaufwendungen;502200;Zusatzversicherung ArbeitnehmerInnen;7.582,65;8.200;7.900;8.100;8.300;8.500
1;Zentrale Verwaltung;11;Innere Verwaltung;111;Verwaltungssteuerung und -Service;111060;Finanzbuchhaltung;50;11;Personalaufwendungen;503200;Beiträge gesetzliche Sozialversicherung ArbeitnehmerInnen;23.111,08;19.200;19.700;20.300;20.900;21.500
1;Zentrale Verwaltung;11;Innere Verwaltung;111;Verwaltungssteuerung und -Service;111060;Finanzbuchhaltung;50;11;Personalaufwendungen;504100;Beihilfen;5.113,76;4.400;2.500;2.600;2.700;2.800
1;Zentrale Verwaltung;11;Innere Verwaltung;111;Verwaltungssteuerung und -Service;111060;Finanzbuchhaltung;50;11;Personalaufwendungen;505100;Zuführungen zu Pensionsrückstellungen nach beamtenrechtlichen Vorschriften;12.500,00;8.500;9.000;9.200;9.600;10.200
1;Zentrale Verwaltung;11;Innere Verwaltung;111;Verwaltungssteuerung und -Service;111060;Finanzbuchhaltung;50;11;Personalaufwendungen;506100;Zuführungen zur Beihilferückstellung für Beschäftigte;2.700,00;1.900;2.000;2.000;2.100;2.200
1;Zentrale Verwaltung;11;Innere Verwaltung;111;Verwaltungssteuerung und -Service;111060;Finanzbuchhaltung;51;12;Versorgungsaufwendungen;;;0,00;0;0;0;0;0
1;Zentrale Verwaltung;11;Innere Verwaltung;111;Verwaltungssteuerung und -Service;111060;Finanzbuchhaltung;52;13;Aufwendungen für Sach- u. Dienstleistungen;;;3.764,38;4.600;5.300;5.300;5.300;5.500
1;Zentrale Verwaltung;11;Innere Verwaltung;111;Verwaltungssteuerung und -Service;111060;Finanzbuchhaltung;52;13;Aufwendungen für Sach- u. Dienstleistungen;524110;Heizungskosten;1.790,89;2.100;2.300;2.300;2.300;2.400
1;Zentrale Verwaltung;11;Innere Verwaltung;111;Verwaltungssteuerung und -Service;111060;Finanzbuchhaltung;52;13;Aufwendungen für Sach- u. Dienstleistungen;524120;Reinigungskosten;34,18;100;200;200;200;200
1;Zentrale Verwaltung;11;Innere Verwaltung;111;Verwaltungssteuerung und -Service;111060;Finanzbuchhaltung;52;13;Aufwendungen für Sach- u. Dienstleistungen;524130;Wasserversorgung, Strom, Abwasser;1.482,24;1.800;2.100;2.100;2.100;2.200
1;Zentrale Verwaltung;11;Innere Verwaltung;111;Verwaltungssteuerung und -Service;111060;Finanzbuchhaltung;52;13;Aufwendungen für Sach- u. Dienstleistungen;524140;Gebäudeversicherungen;331,72;300;400;400;400;400
1;Zentrale Verwaltung;11;Innere Verwaltung;111;Verwaltungssteuerung und -Service;111060;Finanzbuchhaltung;52;13;Aufwendungen für Sach- u. Dienstleistungen;524150;Steuern und Abgaben;125,35;200;200;200;200;200
1;Zentrale Verwaltung;11;Innere Verwaltung;111;Verwaltungssteuerung und -Service;111060;Finanzbuchhaltung;52;13;Aufwendungen für Sach- u. Dienstleistungen;527100;Besondere Verwaltungs- und Betriebsaufwendungen;0,00;100;100;100;100;100
1;Zentrale Verwaltung;11;Innere Verwaltung;111;Verwaltungssteuerung und -Service;111060;Finanzbuchhaltung;57;14;bilanzielle Abschreibungen;;;0,00;0;0;0;0;0
1;Zentrale Verwaltung;11;Innere Verwaltung;111;Verwaltungssteuerung und -Service;111060;Finanzbuchhaltung;53;15;Transferaufwendungen;;;0,00;0;0;0;0;0
1;Zentrale Verwaltung;11;Innere Verwaltung;111;Verwaltungssteuerung und -Service;111060;Finanzbuchhaltung;54;16;sonstige Aufwendungen;;;3.342,16;7.900;8.800;8.800;8.800;8.800
1;Zentrale Verwaltung;11;Innere Verwaltung;111;Verwaltungssteuerung und -Service;111060;Finanzbuchhaltung;54;16;sonstige Aufwendungen;542910;Mitgliedsbeiträge;50,00;100;100;100;100;100
1;Zentrale Verwaltung;11;Innere Verwaltung;111;Verwaltungssteuerung und -Service;111060;Finanzbuchhaltung;54;16;sonstige Aufwendungen;543100;Bürobedarf;101,15;300;300;300;300;300
1;Zentrale Verwaltung;11;Innere Verwaltung;111;Verwaltungssteuerung und -Service;111060;Finanzbuchhaltung;54;16;sonstige Aufwendungen;543110;Bücher und Zeitschriften;29,90;100;100;100;100;100
1;Zentrale Verwaltung;11;Innere Verwaltung;111;Verwaltungssteuerung und -Service;111060;Finanzbuchhaltung;54;16;sonstige Aufwendungen;543130;Öffentliche Bekanntmachungen;0,00;200;200;200;200;200
1;Zentrale Verwaltung;11;Innere Verwaltung;111;Verwaltungssteuerung und -Service;111060;Finanzbuchhaltung;54;16;sonstige Aufwendungen;543140;Reisekosten;66,30;200;100;100;100;100
1;Zentrale Verwaltung;11;Innere Verwaltung;111;Verwaltungssteuerung und -Service;111060;Finanzbuchhaltung;54;16;sonstige Aufwendungen;543150;Sachverständigen-, Gerichts- u.ä. Kosten;3.094,81;7.000;8.000;8.000;8.000;8.000
1;Zentrale Verwaltung;11;Innere Verwaltung;111;Verwaltungssteuerung und -Service;111060;Finanzbuchhaltung;;17;davon: Verfügungsmittel;;;0,00;0;0;0;0;0
1;Zentrale Verwaltung;11;Innere Verwaltung;111;Verwaltungssteuerung und -Service;111060;Finanzbuchhaltung;;18;Aufwendungen;;;241.885,56;191.800;202.000;207.500;213.400;219.900
1;Zentrale Verwaltung;11;Innere Verwaltung;111;Verwaltungssteuerung und -Service;111060;Finanzbuchhaltung;;19;Ergebnis der laufenden Verwaltungstätigkeit;;;-191.731,80;-151.700;-162.000;-167.500;-173.400;-179.900
1;Zentrale Verwaltung;11;Innere Verwaltung;111;Verwaltungssteuerung und -Service;111060;Finanzbuchhaltung;46;20;Finanzerträge;;;0,00;0;0;0;0;0
1;Zentrale Verwaltung;11;Innere Verwaltung;111;Verwaltungssteuerung und -Service;111060;Finanzbuchhaltung;55;21;Zinsen und sonstige Finanzaufwendungen;;;0,00;0;0;0;0;0
1;Zentrale Verwaltung;11;Innere Verwaltung;111;Verwaltungssteuerung und -Service;111060;Finanzbuchhaltung;;22;Finanzergebnis;;;0,00;0;0;0;0;0
1;Zentrale Verwaltung;11;Innere Verwaltung;111;Verwaltungssteuerung und -Service;111060;Finanzbuchhaltung;;23;Ergebnis vor Berücksichtigung der internen Leistungsbeziehungen;;;-191.731,80;-151.700;-162.000;-167.500;-173.400;-179.900
1;Zentrale Verwaltung;11;Innere Verwaltung;111;Verwaltungssteuerung und -Service;111060;Finanzbuchhaltung;48;24;Erträge aus internen Leistungsbeziehungen;;;0,00;0;0;0;0;0
1;Zentrale Verwaltung;11;Innere Verwaltung;111;Verwaltungssteuerung und -Service;111060;Finanzbuchhaltung;58;25;Aufwendungen aus internen Leistungsbeziehungen;;;0,00;0;0;0;0;0
1;Zentrale Verwaltung;11;Innere Verwaltung;111;Verwaltungssteuerung und -Service;111060;Finanzbuchhaltung;;26;Ergebnis;;;-191.731,80;-151.700;-162.000;-167.500;-173.400;-179.900
1;Zentrale Verwaltung;11;Innere Verwaltung;111;Verwaltungssteuerung und -Service;111070;Informationstechnik (IT);40;1;Steuern und ähnliche Abgaben;;;0,00;0;0;0;0;0
1;Zentrale Verwaltung;11;Innere Verwaltung;111;Verwaltungssteuerung und -Service;111070;Informationstechnik (IT);41;2;Zuwendungen und allgemeine Umlagen;;;0,00;0;0;0;0;0
1;Zentrale Verwaltung;11;Innere Verwaltung;111;Verwaltungssteuerung und -Service;111070;Informationstechnik (IT);42;3;sonstige Transfererträge;;;0,00;0;0;0;0;0
1;Zentrale Verwaltung;11;Innere Verwaltung;111;Verwaltungssteuerung und -Service;111070;Informationstechnik (IT);43;4;öffentlich-rechtliche Leistungsentgelte;;;0,00;0;0;0;0;0
1;Zentrale Verwaltung;11;Innere Verwaltung;111;Verwaltungssteuerung und -Service;111070;Informationstechnik (IT);441, 442, 446;5;privatrechtliche Leistungsentgelte;;;0,00;0;0;0;0;0
1;Zentrale Verwaltung;11;Innere Verwaltung;111;Verwaltungssteuerung und -Service;111070;Informationstechnik (IT);448;6;Kostenerstattungen und Kostenumlagen;;;0,00;0;0;0;0;0
1;Zentrale Verwaltung;11;Innere Verwaltung;111;Verwaltungssteuerung und -Service;111070;Informationstechnik (IT);45;7;sonstige Erträge;;;0,00;0;0;0;0;0
1;Zentrale Verwaltung;11;Innere Verwaltung;111;Verwaltungssteuerung und -Service;111070;Informationstechnik (IT);471;8;aktivierte Eigenleistungen;;;0,00;0;0;0;0;0
1;Zentrale Verwaltung;11;Innere Verwaltung;111;Verwaltungssteuerung und -Service;111070;Informationstechnik (IT);472;9;Bestandsveränderungen;;;0,00;0;0;0;0;0
1;Zentrale Verwaltung;11;Innere Verwaltung;111;Verwaltungssteuerung und -Service;111070;Informationstechnik (IT);;10;Erträge;;;0,00;0;0;0;0;0
1;Zentrale Verwaltung;11;Innere Verwaltung;111;Verwaltungssteuerung und -Service;111070;Informationstechnik (IT);50;11;Personalaufwendungen;;;190.911,60;256.000;334.300;344.300;354.700;365.400
1;Zentrale Verwaltung;11;Innere Verwaltung;111;Verwaltungssteuerung und -Service;111070;Informationstechnik (IT);50;11;Personalaufwendungen;501200;Entgelte an ArbeitnehmerInnen;151.368,73;195.300;260.700;268.500;276.600;284.900
1;Zentrale Verwaltung;11;Innere Verwaltung;111;Verwaltungssteuerung und -Service;111070;Informationstechnik (IT);50;11;Personalaufwendungen;502200;Zusatzversicherung ArbeitnehmerInnen;10.108,76;18.400;21.200;21.800;22.500;23.200
1;Zentrale Verwaltung;11;Innere Verwaltung;111;Verwaltungssteuerung und -Service;111070;Informationstechnik (IT);50;11;Personalaufwendungen;503200;Beiträge gesetzliche Sozialversicherung ArbeitnehmerInnen;29.434,11;42.300;52.400;54.000;55.600;57.300
1;Zentrale Verwaltung;11;Innere Verwaltung;111;Verwaltungssteuerung und -Service;111070;Informationstechnik (IT);51;12;Versorgungsaufwendungen;;;0,00;0;0;0;0;0
1;Zentrale Verwaltung;11;Innere Verwaltung;111;Verwaltungssteuerung und -Service;111070;Informationstechnik (IT);52;13;Aufwendungen für Sach- u. Dienstleistungen;;;0,00;0;0;0;0;0
1;Zentrale Verwaltung;11;Innere Verwaltung;111;Verwaltungssteuerung und -Service;111070;Informationstechnik (IT);57;14;bilanzielle Abschreibungen;;;0,00;0;0;0;0;0
1;Zentrale Verwaltung;11;Innere Verwaltung;111;Verwaltungssteuerung und -Service;111070;Informationstechnik (IT);53;15;Transferaufwendungen;;;0,00;0;0;0;0;0
1;Zentrale Verwaltung;11;Innere Verwaltung;111;Verwaltungssteuerung und -Service;111070;Informationstechnik (IT);54;16;sonstige Aufwendungen;;;0,00;0;0;0;0;0
1;Zentrale Verwaltung;11;Innere Verwaltung;111;Verwaltungssteuerung und -Service;111070;Informationstechnik (IT);;17;davon: Verfügungsmittel;;;0,00;0;0;0;0;0
1;Zentrale Verwaltung;11;Innere Verwaltung;111;Verwaltungssteuerung und -Service;111070;Informationstechnik (IT);;18;Aufwendungen;;;190.911,60;256.000;334.300;344.300;354.700;365.400
1;Zentrale Verwaltung;11;Innere Verwaltung;111;Verwaltungssteuerung und -Service;111070;Informationstechnik (IT);;19;Ergebnis der laufenden Verwaltungstätigkeit;;;-190.911,60;-256.000;-334.300;-344.300;-354.700;-365.400
1;Zentrale Verwaltung;11;Innere Verwaltung;111;Verwaltungssteuerung und -Service;111070;Informationstechnik (IT);46;20;Finanzerträge;;;0,00;0;0;0;0;0
1;Zentrale Verwaltung;11;Innere Verwaltung;111;Verwaltungssteuerung und -Service;111070;Informationstechnik (IT);55;21;Zinsen und sonstige Finanzaufwendungen;;;0,00;0;0;0;0;0
1;Zentrale Verwaltung;11;Innere Verwaltung;111;Verwaltungssteuerung und -Service;111070;Informationstechnik (IT);;22;Finanzergebnis;;;0,00;0;0;0;0;0
1;Zentrale Verwaltung;11;Innere Verwaltung;111;Verwaltungssteuerung und -Service;111070;Informationstechnik (IT);;23;Ergebnis vor Berücksichtigung der internen Leistungsbeziehungen;;;-190.911,60;-256.000;-334.300;-344.300;-354.700;-365.400
1;Zentrale Verwaltung;11;Innere Verwaltung;111;Verwaltungssteuerung und -Service;111070;Informationstechnik (IT);48;24;Erträge aus internen Leistungsbeziehungen;;;0,00;0;0;0;0;0
1;Zentrale Verwaltung;11;Innere Verwaltung;111;Verwaltungssteuerung und -Service;111070;Informationstechnik (IT);58;25;Aufwendungen aus internen Leistungsbeziehungen;;;0,00;0;0;0;0;0
1;Zentrale Verwaltung;11;Innere Verwaltung;111;Verwaltungssteuerung und -Service;111070;Informationstechnik (IT);;26;Ergebnis;;;-190.911,60;-256.000;-334.300;-344.300;-354.700;-365.400
1;Zentrale Verwaltung;11;Innere Verwaltung;111;Verwaltungssteuerung und -Service;111080;Einrichtungen für die gesamte Verwaltung;40;1;Steuern und ähnliche Abgaben;;;0,00;0;0;0;0;0
1;Zentrale Verwaltung;11;Innere Verwaltung;111;Verwaltungssteuerung und -Service;111080;Einrichtungen für die gesamte Verwaltung;41;2;Zuwendungen und allgemeine Umlagen;;;3.402,39;3.400;12.900;12.800;12.800;12.800
1;Zentrale Verwaltung;11;Innere Verwaltung;111;Verwaltungssteuerung und -Service;111080;Einrichtungen für die gesamte Verwaltung;41;2;Zuwendungen und allgemeine Umlagen;416200;Erträge aus der Auflösung von Sonderposten aus Zuweisungen;3.402,39;3.400;12.900;12.800;12.800;12.800
1;Zentrale Verwaltung;11;Innere Verwaltung;111;Verwaltungssteuerung und -Service;111080;Einrichtungen für die gesamte Verwaltung;42;3;sonstige Transfererträge;;;0,00;0;0;0;0;0
1;Zentrale Verwaltung;11;Innere Verwaltung;111;Verwaltungssteuerung und -Service;111080;Einrichtungen für die gesamte Verwaltung;43;4;öffentlich-rechtliche Leistungsentgelte;;;50,00;300;300;300;300;300
1;Zentrale Verwaltung;11;Innere Verwaltung;111;Verwaltungssteuerung und -Service;111080;Einrichtungen für die gesamte Verwaltung;43;4;öffentlich-rechtliche Leistungsentgelte;431100;Verwaltungsgebühren;50,00;300;300;300;300;300
1;Zentrale Verwaltung;11;Innere Verwaltung;111;Verwaltungssteuerung und -Service;111080;Einrichtungen für die gesamte Verwaltung;441, 442, 446;5;privatrechtliche Leistungsentgelte;;;9.215,17;2.400;3.000;3.000;3.000;3.000
1;Zentrale Verwaltung;11;Innere Verwaltung;111;Verwaltungssteuerung und -Service;111080;Einrichtungen für die gesamte Verwaltung;441, 442, 446;5;privatrechtliche Leistungsentgelte;446100;Ersatzleistungen für Schadenfälle;4.018,48;0;0;0;0;0
1;Zentrale Verwaltung;11;Innere Verwaltung;111;Verwaltungssteuerung und -Service;111080;Einrichtungen für die gesamte Verwaltung;441, 442, 446;5;privatrechtliche Leistungsentgelte;446110;Sonstige privatrechtliche Leistungsentgelte;5.196,69;2.400;3.000;3.000;3.000;3.000
1;Zentrale Verwaltung;11;Innere Verwaltung;111;Verwaltungssteuerung und -Service;111080;Einrichtungen für die gesamte Verwaltung;448;6;Kostenerstattungen und Kostenumlagen;;;85,46;0;16.600;17.100;17.600;18.100
1;Zentrale Verwaltung;11;Innere Verwaltung;111;Verwaltungssteuerung und -Service;111080;Einrichtungen für die gesamte Verwaltung;448;6;Kostenerstattungen und Kostenumlagen;448310;Erstattung vom Schulverband für IT-Förderzentrum;0,00;0;16.600;17.100;17.600;18.100
1;Zentrale Verwaltung;11;Innere Verwaltung;111;Verwaltungssteuerung und -Service;111080;Einrichtungen für die gesamte Verwaltung;448;6;Kostenerstattungen und Kostenumlagen;448500;Erstattung Stadtwerke;85,46;0;0;0;0;0
1;Zentrale Verwaltung;11;Innere Verwaltung;111;Verwaltungssteuerung und -Service;111080;Einrichtungen für die gesamte Verwaltung;45;7;sonstige Erträge;;;43,75;0;0;0;0;0
1;Zentrale Verwaltung;11;Innere Verwaltung;111;Verwaltungssteuerung und -Service;111080;Einrichtungen für die gesamte Verwaltung;45;7;sonstige Erträge;457300;Erträge aus der Auflösung von sonstigen Sonderposten;43,75;0;0;0;0;0
1;Zentrale Verwaltung;11;Innere Verwaltung;111;Verwaltungssteuerung und -Service;111080;Einrichtungen für die gesamte Verwaltung;471;8;aktivierte Eigenleistungen;;;0,00;0;0;0;0;0
1;Zentrale Verwaltung;11;Innere Verwaltung;111;Verwaltungssteuerung und -Service;111080;Einrichtungen für die gesamte Verwaltung;472;9;Bestandsveränderungen;;;0,00;0;0;0;0;0
1;Zentrale Verwaltung;11;Innere Verwaltung;111;Verwaltungssteuerung und -Service;111080;Einrichtungen für die gesamte Verwaltung;;10;Erträge;;;12.796,77;6.100;32.800;33.200;33.700;34.200
1;Zentrale Verwaltung;11;Innere Verwaltung;111;Verwaltungssteuerung und -Service;111080;Einrichtungen für die gesamte Verwaltung;50;11;Personalaufwendungen;;;37.600,11;119.800;24.000;24.700;25.400;26.100
1;Zentrale Verwaltung;11;Innere Verwaltung;111;Verwaltungssteuerung und -Service;111080;Einrichtungen für die gesamte Verwaltung;50;11;Personalaufwendungen;501100;Beamtenbezüge;7.129,87;0;0;0;0;0
1;Zentrale Verwaltung;11;Innere Verwaltung;111;Verwaltungssteuerung und -Service;111080;Einrichtungen für die gesamte Verwaltung;50;11;Personalaufwendungen;501200;Entgelte an ArbeitnehmerInnen;20.968,22;90.800;18.600;19.200;19.800;20.400
1;Zentrale Verwaltung;11;Innere Verwaltung;111;Verwaltungssteuerung und -Service;111080;Einrichtungen für die gesamte Verwaltung;50;11;Personalaufwendungen;502100;VAK Beamte;3.162,14;0;0;0;0;0
1;Zentrale Verwaltung;11;Innere Verwaltung;111;Verwaltungssteuerung und -Service;111080;Einrichtungen für die gesamte Verwaltung;50;11;Personalaufwendungen;502200;Zusatzversicherung ArbeitnehmerInnen;1.372,63;8.500;1.600;1.600;1.600;1.600
1;Zentrale Verwaltung;11;Innere Verwaltung;111;Verwaltungssteuerung und -Service;111080;Einrichtungen für die gesamte Verwaltung;50;11;Personalaufwendungen;503200;Beiträge gesetzliche Sozialversicherung ArbeitnehmerInnen;4.236,69;19.900;3.800;3.900;4.000;4.100
1;Zentrale Verwaltung;11;Innere Verwaltung;111;Verwaltungssteuerung und -Service;111080;Einrichtungen für die gesamte Verwaltung;50;11;Personalaufwendungen;504100;Beihilfen;730,56;600;0;0;0;0
1;Zentrale Verwaltung;11;Innere Verwaltung;111;Verwaltungssteuerung und -Service;111080;Einrichtungen für die gesamte Verwaltung;51;12;Versorgungsaufwendungen;;;0,00;0;0;0;0;0
1;Zentrale Verwaltung;11;Innere Verwaltung;111;Verwaltungssteuerung und -Service;111080;Einrichtungen für die gesamte Verwaltung;52;13;Aufwendungen für Sach- u. Dienstleistungen;;;234.251,15;301.900;307.000;316.000;328.300;341.200
1;Zentrale Verwaltung;11;Innere Verwaltung;111;Verwaltungssteuerung und -Service;111080;Einrichtungen für die gesamte Verwaltung;52;13;Aufwendungen für Sach- u. Dienstleistungen;521100;Unterhaltung der Grundstücke und baulichen Anlagen;24.334,63;67.400;68.400;66.900;68.200;69.600
1;Zentrale Verwaltung;11;Innere Verwaltung;111;Verwaltungssteuerung und -Service;111080;Einrichtungen für die gesamte Verwaltung;52;13;Aufwendungen für Sach- u. Dienstleistungen;523110;Miete IT;0,00;17.000;18.000;18.000;18.000;18.000
1;Zentrale Verwaltung;11;Innere Verwaltung;111;Verwaltungssteuerung und -Service;111080;Einrichtungen für die gesamte Verwaltung;52;13;Aufwendungen für Sach- u. Dienstleistungen;524110;Heizungskosten;618,33;900;900;900;900;900
1;Zentrale Verwaltung;11;Innere Verwaltung;111;Verwaltungssteuerung und -Service;111080;Einrichtungen für die gesamte Verwaltung;52;13;Aufwendungen für Sach- u. Dienstleistungen;524120;Reinigungskosten;14,37;5.100;100;100;100;100
1;Zentrale Verwaltung;11;Innere Verwaltung;111;Verwaltungssteuerung und -Service;111080;Einrichtungen für die gesamte Verwaltung;52;13;Aufwendungen für Sach- u. Dienstleistungen;524130;Wasserversorgung, Strom, Abwasser;511,77;800;800;800;800;800
1;Zentrale Verwaltung;11;Innere Verwaltung;111;Verwaltungssteuerung und -Service;111080;Einrichtungen für die gesamte Verwaltung;52;13;Aufwendungen für Sach- u. Dienstleistungen;524140;Gebäudeversicherungen;764,78;800;900;900;900;900
1;Zentrale Verwaltung;11;Innere Verwaltung;111;Verwaltungssteuerung und -Service;111080;Einrichtungen für die gesamte Verwaltung;52;13;Aufwendungen für Sach- u. Dienstleistungen;524150;Steuern und Abgaben;43,28;100;100;100;100;100
1;Zentrale Verwaltung;11;Innere Verwaltung;111;Verwaltungssteuerung und -Service;111080;Einrichtungen für die gesamte Verwaltung;52;13;Aufwendungen für Sach- u. Dienstleistungen;524160;sonstige Bewirtschaftungskosten;33,50;200;300;300;300;300
1;Zentrale Verwaltung;11;Innere Verwaltung;111;Verwaltungssteuerung und -Service;111080;Einrichtungen für die gesamte Verwaltung;52;13;Aufwendungen für Sach- u. Dienstleistungen;525100;Haltung von Fahrzeugen;5.105,21;5.100;5.700;6.000;6.300;6.600
1;Zentrale Verwaltung;11;Innere Verwaltung;111;Verwaltungssteuerung und -Service;111080;Einrichtungen für die gesamte Verwaltung;52;13;Aufwendungen für Sach- u. Dienstleistungen;527100;Besondere Verwaltungs- und Betriebsaufwendungen;14.321,39;4.200;4.200;4.200;4.200;4.200
1;Zentrale Verwaltung;11;Innere Verwaltung;111;Verwaltungssteuerung und -Service;111080;Einrichtungen für die gesamte Verwaltung;52;13;Aufwendungen für Sach- u. Dienstleistungen;527110;IT-Bedarf;185.966,21;196.000;203.300;213.500;224.200;235.400
1;Zentrale Verwaltung;11;Innere Verwaltung;111;Verwaltungssteuerung und -Service;111080;Einrichtungen für die gesamte Verwaltung;52;13;Aufwendungen für Sach- u. Dienstleistungen;527120;Prüfung elektrische Geräte;2.537,68;4.300;4.300;4.300;4.300;4.300
1;Zentrale Verwaltung;11;Innere Verwaltung;111;Verwaltungssteuerung und -Service;111080;Einrichtungen für die gesamte Verwaltung;57;14;bilanzielle Abschreibungen;;;98.234,81;111.200;134.400;133.800;114.300;99.600
1;Zentrale Verwaltung;11;Innere Verwaltung;111;Verwaltungssteuerung und -Service;111080;Einrichtungen für die gesamte Verwaltung;57;14;bilanzielle Abschreibungen;571100;Abschreibungen auf immaterielle Vermögensgegenstände und Sachanlagen;98.234,81;111.200;134.400;133.800;114.300;99.600
1;Zentrale Verwaltung;11;Innere Verwaltung;111;Verwaltungssteuerung und -Service;111080;Einrichtungen für die gesamte Verwaltung;53;15;Transferaufwendungen;;;0,00;0;0;0;0;0
1;Zentrale Verwaltung;11;Innere Verwaltung;111;Verwaltungssteuerung und -Service;111080;Einrichtungen für die gesamte Verwaltung;54;16;sonstige Aufwendungen;;;112.958,13;141.300;172.600;145.300;146.300;147.900
1;Zentrale Verwaltung;11;Innere Verwaltung;111;Verwaltungssteuerung und -Service;111080;Einrichtungen für die gesamte Verwaltung;54;16;sonstige Aufwendungen;542910;Mitgliedsbeiträge;22.568,35;22.800;22.800;22.800;22.800;22.800
1;Zentrale Verwaltung;11;Innere Verwaltung;111;Verwaltungssteuerung und -Service;111080;Einrichtungen für die gesamte Verwaltung;54;16;sonstige Aufwendungen;543100;Bürobedarf;13.313,22;13.000;13.000;13.000;13.000;13.000
1;Zentrale Verwaltung;11;Innere Verwaltung;111;Verwaltungssteuerung und -Service;111080;Einrichtungen für die gesamte Verwaltung;54;16;sonstige Aufwendungen;543110;Bücher und Zeitschriften;4.281,61;4.000;4.000;4.000;4.000;4.000
1;Zentrale Verwaltung;11;Innere Verwaltung;111;Verwaltungssteuerung und -Service;111080;Einrichtungen für die gesamte Verwaltung;54;16;sonstige Aufwendungen;543120;Postgebühren;17.314,26;19.000;19.000;19.000;19.000;19.000
1;Zentrale Verwaltung;11;Innere Verwaltung;111;Verwaltungssteuerung und -Service;111080;Einrichtungen für die gesamte Verwaltung;54;16;sonstige Aufwendungen;543125;Fernmeldegebühren;13.241,95;14.000;14.000;14.000;14.000;14.000
1;Zentrale Verwaltung;11;Innere Verwaltung;111;Verwaltungssteuerung und -Service;111080;Einrichtungen für die gesamte Verwaltung;54;16;sonstige Aufwendungen;543130;Öffentliche Bekanntmachungen;59,88;100;100;100;100;100
1;Zentrale Verwaltung;11;Innere Verwaltung;111;Verwaltungssteuerung und -Service;111080;Einrichtungen für die gesamte Verwaltung;54;16;sonstige Aufwendungen;543150;Sachverständigen-, Gerichts- u.ä. Kosten;5.441,80;31.000;26.500;18.500;18.500;18.500
1;Zentrale Verwaltung;11;Innere Verwaltung;111;Verwaltungssteuerung und -Service;111080;Einrichtungen für die gesamte Verwaltung;54;16;sonstige Aufwendungen;544110;Versicherung der EDV-Anlage;837,06;900;900;900;900;900
1;Zentrale Verwaltung;11;Innere Verwaltung;111;Verwaltungssteuerung und -Service;111080;Einrichtungen für die gesamte Verwaltung;54;16;sonstige Aufwendungen;545300;Erstattungen Hausmeister-Pool;35.900,00;36.500;72.300;53.000;54.000;55.600
1;Zentrale Verwaltung;11;Innere Verwaltung;111;Verwaltungssteuerung und -Service;111080;Einrichtungen für die gesamte Verwaltung;;17;davon: Verfügungsmittel;;;0,00;0;0;0;0;0
1;Zentrale Verwaltung;11;Innere Verwaltung;111;Verwaltungssteuerung und -Service;111080;Einrichtungen für die gesamte Verwaltung;;18;Aufwendungen;;;483.044,20;674.200;638.000;619.800;614.300;614.800
1;Zentrale Verwaltung;11;Innere Verwaltung;111;Verwaltungssteuerung und -Service;111080;Einrichtungen für die gesamte Verwaltung;;19;Ergebnis der laufenden Verwaltungstätigkeit;;;-470.247,43;-668.100;-605.200;-586.600;-580.600;-580.600
1;Zentrale Verwaltung;11;Innere Verwaltung;111;Verwaltungssteuerung und -Service;111080;Einrichtungen für die gesamte Verwaltung;46;20;Finanzerträge;;;0,00;0;0;0;0;0
1;Zentrale Verwaltung;11;Innere Verwaltung;111;Verwaltungssteuerung und -Service;111080;Einrichtungen für die gesamte Verwaltung;55;21;Zinsen und sonstige Finanzaufwendungen;;;0,00;0;0;0;0;0
1;Zentrale Verwaltung;11;Innere Verwaltung;111;Verwaltungssteuerung und -Service;111080;Einrichtungen für die gesamte Verwaltung;;22;Finanzergebnis;;;0,00;0;0;0;0;0
1;Zentrale Verwaltung;11;Innere Verwaltung;111;Verwaltungssteuerung und -Service;111080;Einrichtungen für die gesamte Verwaltung;;23;Ergebnis vor Berücksichtigung der internen Leistungsbeziehungen;;;-470.247,43;-668.100;-605.200;-586.600;-580.600;-580.600
1;Zentrale Verwaltung;11;Innere Verwaltung;111;Verwaltungssteuerung und -Service;111080;Einrichtungen für die gesamte Verwaltung;48;24;Erträge aus internen Leistungsbeziehungen;;;35.900,00;36.500;72.300;53.000;54.000;55.600
1;Zentrale Verwaltung;11;Innere Verwaltung;111;Verwaltungssteuerung und -Service;111080;Einrichtungen für die gesamte Verwaltung;48;24;Erträge aus internen Leistungsbeziehungen;481100;Erstattung Hausmeisterpool - Innere Verrechnung;35.900,00;36.500;72.300;53.000;54.000;55.600
1;Zentrale Verwaltung;11;Innere Verwaltung;111;Verwaltungssteuerung und -Service;111080;Einrichtungen für die gesamte Verwaltung;58;25;Aufwendungen aus internen Leistungsbeziehungen;;;10.300,00;10.600;21.200;1.300;1.300;1.300
1;Zentrale Verwaltung;11;Innere Verwaltung;111;Verwaltungssteuerung und -Service;111080;Einrichtungen für die gesamte Verwaltung;58;25;Aufwendungen aus internen Leistungsbeziehungen;581100;Aufwendungen für Hausmeisterpool - Innere Verrechnungen;9.000,00;9.300;19.900;0;0;0
1;Zentrale Verwaltung;11;Innere Verwaltung;111;Verwaltungssteuerung und -Service;111080;Einrichtungen für die gesamte Verwaltung;58;25;Aufwendungen aus internen Leistungsbeziehungen;581110;Aufwendungen Kommunaler Service - Innere Verrechnungen;1.300,00;1.300;1.300;1.300;1.300;1.300
1;Zentrale Verwaltung;11;Innere Verwaltung;111;Verwaltungssteuerung und -Service;111080;Einrichtungen für die gesamte Verwaltung;;26;Ergebnis;;;-444.647,43;-642.200;-554.100;-534.900;-527.900;-526.300
1;Zentrale Verwaltung;11;Innere Verwaltung;111;Verwaltungssteuerung und -Service;111090;Einrichtungen für Verwaltungsangehörige;40;1;Steuern und ähnliche Abgaben;;;0,00;0;0;0;0;0
1;Zentrale Verwaltung;11;Innere Verwaltung;111;Verwaltungssteuerung und -Service;111090;Einrichtungen für Verwaltungsangehörige;41;2;Zuwendungen und allgemeine Umlagen;;;0,00;0;0;0;0;0
1;Zentrale Verwaltung;11;Innere Verwaltung;111;Verwaltungssteuerung und -Service;111090;Einrichtungen für Verwaltungsangehörige;42;3;sonstige Transfererträge;;;0,00;0;0;0;0;0
1;Zentrale Verwaltung;11;Innere Verwaltung;111;Verwaltungssteuerung und -Service;111090;Einrichtungen für Verwaltungsangehörige;43;4;öffentlich-rechtliche Leistungsentgelte;;;0,00;0;0;0;0;0
1;Zentrale Verwaltung;11;Innere Verwaltung;111;Verwaltungssteuerung und -Service;111090;Einrichtungen für Verwaltungsangehörige;441, 442, 446;5;privatrechtliche Leistungsentgelte;;;0,00;0;0;0;0;0
1;Zentrale Verwaltung;11;Innere Verwaltung;111;Verwaltungssteuerung und -Service;111090;Einrichtungen für Verwaltungsangehörige;448;6;Kostenerstattungen und Kostenumlagen;;;970,63;0;0;0;0;0
1;Zentrale Verwaltung;11;Innere Verwaltung;111;Verwaltungssteuerung und -Service;111090;Einrichtungen für Verwaltungsangehörige;448;6;Kostenerstattungen und Kostenumlagen;448200;Erstattungen für Fortbildungsmaßnahmen;726,93;0;0;0;0;0
1;Zentrale Verwaltung;11;Innere Verwaltung;111;Verwaltungssteuerung und -Service;111090;Einrichtungen für Verwaltungsangehörige;448;6;Kostenerstattungen und Kostenumlagen;448800;Erstattung;243,70;0;0;0;0;0
1;Zentrale Verwaltung;11;Innere Verwaltung;111;Verwaltungssteuerung und -Service;111090;Einrichtungen für Verwaltungsangehörige;45;7;sonstige Erträge;;;0,00;0;0;0;0;0
1;Zentrale Verwaltung;11;Innere Verwaltung;111;Verwaltungssteuerung und -Service;111090;Einrichtungen für Verwaltungsangehörige;471;8;aktivierte Eigenleistungen;;;0,00;0;0;0;0;0
1;Zentrale Verwaltung;11;Innere Verwaltung;111;Verwaltungssteuerung und -Service;111090;Einrichtungen für Verwaltungsangehörige;472;9;Bestandsveränderungen;;;0,00;0;0;0;0;0
1;Zentrale Verwaltung;11;Innere Verwaltung;111;Verwaltungssteuerung und -Service;111090;Einrichtungen für Verwaltungsangehörige;;10;Erträge;;;970,63;0;0;0;0;0
1;Zentrale Verwaltung;11;Innere Verwaltung;111;Verwaltungssteuerung und -Service;111090;Einrichtungen für Verwaltungsangehörige;50;11;Personalaufwendungen;;;15.898,69;0;0;0;0;0
1;Zentrale Verwaltung;11;Innere Verwaltung;111;Verwaltungssteuerung und -Service;111090;Einrichtungen für Verwaltungsangehörige;50;11;Personalaufwendungen;501200;Entgelte an ArbeitnehmerInnen;12.597,23;0;0;0;0;0
1;Zentrale Verwaltung;11;Innere Verwaltung;111;Verwaltungssteuerung und -Service;111090;Einrichtungen für Verwaltungsangehörige;50;11;Personalaufwendungen;502200;Zusatzversicherung ArbeitnehmerInnen;850,71;0;0;0;0;0
1;Zentrale Verwaltung;11;Innere Verwaltung;111;Verwaltungssteuerung und -Service;111090;Einrichtungen für Verwaltungsangehörige;50;11;Personalaufwendungen;503200;Beiträge gesetzliche Sozialversicherung ArbeitnehmerInnen;2.450,75;0;0;0;0;0
1;Zentrale Verwaltung;11;Innere Verwaltung;111;Verwaltungssteuerung und -Service;111090;Einrichtungen für Verwaltungsangehörige;51;12;Versorgungsaufwendungen;;;0,00;0;0;0;0;0
1;Zentrale Verwaltung;11;Innere Verwaltung;111;Verwaltungssteuerung und -Service;111090;Einrichtungen für Verwaltungsangehörige;52;13;Aufwendungen für Sach- u. Dienstleistungen;;;66.431,54;97.500;99.500;99.000;100.900;103.900
1;Zentrale Verwaltung;11;Innere Verwaltung;111;Verwaltungssteuerung und -Service;111090;Einrichtungen für Verwaltungsangehörige;52;13;Aufwendungen für Sach- u. Dienstleistungen;526200;Aus- und Fortbildung, Umschulung;65.945,82;95.900;95.900;96.900;98.800;101.800
1;Zentrale Verwaltung;11;Innere Verwaltung;111;Verwaltungssteuerung und -Service;111090;Einrichtungen für Verwaltungsangehörige;52;13;Aufwendungen für Sach- u. Dienstleistungen;527100;Arbeitsschutzmaßnahmen;485,72;1.500;3.500;2.000;2.000;2.000
1;Zentrale Verwaltung;11;Innere Verwaltung;111;Verwaltungssteuerung und -Service;111090;Einrichtungen für Verwaltungsangehörige;52;13;Aufwendungen für Sach- u. Dienstleistungen;527183;Besondere Verwaltungs- und Betriebsaufwendungen;0,00;100;100;100;100;100
1;Zentrale Verwaltung;11;Innere Verwaltung;111;Verwaltungssteuerung und -Service;111090;Einrichtungen für Verwaltungsangehörige;57;14;bilanzielle Abschreibungen;;;0,00;0;0;0;0;0
1;Zentrale Verwaltung;11;Innere Verwaltung;111;Verwaltungssteuerung und -Service;111090;Einrichtungen für Verwaltungsangehörige;53;15;Transferaufwendungen;;;0,00;0;0;0;0;0
1;Zentrale Verwaltung;11;Innere Verwaltung;111;Verwaltungssteuerung und -Service;111090;Einrichtungen für Verwaltungsangehörige;54;16;sonstige Aufwendungen;;;6.939,89;7.500;11.600;11.600;11.600;11.600
1;Zentrale Verwaltung;11;Innere Verwaltung;111;Verwaltungssteuerung und -Service;111090;Einrichtungen für Verwaltungsangehörige;54;16;sonstige Aufwendungen;542910;Mitgliedsbeiträge;130,00;200;200;200;200;200
1;Zentrale Verwaltung;11;Innere Verwaltung;111;Verwaltungssteuerung und -Service;111090;Einrichtungen für Verwaltungsangehörige;54;16;sonstige Aufwendungen;543100;Bürobedarf;1.577,19;2.000;1.500;1.500;1.500;1.500
1;Zentrale Verwaltung;11;Innere Verwaltung;111;Verwaltungssteuerung und -Service;111090;Einrichtungen für Verwaltungsangehörige;54;16;sonstige Aufwendungen;543165;Ehrungen, Ehrengeschenke;387,70;400;400;400;400;400
1;Zentrale Verwaltung;11;Innere Verwaltung;111;Verwaltungssteuerung und -Service;111090;Einrichtungen für Verwaltungsangehörige;54;16;sonstige Aufwendungen;544100;Beiträge zur Vermögens- und Haftpflichtversicherung;4.845,00;4.900;9.500;9.500;9.500;9.500
1;Zentrale Verwaltung;11;Innere Verwaltung;111;Verwaltungssteuerung und -Service;111090;Einrichtungen für Verwaltungsangehörige;;17;davon: Verfügungsmittel;;;0,00;0;0;0;0;0
1;Zentrale Verwaltung;11;Innere Verwaltung;111;Verwaltungssteuerung und -Service;111090;Einrichtungen für Verwaltungsangehörige;;18;Aufwendungen;;;89.270,12;105.000;111.100;110.600;112.500;115.500
1;Zentrale Verwaltung;11;Innere Verwaltung;111;Verwaltungssteuerung und -Service;111090;Einrichtungen für Verwaltungsangehörige;;19;Ergebnis der laufenden Verwaltungstätigkeit;;;-88.299,49;-105.000;-111.100;-110.600;-112.500;-115.500
1;Zentrale Verwaltung;11;Innere Verwaltung;111;Verwaltungssteuerung und -Service;111090;Einrichtungen für Verwaltungsangehörige;46;20;Finanzerträge;;;0,00;0;0;0;0;0
1;Zentrale Verwaltung;11;Innere Verwaltung;111;Verwaltungssteuerung und -Service;111090;Einrichtungen für Verwaltungsangehörige;55;21;Zinsen und sonstige Finanzaufwendungen;;;0,00;0;0;0;0;0
1;Zentrale Verwaltung;11;Innere Verwaltung;111;Verwaltungssteuerung und -Service;111090;Einrichtungen für Verwaltungsangehörige;;22;Finanzergebnis;;;0,00;0;0;0;0;0
1;Zentrale Verwaltung;11;Innere Verwaltung;111;Verwaltungssteuerung und -Service;111090;Einrichtungen für Verwaltungsangehörige;;23;Ergebnis vor Berücksichtigung der internen Leistungsbeziehungen;;;-88.299,49;-105.000;-111.100;-110.600;-112.500;-115.500
1;Zentrale Verwaltung;11;Innere Verwaltung;111;Verwaltungssteuerung und -Service;111090;Einrichtungen für Verwaltungsangehörige;48;24;Erträge aus internen Leistungsbeziehungen;;;0,00;0;0;0;0;0
1;Zentrale Verwaltung;11;Innere Verwaltung;111;Verwaltungssteuerung und -Service;111090;Einrichtungen für Verwaltungsangehörige;58;25;Aufwendungen aus internen Leistungsbeziehungen;;;0,00;0;0;0;0;0
1;Zentrale Verwaltung;11;Innere Verwaltung;111;Verwaltungssteuerung und -Service;111090;Einrichtungen für Verwaltungsangehörige;;26;Ergebnis;;;-88.299,49;-105.000;-111.100;-110.600;-112.500;-115.500
1;Zentrale Verwaltung;11;Innere Verwaltung;111;Verwaltungssteuerung und -Service;111100;Bauverwaltung;40;1;Steuern und ähnliche Abgaben;;;0,00;0;0;0;0;0
1;Zentrale Verwaltung;11;Innere Verwaltung;111;Verwaltungssteuerung und -Service;111100;Bauverwaltung;41;2;Zuwendungen und allgemeine Umlagen;;;0,00;0;0;0;0;0
1;Zentrale Verwaltung;11;Innere Verwaltung;111;Verwaltungssteuerung und -Service;111100;Bauverwaltung;42;3;sonstige Transfererträge;;;0,00;0;0;0;0;0
1;Zentrale Verwaltung;11;Innere Verwaltung;111;Verwaltungssteuerung und -Service;111100;Bauverwaltung;43;4;öffentlich-rechtliche Leistungsentgelte;;;4.130,99;2.800;4.500;4.500;4.500;4.500
1;Zentrale Verwaltung;11;Innere Verwaltung;111;Verwaltungssteuerung und -Service;111100;Bauverwaltung;43;4;öffentlich-rechtliche Leistungsentgelte;431100;Verwaltungsgebühren;4.130,99;2.800;4.500;4.500;4.500;4.500
1;Zentrale Verwaltung;11;Innere Verwaltung;111;Verwaltungssteuerung und -Service;111100;Bauverwaltung;441, 442, 446;5;privatrechtliche Leistungsentgelte;;;457,34;2.200;0;0;0;0
1;Zentrale Verwaltung;11;Innere Verwaltung;111;Verwaltungssteuerung und -Service;111100;Bauverwaltung;441, 442, 446;5;privatrechtliche Leistungsentgelte;446100;Erstattung Gerichtskosten;457,34;2.200;0;0;0;0
1;Zentrale Verwaltung;11;Innere Verwaltung;111;Verwaltungssteuerung und -Service;111100;Bauverwaltung;448;6;Kostenerstattungen und Kostenumlagen;;;426,68;100;0;0;0;0
1;Zentrale Verwaltung;11;Innere Verwaltung;111;Verwaltungssteuerung und -Service;111100;Bauverwaltung;448;6;Kostenerstattungen und Kostenumlagen;448500;Erstattung Stadtwerke;426,68;100;0;0;0;0
1;Zentrale Verwaltung;11;Innere Verwaltung;111;Verwaltungssteuerung und -Service;111100;Bauverwaltung;45;7;sonstige Erträge;;;-75,00;0;0;0;0;0
1;Zentrale Verwaltung;11;Innere Verwaltung;111;Verwaltungssteuerung und -Service;111100;Bauverwaltung;45;7;sonstige Erträge;456110;Zwangs-/Bußgelder;-75,00;0;0;0;0;0
1;Zentrale Verwaltung;11;Innere Verwaltung;111;Verwaltungssteuerung und -Service;111100;Bauverwaltung;471;8;aktivierte Eigenleistungen;;;0,00;0;0;0;0;0
1;Zentrale Verwaltung;11;Innere Verwaltung;111;Verwaltungssteuerung und -Service;111100;Bauverwaltung;472;9;Bestandsveränderungen;;;0,00;0;0;0;0;0
1;Zentrale Verwaltung;11;Innere Verwaltung;111;Verwaltungssteuerung und -Service;111100;Bauverwaltung;;10;Erträge;;;4.940,01;5.100;4.500;4.500;4.500;4.500
1;Zentrale Verwaltung;11;Innere Verwaltung;111;Verwaltungssteuerung und -Service;111100;Bauverwaltung;50;11;Personalaufwendungen;;;120.788,80;104.000;176.900;182.100;187.700;193.800
1;Zentrale Verwaltung;11;Innere Verwaltung;111;Verwaltungssteuerung und -Service;111100;Bauverwaltung;50;11;Personalaufwendungen;501200;Entgelte an ArbeitnehmerInnen;76.412,36;66.700;124.000;127.700;131.500;135.400
1;Zentrale Verwaltung;11;Innere Verwaltung;111;Verwaltungssteuerung und -Service;111100;Bauverwaltung;50;11;Personalaufwendungen;502200;Zusatzversicherung ArbeitnehmerInnen;5.141,00;6.200;10.100;10.400;10.700;11.000
1;Zentrale Verwaltung;11;Innere Verwaltung;111;Verwaltungssteuerung und -Service;111100;Bauverwaltung;50;11;Personalaufwendungen;503200;Beiträge gesetzliche Sozialversicherung ArbeitnehmerInnen;14.835,44;14.400;25.000;25.800;26.600;27.400
1;Zentrale Verwaltung;11;Innere Verwaltung;111;Verwaltungssteuerung und -Service;111100;Bauverwaltung;50;11;Personalaufwendungen;505100;Zuführungen zu Pensionsrückstellungen nach beamtenrechtlichen Vorschriften;20.000,00;13.700;14.600;14.900;15.500;16.400
1;Zentrale Verwaltung;11;Innere Verwaltung;111;Verwaltungssteuerung und -Service;111100;Bauverwaltung;50;11;Personalaufwendungen;506100;Zuführungen zur Beihilferückstellung für Beschäftigte;4.400,00;3.000;3.200;3.300;3.400;3.600
1;Zentrale Verwaltung;11;Innere Verwaltung;111;Verwaltungssteuerung und -Service;111100;Bauverwaltung;51;12;Versorgungsaufwendungen;;;0,00;0;0;0;0;0
1;Zentrale Verwaltung;11;Innere Verwaltung;111;Verwaltungssteuerung und -Service;111100;Bauverwaltung;52;13;Aufwendungen für Sach- u. Dienstleistungen;;;17.349,08;18.200;20.300;20.500;20.900;21.400
1;Zentrale Verwaltung;11;Innere Verwaltung;111;Verwaltungssteuerung und -Service;111100;Bauverwaltung;52;13;Aufwendungen für Sach- u. Dienstleistungen;524110;Heizungskosten;3.087,52;3.400;3.800;3.800;3.900;4.000
1;Zentrale Verwaltung;11;Innere Verwaltung;111;Verwaltungssteuerung und -Service;111100;Bauverwaltung;52;13;Aufwendungen für Sach- u. Dienstleistungen;524120;Reinigungskosten;84,23;100;300;300;300;300
1;Zentrale Verwaltung;11;Innere Verwaltung;111;Verwaltungssteuerung und -Service;111100;Bauverwaltung;52;13;Aufwendungen für Sach- u. Dienstleistungen;524130;Wasserversorgung, Strom, Abwasser;2.555,42;2.900;3.300;3.300;3.400;3.500
1;Zentrale Verwaltung;11;Innere Verwaltung;111;Verwaltungssteuerung und -Service;111100;Bauverwaltung;52;13;Aufwendungen für Sach- u. Dienstleistungen;524140;Gebäudeversicherungen;571,70;500;600;600;600;600
1;Zentrale Verwaltung;11;Innere Verwaltung;111;Verwaltungssteuerung und -Service;111100;Bauverwaltung;52;13;Aufwendungen für Sach- u. Dienstleistungen;524150;Steuern und Abgaben;11.050,21;11.200;12.200;12.400;12.600;12.900
1;Zentrale Verwaltung;11;Innere Verwaltung;111;Verwaltungssteuerung und -Service;111100;Bauverwaltung;52;13;Aufwendungen für Sach- u. Dienstleistungen;527100;Besondere Verwaltungs- und Betriebsaufwendungen;0,00;100;100;100;100;100
1;Zentrale Verwaltung;11;Innere Verwaltung;111;Verwaltungssteuerung und -Service;111100;Bauverwaltung;57;14;bilanzielle Abschreibungen;;;0,00;0;0;0;0;0
1;Zentrale Verwaltung;11;Innere Verwaltung;111;Verwaltungssteuerung und -Service;111100;Bauverwaltung;53;15;Transferaufwendungen;;;0,00;0;0;0;0;0
1;Zentrale Verwaltung;11;Innere Verwaltung;111;Verwaltungssteuerung und -Service;111100;Bauverwaltung;54;16;sonstige Aufwendungen;;;53.777,01;34.400;48.500;33.900;40.900;33.900
1;Zentrale Verwaltung;11;Innere Verwaltung;111;Verwaltungssteuerung und -Service;111100;Bauverwaltung;54;16;sonstige Aufwendungen;542900;Vermischte Aufwendungen;0,00;600;600;0;0;0
1;Zentrale Verwaltung;11;Innere Verwaltung;111;Verwaltungssteuerung und -Service;111100;Bauverwaltung;54;16;sonstige Aufwendungen;543100;Bürobedarf;191,38;200;300;300;300;300
1;Zentrale Verwaltung;11;Innere Verwaltung;111;Verwaltungssteuerung und -Service;111100;Bauverwaltung;54;16;sonstige Aufwendungen;543110;Bücher und Zeitschriften;609,99;1.800;1.800;1.800;1.800;1.800
1;Zentrale Verwaltung;11;Innere Verwaltung;111;Verwaltungssteuerung und -Service;111100;Bauverwaltung;54;16;sonstige Aufwendungen;543130;Öffentliche Bekanntmachungen;1.119,24;2.500;2.500;2.500;2.500;2.500
1;Zentrale Verwaltung;11;Innere Verwaltung;111;Verwaltungssteuerung und -Service;111100;Bauverwaltung;54;16;sonstige Aufwendungen;543135;Internet-Bekanntmachungen;880,64;2.500;2.500;2.500;2.500;2.500
1;Zentrale Verwaltung;11;Innere Verwaltung;111;Verwaltungssteuerung und -Service;111100;Bauverwaltung;54;16;sonstige Aufwendungen;543140;Reisekosten;216,10;800;800;800;800;800
1;Zentrale Verwaltung;11;Innere Verwaltung;111;Verwaltungssteuerung und -Service;111100;Bauverwaltung;54;16;sonstige Aufwendungen;543150;Sachverständigen-, Gerichts- u.ä. Kosten;50.759,66;26.000;40.000;26.000;33.000;26.000
1;Zentrale Verwaltung;11;Innere Verwaltung;111;Verwaltungssteuerung und -Service;111100;Bauverwaltung;;17;davon: Verfügungsmittel;;;0,00;0;0;0;0;0
1;Zentrale Verwaltung;11;Innere Verwaltung;111;Verwaltungssteuerung und -Service;111100;Bauverwaltung;;18;Aufwendungen;;;191.914,89;156.600;245.700;236.500;249.500;249.100
1;Zentrale Verwaltung;11;Innere Verwaltung;111;Verwaltungssteuerung und -Service;111100;Bauverwaltung;;19;Ergebnis der laufenden Verwaltungstätigkeit;;;-186.974,88;-151.500;-241.200;-232.000;-245.000;-244.600
1;Zentrale Verwaltung;11;Innere Verwaltung;111;Verwaltungssteuerung und -Service;111100;Bauverwaltung;46;20;Finanzerträge;;;0,00;0;0;0;0;0
1;Zentrale Verwaltung;11;Innere Verwaltung;111;Verwaltungssteuerung und -Service;111100;Bauverwaltung;55;21;Zinsen und sonstige Finanzaufwendungen;;;0,00;0;0;0;0;0
1;Zentrale Verwaltung;11;Innere Verwaltung;111;Verwaltungssteuerung und -Service;111100;Bauverwaltung;;22;Finanzergebnis;;;0,00;0;0;0;0;0
1;Zentrale Verwaltung;11;Innere Verwaltung;111;Verwaltungssteuerung und -Service;111100;Bauverwaltung;;23;Ergebnis vor Berücksichtigung der internen Leistungsbeziehungen;;;-186.974,88;-151.500;-241.200;-232.000;-245.000;-244.600
1;Zentrale Verwaltung;11;Innere Verwaltung;111;Verwaltungssteuerung und -Service;111100;Bauverwaltung;48;24;Erträge aus internen Leistungsbeziehungen;;;0,00;0;0;0;0;0
1;Zentrale Verwaltung;11;Innere Verwaltung;111;Verwaltungssteuerung und -Service;111100;Bauverwaltung;58;25;Aufwendungen aus internen Leistungsbeziehungen;;;0,00;0;0;0;0;0
1;Zentrale Verwaltung;11;Innere Verwaltung;111;Verwaltungssteuerung und -Service;111100;Bauverwaltung;;26;Ergebnis;;;-186.974,88;-151.500;-241.200;-232.000;-245.000;-244.600
1;Zentrale Verwaltung;11;Innere Verwaltung;111;Verwaltungssteuerung und -Service;111110;Liegenschaftsverwaltung;40;1;Steuern und ähnliche Abgaben;;;0,00;0;0;0;0;0
1;Zentrale Verwaltung;11;Innere Verwaltung;111;Verwaltungssteuerung und -Service;111110;Liegenschaftsverwaltung;41;2;Zuwendungen und allgemeine Umlagen;;;14.639,96;14.400;14.400;14.400;14.400;14.400
1;Zentrale Verwaltung;11;Innere Verwaltung;111;Verwaltungssteuerung und -Service;111110;Liegenschaftsverwaltung;41;2;Zuwendungen und allgemeine Umlagen;414100;Zuweisung vom Land;1.066,92;1.000;1.000;1.000;1.000;1.000
1;Zentrale Verwaltung;11;Innere Verwaltung;111;Verwaltungssteuerung und -Service;111110;Liegenschaftsverwaltung;41;2;Zuwendungen und allgemeine Umlagen;416100;Erträge aus der Auflösung von Sonderposten aus Zuschüssen;1.585,87;1.500;1.500;1.500;1.500;1.500
1;Zentrale Verwaltung;11;Innere Verwaltung;111;Verwaltungssteuerung und -Service;111110;Liegenschaftsverwaltung;41;2;Zuwendungen und allgemeine Umlagen;416200;Erträge aus der Auflösung von Sonderposten aus Zuweisungen;11.987,17;11.900;11.900;11.900;11.900;11.900
1;Zentrale Verwaltung;11;Innere Verwaltung;111;Verwaltungssteuerung und -Service;111110;Liegenschaftsverwaltung;42;3;sonstige Transfererträge;;;0,00;0;0;0;0;0
1;Zentrale Verwaltung;11;Innere Verwaltung;111;Verwaltungssteuerung und -Service;111110;Liegenschaftsverwaltung;43;4;öffentlich-rechtliche Leistungsentgelte;;;0,00;0;0;0;0;0
1;Zentrale Verwaltung;11;Innere Verwaltung;111;Verwaltungssteuerung und -Service;111110;Liegenschaftsverwaltung;441, 442, 446;5;privatrechtliche Leistungsentgelte;;;81.890,77;50.800;49.200;49.200;49.200;49.200
1;Zentrale Verwaltung;11;Innere Verwaltung;111;Verwaltungssteuerung und -Service;111110;Liegenschaftsverwaltung;441, 442, 446;5;privatrechtliche Leistungsentgelte;441100;Mieten und Pachten;65.895,76;35.100;33.500;33.500;33.500;33.500
1;Zentrale Verwaltung;11;Innere Verwaltung;111;Verwaltungssteuerung und -Service;111110;Liegenschaftsverwaltung;441, 442, 446;5;privatrechtliche Leistungsentgelte;441110;Erbbauzinsen;15.995,01;15.700;15.700;15.700;15.700;15.700
1;Zentrale Verwaltung;11;Innere Verwaltung;111;Verwaltungssteuerung und -Service;111110;Liegenschaftsverwaltung;448;6;Kostenerstattungen und Kostenumlagen;;;301,42;100;0;0;0;0
1;Zentrale Verwaltung;11;Innere Verwaltung;111;Verwaltungssteuerung und -Service;111110;Liegenschaftsverwaltung;448;6;Kostenerstattungen und Kostenumlagen;448500;Erstattung Stadtwerke;301,42;100;0;0;0;0
1;Zentrale Verwaltung;11;Innere Verwaltung;111;Verwaltungssteuerung und -Service;111110;Liegenschaftsverwaltung;45;7;sonstige Erträge;;;88.275,15;200;200;200;200;200
1;Zentrale Verwaltung;11;Innere Verwaltung;111;Verwaltungssteuerung und -Service;111110;Liegenschaftsverwaltung;45;7;sonstige Erträge;454100;Erträge aus der Veräußerung von Grundstücken und Gebäuden;88.035,13;0;0;0;0;0
1;Zentrale Verwaltung;11;Innere Verwaltung;111;Verwaltungssteuerung und -Service;111110;Liegenschaftsverwaltung;45;7;sonstige Erträge;457300;Erträge aus der Auflösung von sonstigen Sonderposten;240,02;200;200;200;200;200
1;Zentrale Verwaltung;11;Innere Verwaltung;111;Verwaltungssteuerung und -Service;111110;Liegenschaftsverwaltung;471;8;aktivierte Eigenleistungen;;;0,00;0;0;0;0;0
1;Zentrale Verwaltung;11;Innere Verwaltung;111;Verwaltungssteuerung und -Service;111110;Liegenschaftsverwaltung;472;9;Bestandsveränderungen;;;0,00;0;0;0;0;0
1;Zentrale Verwaltung;11;Innere Verwaltung;111;Verwaltungssteuerung und -Service;111110;Liegenschaftsverwaltung;;10;Erträge;;;185.107,30;65.500;63.800;63.800;63.800;63.800
1;Zentrale Verwaltung;11;Innere Verwaltung;111;Verwaltungssteuerung und -Service;111110;Liegenschaftsverwaltung;50;11;Personalaufwendungen;;;108.386,59;104.100;109.300;112.300;116.000;120.200
1;Zentrale Verwaltung;11;Innere Verwaltung;111;Verwaltungssteuerung und -Service;111110;Liegenschaftsverwaltung;50;11;Personalaufwendungen;501100;Beamtenbezüge;50.392,76;50.700;51.000;52.500;54.100;55.700
1;Zentrale Verwaltung;11;Innere Verwaltung;111;Verwaltungssteuerung und -Service;111110;Liegenschaftsverwaltung;50;11;Personalaufwendungen;502100;VAK Beamte;24.241,11;28.600;31.500;32.400;33.400;34.400
1;Zentrale Verwaltung;11;Innere Verwaltung;111;Verwaltungssteuerung und -Service;111110;Liegenschaftsverwaltung;50;11;Personalaufwendungen;503200;Beiträge gesetzliche Sozialversicherung ArbeitnehmerInnen;0,00;500;0;0;0;0
1;Zentrale Verwaltung;11;Innere Verwaltung;111;Verwaltungssteuerung und -Service;111110;Liegenschaftsverwaltung;50;11;Personalaufwendungen;504100;Beihilfen;3.652,72;3.200;4.900;5.000;5.200;5.400
1;Zentrale Verwaltung;11;Innere Verwaltung;111;Verwaltungssteuerung und -Service;111110;Liegenschaftsverwaltung;50;11;Personalaufwendungen;505100;Zuführungen zu Pensionsrückstellungen nach beamtenrechtlichen Vorschriften;24.700,00;17.300;18.000;18.400;19.100;20.200
1;Zentrale Verwaltung;11;Innere Verwaltung;111;Verwaltungssteuerung und -Service;111110;Liegenschaftsverwaltung;50;11;Personalaufwendungen;506100;Zuführungen zur Beihilferückstellung für Beschäftigte;5.400,00;3.800;3.900;4.000;4.200;4.500
1;Zentrale Verwaltung;11;Innere Verwaltung;111;Verwaltungssteuerung und -Service;111110;Liegenschaftsverwaltung;51;12;Versorgungsaufwendungen;;;0,00;0;0;0;0;0
1;Zentrale Verwaltung;11;Innere Verwaltung;111;Verwaltungssteuerung und -Service;111110;Liegenschaftsverwaltung;52;13;Aufwendungen für Sach- u. Dienstleistungen;;;3.419,79;14.400;14.400;14.400;14.400;14.600
1;Zentrale Verwaltung;11;Innere Verwaltung;111;Verwaltungssteuerung und -Service;111110;Liegenschaftsverwaltung;52;13;Aufwendungen für Sach- u. Dienstleistungen;523110;Mieten und Pachten;1.200,00;11.200;11.200;11.200;11.200;11.300
1;Zentrale Verwaltung;11;Innere Verwaltung;111;Verwaltungssteuerung und -Service;111110;Liegenschaftsverwaltung;52;13;Aufwendungen für Sach- u. Dienstleistungen;524120;Reinigungskosten;0,00;100;100;100;100;100
1;Zentrale Verwaltung;11;Innere Verwaltung;111;Verwaltungssteuerung und -Service;111110;Liegenschaftsverwaltung;52;13;Aufwendungen für Sach- u. Dienstleistungen;524125;Fremdreinigung;167,38;400;300;300;300;300
1;Zentrale Verwaltung;11;Innere Verwaltung;111;Verwaltungssteuerung und -Service;111110;Liegenschaftsverwaltung;52;13;Aufwendungen für Sach- u. Dienstleistungen;524130;Wasserversorgung, Strom, Abwasser;1.500,91;1.700;1.700;1.700;1.700;1.800
1;Zentrale Verwaltung;11;Innere Verwaltung;111;Verwaltungssteuerung und -Service;111110;Liegenschaftsverwaltung;52;13;Aufwendungen für Sach- u. Dienstleistungen;524140;Gebäudeversicherungen;43,80;100;100;100;100;100
1;Zentrale Verwaltung;11;Innere Verwaltung;111;Verwaltungssteuerung und -Service;111110;Liegenschaftsverwaltung;52;13;Aufwendungen für Sach- u. Dienstleistungen;524150;Steuern und Abgaben;507,70;700;800;800;800;800
1;Zentrale Verwaltung;11;Innere Verwaltung;111;Verwaltungssteuerung und -Service;111110;Liegenschaftsverwaltung;52;13;Aufwendungen für Sach- u. Dienstleistungen;524160;sonstige Bewirtschaftungskosten;0,00;200;200;200;200;200
1;Zentrale Verwaltung;11;Innere Verwaltung;111;Verwaltungssteuerung und -Service;111110;Liegenschaftsverwaltung;57;14;bilanzielle Abschreibungen;;;46.611,84;33.900;39.600;36.100;36.100;34.800
1;Zentrale Verwaltung;11;Innere Verwaltung;111;Verwaltungssteuerung und -Service;111110;Liegenschaftsverwaltung;57;14;bilanzielle Abschreibungen;571100;Abschreibungen auf immaterielle Vermögensgegenstände und Sachanlagen;33.727,50;28.100;33.800;30.300;30.300;30.300
1;Zentrale Verwaltung;11;Innere Verwaltung;111;Verwaltungssteuerung und -Service;111110;Liegenschaftsverwaltung;57;14;bilanzielle Abschreibungen;573100;Abschreibungen auf das Umlaufvermögen;7.139,93;0;0;0;0;0
1;Zentrale Verwaltung;11;Innere Verwaltung;111;Verwaltungssteuerung und -Service;111110;Liegenschaftsverwaltung;57;14;bilanzielle Abschreibungen;574100;Abschreibungen auf geleistete Zuwendungen;5.744,41;5.800;5.800;5.800;5.800;4.500
1;Zentrale Verwaltung;11;Innere Verwaltung;111;Verwaltungssteuerung und -Service;111110;Liegenschaftsverwaltung;53;15;Transferaufwendungen;;;0,00;0;0;0;0;0
1;Zentrale Verwaltung;11;Innere Verwaltung;111;Verwaltungssteuerung und -Service;111110;Liegenschaftsverwaltung;54;16;sonstige Aufwendungen;;;3.877,94;5.100;5.100;5.100;5.100;5.100
1;Zentrale Verwaltung;11;Innere Verwaltung;111;Verwaltungssteuerung und -Service;111110;Liegenschaftsverwaltung;54;16;sonstige Aufwendungen;543150;Bewertung von Grundvermögen/Verkaufscourtage;484,45;4.000;4.000;4.000;4.000;4.000
1;Zentrale Verwaltung;11;Innere Verwaltung;111;Verwaltungssteuerung und -Service;111110;Liegenschaftsverwaltung;54;16;sonstige Aufwendungen;545800;Erstattung von Vorausleistungen Betriebskosten;3.393,49;1.100;1.100;1.100;1.100;1.100
1;Zentrale Verwaltung;11;Innere Verwaltung;111;Verwaltungssteuerung und -Service;111110;Liegenschaftsverwaltung;;17;davon: Verfügungsmittel;;;0,00;0;0;0;0;0
1;Zentrale Verwaltung;11;Innere Verwaltung;111;Verwaltungssteuerung und -Service;111110;Liegenschaftsverwaltung;;18;Aufwendungen;;;162.296,16;157.500;168.400;167.900;171.600;174.700
1;Zentrale Verwaltung;11;Innere Verwaltung;111;Verwaltungssteuerung und -Service;111110;Liegenschaftsverwaltung;;19;Ergebnis der laufenden Verwaltungstätigkeit;;;22.811,14;-92.000;-104.600;-104.100;-107.800;-110.900
1;Zentrale Verwaltung;11;Innere Verwaltung;111;Verwaltungssteuerung und -Service;111110;Liegenschaftsverwaltung;46;20;Finanzerträge;;;0,00;0;0;0;0;0
1;Zentrale Verwaltung;11;Innere Verwaltung;111;Verwaltungssteuerung und -Service;111110;Liegenschaftsverwaltung;55;21;Zinsen und sonstige Finanzaufwendungen;;;0,00;0;0;0;0;0
1;Zentrale Verwaltung;11;Innere Verwaltung;111;Verwaltungssteuerung und -Service;111110;Liegenschaftsverwaltung;;22;Finanzergebnis;;;0,00;0;0;0;0;0
1;Zentrale Verwaltung;11;Innere Verwaltung;111;Verwaltungssteuerung und -Service;111110;Liegenschaftsverwaltung;;23;Ergebnis vor Berücksichtigung der internen Leistungsbeziehungen;;;22.811,14;-92.000;-104.600;-104.100;-107.800;-110.900
1;Zentrale Verwaltung;11;Innere Verwaltung;111;Verwaltungssteuerung und -Service;111110;Liegenschaftsverwaltung;48;24;Erträge aus internen Leistungsbeziehungen;;;0,00;0;0;0;0;0
1;Zentrale Verwaltung;11;Innere Verwaltung;111;Verwaltungssteuerung und -Service;111110;Liegenschaftsverwaltung;58;25;Aufwendungen aus internen Leistungsbeziehungen;;;5.000,00;5.100;5.700;5.700;5.800;5.900
1;Zentrale Verwaltung;11;Innere Verwaltung;111;Verwaltungssteuerung und -Service;111110;Liegenschaftsverwaltung;58;25;Aufwendungen aus internen Leistungsbeziehungen;581100;Aufwendungen für Hausmeisterpool - Innere Verrechnungen;3.900,00;4.000;4.600;4.600;4.700;4.800
1;Zentrale Verwaltung;11;Innere Verwaltung;111;Verwaltungssteuerung und -Service;111110;Liegenschaftsverwaltung;58;25;Aufwendungen aus internen Leistungsbeziehungen;581110;Aufwendungen Kommunaler Service - Innere Verrechnungen;1.100,00;1.100;1.100;1.100;1.100;1.100
1;Zentrale Verwaltung;11;Innere Verwaltung;111;Verwaltungssteuerung und -Service;111110;Liegenschaftsverwaltung;;26;Ergebnis;;;17.811,14;-97.100;-110.300;-109.800;-113.600;-116.800
1;Zentrale Verwaltung;11;Innere Verwaltung;111;Verwaltungssteuerung und -Service;111120;Gebäudemanagement - Unterhaltung;40;1;Steuern und ähnliche Abgaben;;;0,00;0;0;0;0;0
1;Zentrale Verwaltung;11;Innere Verwaltung;111;Verwaltungssteuerung und -Service;111120;Gebäudemanagement - Unterhaltung;41;2;Zuwendungen und allgemeine Umlagen;;;0,00;0;0;0;0;0
1;Zentrale Verwaltung;11;Innere Verwaltung;111;Verwaltungssteuerung und -Service;111120;Gebäudemanagement - Unterhaltung;42;3;sonstige Transfererträge;;;0,00;0;0;0;0;0
1;Zentrale Verwaltung;11;Innere Verwaltung;111;Verwaltungssteuerung und -Service;111120;Gebäudemanagement - Unterhaltung;43;4;öffentlich-rechtliche Leistungsentgelte;;;0,00;0;0;0;0;0
1;Zentrale Verwaltung;11;Innere Verwaltung;111;Verwaltungssteuerung und -Service;111120;Gebäudemanagement - Unterhaltung;441, 442, 446;5;privatrechtliche Leistungsentgelte;;;0,00;0;0;0;0;0
1;Zentrale Verwaltung;11;Innere Verwaltung;111;Verwaltungssteuerung und -Service;111120;Gebäudemanagement - Unterhaltung;448;6;Kostenerstattungen und Kostenumlagen;;;0,00;0;0;0;0;0
1;Zentrale Verwaltung;11;Innere Verwaltung;111;Verwaltungssteuerung und -Service;111120;Gebäudemanagement - Unterhaltung;45;7;sonstige Erträge;;;0,00;0;0;0;0;0
1;Zentrale Verwaltung;11;Innere Verwaltung;111;Verwaltungssteuerung und -Service;111120;Gebäudemanagement - Unterhaltung;471;8;aktivierte Eigenleistungen;;;0,00;0;0;0;0;0
1;Zentrale Verwaltung;11;Innere Verwaltung;111;Verwaltungssteuerung und -Service;111120;Gebäudemanagement - Unterhaltung;472;9;Bestandsveränderungen;;;0,00;0;0;0;0;0
1;Zentrale Verwaltung;11;Innere Verwaltung;111;Verwaltungssteuerung und -Service;111120;Gebäudemanagement - Unterhaltung;;10;Erträge;;;0,00;0;0;0;0;0
1;Zentrale Verwaltung;11;Innere Verwaltung;111;Verwaltungssteuerung und -Service;111120;Gebäudemanagement - Unterhaltung;50;11;Personalaufwendungen;;;86.785,73;62.400;63.200;64.500;65.800;67.100
1;Zentrale Verwaltung;11;Innere Verwaltung;111;Verwaltungssteuerung und -Service;111120;Gebäudemanagement - Unterhaltung;50;11;Personalaufwendungen;501200;Entgelte an ArbeitnehmerInnen;69.113,32;47.600;49.300;50.300;51.300;52.300
1;Zentrale Verwaltung;11;Innere Verwaltung;111;Verwaltungssteuerung und -Service;111120;Gebäudemanagement - Unterhaltung;50;11;Personalaufwendungen;502200;Zusatzversicherung ArbeitnehmerInnen;4.678,48;4.500;4.000;4.100;4.200;4.300
1;Zentrale Verwaltung;11;Innere Verwaltung;111;Verwaltungssteuerung und -Service;111120;Gebäudemanagement - Unterhaltung;50;11;Personalaufwendungen;503200;Beiträge gesetzliche Sozialversicherung ArbeitnehmerInnen;12.993,93;10.300;9.900;10.100;10.300;10.500
1;Zentrale Verwaltung;11;Innere Verwaltung;111;Verwaltungssteuerung und -Service;111120;Gebäudemanagement - Unterhaltung;51;12;Versorgungsaufwendungen;;;0,00;0;0;0;0;0
1;Zentrale Verwaltung;11;Innere Verwaltung;111;Verwaltungssteuerung und -Service;111120;Gebäudemanagement - Unterhaltung;52;13;Aufwendungen für Sach- u. Dienstleistungen;;;35.160,52;3.700;3.800;3.900;4.000;4.100
1;Zentrale Verwaltung;11;Innere Verwaltung;111;Verwaltungssteuerung und -Service;111120;Gebäudemanagement - Unterhaltung;52;13;Aufwendungen für Sach- u. Dienstleistungen;521100;Unterhaltung der Grundstücke und baulichen Anlagen;35.160,52;3.700;3.800;3.900;4.000;4.100
1;Zentrale Verwaltung;11;Innere Verwaltung;111;Verwaltungssteuerung und -Service;111120;Gebäudemanagement - Unterhaltung;57;14;bilanzielle Abschreibungen;;;0,00;2.000;1.500;1.500;1.500;1.500
1;Zentrale Verwaltung;11;Innere Verwaltung;111;Verwaltungssteuerung und -Service;111120;Gebäudemanagement - Unterhaltung;57;14;bilanzielle Abschreibungen;571100;Abschreibungen auf immaterielle Vermögensgegenstände und Sachanlagen;0,00;2.000;1.500;1.500;1.500;1.500
1;Zentrale Verwaltung;11;Innere Verwaltung;111;Verwaltungssteuerung und -Service;111120;Gebäudemanagement - Unterhaltung;53;15;Transferaufwendungen;;;0,00;0;0;0;0;0
1;Zentrale Verwaltung;11;Innere Verwaltung;111;Verwaltungssteuerung und -Service;111120;Gebäudemanagement - Unterhaltung;54;16;sonstige Aufwendungen;;;0,00;0;0;0;0;0
1;Zentrale Verwaltung;11;Innere Verwaltung;111;Verwaltungssteuerung und -Service;111120;Gebäudemanagement - Unterhaltung;;17;davon: Verfügungsmittel;;;0,00;0;0;0;0;0
1;Zentrale Verwaltung;11;Innere Verwaltung;111;Verwaltungssteuerung und -Service;111120;Gebäudemanagement - Unterhaltung;;18;Aufwendungen;;;121.946,25;68.100;68.500;69.900;71.300;72.700
1;Zentrale Verwaltung;11;Innere Verwaltung;111;Verwaltungssteuerung und -Service;111120;Gebäudemanagement - Unterhaltung;;19;Ergebnis der laufenden Verwaltungstätigkeit;;;-121.946,25;-68.100;-68.500;-69.900;-71.300;-72.700
1;Zentrale Verwaltung;11;Innere Verwaltung;111;Verwaltungssteuerung und -Service;111120;Gebäudemanagement - Unterhaltung;46;20;Finanzerträge;;;0,00;0;0;0;0;0
1;Zentrale Verwaltung;11;Innere Verwaltung;111;Verwaltungssteuerung und -Service;111120;Gebäudemanagement - Unterhaltung;55;21;Zinsen und sonstige Finanzaufwendungen;;;0,00;0;0;0;0;0
1;Zentrale Verwaltung;11;Innere Verwaltung;111;Verwaltungssteuerung und -Service;111120;Gebäudemanagement - Unterhaltung;;22;Finanzergebnis;;;0,00;0;0;0;0;0
1;Zentrale Verwaltung;11;Innere Verwaltung;111;Verwaltungssteuerung und -Service;111120;Gebäudemanagement - Unterhaltung;;23;Ergebnis vor Berücksichtigung der internen Leistungsbeziehungen;;;-121.946,25;-68.100;-68.500;-69.900;-71.300;-72.700
1;Zentrale Verwaltung;11;Innere Verwaltung;111;Verwaltungssteuerung und -Service;111120;Gebäudemanagement - Unterhaltung;48;24;Erträge aus internen Leistungsbeziehungen;;;0,00;0;0;0;0;0
1;Zentrale Verwaltung;11;Innere Verwaltung;111;Verwaltungssteuerung und -Service;111120;Gebäudemanagement - Unterhaltung;58;25;Aufwendungen aus internen Leistungsbeziehungen;;;0,00;0;0;0;0;0
1;Zentrale Verwaltung;11;Innere Verwaltung;111;Verwaltungssteuerung und -Service;111120;Gebäudemanagement - Unterhaltung;;26;Ergebnis;;;-121.946,25;-68.100;-68.500;-69.900;-71.300;-72.700
1;Zentrale Verwaltung;11;Innere Verwaltung;111;Verwaltungssteuerung und -Service;111130;Gebäudemanagement - Bewirtschaftung;40;1;Steuern und ähnliche Abgaben;;;0,00;0;0;0;0;0
1;Zentrale Verwaltung;11;Innere Verwaltung;111;Verwaltungssteuerung und -Service;111130;Gebäudemanagement - Bewirtschaftung;41;2;Zuwendungen und allgemeine Umlagen;;;0,00;0;0;0;0;0
1;Zentrale Verwaltung;11;Innere Verwaltung;111;Verwaltungssteuerung und -Service;111130;Gebäudemanagement - Bewirtschaftung;42;3;sonstige Transfererträge;;;0,00;0;0;0;0;0
1;Zentrale Verwaltung;11;Innere Verwaltung;111;Verwaltungssteuerung und -Service;111130;Gebäudemanagement - Bewirtschaftung;43;4;öffentlich-rechtliche Leistungsentgelte;;;0,00;0;0;0;0;0
1;Zentrale Verwaltung;11;Innere Verwaltung;111;Verwaltungssteuerung und -Service;111130;Gebäudemanagement - Bewirtschaftung;441, 442, 446;5;privatrechtliche Leistungsentgelte;;;0,00;0;0;0;0;0
1;Zentrale Verwaltung;11;Innere Verwaltung;111;Verwaltungssteuerung und -Service;111130;Gebäudemanagement - Bewirtschaftung;448;6;Kostenerstattungen und Kostenumlagen;;;0,00;0;0;0;0;0
1;Zentrale Verwaltung;11;Innere Verwaltung;111;Verwaltungssteuerung und -Service;111130;Gebäudemanagement - Bewirtschaftung;45;7;sonstige Erträge;;;0,00;0;0;0;0;0
1;Zentrale Verwaltung;11;Innere Verwaltung;111;Verwaltungssteuerung und -Service;111130;Gebäudemanagement - Bewirtschaftung;471;8;aktivierte Eigenleistungen;;;0,00;0;0;0;0;0
1;Zentrale Verwaltung;11;Innere Verwaltung;111;Verwaltungssteuerung und -Service;111130;Gebäudemanagement - Bewirtschaftung;472;9;Bestandsveränderungen;;;0,00;0;0;0;0;0
1;Zentrale Verwaltung;11;Innere Verwaltung;111;Verwaltungssteuerung und -Service;111130;Gebäudemanagement - Bewirtschaftung;;10;Erträge;;;0,00;0;0;0;0;0
1;Zentrale Verwaltung;11;Innere Verwaltung;111;Verwaltungssteuerung und -Service;111130;Gebäudemanagement - Bewirtschaftung;50;11;Personalaufwendungen;;;14.193,37;0;48.800;49.900;51.000;52.100
1;Zentrale Verwaltung;11;Innere Verwaltung;111;Verwaltungssteuerung und -Service;111130;Gebäudemanagement - Bewirtschaftung;50;11;Personalaufwendungen;501200;Entgelte an ArbeitnehmerInnen;11.258,84;0;38.000;38.800;39.600;40.400
1;Zentrale Verwaltung;11;Innere Verwaltung;111;Verwaltungssteuerung und -Service;111130;Gebäudemanagement - Bewirtschaftung;50;11;Personalaufwendungen;502200;Zusatzversicherung ArbeitnehmerInnen;716,31;0;3.100;3.200;3.300;3.400
1;Zentrale Verwaltung;11;Innere Verwaltung;111;Verwaltungssteuerung und -Service;111130;Gebäudemanagement - Bewirtschaftung;50;11;Personalaufwendungen;503200;Beiträge gesetzliche Sozialversicherung ArbeitnehmerInnen;2.218,22;0;7.700;7.900;8.100;8.300
1;Zentrale Verwaltung;11;Innere Verwaltung;111;Verwaltungssteuerung und -Service;111130;Gebäudemanagement - Bewirtschaftung;51;12;Versorgungsaufwendungen;;;0,00;0;0;0;0;0
1;Zentrale Verwaltung;11;Innere Verwaltung;111;Verwaltungssteuerung und -Service;111130;Gebäudemanagement - Bewirtschaftung;52;13;Aufwendungen für Sach- u. Dienstleistungen;;;10.242,53;10.700;11.200;11.200;11.200;11.200
1;Zentrale Verwaltung;11;Innere Verwaltung;111;Verwaltungssteuerung und -Service;111130;Gebäudemanagement - Bewirtschaftung;52;13;Aufwendungen für Sach- u. Dienstleistungen;524130;Wasserversorgung, Strom, Abwasser;700,78;800;700;700;700;700
1;Zentrale Verwaltung;11;Innere Verwaltung;111;Verwaltungssteuerung und -Service;111130;Gebäudemanagement - Bewirtschaftung;52;13;Aufwendungen für Sach- u. Dienstleistungen;524140;Gebäudeversicherungen;59,40;200;0;0;0;0
1;Zentrale Verwaltung;11;Innere Verwaltung;111;Verwaltungssteuerung und -Service;111130;Gebäudemanagement - Bewirtschaftung;52;13;Aufwendungen für Sach- u. Dienstleistungen;524150;Steuern und Abgaben;9.482,35;9.500;10.400;10.400;10.400;10.400
1;Zentrale Verwaltung;11;Innere Verwaltung;111;Verwaltungssteuerung und -Service;111130;Gebäudemanagement - Bewirtschaftung;52;13;Aufwendungen für Sach- u. Dienstleistungen;524160;sonstige Bewirtschaftungskosten;0,00;200;100;100;100;100
1;Zentrale Verwaltung;11;Innere Verwaltung;111;Verwaltungssteuerung und -Service;111130;Gebäudemanagement - Bewirtschaftung;57;14;bilanzielle Abschreibungen;;;0,00;0;0;0;0;0
1;Zentrale Verwaltung;11;Innere Verwaltung;111;Verwaltungssteuerung und -Service;111130;Gebäudemanagement - Bewirtschaftung;53;15;Transferaufwendungen;;;0,00;0;0;0;0;0
1;Zentrale Verwaltung;11;Innere Verwaltung;111;Verwaltungssteuerung und -Service;111130;Gebäudemanagement - Bewirtschaftung;54;16;sonstige Aufwendungen;;;0,00;0;0;0;0;0
1;Zentrale Verwaltung;11;Innere Verwaltung;111;Verwaltungssteuerung und -Service;111130;Gebäudemanagement - Bewirtschaftung;;17;davon: Verfügungsmittel;;;0,00;0;0;0;0;0
1;Zentrale Verwaltung;11;Innere Verwaltung;111;Verwaltungssteuerung und -Service;111130;Gebäudemanagement - Bewirtschaftung;;18;Aufwendungen;;;24.435,90;10.700;60.000;61.100;62.200;63.300
1;Zentrale Verwaltung;11;Innere Verwaltung;111;Verwaltungssteuerung und -Service;111130;Gebäudemanagement - Bewirtschaftung;;19;Ergebnis der laufenden Verwaltungstätigkeit;;;-24.435,90;-10.700;-60.000;-61.100;-62.200;-63.300
1;Zentrale Verwaltung;11;Innere Verwaltung;111;Verwaltungssteuerung und -Service;111130;Gebäudemanagement - Bewirtschaftung;46;20;Finanzerträge;;;0,00;0;0;0;0;0
1;Zentrale Verwaltung;11;Innere Verwaltung;111;Verwaltungssteuerung und -Service;111130;Gebäudemanagement - Bewirtschaftung;55;21;Zinsen und sonstige Finanzaufwendungen;;;0,00;0;0;0;0;0
1;Zentrale Verwaltung;11;Innere Verwaltung;111;Verwaltungssteuerung und -Service;111130;Gebäudemanagement - Bewirtschaftung;;22;Finanzergebnis;;;0,00;0;0;0;0;0
1;Zentrale Verwaltung;11;Innere Verwaltung;111;Verwaltungssteuerung und -Service;111130;Gebäudemanagement - Bewirtschaftung;;23;Ergebnis vor Berücksichtigung der internen Leistungsbeziehungen;;;-24.435,90;-10.700;-60.000;-61.100;-62.200;-63.300
1;Zentrale Verwaltung;11;Innere Verwaltung;111;Verwaltungssteuerung und -Service;111130;Gebäudemanagement - Bewirtschaftung;48;24;Erträge aus internen Leistungsbeziehungen;;;0,00;0;0;0;0;0
1;Zentrale Verwaltung;11;Innere Verwaltung;111;Verwaltungssteuerung und -Service;111130;Gebäudemanagement - Bewirtschaftung;58;25;Aufwendungen aus internen Leistungsbeziehungen;;;0,00;0;0;0;0;0
1;Zentrale Verwaltung;11;Innere Verwaltung;111;Verwaltungssteuerung und -Service;111130;Gebäudemanagement - Bewirtschaftung;;26;Ergebnis;;;-24.435,90;-10.700;-60.000;-61.100;-62.200;-63.300
1;Zentrale Verwaltung;11;Innere Verwaltung;111;Verwaltungssteuerung und -Service;111140;Gebäudemanagement - Neubau/Umbau/Sanierung;40;1;Steuern und ähnliche Abgaben;;;0,00;0;0;0;0;0
1;Zentrale Verwaltung;11;Innere Verwaltung;111;Verwaltungssteuerung und -Service;111140;Gebäudemanagement - Neubau/Umbau/Sanierung;41;2;Zuwendungen und allgemeine Umlagen;;;686,96;600;600;600;600;600
1;Zentrale Verwaltung;11;Innere Verwaltung;111;Verwaltungssteuerung und -Service;111140;Gebäudemanagement - Neubau/Umbau/Sanierung;41;2;Zuwendungen und allgemeine Umlagen;416100;Erträge aus der Auflösung von Sonderposten aus Zuschüssen;686,96;600;600;600;600;600
1;Zentrale Verwaltung;11;Innere Verwaltung;111;Verwaltungssteuerung und -Service;111140;Gebäudemanagement - Neubau/Umbau/Sanierung;42;3;sonstige Transfererträge;;;0,00;0;0;0;0;0
1;Zentrale Verwaltung;11;Innere Verwaltung;111;Verwaltungssteuerung und -Service;111140;Gebäudemanagement - Neubau/Umbau/Sanierung;43;4;öffentlich-rechtliche Leistungsentgelte;;;0,00;0;0;0;0;0
1;Zentrale Verwaltung;11;Innere Verwaltung;111;Verwaltungssteuerung und -Service;111140;Gebäudemanagement - Neubau/Umbau/Sanierung;441, 442, 446;5;privatrechtliche Leistungsentgelte;;;0,00;0;0;0;0;0
1;Zentrale Verwaltung;11;Innere Verwaltung;111;Verwaltungssteuerung und -Service;111140;Gebäudemanagement - Neubau/Umbau/Sanierung;448;6;Kostenerstattungen und Kostenumlagen;;;0,00;0;0;0;0;0
1;Zentrale Verwaltung;11;Innere Verwaltung;111;Verwaltungssteuerung und -Service;111140;Gebäudemanagement - Neubau/Umbau/Sanierung;45;7;sonstige Erträge;;;0,00;0;0;0;0;0
1;Zentrale Verwaltung;11;Innere Verwaltung;111;Verwaltungssteuerung und -Service;111140;Gebäudemanagement - Neubau/Umbau/Sanierung;471;8;aktivierte Eigenleistungen;;;0,00;0;0;0;0;0
1;Zentrale Verwaltung;11;Innere Verwaltung;111;Verwaltungssteuerung und -Service;111140;Gebäudemanagement - Neubau/Umbau/Sanierung;472;9;Bestandsveränderungen;;;0,00;0;0;0;0;0
1;Zentrale Verwaltung;11;Innere Verwaltung;111;Verwaltungssteuerung und -Service;111140;Gebäudemanagement - Neubau/Umbau/Sanierung;;10;Erträge;;;686,96;600;600;600;600;600
1;Zentrale Verwaltung;11;Innere Verwaltung;111;Verwaltungssteuerung und -Service;111140;Gebäudemanagement - Neubau/Umbau/Sanierung;50;11;Personalaufwendungen;;;48.759,16;171.600;184.200;187.900;191.600;195.400
1;Zentrale Verwaltung;11;Innere Verwaltung;111;Verwaltungssteuerung und -Service;111140;Gebäudemanagement - Neubau/Umbau/Sanierung;50;11;Personalaufwendungen;501200;Entgelte an ArbeitnehmerInnen;38.672,27;131.000;143.700;146.600;149.500;152.500
1;Zentrale Verwaltung;11;Innere Verwaltung;111;Verwaltungssteuerung und -Service;111140;Gebäudemanagement - Neubau/Umbau/Sanierung;50;11;Personalaufwendungen;502200;Zusatzversicherung ArbeitnehmerInnen;2.632,07;12.300;11.600;11.800;12.000;12.200
1;Zentrale Verwaltung;11;Innere Verwaltung;111;Verwaltungssteuerung und -Service;111140;Gebäudemanagement - Neubau/Umbau/Sanierung;50;11;Personalaufwendungen;503200;Beiträge gesetzliche Sozialversicherung ArbeitnehmerInnen;7.454,82;28.300;28.900;29.500;30.100;30.700
1;Zentrale Verwaltung;11;Innere Verwaltung;111;Verwaltungssteuerung und -Service;111140;Gebäudemanagement - Neubau/Umbau/Sanierung;51;12;Versorgungsaufwendungen;;;0,00;0;0;0;0;0
1;Zentrale Verwaltung;11;Innere Verwaltung;111;Verwaltungssteuerung und -Service;111140;Gebäudemanagement - Neubau/Umbau/Sanierung;52;13;Aufwendungen für Sach- u. Dienstleistungen;;;0,00;0;0;0;0;0
1;Zentrale Verwaltung;11;Innere Verwaltung;111;Verwaltungssteuerung und -Service;111140;Gebäudemanagement - Neubau/Umbau/Sanierung;57;14;bilanzielle Abschreibungen;;;1.373,91;1.400;1.400;1.400;1.400;1.400
1;Zentrale Verwaltung;11;Innere Verwaltung;111;Verwaltungssteuerung und -Service;111140;Gebäudemanagement - Neubau/Umbau/Sanierung;57;14;bilanzielle Abschreibungen;571100;Abschreibungen auf immaterielle Vermögensgegenstände und Sachanlagen;1.373,91;1.400;1.400;1.400;1.400;1.400
1;Zentrale Verwaltung;11;Innere Verwaltung;111;Verwaltungssteuerung und -Service;111140;Gebäudemanagement - Neubau/Umbau/Sanierung;53;15;Transferaufwendungen;;;0,00;0;0;0;0;0
1;Zentrale Verwaltung;11;Innere Verwaltung;111;Verwaltungssteuerung und -Service;111140;Gebäudemanagement - Neubau/Umbau/Sanierung;54;16;sonstige Aufwendungen;;;0,00;0;0;0;0;0
1;Zentrale Verwaltung;11;Innere Verwaltung;111;Verwaltungssteuerung und -Service;111140;Gebäudemanagement - Neubau/Umbau/Sanierung;;17;davon: Verfügungsmittel;;;0,00;0;0;0;0;0
1;Zentrale Verwaltung;11;Innere Verwaltung;111;Verwaltungssteuerung und -Service;111140;Gebäudemanagement - Neubau/Umbau/Sanierung;;18;Aufwendungen;;;50.133,07;173.000;185.600;189.300;193.000;196.800
1;Zentrale Verwaltung;11;Innere Verwaltung;111;Verwaltungssteuerung und -Service;111140;Gebäudemanagement - Neubau/Umbau/Sanierung;;19;Ergebnis der laufenden Verwaltungstätigkeit;;;-49.446,11;-172.400;-185.000;-188.700;-192.400;-196.200
1;Zentrale Verwaltung;11;Innere Verwaltung;111;Verwaltungssteuerung und -Service;111140;Gebäudemanagement - Neubau/Umbau/Sanierung;46;20;Finanzerträge;;;0,00;0;0;0;0;0
1;Zentrale Verwaltung;11;Innere Verwaltung;111;Verwaltungssteuerung und -Service;111140;Gebäudemanagement - Neubau/Umbau/Sanierung;55;21;Zinsen und sonstige Finanzaufwendungen;;;0,00;0;0;0;0;0
1;Zentrale Verwaltung;11;Innere Verwaltung;111;Verwaltungssteuerung und -Service;111140;Gebäudemanagement - Neubau/Umbau/Sanierung;;22;Finanzergebnis;;;0,00;0;0;0;0;0
1;Zentrale Verwaltung;11;Innere Verwaltung;111;Verwaltungssteuerung und -Service;111140;Gebäudemanagement - Neubau/Umbau/Sanierung;;23;Ergebnis vor Berücksichtigung der internen Leistungsbeziehungen;;;-49.446,11;-172.400;-185.000;-188.700;-192.400;-196.200
1;Zentrale Verwaltung;11;Innere Verwaltung;111;Verwaltungssteuerung und -Service;111140;Gebäudemanagement - Neubau/Umbau/Sanierung;48;24;Erträge aus internen Leistungsbeziehungen;;;0,00;0;0;0;0;0
1;Zentrale Verwaltung;11;Innere Verwaltung;111;Verwaltungssteuerung und -Service;111140;Gebäudemanagement - Neubau/Umbau/Sanierung;58;25;Aufwendungen aus internen Leistungsbeziehungen;;;0,00;0;0;0;0;0
1;Zentrale Verwaltung;11;Innere Verwaltung;111;Verwaltungssteuerung und -Service;111140;Gebäudemanagement - Neubau/Umbau/Sanierung;;26;Ergebnis;;;-49.446,11;-172.400;-185.000;-188.700;-192.400;-196.200
1;Zentrale Verwaltung;12;Sicherheit und Ordnung;121;Statistik und Wahlen;121010;Wahlen;40;1;Steuern und ähnliche Abgaben;;;0,00;0;0;0;0;0
1;Zentrale Verwaltung;12;Sicherheit und Ordnung;121;Statistik und Wahlen;121010;Wahlen;41;2;Zuwendungen und allgemeine Umlagen;;;0,00;0;0;0;0;0
1;Zentrale Verwaltung;12;Sicherheit und Ordnung;121;Statistik und Wahlen;121010;Wahlen;42;3;sonstige Transfererträge;;;0,00;0;0;0;0;0
1;Zentrale Verwaltung;12;Sicherheit und Ordnung;121;Statistik und Wahlen;121010;Wahlen;43;4;öffentlich-rechtliche Leistungsentgelte;;;0,00;0;0;0;0;0
1;Zentrale Verwaltung;12;Sicherheit und Ordnung;121;Statistik und Wahlen;121010;Wahlen;441, 442, 446;5;privatrechtliche Leistungsentgelte;;;0,00;0;0;0;0;0
1;Zentrale Verwaltung;12;Sicherheit und Ordnung;121;Statistik und Wahlen;121010;Wahlen;448;6;Kostenerstattungen und Kostenumlagen;;;2.949,73;11.000;0;0;11.000;0
1;Zentrale Verwaltung;12;Sicherheit und Ordnung;121;Statistik und Wahlen;121010;Wahlen;448;6;Kostenerstattungen und Kostenumlagen;448005;Erstattung von Wahlkosten;2.949,73;11.000;0;0;11.000;0
1;Zentrale Verwaltung;12;Sicherheit und Ordnung;121;Statistik und Wahlen;121010;Wahlen;45;7;sonstige Erträge;;;0,00;0;0;0;0;0
1;Zentrale Verwaltung;12;Sicherheit und Ordnung;121;Statistik und Wahlen;121010;Wahlen;471;8;aktivierte Eigenleistungen;;;0,00;0;0;0;0;0
1;Zentrale Verwaltung;12;Sicherheit und Ordnung;121;Statistik und Wahlen;121010;Wahlen;472;9;Bestandsveränderungen;;;0,00;0;0;0;0;0
1;Zentrale Verwaltung;12;Sicherheit und Ordnung;121;Statistik und Wahlen;121010;Wahlen;;10;Erträge;;;2.949,73;11.000;0;0;11.000;0
1;Zentrale Verwaltung;12;Sicherheit und Ordnung;121;Statistik und Wahlen;121010;Wahlen;50;11;Personalaufwendungen;;;12.602,53;600;0;0;0;0
1;Zentrale Verwaltung;12;Sicherheit und Ordnung;121;Statistik und Wahlen;121010;Wahlen;50;11;Personalaufwendungen;501100;Beamtenbezüge;7.636,32;0;0;0;0;0
1;Zentrale Verwaltung;12;Sicherheit und Ordnung;121;Statistik und Wahlen;121010;Wahlen;50;11;Personalaufwendungen;502100;VAK Beamte;4.235,65;0;0;0;0;0
1;Zentrale Verwaltung;12;Sicherheit und Ordnung;121;Statistik und Wahlen;121010;Wahlen;50;11;Personalaufwendungen;504100;Beihilfen;730,56;600;0;0;0;0
1;Zentrale Verwaltung;12;Sicherheit und Ordnung;121;Statistik und Wahlen;121010;Wahlen;51;12;Versorgungsaufwendungen;;;0,00;0;0;0;0;0
1;Zentrale Verwaltung;12;Sicherheit und Ordnung;121;Statistik und Wahlen;121010;Wahlen;52;13;Aufwendungen für Sach- u. Dienstleistungen;;;0,00;100;0;100;100;100
1;Zentrale Verwaltung;12;Sicherheit und Ordnung;121;Statistik und Wahlen;121010;Wahlen;52;13;Aufwendungen für Sach- u. Dienstleistungen;527100;Besondere Verwaltungs- und Betriebsaufwendungen;0,00;100;0;100;100;100
1;Zentrale Verwaltung;12;Sicherheit und Ordnung;121;Statistik und Wahlen;121010;Wahlen;57;14;bilanzielle Abschreibungen;;;819,65;900;900;900;0;0
1;Zentrale Verwaltung;12;Sicherheit und Ordnung;121;Statistik und Wahlen;121010;Wahlen;57;14;bilanzielle Abschreibungen;571100;Abschreibungen auf immaterielle Vermögensgegenstände und Sachanlagen;819,65;900;900;900;0;0
1;Zentrale Verwaltung;12;Sicherheit und Ordnung;121;Statistik und Wahlen;121010;Wahlen;53;15;Transferaufwendungen;;;0,00;0;0;0;0;0
1;Zentrale Verwaltung;12;Sicherheit und Ordnung;121;Statistik und Wahlen;121010;Wahlen;54;16;sonstige Aufwendungen;;;8.988,79;10.900;0;19.600;19.800;9.600
1;Zentrale Verwaltung;12;Sicherheit und Ordnung;121;Statistik und Wahlen;121010;Wahlen;54;16;sonstige Aufwendungen;542100;Aufwendungen für ehrenamtliche Tätigkeiten;2.912,48;2.000;0;9.000;7.000;2.000
1;Zentrale Verwaltung;12;Sicherheit und Ordnung;121;Statistik und Wahlen;121010;Wahlen;54;16;sonstige Aufwendungen;543100;Bürobedarf;19,83;500;0;500;700;500
1;Zentrale Verwaltung;12;Sicherheit und Ordnung;121;Statistik und Wahlen;121010;Wahlen;54;16;sonstige Aufwendungen;543120;Postgebühren;2.752,02;5.000;0;5.000;6.000;4.000
1;Zentrale Verwaltung;12;Sicherheit und Ordnung;121;Statistik und Wahlen;121010;Wahlen;54;16;sonstige Aufwendungen;543130;Öffentliche Bekanntmachungen;1.223,15;1.800;0;0;2.500;1.500
1;Zentrale Verwaltung;12;Sicherheit und Ordnung;121;Statistik und Wahlen;121010;Wahlen;54;16;sonstige Aufwendungen;543140;Reisekosten;0,00;100;0;100;100;100
1;Zentrale Verwaltung;12;Sicherheit und Ordnung;121;Statistik und Wahlen;121010;Wahlen;54;16;sonstige Aufwendungen;545510;Erstattungen von Leistungen Kommunaler Service;2.081,31;1.500;0;5.000;3.500;1.500
1;Zentrale Verwaltung;12;Sicherheit und Ordnung;121;Statistik und Wahlen;121010;Wahlen;;17;davon: Verfügungsmittel;;;0,00;0;0;0;0;0
1;Zentrale Verwaltung;12;Sicherheit und Ordnung;121;Statistik und Wahlen;121010;Wahlen;;18;Aufwendungen;;;22.410,97;12.500;900;20.600;19.900;9.700
1;Zentrale Verwaltung;12;Sicherheit und Ordnung;121;Statistik und Wahlen;121010;Wahlen;;19;Ergebnis der laufenden Verwaltungstätigkeit;;;-19.461,24;-1.500;-900;-20.600;-8.900;-9.700
1;Zentrale Verwaltung;12;Sicherheit und Ordnung;121;Statistik und Wahlen;121010;Wahlen;46;20;Finanzerträge;;;0,00;0;0;0;0;0
1;Zentrale Verwaltung;12;Sicherheit und Ordnung;121;Statistik und Wahlen;121010;Wahlen;55;21;Zinsen und sonstige Finanzaufwendungen;;;0,00;0;0;0;0;0
1;Zentrale Verwaltung;12;Sicherheit und Ordnung;121;Statistik und Wahlen;121010;Wahlen;;22;Finanzergebnis;;;0,00;0;0;0;0;0
1;Zentrale Verwaltung;12;Sicherheit und Ordnung;121;Statistik und Wahlen;121010;Wahlen;;23;Ergebnis vor Berücksichtigung der internen Leistungsbeziehungen;;;-19.461,24;-1.500;-900;-20.600;-8.900;-9.700
1;Zentrale Verwaltung;12;Sicherheit und Ordnung;121;Statistik und Wahlen;121010;Wahlen;48;24;Erträge aus internen Leistungsbeziehungen;;;0,00;0;0;0;0;0
1;Zentrale Verwaltung;12;Sicherheit und Ordnung;121;Statistik und Wahlen;121010;Wahlen;58;25;Aufwendungen aus internen Leistungsbeziehungen;;;0,00;0;0;0;0;0
1;Zentrale Verwaltung;12;Sicherheit und Ordnung;121;Statistik und Wahlen;121010;Wahlen;;26;Ergebnis;;;-19.461,24;-1.500;-900;-20.600;-8.900;-9.700
1;Zentrale Verwaltung;12;Sicherheit und Ordnung;122;Ordnungsangelegenheiten;122010;Bürgerbüro;40;1;Steuern und ähnliche Abgaben;;;0,00;0;0;0;0;0
1;Zentrale Verwaltung;12;Sicherheit und Ordnung;122;Ordnungsangelegenheiten;122010;Bürgerbüro;41;2;Zuwendungen und allgemeine Umlagen;;;0,00;0;0;0;0;0
1;Zentrale Verwaltung;12;Sicherheit und Ordnung;122;Ordnungsangelegenheiten;122010;Bürgerbüro;42;3;sonstige Transfererträge;;;0,00;0;0;0;0;0
1;Zentrale Verwaltung;12;Sicherheit und Ordnung;122;Ordnungsangelegenheiten;122010;Bürgerbüro;43;4;öffentlich-rechtliche Leistungsentgelte;;;84.176,87;70.000;65.500;66.200;66.900;67.600
1;Zentrale Verwaltung;12;Sicherheit und Ordnung;122;Ordnungsangelegenheiten;122010;Bürgerbüro;43;4;öffentlich-rechtliche Leistungsentgelte;431100;Verwaltungsgebühren;84.176,87;70.000;65.500;66.200;66.900;67.600
1;Zentrale Verwaltung;12;Sicherheit und Ordnung;122;Ordnungsangelegenheiten;122010;Bürgerbüro;441, 442, 446;5;privatrechtliche Leistungsentgelte;;;0,00;0;0;0;0;0
1;Zentrale Verwaltung;12;Sicherheit und Ordnung;122;Ordnungsangelegenheiten;122010;Bürgerbüro;448;6;Kostenerstattungen und Kostenumlagen;;;15.417,72;9.200;600;600;600;600
1;Zentrale Verwaltung;12;Sicherheit und Ordnung;122;Ordnungsangelegenheiten;122010;Bürgerbüro;448;6;Kostenerstattungen und Kostenumlagen;448100;Erstattung von Verwaltungskosten durch das Land;666,00;600;600;600;600;600
1;Zentrale Verwaltung;12;Sicherheit und Ordnung;122;Ordnungsangelegenheiten;122010;Bürgerbüro;448;6;Kostenerstattungen und Kostenumlagen;448500;Erstattung Stadtwerke;170,62;100;0;0;0;0
1;Zentrale Verwaltung;12;Sicherheit und Ordnung;122;Ordnungsangelegenheiten;122010;Bürgerbüro;448;6;Kostenerstattungen und Kostenumlagen;448800;Kostenerstattungen aus Ersatzvornahmen;14.581,10;8.500;0;0;0;0
1;Zentrale Verwaltung;12;Sicherheit und Ordnung;122;Ordnungsangelegenheiten;122010;Bürgerbüro;45;7;sonstige Erträge;;;0,00;0;4.500;4.500;4.500;4.500
1;Zentrale Verwaltung;12;Sicherheit und Ordnung;122;Ordnungsangelegenheiten;122010;Bürgerbüro;45;7;sonstige Erträge;456100;Zwangs-/Bußgelder;0,00;0;4.500;4.500;4.500;4.500
1;Zentrale Verwaltung;12;Sicherheit und Ordnung;122;Ordnungsangelegenheiten;122010;Bürgerbüro;471;8;aktivierte Eigenleistungen;;;0,00;0;0;0;0;0
1;Zentrale Verwaltung;12;Sicherheit und Ordnung;122;Ordnungsangelegenheiten;122010;Bürgerbüro;472;9;Bestandsveränderungen;;;0,00;0;0;0;0;0
1;Zentrale Verwaltung;12;Sicherheit und Ordnung;122;Ordnungsangelegenheiten;122010;Bürgerbüro;;10;Erträge;;;99.594,59;79.200;70.600;71.300;72.000;72.700
1;Zentrale Verwaltung;12;Sicherheit und Ordnung;122;Ordnungsangelegenheiten;122010;Bürgerbüro;50;11;Personalaufwendungen;;;222.014,58;201.600;287.100;295.700;304.500;313.600
1;Zentrale Verwaltung;12;Sicherheit und Ordnung;122;Ordnungsangelegenheiten;122010;Bürgerbüro;50;11;Personalaufwendungen;501100;Beamtenbezüge;7.636,44;0;40.000;41.200;42.400;43.700
1;Zentrale Verwaltung;12;Sicherheit und Ordnung;122;Ordnungsangelegenheiten;122010;Bürgerbüro;50;11;Personalaufwendungen;501200;Entgelte an ArbeitnehmerInnen;164.946,33;153.000;169.200;174.300;179.500;184.900
1;Zentrale Verwaltung;12;Sicherheit und Ordnung;122;Ordnungsangelegenheiten;122010;Bürgerbüro;50;11;Personalaufwendungen;502100;VAK-Umlage Beamte;4.235,65;0;26.200;27.000;27.800;28.600
1;Zentrale Verwaltung;12;Sicherheit und Ordnung;122;Ordnungsangelegenheiten;122010;Bürgerbüro;50;11;Personalaufwendungen;502200;Zusatzversicherung ArbeitnehmerInnen;11.309,47;14.600;13.900;14.300;14.700;15.100
1;Zentrale Verwaltung;12;Sicherheit und Ordnung;122;Ordnungsangelegenheiten;122010;Bürgerbüro;50;11;Personalaufwendungen;503200;Beiträge gesetzliche Sozialversicherung ArbeitnehmerInnen;33.156,13;33.400;34.100;35.100;36.200;37.300
1;Zentrale Verwaltung;12;Sicherheit und Ordnung;122;Ordnungsangelegenheiten;122010;Bürgerbüro;50;11;Personalaufwendungen;504100;Beihilfen;730,56;600;3.700;3.800;3.900;4.000
1;Zentrale Verwaltung;12;Sicherheit und Ordnung;122;Ordnungsangelegenheiten;122010;Bürgerbüro;51;12;Versorgungsaufwendungen;;;0,00;0;0;0;0;0
1;Zentrale Verwaltung;12;Sicherheit und Ordnung;122;Ordnungsangelegenheiten;122010;Bürgerbüro;52;13;Aufwendungen für Sach- u. Dienstleistungen;;;20.898,26;24.300;4.000;4.000;4.000;4.100
1;Zentrale Verwaltung;12;Sicherheit und Ordnung;122;Ordnungsangelegenheiten;122010;Bürgerbüro;52;13;Aufwendungen für Sach- u. Dienstleistungen;524110;Heizungskosten;1.234,60;1.500;1.600;1.600;1.600;1.600
1;Zentrale Verwaltung;12;Sicherheit und Ordnung;122;Ordnungsangelegenheiten;122010;Bürgerbüro;52;13;Aufwendungen für Sach- u. Dienstleistungen;524120;Reinigungskosten;28,73;100;100;100;100;100
1;Zentrale Verwaltung;12;Sicherheit und Ordnung;122;Ordnungsangelegenheiten;122010;Bürgerbüro;52;13;Aufwendungen für Sach- u. Dienstleistungen;524130;Wasserversorgung, Strom, Abwasser;1.021,82;1.300;1.700;1.700;1.700;1.800
1;Zentrale Verwaltung;12;Sicherheit und Ordnung;122;Ordnungsangelegenheiten;122010;Bürgerbüro;52;13;Aufwendungen für Sach- u. Dienstleistungen;524140;Gebäudeversicherungen;228,77;200;300;300;300;300
1;Zentrale Verwaltung;12;Sicherheit und Ordnung;122;Ordnungsangelegenheiten;122010;Bürgerbüro;52;13;Aufwendungen für Sach- u. Dienstleistungen;524150;Steuern und Abgaben;86,41;100;200;200;200;200
1;Zentrale Verwaltung;12;Sicherheit und Ordnung;122;Ordnungsangelegenheiten;122010;Bürgerbüro;52;13;Aufwendungen für Sach- u. Dienstleistungen;527100;Besondere Verwaltungs- und Betriebsaufwendungen;0,00;100;100;100;100;100
1;Zentrale Verwaltung;12;Sicherheit und Ordnung;122;Ordnungsangelegenheiten;122010;Bürgerbüro;52;13;Aufwendungen für Sach- u. Dienstleistungen;527180;Sonstige ordnungsbehördliche Maßnahmen;18.297,93;21.000;0;0;0;0
1;Zentrale Verwaltung;12;Sicherheit und Ordnung;122;Ordnungsangelegenheiten;122010;Bürgerbüro;57;14;bilanzielle Abschreibungen;;;2.261,18;0;0;0;0;0
1;Zentrale Verwaltung;12;Sicherheit und Ordnung;122;Ordnungsangelegenheiten;122010;Bürgerbüro;57;14;bilanzielle Abschreibungen;573100;Abschreibungen auf das Umlaufvermögen;2.261,18;0;0;0;0;0
1;Zentrale Verwaltung;12;Sicherheit und Ordnung;122;Ordnungsangelegenheiten;122010;Bürgerbüro;53;15;Transferaufwendungen;;;0,00;0;0;0;0;0
1;Zentrale Verwaltung;12;Sicherheit und Ordnung;122;Ordnungsangelegenheiten;122010;Bürgerbüro;54;16;sonstige Aufwendungen;;;54.581,22;46.000;46.000;45.700;45.700;45.700
1;Zentrale Verwaltung;12;Sicherheit und Ordnung;122;Ordnungsangelegenheiten;122010;Bürgerbüro;54;16;sonstige Aufwendungen;543100;Bürobedarf;12,50;300;300;300;300;300
1;Zentrale Verwaltung;12;Sicherheit und Ordnung;122;Ordnungsangelegenheiten;122010;Bürgerbüro;54;16;sonstige Aufwendungen;543105;Kosten für Ausweise Bundesdruckerei;54.425,27;45.000;45.000;45.000;45.000;45.000
1;Zentrale Verwaltung;12;Sicherheit und Ordnung;122;Ordnungsangelegenheiten;122010;Bürgerbüro;54;16;sonstige Aufwendungen;543110;Bücher und Zeitschriften;104,90;100;100;100;100;100
1;Zentrale Verwaltung;12;Sicherheit und Ordnung;122;Ordnungsangelegenheiten;122010;Bürgerbüro;54;16;sonstige Aufwendungen;543130;Öffentliche Bekanntmachungen;0,00;200;200;200;200;200
1;Zentrale Verwaltung;12;Sicherheit und Ordnung;122;Ordnungsangelegenheiten;122010;Bürgerbüro;54;16;sonstige Aufwendungen;543140;Reisekosten;38,55;100;100;100;100;100
1;Zentrale Verwaltung;12;Sicherheit und Ordnung;122;Ordnungsangelegenheiten;122010;Bürgerbüro;54;16;sonstige Aufwendungen;543150;Sachverständigen-, Gerichts- u.ä. Kosten;0,00;300;300;0;0;0
1;Zentrale Verwaltung;12;Sicherheit und Ordnung;122;Ordnungsangelegenheiten;122010;Bürgerbüro;;17;davon: Verfügungsmittel;;;0,00;0;0;0;0;0
1;Zentrale Verwaltung;12;Sicherheit und Ordnung;122;Ordnungsangelegenheiten;122010;Bürgerbüro;;18;Aufwendungen;;;299.755,24;271.900;337.100;345.400;354.200;363.400
1;Zentrale Verwaltung;12;Sicherheit und Ordnung;122;Ordnungsangelegenheiten;122010;Bürgerbüro;;19;Ergebnis der laufenden Verwaltungstätigkeit;;;-200.160,65;-192.700;-266.500;-274.100;-282.200;-290.700
1;Zentrale Verwaltung;12;Sicherheit und Ordnung;122;Ordnungsangelegenheiten;122010;Bürgerbüro;46;20;Finanzerträge;;;0,00;0;0;0;0;0
1;Zentrale Verwaltung;12;Sicherheit und Ordnung;122;Ordnungsangelegenheiten;122010;Bürgerbüro;55;21;Zinsen und sonstige Finanzaufwendungen;;;0,00;0;0;0;0;0
1;Zentrale Verwaltung;12;Sicherheit und Ordnung;122;Ordnungsangelegenheiten;122010;Bürgerbüro;;22;Finanzergebnis;;;0,00;0;0;0;0;0
1;Zentrale Verwaltung;12;Sicherheit und Ordnung;122;Ordnungsangelegenheiten;122010;Bürgerbüro;;23;Ergebnis vor Berücksichtigung der internen Leistungsbeziehungen;;;-200.160,65;-192.700;-266.500;-274.100;-282.200;-290.700
1;Zentrale Verwaltung;12;Sicherheit und Ordnung;122;Ordnungsangelegenheiten;122010;Bürgerbüro;48;24;Erträge aus internen Leistungsbeziehungen;;;0,00;0;0;0;0;0
1;Zentrale Verwaltung;12;Sicherheit und Ordnung;122;Ordnungsangelegenheiten;122010;Bürgerbüro;58;25;Aufwendungen aus internen Leistungsbeziehungen;;;600,00;600;600;600;600;600
1;Zentrale Verwaltung;12;Sicherheit und Ordnung;122;Ordnungsangelegenheiten;122010;Bürgerbüro;58;25;Aufwendungen aus internen Leistungsbeziehungen;581110;Aufwendungen Kommunaler Service - Innere Verrechnungen;600,00;600;600;600;600;600
1;Zentrale Verwaltung;12;Sicherheit und Ordnung;122;Ordnungsangelegenheiten;122010;Bürgerbüro;;26;Ergebnis;;;-200.760,65;-193.300;-267.100;-274.700;-282.800;-291.300
1;Zentrale Verwaltung;12;Sicherheit und Ordnung;122;Ordnungsangelegenheiten;122015;Ordnungsangelegenheiten - FB I;40;1;Steuern und ähnliche Abgaben;;;0,00;0;0;0;0;0
1;Zentrale Verwaltung;12;Sicherheit und Ordnung;122;Ordnungsangelegenheiten;122015;Ordnungsangelegenheiten - FB I;41;2;Zuwendungen und allgemeine Umlagen;;;0,00;0;0;0;0;0
1;Zentrale Verwaltung;12;Sicherheit und Ordnung;122;Ordnungsangelegenheiten;122015;Ordnungsangelegenheiten - FB I;42;3;sonstige Transfererträge;;;0,00;0;0;0;0;0
1;Zentrale Verwaltung;12;Sicherheit und Ordnung;122;Ordnungsangelegenheiten;122015;Ordnungsangelegenheiten - FB I;43;4;öffentlich-rechtliche Leistungsentgelte;;;2.852,25;2.700;2.700;2.700;2.700;2.700
1;Zentrale Verwaltung;12;Sicherheit und Ordnung;122;Ordnungsangelegenheiten;122015;Ordnungsangelegenheiten - FB I;43;4;öffentlich-rechtliche Leistungsentgelte;431100;Verwaltungsgebühren;2.852,25;2.700;2.700;2.700;2.700;2.700
1;Zentrale Verwaltung;12;Sicherheit und Ordnung;122;Ordnungsangelegenheiten;122015;Ordnungsangelegenheiten - FB I;441, 442, 446;5;privatrechtliche Leistungsentgelte;;;0,00;0;0;0;0;0
1;Zentrale Verwaltung;12;Sicherheit und Ordnung;122;Ordnungsangelegenheiten;122015;Ordnungsangelegenheiten - FB I;448;6;Kostenerstattungen und Kostenumlagen;;;29.286,90;25.500;33.100;33.100;33.100;33.100
1;Zentrale Verwaltung;12;Sicherheit und Ordnung;122;Ordnungsangelegenheiten;122015;Ordnungsangelegenheiten - FB I;448;6;Kostenerstattungen und Kostenumlagen;448500;Erstattung Stadtwerke;128,03;100;0;0;0;0
1;Zentrale Verwaltung;12;Sicherheit und Ordnung;122;Ordnungsangelegenheiten;122015;Ordnungsangelegenheiten - FB I;448;6;Kostenerstattungen und Kostenumlagen;448800;Erträge aus Kostenerstattungen, Kostenumlagen;29.158,87;25.400;33.100;33.100;33.100;33.100
1;Zentrale Verwaltung;12;Sicherheit und Ordnung;122;Ordnungsangelegenheiten;122015;Ordnungsangelegenheiten - FB I;45;7;sonstige Erträge;;;-1.213,06;2.500;2.500;2.500;2.500;2.500
1;Zentrale Verwaltung;12;Sicherheit und Ordnung;122;Ordnungsangelegenheiten;122015;Ordnungsangelegenheiten - FB I;45;7;sonstige Erträge;456100;Zwangs-/Bußgelder;-1.213,06;2.500;2.500;2.500;2.500;2.500
1;Zentrale Verwaltung;12;Sicherheit und Ordnung;122;Ordnungsangelegenheiten;122015;Ordnungsangelegenheiten - FB I;471;8;aktivierte Eigenleistungen;;;0,00;0;0;0;0;0
1;Zentrale Verwaltung;12;Sicherheit und Ordnung;122;Ordnungsangelegenheiten;122015;Ordnungsangelegenheiten - FB I;472;9;Bestandsveränderungen;;;0,00;0;0;0;0;0
1;Zentrale Verwaltung;12;Sicherheit und Ordnung;122;Ordnungsangelegenheiten;122015;Ordnungsangelegenheiten - FB I;;10;Erträge;;;30.926,09;30.700;38.300;38.300;38.300;38.300
1;Zentrale Verwaltung;12;Sicherheit und Ordnung;122;Ordnungsangelegenheiten;122015;Ordnungsangelegenheiten - FB I;50;11;Personalaufwendungen;;;33.674,62;209.000;152.700;157.200;161.800;166.600
1;Zentrale Verwaltung;12;Sicherheit und Ordnung;122;Ordnungsangelegenheiten;122015;Ordnungsangelegenheiten - FB I;50;11;Personalaufwendungen;501100;Beamtenbezüge;21.450,48;42.900;45.000;46.400;47.800;49.200
1;Zentrale Verwaltung;12;Sicherheit und Ordnung;122;Ordnungsangelegenheiten;122015;Ordnungsangelegenheiten - FB I;50;11;Personalaufwendungen;501200;Entgelte an ArbeitnehmerInnen;4.425,97;106.800;59.000;60.800;62.600;64.500
1;Zentrale Verwaltung;12;Sicherheit und Ordnung;122;Ordnungsangelegenheiten;122015;Ordnungsangelegenheiten - FB I;50;11;Personalaufwendungen;502100;VAK Beamte;5.406,65;24.000;28.300;29.100;30.000;30.900
1;Zentrale Verwaltung;12;Sicherheit und Ordnung;122;Ordnungsangelegenheiten;122015;Ordnungsangelegenheiten - FB I;50;11;Personalaufwendungen;502200;Zusatzversicherung ArbeitnehmerInnen;244,82;10.100;4.800;4.900;5.000;5.200
1;Zentrale Verwaltung;12;Sicherheit und Ordnung;122;Ordnungsangelegenheiten;122015;Ordnungsangelegenheiten - FB I;50;11;Personalaufwendungen;503200;Beiträge gesetzliche Sozialversicherung ArbeitnehmerInnen;320,34;23.600;11.900;12.300;12.700;13.100
1;Zentrale Verwaltung;12;Sicherheit und Ordnung;122;Ordnungsangelegenheiten;122015;Ordnungsangelegenheiten - FB I;50;11;Personalaufwendungen;504100;Beihilfen;1.826,36;1.600;3.700;3.700;3.700;3.700
1;Zentrale Verwaltung;12;Sicherheit und Ordnung;122;Ordnungsangelegenheiten;122015;Ordnungsangelegenheiten - FB I;51;12;Versorgungsaufwendungen;;;0,00;0;0;0;0;0
1;Zentrale Verwaltung;12;Sicherheit und Ordnung;122;Ordnungsangelegenheiten;122015;Ordnungsangelegenheiten - FB I;52;13;Aufwendungen für Sach- u. Dienstleistungen;;;48.398,05;46.100;69.300;70.400;71.700;73.100
1;Zentrale Verwaltung;12;Sicherheit und Ordnung;122;Ordnungsangelegenheiten;122015;Ordnungsangelegenheiten - FB I;52;13;Aufwendungen für Sach- u. Dienstleistungen;524110;Heizungskosten;926,46;1.200;1.200;1.200;1.200;1.200
1;Zentrale Verwaltung;12;Sicherheit und Ordnung;122;Ordnungsangelegenheiten;122015;Ordnungsangelegenheiten - FB I;52;13;Aufwendungen für Sach- u. Dienstleistungen;524120;Reinigungskosten;21,55;100;100;100;100;100
1;Zentrale Verwaltung;12;Sicherheit und Ordnung;122;Ordnungsangelegenheiten;122015;Ordnungsangelegenheiten - FB I;52;13;Aufwendungen für Sach- u. Dienstleistungen;524130;Wasserversorgung, Strom, Abwasser;766,80;1.000;1.100;1.100;1.100;1.100
1;Zentrale Verwaltung;12;Sicherheit und Ordnung;122;Ordnungsangelegenheiten;122015;Ordnungsangelegenheiten - FB I;52;13;Aufwendungen für Sach- u. Dienstleistungen;524140;Gebäudeversicherungen;171,78;200;300;300;300;300
1;Zentrale Verwaltung;12;Sicherheit und Ordnung;122;Ordnungsangelegenheiten;122015;Ordnungsangelegenheiten - FB I;52;13;Aufwendungen für Sach- u. Dienstleistungen;524150;Steuern und Abgaben;64,85;100;100;100;100;100
1;Zentrale Verwaltung;12;Sicherheit und Ordnung;122;Ordnungsangelegenheiten;122015;Ordnungsangelegenheiten - FB I;52;13;Aufwendungen für Sach- u. Dienstleistungen;526200;Fortbildung Schiedspersonen;356,00;500;600;400;400;400
1;Zentrale Verwaltung;12;Sicherheit und Ordnung;122;Ordnungsangelegenheiten;122015;Ordnungsangelegenheiten - FB I;52;13;Aufwendungen für Sach- u. Dienstleistungen;527100;Besondere Verwaltungs- und Betriebsaufwendungen;0,00;100;100;100;100;100
1;Zentrale Verwaltung;12;Sicherheit und Ordnung;122;Ordnungsangelegenheiten;122015;Ordnungsangelegenheiten - FB I;52;13;Aufwendungen für Sach- u. Dienstleistungen;527180;Sonstige ordnungsbehördliche Maßnahmen;46.090,61;42.900;65.800;67.100;68.400;69.800
1;Zentrale Verwaltung;12;Sicherheit und Ordnung;122;Ordnungsangelegenheiten;122015;Ordnungsangelegenheiten - FB I;57;14;bilanzielle Abschreibungen;;;725,90;700;1.400;1.600;1.600;1.600
1;Zentrale Verwaltung;12;Sicherheit und Ordnung;122;Ordnungsangelegenheiten;122015;Ordnungsangelegenheiten - FB I;57;14;bilanzielle Abschreibungen;571100;Abschreibungen auf immaterielle Vermögensgegenstände und Sachanlagen;185,55;700;1.400;1.600;1.600;1.600
1;Zentrale Verwaltung;12;Sicherheit und Ordnung;122;Ordnungsangelegenheiten;122015;Ordnungsangelegenheiten - FB I;57;14;bilanzielle Abschreibungen;573100;Abschreibungen auf das Umlaufvermögen;540,35;0;0;0;0;0
1;Zentrale Verwaltung;12;Sicherheit und Ordnung;122;Ordnungsangelegenheiten;122015;Ordnungsangelegenheiten - FB I;53;15;Transferaufwendungen;;;0,00;0;0;0;0;0
1;Zentrale Verwaltung;12;Sicherheit und Ordnung;122;Ordnungsangelegenheiten;122015;Ordnungsangelegenheiten - FB I;54;16;sonstige Aufwendungen;;;4.223,08;1.100;1.700;1.700;1.700;1.700
1;Zentrale Verwaltung;12;Sicherheit und Ordnung;122;Ordnungsangelegenheiten;122015;Ordnungsangelegenheiten - FB I;54;16;sonstige Aufwendungen;542910;Mitgliedsbeiträge;295,00;300;800;800;800;800
1;Zentrale Verwaltung;12;Sicherheit und Ordnung;122;Ordnungsangelegenheiten;122015;Ordnungsangelegenheiten - FB I;54;16;sonstige Aufwendungen;543100;Bürobedarf;108,76;100;100;100;100;100
1;Zentrale Verwaltung;12;Sicherheit und Ordnung;122;Ordnungsangelegenheiten;122015;Ordnungsangelegenheiten - FB I;54;16;sonstige Aufwendungen;543110;Bücher und Zeitschriften;759,01;500;600;600;600;600
1;Zentrale Verwaltung;12;Sicherheit und Ordnung;122;Ordnungsangelegenheiten;122015;Ordnungsangelegenheiten - FB I;54;16;sonstige Aufwendungen;543130;Öffentliche Bekanntmachungen;2.913,01;100;100;100;100;100
1;Zentrale Verwaltung;12;Sicherheit und Ordnung;122;Ordnungsangelegenheiten;122015;Ordnungsangelegenheiten - FB I;54;16;sonstige Aufwendungen;543140;Reisekosten;147,30;100;100;100;100;100
1;Zentrale Verwaltung;12;Sicherheit und Ordnung;122;Ordnungsangelegenheiten;122015;Ordnungsangelegenheiten - FB I;;17;davon: Verfügungsmittel;;;0,00;0;0;0;0;0
1;Zentrale Verwaltung;12;Sicherheit und Ordnung;122;Ordnungsangelegenheiten;122015;Ordnungsangelegenheiten - FB I;;18;Aufwendungen;;;87.021,65;256.900;225.100;230.900;236.800;243.000
1;Zentrale Verwaltung;12;Sicherheit und Ordnung;122;Ordnungsangelegenheiten;122015;Ordnungsangelegenheiten - FB I;;19;Ergebnis der laufenden Verwaltungstätigkeit;;;-56.095,56;-226.200;-186.800;-192.600;-198.500;-204.700
1;Zentrale Verwaltung;12;Sicherheit und Ordnung;122;Ordnungsangelegenheiten;122015;Ordnungsangelegenheiten - FB I;46;20;Finanzerträge;;;0,00;0;0;0;0;0
1;Zentrale Verwaltung;12;Sicherheit und Ordnung;122;Ordnungsangelegenheiten;122015;Ordnungsangelegenheiten - FB I;55;21;Zinsen und sonstige Finanzaufwendungen;;;0,00;0;0;0;0;0
1;Zentrale Verwaltung;12;Sicherheit und Ordnung;122;Ordnungsangelegenheiten;122015;Ordnungsangelegenheiten - FB I;;22;Finanzergebnis;;;0,00;0;0;0;0;0
1;Zentrale Verwaltung;12;Sicherheit und Ordnung;122;Ordnungsangelegenheiten;122015;Ordnungsangelegenheiten - FB I;;23;Ergebnis vor Berücksichtigung der internen Leistungsbeziehungen;;;-56.095,56;-226.200;-186.800;-192.600;-198.500;-204.700
1;Zentrale Verwaltung;12;Sicherheit und Ordnung;122;Ordnungsangelegenheiten;122015;Ordnungsangelegenheiten - FB I;48;24;Erträge aus internen Leistungsbeziehungen;;;0,00;0;0;0;0;0
1;Zentrale Verwaltung;12;Sicherheit und Ordnung;122;Ordnungsangelegenheiten;122015;Ordnungsangelegenheiten - FB I;58;25;Aufwendungen aus internen Leistungsbeziehungen;;;19.500,00;19.500;19.500;19.900;20.300;20.700
1;Zentrale Verwaltung;12;Sicherheit und Ordnung;122;Ordnungsangelegenheiten;122015;Ordnungsangelegenheiten - FB I;58;25;Aufwendungen aus internen Leistungsbeziehungen;581110;Aufwendungen Kommunaler Service - Innere Verrechnungen;19.500,00;19.500;19.500;19.900;20.300;20.700
1;Zentrale Verwaltung;12;Sicherheit und Ordnung;122;Ordnungsangelegenheiten;122015;Ordnungsangelegenheiten - FB I;;26;Ergebnis;;;-75.595,56;-245.700;-206.300;-212.500;-218.800;-225.400
1;Zentrale Verwaltung;12;Sicherheit und Ordnung;122;Ordnungsangelegenheiten;122020;Standesamt;40;1;Steuern und ähnliche Abgaben;;;0,00;0;0;0;0;0
1;Zentrale Verwaltung;12;Sicherheit und Ordnung;122;Ordnungsangelegenheiten;122020;Standesamt;41;2;Zuwendungen und allgemeine Umlagen;;;0,00;0;0;0;0;0
1;Zentrale Verwaltung;12;Sicherheit und Ordnung;122;Ordnungsangelegenheiten;122020;Standesamt;42;3;sonstige Transfererträge;;;0,00;0;0;0;0;0
1;Zentrale Verwaltung;12;Sicherheit und Ordnung;122;Ordnungsangelegenheiten;122020;Standesamt;43;4;öffentlich-rechtliche Leistungsentgelte;;;20.239,75;15.000;16.000;16.000;16.000;16.000
1;Zentrale Verwaltung;12;Sicherheit und Ordnung;122;Ordnungsangelegenheiten;122020;Standesamt;43;4;öffentlich-rechtliche Leistungsentgelte;431100;Verwaltungsgebühren;20.239,75;15.000;16.000;16.000;16.000;16.000
1;Zentrale Verwaltung;12;Sicherheit und Ordnung;122;Ordnungsangelegenheiten;122020;Standesamt;441, 442, 446;5;privatrechtliche Leistungsentgelte;;;1.067,00;700;700;700;700;700
1;Zentrale Verwaltung;12;Sicherheit und Ordnung;122;Ordnungsangelegenheiten;122020;Standesamt;441, 442, 446;5;privatrechtliche Leistungsentgelte;442100;Erlöse aus dem Verkauf von Stammbüchern;1.067,00;700;700;700;700;700
1;Zentrale Verwaltung;12;Sicherheit und Ordnung;122;Ordnungsangelegenheiten;122020;Standesamt;448;6;Kostenerstattungen und Kostenumlagen;;;85,46;100;0;0;0;0
1;Zentrale Verwaltung;12;Sicherheit und Ordnung;122;Ordnungsangelegenheiten;122020;Standesamt;448;6;Kostenerstattungen und Kostenumlagen;448500;Erstattung Stadtwerke;85,46;100;0;0;0;0
1;Zentrale Verwaltung;12;Sicherheit und Ordnung;122;Ordnungsangelegenheiten;122020;Standesamt;45;7;sonstige Erträge;;;0,00;0;0;0;0;0
1;Zentrale Verwaltung;12;Sicherheit und Ordnung;122;Ordnungsangelegenheiten;122020;Standesamt;471;8;aktivierte Eigenleistungen;;;0,00;0;0;0;0;0
1;Zentrale Verwaltung;12;Sicherheit und Ordnung;122;Ordnungsangelegenheiten;122020;Standesamt;472;9;Bestandsveränderungen;;;0,00;0;0;0;0;0
1;Zentrale Verwaltung;12;Sicherheit und Ordnung;122;Ordnungsangelegenheiten;122020;Standesamt;;10;Erträge;;;21.392,21;15.800;16.700;16.700;16.700;16.700
1;Zentrale Verwaltung;12;Sicherheit und Ordnung;122;Ordnungsangelegenheiten;122020;Standesamt;50;11;Personalaufwendungen;;;80.354,59;109.700;12.100;12.300;12.800;13.500
1;Zentrale Verwaltung;12;Sicherheit und Ordnung;122;Ordnungsangelegenheiten;122020;Standesamt;50;11;Personalaufwendungen;501100;Beamtenbezüge;22.909,08;38.400;0;0;0;0
1;Zentrale Verwaltung;12;Sicherheit und Ordnung;122;Ordnungsangelegenheiten;122020;Standesamt;50;11;Personalaufwendungen;501200;Entgelte an ArbeitnehmerInnen;21.128,90;27.000;0;0;0;0
1;Zentrale Verwaltung;12;Sicherheit und Ordnung;122;Ordnungsangelegenheiten;122020;Standesamt;50;11;Personalaufwendungen;502100;VAK Beamte;11.261,94;21.700;0;0;0;0
1;Zentrale Verwaltung;12;Sicherheit und Ordnung;122;Ordnungsangelegenheiten;122020;Standesamt;50;11;Personalaufwendungen;502200;Zusatzversicherung ArbeitnehmerInnen;1.376,16;2.600;0;0;0;0
1;Zentrale Verwaltung;12;Sicherheit und Ordnung;122;Ordnungsangelegenheiten;122020;Standesamt;50;11;Personalaufwendungen;503200;Beiträge gesetzliche Sozialversicherung ArbeitnehmerInnen;4.286,87;6.400;0;0;0;0
1;Zentrale Verwaltung;12;Sicherheit und Ordnung;122;Ordnungsangelegenheiten;122020;Standesamt;50;11;Personalaufwendungen;504100;Beihilfen;2.191,64;1.900;0;0;0;0
1;Zentrale Verwaltung;12;Sicherheit und Ordnung;122;Ordnungsangelegenheiten;122020;Standesamt;50;11;Personalaufwendungen;505100;Zuführungen zu Pensionsrückstellungen nach beamtenrechtlichen Vorschriften;14.100,00;9.600;9.900;10.100;10.500;11.100
1;Zentrale Verwaltung;12;Sicherheit und Ordnung;122;Ordnungsangelegenheiten;122020;Standesamt;50;11;Personalaufwendungen;506100;Zuführungen zur Beihilferückstellung für Beschäftigte;3.100,00;2.100;2.200;2.200;2.300;2.400
1;Zentrale Verwaltung;12;Sicherheit und Ordnung;122;Ordnungsangelegenheiten;122020;Standesamt;51;12;Versorgungsaufwendungen;;;0,00;0;0;0;0;0
1;Zentrale Verwaltung;12;Sicherheit und Ordnung;122;Ordnungsangelegenheiten;122020;Standesamt;52;13;Aufwendungen für Sach- u. Dienstleistungen;;;1.487,94;2.500;2.500;2.500;2.500;2.500
1;Zentrale Verwaltung;12;Sicherheit und Ordnung;122;Ordnungsangelegenheiten;122020;Standesamt;52;13;Aufwendungen für Sach- u. Dienstleistungen;524110;Heizungskosten;618,33;900;900;900;900;900
1;Zentrale Verwaltung;12;Sicherheit und Ordnung;122;Ordnungsangelegenheiten;122020;Standesamt;52;13;Aufwendungen für Sach- u. Dienstleistungen;524120;Reinigungskosten;14,37;100;100;100;100;100
1;Zentrale Verwaltung;12;Sicherheit und Ordnung;122;Ordnungsangelegenheiten;122020;Standesamt;52;13;Aufwendungen für Sach- u. Dienstleistungen;524130;Wasserversorgung, Strom, Abwasser;511,77;800;800;800;800;800
1;Zentrale Verwaltung;12;Sicherheit und Ordnung;122;Ordnungsangelegenheiten;122020;Standesamt;52;13;Aufwendungen für Sach- u. Dienstleistungen;524140;Gebäudeversicherungen;114,79;200;200;200;200;200
1;Zentrale Verwaltung;12;Sicherheit und Ordnung;122;Ordnungsangelegenheiten;122020;Standesamt;52;13;Aufwendungen für Sach- u. Dienstleistungen;524150;Steuern und Abgaben;43,28;100;100;100;100;100
1;Zentrale Verwaltung;12;Sicherheit und Ordnung;122;Ordnungsangelegenheiten;122020;Standesamt;52;13;Aufwendungen für Sach- u. Dienstleistungen;527100;Besondere Verwaltungs- und Betriebsaufwendungen;185,40;400;400;400;400;400
1;Zentrale Verwaltung;12;Sicherheit und Ordnung;122;Ordnungsangelegenheiten;122020;Standesamt;57;14;bilanzielle Abschreibungen;;;155,99;200;200;200;200;200
1;Zentrale Verwaltung;12;Sicherheit und Ordnung;122;Ordnungsangelegenheiten;122020;Standesamt;57;14;bilanzielle Abschreibungen;571100;Abschreibungen auf immaterielle Vermögensgegenstände und Sachanlagen;155,99;200;200;200;200;200
1;Zentrale Verwaltung;12;Sicherheit und Ordnung;122;Ordnungsangelegenheiten;122020;Standesamt;53;15;Transferaufwendungen;;;0,00;0;0;0;0;0
1;Zentrale Verwaltung;12;Sicherheit und Ordnung;122;Ordnungsangelegenheiten;122020;Standesamt;54;16;sonstige Aufwendungen;;;2.145,17;2.900;2.900;2.900;2.900;2.900
1;Zentrale Verwaltung;12;Sicherheit und Ordnung;122;Ordnungsangelegenheiten;122020;Standesamt;54;16;sonstige Aufwendungen;542910;Mitgliedsbeiträge;180,00;200;200;200;200;200
1;Zentrale Verwaltung;12;Sicherheit und Ordnung;122;Ordnungsangelegenheiten;122020;Standesamt;54;16;sonstige Aufwendungen;543100;Bürobedarf;138,84;100;100;100;100;100
1;Zentrale Verwaltung;12;Sicherheit und Ordnung;122;Ordnungsangelegenheiten;122020;Standesamt;54;16;sonstige Aufwendungen;543105;Urkundenvordrucke, Stammbücher;1.543,27;2.000;2.000;2.000;2.000;2.000
1;Zentrale Verwaltung;12;Sicherheit und Ordnung;122;Ordnungsangelegenheiten;122020;Standesamt;54;16;sonstige Aufwendungen;543110;Bücher und Zeitschriften;248,26;400;400;400;400;400
1;Zentrale Verwaltung;12;Sicherheit und Ordnung;122;Ordnungsangelegenheiten;122020;Standesamt;54;16;sonstige Aufwendungen;543130;Öffentliche Bekanntmachungen;0,00;100;100;100;100;100
1;Zentrale Verwaltung;12;Sicherheit und Ordnung;122;Ordnungsangelegenheiten;122020;Standesamt;54;16;sonstige Aufwendungen;543140;Reisekosten;34,80;100;100;100;100;100
1;Zentrale Verwaltung;12;Sicherheit und Ordnung;122;Ordnungsangelegenheiten;122020;Standesamt;;17;davon: Verfügungsmittel;;;0,00;0;0;0;0;0
1;Zentrale Verwaltung;12;Sicherheit und Ordnung;122;Ordnungsangelegenheiten;122020;Standesamt;;18;Aufwendungen;;;84.143,69;115.300;17.700;17.900;18.400;19.100
1;Zentrale Verwaltung;12;Sicherheit und Ordnung;122;Ordnungsangelegenheiten;122020;Standesamt;;19;Ergebnis der laufenden Verwaltungstätigkeit;;;-62.751,48;-99.500;-1.000;-1.200;-1.700;-2.400
1;Zentrale Verwaltung;12;Sicherheit und Ordnung;122;Ordnungsangelegenheiten;122020;Standesamt;46;20;Finanzerträge;;;0,00;0;0;0;0;0
1;Zentrale Verwaltung;12;Sicherheit und Ordnung;122;Ordnungsangelegenheiten;122020;Standesamt;55;21;Zinsen und sonstige Finanzaufwendungen;;;0,00;0;0;0;0;0
1;Zentrale Verwaltung;12;Sicherheit und Ordnung;122;Ordnungsangelegenheiten;122020;Standesamt;;22;Finanzergebnis;;;0,00;0;0;0;0;0
1;Zentrale Verwaltung;12;Sicherheit und Ordnung;122;Ordnungsangelegenheiten;122020;Standesamt;;23;Ergebnis vor Berücksichtigung der internen Leistungsbeziehungen;;;-62.751,48;-99.500;-1.000;-1.200;-1.700;-2.400
1;Zentrale Verwaltung;12;Sicherheit und Ordnung;122;Ordnungsangelegenheiten;122020;Standesamt;48;24;Erträge aus internen Leistungsbeziehungen;;;0,00;0;0;0;0;0
1;Zentrale Verwaltung;12;Sicherheit und Ordnung;122;Ordnungsangelegenheiten;122020;Standesamt;58;25;Aufwendungen aus internen Leistungsbeziehungen;;;0,00;0;0;0;0;0
1;Zentrale Verwaltung;12;Sicherheit und Ordnung;122;Ordnungsangelegenheiten;122020;Standesamt;;26;Ergebnis;;;-62.751,48;-99.500;-1.000;-1.200;-1.700;-2.400
1;Zentrale Verwaltung;12;Sicherheit und Ordnung;126;Brandschutz;126010;Brandschutz;40;1;Steuern und ähnliche Abgaben;;;0,00;0;0;0;0;0
1;Zentrale Verwaltung;12;Sicherheit und Ordnung;126;Brandschutz;126010;Brandschutz;41;2;Zuwendungen und allgemeine Umlagen;;;82.496,59;52.000;49.000;47.100;44.800;43.000
1;Zentrale Verwaltung;12;Sicherheit und Ordnung;126;Brandschutz;126010;Brandschutz;41;2;Zuwendungen und allgemeine Umlagen;414100;Zuweisung des Landes;27.189,12;0;0;0;0;0
1;Zentrale Verwaltung;12;Sicherheit und Ordnung;126;Brandschutz;126010;Brandschutz;41;2;Zuwendungen und allgemeine Umlagen;416200;Erträge aus der Auflösung von Sonderposten aus Zuweisungen;55.307,47;52.000;49.000;47.100;44.800;43.000
1;Zentrale Verwaltung;12;Sicherheit und Ordnung;126;Brandschutz;126010;Brandschutz;42;3;sonstige Transfererträge;;;0,00;0;0;0;0;0
1;Zentrale Verwaltung;12;Sicherheit und Ordnung;126;Brandschutz;126010;Brandschutz;43;4;öffentlich-rechtliche Leistungsentgelte;;;13.984,81;22.000;22.000;22.000;22.000;22.000
1;Zentrale Verwaltung;12;Sicherheit und Ordnung;126;Brandschutz;126010;Brandschutz;43;4;öffentlich-rechtliche Leistungsentgelte;432100;Benutzungsgebühren;13.984,81;22.000;22.000;22.000;22.000;22.000
1;Zentrale Verwaltung;12;Sicherheit und Ordnung;126;Brandschutz;126010;Brandschutz;441, 442, 446;5;privatrechtliche Leistungsentgelte;;;27.313,68;29.000;29.000;29.000;29.000;29.000
1;Zentrale Verwaltung;12;Sicherheit und Ordnung;126;Brandschutz;126010;Brandschutz;441, 442, 446;5;privatrechtliche Leistungsentgelte;441100;Mieten und Pachten;27.313,68;29.000;29.000;29.000;29.000;29.000
1;Zentrale Verwaltung;12;Sicherheit und Ordnung;126;Brandschutz;126010;Brandschutz;448;6;Kostenerstattungen und Kostenumlagen;;;1.724,82;3.800;1.800;1.800;1.800;1.800
1;Zentrale Verwaltung;12;Sicherheit und Ordnung;126;Brandschutz;126010;Brandschutz;448;6;Kostenerstattungen und Kostenumlagen;448100;Erstattungen für die Ölwehr;585,00;500;500;500;500;500
1;Zentrale Verwaltung;12;Sicherheit und Ordnung;126;Brandschutz;126010;Brandschutz;448;6;Kostenerstattungen und Kostenumlagen;448200;Erstattung von Kreis;0,00;500;500;500;500;500
1;Zentrale Verwaltung;12;Sicherheit und Ordnung;126;Brandschutz;126010;Brandschutz;448;6;Kostenerstattungen und Kostenumlagen;448500;Erstattung Stadtwerke;139,82;2.000;0;0;0;0
1;Zentrale Verwaltung;12;Sicherheit und Ordnung;126;Brandschutz;126010;Brandschutz;448;6;Kostenerstattungen und Kostenumlagen;448700;Erträge aus Kostenerstattungen, Kostenumlagen  - private Unternehmen -;1.000,00;0;0;0;0;0
1;Zentrale Verwaltung;12;Sicherheit und Ordnung;126;Brandschutz;126010;Brandschutz;448;6;Kostenerstattungen und Kostenumlagen;448800;Personalkostenerstattg. Ölwehreinsätze;0,00;800;800;800;800;800
1;Zentrale Verwaltung;12;Sicherheit und Ordnung;126;Brandschutz;126010;Brandschutz;45;7;sonstige Erträge;;;2.730,91;2.300;2.100;1.500;600;600
1;Zentrale Verwaltung;12;Sicherheit und Ordnung;126;Brandschutz;126010;Brandschutz;45;7;sonstige Erträge;457300;Erträge aus der Auflösung von sonstigen Sonderposten;2.730,91;2.300;2.100;1.500;600;600
1;Zentrale Verwaltung;12;Sicherheit und Ordnung;126;Brandschutz;126010;Brandschutz;471;8;aktivierte Eigenleistungen;;;0,00;0;0;0;0;0
1;Zentrale Verwaltung;12;Sicherheit und Ordnung;126;Brandschutz;126010;Brandschutz;472;9;Bestandsveränderungen;;;0,00;0;0;0;0;0
1;Zentrale Verwaltung;12;Sicherheit und Ordnung;126;Brandschutz;126010;Brandschutz;;10;Erträge;;;128.250,81;109.100;103.900;101.400;98.200;96.400
1;Zentrale Verwaltung;12;Sicherheit und Ordnung;126;Brandschutz;126010;Brandschutz;50;11;Personalaufwendungen;;;70.335,09;75.000;76.600;79.000;81.400;83.900
1;Zentrale Verwaltung;12;Sicherheit und Ordnung;126;Brandschutz;126010;Brandschutz;50;11;Personalaufwendungen;501200;Entgelte an ArbeitnehmerInnen;54.834,09;59.100;59.500;61.300;63.100;65.000
1;Zentrale Verwaltung;12;Sicherheit und Ordnung;126;Brandschutz;126010;Brandschutz;50;11;Personalaufwendungen;502200;Zusatzversicherung ArbeitnehmerInnen;3.684,06;4.800;5.000;5.200;5.400;5.600
1;Zentrale Verwaltung;12;Sicherheit und Ordnung;126;Brandschutz;126010;Brandschutz;50;11;Personalaufwendungen;503200;Beiträge gesetzliche Sozialversicherung ArbeitnehmerInnen;11.816,94;11.100;12.100;12.500;12.900;13.300
1;Zentrale Verwaltung;12;Sicherheit und Ordnung;126;Brandschutz;126010;Brandschutz;51;12;Versorgungsaufwendungen;;;0,00;0;0;0;0;0
1;Zentrale Verwaltung;12;Sicherheit und Ordnung;126;Brandschutz;126010;Brandschutz;52;13;Aufwendungen für Sach- u. Dienstleistungen;;;151.270,10;148.000;146.100;144.200;146.300;149.500
1;Zentrale Verwaltung;12;Sicherheit und Ordnung;126;Brandschutz;126010;Brandschutz;52;13;Aufwendungen für Sach- u. Dienstleistungen;521100;Unterhaltung der Grundstücke und baulichen Anlagen;19.695,46;23.500;23.500;24.000;24.500;25.000
1;Zentrale Verwaltung;12;Sicherheit und Ordnung;126;Brandschutz;126010;Brandschutz;52;13;Aufwendungen für Sach- u. Dienstleistungen;522100;Unterhaltung Löschwasserbrunnen;23.800,00;4.000;4.000;4.000;4.000;4.000
1;Zentrale Verwaltung;12;Sicherheit und Ordnung;126;Brandschutz;126010;Brandschutz;52;13;Aufwendungen für Sach- u. Dienstleistungen;524110;Heizungskosten;13.266,00;13.900;13.900;14.000;14.300;14.700
1;Zentrale Verwaltung;12;Sicherheit und Ordnung;126;Brandschutz;126010;Brandschutz;52;13;Aufwendungen für Sach- u. Dienstleistungen;524120;Reinigungskosten;4.792,37;5.500;5.500;5.500;5.500;5.500
1;Zentrale Verwaltung;12;Sicherheit und Ordnung;126;Brandschutz;126010;Brandschutz;52;13;Aufwendungen für Sach- u. Dienstleistungen;524130;Wasserversorgung, Strom, Abwasser;15.514,19;16.200;15.500;15.700;16.000;16.500
1;Zentrale Verwaltung;12;Sicherheit und Ordnung;126;Brandschutz;126010;Brandschutz;52;13;Aufwendungen für Sach- u. Dienstleistungen;524140;Gebäudeversicherungen;1.087,34;1.100;1.200;1.200;1.200;1.200
1;Zentrale Verwaltung;12;Sicherheit und Ordnung;126;Brandschutz;126010;Brandschutz;52;13;Aufwendungen für Sach- u. Dienstleistungen;524150;Steuern und Abgaben;2.297,84;2.400;2.500;2.600;2.700;2.800
1;Zentrale Verwaltung;12;Sicherheit und Ordnung;126;Brandschutz;126010;Brandschutz;52;13;Aufwendungen für Sach- u. Dienstleistungen;524160;sonstige Bewirtschaftungskosten;67,92;300;300;300;300;300
1;Zentrale Verwaltung;12;Sicherheit und Ordnung;126;Brandschutz;126010;Brandschutz;52;13;Aufwendungen für Sach- u. Dienstleistungen;525100;Haltung von Fahrzeugen;23.192,74;27.700;28.000;28.600;29.200;29.800
1;Zentrale Verwaltung;12;Sicherheit und Ordnung;126;Brandschutz;126010;Brandschutz;52;13;Aufwendungen für Sach- u. Dienstleistungen;526100;Dienst- und Schutzkleidung, persönliche Ausrüstungsgegenstände;11.615,69;17.500;13.700;10.000;10.000;10.000
1;Zentrale Verwaltung;12;Sicherheit und Ordnung;126;Brandschutz;126010;Brandschutz;52;13;Aufwendungen für Sach- u. Dienstleistungen;526200;Aus- und Forbildung;12.811,32;13.900;14.100;14.100;14.100;14.100
1;Zentrale Verwaltung;12;Sicherheit und Ordnung;126;Brandschutz;126010;Brandschutz;52;13;Aufwendungen für Sach- u. Dienstleistungen;527100;Besondere Verwaltungs- und Betriebsaufwendungen;17.553,20;17.700;17.700;17.700;17.700;18.500
1;Zentrale Verwaltung;12;Sicherheit und Ordnung;126;Brandschutz;126010;Brandschutz;52;13;Aufwendungen für Sach- u. Dienstleistungen;527105;Unterhaltung elbetüchtiges Boot;66,61;200;200;200;200;200
1;Zentrale Verwaltung;12;Sicherheit und Ordnung;126;Brandschutz;126010;Brandschutz;52;13;Aufwendungen für Sach- u. Dienstleistungen;527110;IT-Bedarf;5.509,42;4.100;6.000;6.300;6.600;6.900
1;Zentrale Verwaltung;12;Sicherheit und Ordnung;126;Brandschutz;126010;Brandschutz;57;14;bilanzielle Abschreibungen;;;226.713,86;234.400;233.000;215.100;187.600;165.900
1;Zentrale Verwaltung;12;Sicherheit und Ordnung;126;Brandschutz;126010;Brandschutz;57;14;bilanzielle Abschreibungen;571100;Abschreibungen auf immaterielle Vermögensgegenstände und Sachanlagen;226.713,86;234.400;233.000;215.100;187.600;165.900
1;Zentrale Verwaltung;12;Sicherheit und Ordnung;126;Brandschutz;126010;Brandschutz;53;15;Transferaufwendungen;;;12.998,68;25.100;22.300;22.400;22.500;22.600
1;Zentrale Verwaltung;12;Sicherheit und Ordnung;126;Brandschutz;126010;Brandschutz;53;15;Transferaufwendungen;531700;Zuschuss an private Unternehmen;0,00;2.500;2.500;2.500;2.500;2.500
1;Zentrale Verwaltung;12;Sicherheit und Ordnung;126;Brandschutz;126010;Brandschutz;53;15;Transferaufwendungen;531800;Zuschuss Feuerwehr;0,00;5.000;2.500;2.600;2.700;2.800
1;Zentrale Verwaltung;12;Sicherheit und Ordnung;126;Brandschutz;126010;Brandschutz;53;15;Transferaufwendungen;531810;Zuschuss Mitgliederförderung;12.998,68;16.300;16.000;16.000;16.000;16.000
1;Zentrale Verwaltung;12;Sicherheit und Ordnung;126;Brandschutz;126010;Brandschutz;53;15;Transferaufwendungen;531811;Zuschuss Einsatzbereitschaft;0,00;1.300;1.300;1.300;1.300;1.300
1;Zentrale Verwaltung;12;Sicherheit und Ordnung;126;Brandschutz;126010;Brandschutz;54;16;sonstige Aufwendungen;;;40.799,30;74.300;59.400;56.500;50.000;50.700
1;Zentrale Verwaltung;12;Sicherheit und Ordnung;126;Brandschutz;126010;Brandschutz;54;16;sonstige Aufwendungen;542100;Aufwendungen für ehrenamtliche Tätigkeiten u.a.;6.846,90;9.000;9.000;9.000;9.000;9.000
1;Zentrale Verwaltung;12;Sicherheit und Ordnung;126;Brandschutz;126010;Brandschutz;54;16;sonstige Aufwendungen;542110;Untersuchungskosten Feuerwehrleute;966,25;3.100;4.600;4.600;4.600;4.800
1;Zentrale Verwaltung;12;Sicherheit und Ordnung;126;Brandschutz;126010;Brandschutz;54;16;sonstige Aufwendungen;542900;Vermischte Aufwendungen;6,99;400;400;400;400;400
1;Zentrale Verwaltung;12;Sicherheit und Ordnung;126;Brandschutz;126010;Brandschutz;54;16;sonstige Aufwendungen;542910;Mitgliedsbeiträge;5.049,57;5.300;5.300;5.300;5.300;5.300
1;Zentrale Verwaltung;12;Sicherheit und Ordnung;126;Brandschutz;126010;Brandschutz;54;16;sonstige Aufwendungen;543100;Geschäftsausgaben;3.199,39;3.800;3.800;10.400;3.400;3.400
1;Zentrale Verwaltung;12;Sicherheit und Ordnung;126;Brandschutz;126010;Brandschutz;54;16;sonstige Aufwendungen;543125;Fernmeldegebühren;914,48;1.000;1.800;1.800;1.800;1.800
1;Zentrale Verwaltung;12;Sicherheit und Ordnung;126;Brandschutz;126010;Brandschutz;54;16;sonstige Aufwendungen;543150;Fachberater;0,00;27.200;10.000;0;0;0
1;Zentrale Verwaltung;12;Sicherheit und Ordnung;126;Brandschutz;126010;Brandschutz;54;16;sonstige Aufwendungen;544100;Unfallversicherung;23.815,72;24.500;24.500;25.000;25.500;26.000
1;Zentrale Verwaltung;12;Sicherheit und Ordnung;126;Brandschutz;126010;Brandschutz;;17;davon: Verfügungsmittel;;;0,00;0;0;0;0;0
1;Zentrale Verwaltung;12;Sicherheit und Ordnung;126;Brandschutz;126010;Brandschutz;;18;Aufwendungen;;;502.117,03;556.800;537.400;517.200;487.800;472.600
1;Zentrale Verwaltung;12;Sicherheit und Ordnung;126;Brandschutz;126010;Brandschutz;;19;Ergebnis der laufenden Verwaltungstätigkeit;;;-373.866,22;-447.700;-433.500;-415.800;-389.600;-376.200
1;Zentrale Verwaltung;12;Sicherheit und Ordnung;126;Brandschutz;126010;Brandschutz;46;20;Finanzerträge;;;0,00;0;0;0;0;0
1;Zentrale Verwaltung;12;Sicherheit und Ordnung;126;Brandschutz;126010;Brandschutz;55;21;Zinsen und sonstige Finanzaufwendungen;;;0,00;0;0;0;0;0
1;Zentrale Verwaltung;12;Sicherheit und Ordnung;126;Brandschutz;126010;Brandschutz;;22;Finanzergebnis;;;0,00;0;0;0;0;0
1;Zentrale Verwaltung;12;Sicherheit und Ordnung;126;Brandschutz;126010;Brandschutz;;23;Ergebnis vor Berücksichtigung der internen Leistungsbeziehungen;;;-373.866,22;-447.700;-433.500;-415.800;-389.600;-376.200
1;Zentrale Verwaltung;12;Sicherheit und Ordnung;126;Brandschutz;126010;Brandschutz;48;24;Erträge aus internen Leistungsbeziehungen;;;0,00;0;0;0;0;0
1;Zentrale Verwaltung;12;Sicherheit und Ordnung;126;Brandschutz;126010;Brandschutz;58;25;Aufwendungen aus internen Leistungsbeziehungen;;;0,00;0;0;0;0;0
1;Zentrale Verwaltung;12;Sicherheit und Ordnung;126;Brandschutz;126010;Brandschutz;;26;Ergebnis;;;-373.866,22;-447.700;-433.500;-415.800;-389.600;-376.200
1;Zentrale Verwaltung;12;Sicherheit und Ordnung;128;Katastrophenschutz;128010;Katastrophenschutz;40;1;Steuern und ähnliche Abgaben;;;0,00;0;0;0;0;0
1;Zentrale Verwaltung;12;Sicherheit und Ordnung;128;Katastrophenschutz;128010;Katastrophenschutz;41;2;Zuwendungen und allgemeine Umlagen;;;0,00;5.300;0;0;0;0
1;Zentrale Verwaltung;12;Sicherheit und Ordnung;128;Katastrophenschutz;128010;Katastrophenschutz;41;2;Zuwendungen und allgemeine Umlagen;416200;Erträge aus der Auflösung von Sonderposten aus Zuweisungen;0,00;5.300;0;0;0;0
1;Zentrale Verwaltung;12;Sicherheit und Ordnung;128;Katastrophenschutz;128010;Katastrophenschutz;42;3;sonstige Transfererträge;;;0,00;0;0;0;0;0
1;Zentrale Verwaltung;12;Sicherheit und Ordnung;128;Katastrophenschutz;128010;Katastrophenschutz;43;4;öffentlich-rechtliche Leistungsentgelte;;;0,00;0;0;0;0;0
1;Zentrale Verwaltung;12;Sicherheit und Ordnung;128;Katastrophenschutz;128010;Katastrophenschutz;441, 442, 446;5;privatrechtliche Leistungsentgelte;;;0,00;0;0;0;0;0
1;Zentrale Verwaltung;12;Sicherheit und Ordnung;128;Katastrophenschutz;128010;Katastrophenschutz;448;6;Kostenerstattungen und Kostenumlagen;;;0,00;0;0;0;0;0
1;Zentrale Verwaltung;12;Sicherheit und Ordnung;128;Katastrophenschutz;128010;Katastrophenschutz;45;7;sonstige Erträge;;;0,00;0;0;0;0;0
1;Zentrale Verwaltung;12;Sicherheit und Ordnung;128;Katastrophenschutz;128010;Katastrophenschutz;471;8;aktivierte Eigenleistungen;;;0,00;0;0;0;0;0
1;Zentrale Verwaltung;12;Sicherheit und Ordnung;128;Katastrophenschutz;128010;Katastrophenschutz;472;9;Bestandsveränderungen;;;0,00;0;0;0;0;0
1;Zentrale Verwaltung;12;Sicherheit und Ordnung;128;Katastrophenschutz;128010;Katastrophenschutz;;10;Erträge;;;0,00;5.300;0;0;0;0
1;Zentrale Verwaltung;12;Sicherheit und Ordnung;128;Katastrophenschutz;128010;Katastrophenschutz;50;11;Personalaufwendungen;;;0,00;0;0;0;0;0
1;Zentrale Verwaltung;12;Sicherheit und Ordnung;128;Katastrophenschutz;128010;Katastrophenschutz;51;12;Versorgungsaufwendungen;;;0,00;0;0;0;0;0
1;Zentrale Verwaltung;12;Sicherheit und Ordnung;128;Katastrophenschutz;128010;Katastrophenschutz;52;13;Aufwendungen für Sach- u. Dienstleistungen;;;3.650,15;800;800;800;800;800
1;Zentrale Verwaltung;12;Sicherheit und Ordnung;128;Katastrophenschutz;128010;Katastrophenschutz;52;13;Aufwendungen für Sach- u. Dienstleistungen;524160;Sonstige Bewirtschaftungskosten;2.814,62;300;300;300;300;300
1;Zentrale Verwaltung;12;Sicherheit und Ordnung;128;Katastrophenschutz;128010;Katastrophenschutz;52;13;Aufwendungen für Sach- u. Dienstleistungen;527100;Besondere Verwaltungs- und Betriebsaufwendungen;835,53;500;500;500;500;500
1;Zentrale Verwaltung;12;Sicherheit und Ordnung;128;Katastrophenschutz;128010;Katastrophenschutz;57;14;bilanzielle Abschreibungen;;;12.248,77;9.100;13.500;13.500;13.500;13.500
1;Zentrale Verwaltung;12;Sicherheit und Ordnung;128;Katastrophenschutz;128010;Katastrophenschutz;57;14;bilanzielle Abschreibungen;571100;Abschreibungen auf immaterielle Vermögensgegenstände und Sachanlagen;12.248,77;9.100;13.500;13.500;13.500;13.500
1;Zentrale Verwaltung;12;Sicherheit und Ordnung;128;Katastrophenschutz;128010;Katastrophenschutz;53;15;Transferaufwendungen;;;0,00;0;0;0;0;0
1;Zentrale Verwaltung;12;Sicherheit und Ordnung;128;Katastrophenschutz;128010;Katastrophenschutz;54;16;sonstige Aufwendungen;;;0,00;0;0;0;0;0
1;Zentrale Verwaltung;12;Sicherheit und Ordnung;128;Katastrophenschutz;128010;Katastrophenschutz;;17;davon: Verfügungsmittel;;;0,00;0;0;0;0;0
1;Zentrale Verwaltung;12;Sicherheit und Ordnung;128;Katastrophenschutz;128010;Katastrophenschutz;;18;Aufwendungen;;;15.898,92;9.900;14.300;14.300;14.300;14.300
1;Zentrale Verwaltung;12;Sicherheit und Ordnung;128;Katastrophenschutz;128010;Katastrophenschutz;;19;Ergebnis der laufenden Verwaltungstätigkeit;;;-15.898,92;-4.600;-14.300;-14.300;-14.300;-14.300
1;Zentrale Verwaltung;12;Sicherheit und Ordnung;128;Katastrophenschutz;128010;Katastrophenschutz;46;20;Finanzerträge;;;0,00;0;0;0;0;0
1;Zentrale Verwaltung;12;Sicherheit und Ordnung;128;Katastrophenschutz;128010;Katastrophenschutz;55;21;Zinsen und sonstige Finanzaufwendungen;;;0,00;0;0;0;0;0
1;Zentrale Verwaltung;12;Sicherheit und Ordnung;128;Katastrophenschutz;128010;Katastrophenschutz;;22;Finanzergebnis;;;0,00;0;0;0;0;0
1;Zentrale Verwaltung;12;Sicherheit und Ordnung;128;Katastrophenschutz;128010;Katastrophenschutz;;23;Ergebnis vor Berücksichtigung der internen Leistungsbeziehungen;;;-15.898,92;-4.600;-14.300;-14.300;-14.300;-14.300
1;Zentrale Verwaltung;12;Sicherheit und Ordnung;128;Katastrophenschutz;128010;Katastrophenschutz;48;24;Erträge aus internen Leistungsbeziehungen;;;0,00;0;0;0;0;0
1;Zentrale Verwaltung;12;Sicherheit und Ordnung;128;Katastrophenschutz;128010;Katastrophenschutz;58;25;Aufwendungen aus internen Leistungsbeziehungen;;;0,00;0;0;0;0;0
1;Zentrale Verwaltung;12;Sicherheit und Ordnung;128;Katastrophenschutz;128010;Katastrophenschutz;;26;Ergebnis;;;-15.898,92;-4.600;-14.300;-14.300;-14.300;-14.300
2;Schule und Kultur;21;Schulträgeraufgaben;211;Grundschulen;211010;Grundschulen;40;1;Steuern und ähnliche Abgaben;;;0,00;0;0;0;0;0
2;Schule und Kultur;21;Schulträgeraufgaben;211;Grundschulen;211010;Grundschulen;41;2;Zuwendungen und allgemeine Umlagen;;;0,00;0;0;0;0;0
2;Schule und Kultur;21;Schulträgeraufgaben;211;Grundschulen;211010;Grundschulen;42;3;sonstige Transfererträge;;;0,00;0;0;0;0;0
2;Schule und Kultur;21;Schulträgeraufgaben;211;Grundschulen;211010;Grundschulen;43;4;öffentlich-rechtliche Leistungsentgelte;;;0,00;0;0;0;0;0
2;Schule und Kultur;21;Schulträgeraufgaben;211;Grundschulen;211010;Grundschulen;441, 442, 446;5;privatrechtliche Leistungsentgelte;;;0,00;0;0;0;0;0
2;Schule und Kultur;21;Schulträgeraufgaben;211;Grundschulen;211010;Grundschulen;448;6;Kostenerstattungen und Kostenumlagen;;;0,00;0;0;0;0;0
2;Schule und Kultur;21;Schulträgeraufgaben;211;Grundschulen;211010;Grundschulen;45;7;sonstige Erträge;;;0,00;0;0;0;0;0
2;Schule und Kultur;21;Schulträgeraufgaben;211;Grundschulen;211010;Grundschulen;471;8;aktivierte Eigenleistungen;;;0,00;0;0;0;0;0
2;Schule und Kultur;21;Schulträgeraufgaben;211;Grundschulen;211010;Grundschulen;472;9;Bestandsveränderungen;;;0,00;0;0;0;0;0
2;Schule und Kultur;21;Schulträgeraufgaben;211;Grundschulen;211010;Grundschulen;;10;Erträge;;;0,00;0;0;0;0;0
2;Schule und Kultur;21;Schulträgeraufgaben;211;Grundschulen;211010;Grundschulen;50;11;Personalaufwendungen;;;39.340,20;0;0;0;0;0
2;Schule und Kultur;21;Schulträgeraufgaben;211;Grundschulen;211010;Grundschulen;50;11;Personalaufwendungen;501200;Entgelte an ArbeitnehmerInnen;31.034,38;0;0;0;0;0
2;Schule und Kultur;21;Schulträgeraufgaben;211;Grundschulen;211010;Grundschulen;50;11;Personalaufwendungen;502200;Zusatzversicherung ArbeitnehmerInnen;1.879,68;0;0;0;0;0
2;Schule und Kultur;21;Schulträgeraufgaben;211;Grundschulen;211010;Grundschulen;50;11;Personalaufwendungen;503200;Beiträge gesetzliche Sozialversicherung ArbeitnehmerInnen;6.426,14;0;0;0;0;0
2;Schule und Kultur;21;Schulträgeraufgaben;211;Grundschulen;211010;Grundschulen;51;12;Versorgungsaufwendungen;;;0,00;0;0;0;0;0
2;Schule und Kultur;21;Schulträgeraufgaben;211;Grundschulen;211010;Grundschulen;52;13;Aufwendungen für Sach- u. Dienstleistungen;;;0,00;0;0;0;0;0
2;Schule und Kultur;21;Schulträgeraufgaben;211;Grundschulen;211010;Grundschulen;57;14;bilanzielle Abschreibungen;;;0,00;0;0;0;0;0
2;Schule und Kultur;21;Schulträgeraufgaben;211;Grundschulen;211010;Grundschulen;53;15;Transferaufwendungen;;;0,00;0;0;0;0;0
2;Schule und Kultur;21;Schulträgeraufgaben;211;Grundschulen;211010;Grundschulen;54;16;sonstige Aufwendungen;;;26.662,07;25.000;24.200;24.700;25.200;25.700
2;Schule und Kultur;21;Schulträgeraufgaben;211;Grundschulen;211010;Grundschulen;54;16;sonstige Aufwendungen;545210;Schulkostenbeiträge;26.662,07;25.000;24.200;24.700;25.200;25.700
2;Schule und Kultur;21;Schulträgeraufgaben;211;Grundschulen;211010;Grundschulen;;17;davon: Verfügungsmittel;;;0,00;0;0;0;0;0
2;Schule und Kultur;21;Schulträgeraufgaben;211;Grundschulen;211010;Grundschulen;;18;Aufwendungen;;;66.002,27;25.000;24.200;24.700;25.200;25.700
2;Schule und Kultur;21;Schulträgeraufgaben;211;Grundschulen;211010;Grundschulen;;19;Ergebnis der laufenden Verwaltungstätigkeit;;;-66.002,27;-25.000;-24.200;-24.700;-25.200;-25.700
2;Schule und Kultur;21;Schulträgeraufgaben;211;Grundschulen;211010;Grundschulen;46;20;Finanzerträge;;;0,00;0;0;0;0;0
2;Schule und Kultur;21;Schulträgeraufgaben;211;Grundschulen;211010;Grundschulen;55;21;Zinsen und sonstige Finanzaufwendungen;;;0,00;0;0;0;0;0
2;Schule und Kultur;21;Schulträgeraufgaben;211;Grundschulen;211010;Grundschulen;;22;Finanzergebnis;;;0,00;0;0;0;0;0
2;Schule und Kultur;21;Schulträgeraufgaben;211;Grundschulen;211010;Grundschulen;;23;Ergebnis vor Berücksichtigung der internen Leistungsbeziehungen;;;-66.002,27;-25.000;-24.200;-24.700;-25.200;-25.700
2;Schule und Kultur;21;Schulträgeraufgaben;211;Grundschulen;211010;Grundschulen;48;24;Erträge aus internen Leistungsbeziehungen;;;0,00;0;0;0;0;0
2;Schule und Kultur;21;Schulträgeraufgaben;211;Grundschulen;211010;Grundschulen;58;25;Aufwendungen aus internen Leistungsbeziehungen;;;0,00;0;0;0;0;0
2;Schule und Kultur;21;Schulträgeraufgaben;211;Grundschulen;211010;Grundschulen;;26;Ergebnis;;;-66.002,27;-25.000;-24.200;-24.700;-25.200;-25.700
2;Schule und Kultur;21;Schulträgeraufgaben;217;Gymnasien;217010;Gymnasien;40;1;Steuern und ähnliche Abgaben;;;0,00;0;0;0;0;0
2;Schule und Kultur;21;Schulträgeraufgaben;217;Gymnasien;217010;Gymnasien;41;2;Zuwendungen und allgemeine Umlagen;;;0,00;0;0;0;0;0
2;Schule und Kultur;21;Schulträgeraufgaben;217;Gymnasien;217010;Gymnasien;42;3;sonstige Transfererträge;;;0,00;0;0;0;0;0
2;Schule und Kultur;21;Schulträgeraufgaben;217;Gymnasien;217010;Gymnasien;43;4;öffentlich-rechtliche Leistungsentgelte;;;0,00;0;0;0;0;0
2;Schule und Kultur;21;Schulträgeraufgaben;217;Gymnasien;217010;Gymnasien;441, 442, 446;5;privatrechtliche Leistungsentgelte;;;0,00;0;0;0;0;0
2;Schule und Kultur;21;Schulträgeraufgaben;217;Gymnasien;217010;Gymnasien;448;6;Kostenerstattungen und Kostenumlagen;;;0,00;0;0;0;0;0
2;Schule und Kultur;21;Schulträgeraufgaben;217;Gymnasien;217010;Gymnasien;45;7;sonstige Erträge;;;0,00;0;0;0;0;0
2;Schule und Kultur;21;Schulträgeraufgaben;217;Gymnasien;217010;Gymnasien;471;8;aktivierte Eigenleistungen;;;0,00;0;0;0;0;0
2;Schule und Kultur;21;Schulträgeraufgaben;217;Gymnasien;217010;Gymnasien;472;9;Bestandsveränderungen;;;0,00;0;0;0;0;0
2;Schule und Kultur;21;Schulträgeraufgaben;217;Gymnasien;217010;Gymnasien;;10;Erträge;;;0,00;0;0;0;0;0
2;Schule und Kultur;21;Schulträgeraufgaben;217;Gymnasien;217010;Gymnasien;50;11;Personalaufwendungen;;;0,00;0;0;0;0;0
2;Schule und Kultur;21;Schulträgeraufgaben;217;Gymnasien;217010;Gymnasien;51;12;Versorgungsaufwendungen;;;0,00;0;0;0;0;0
2;Schule und Kultur;21;Schulträgeraufgaben;217;Gymnasien;217010;Gymnasien;52;13;Aufwendungen für Sach- u. Dienstleistungen;;;0,00;0;0;0;0;0
2;Schule und Kultur;21;Schulträgeraufgaben;217;Gymnasien;217010;Gymnasien;57;14;bilanzielle Abschreibungen;;;0,00;0;0;0;0;0
2;Schule und Kultur;21;Schulträgeraufgaben;217;Gymnasien;217010;Gymnasien;53;15;Transferaufwendungen;;;0,00;0;0;0;0;0
2;Schule und Kultur;21;Schulträgeraufgaben;217;Gymnasien;217010;Gymnasien;54;16;sonstige Aufwendungen;;;766.049,51;510.700;554.100;565.200;576.500;588.000
2;Schule und Kultur;21;Schulträgeraufgaben;217;Gymnasien;217010;Gymnasien;54;16;sonstige Aufwendungen;545210;Schulkostenbeiträge;766.049,51;510.700;554.100;565.200;576.500;588.000
2;Schule und Kultur;21;Schulträgeraufgaben;217;Gymnasien;217010;Gymnasien;;17;davon: Verfügungsmittel;;;0,00;0;0;0;0;0
2;Schule und Kultur;21;Schulträgeraufgaben;217;Gymnasien;217010;Gymnasien;;18;Aufwendungen;;;766.049,51;510.700;554.100;565.200;576.500;588.000
2;Schule und Kultur;21;Schulträgeraufgaben;217;Gymnasien;217010;Gymnasien;;19;Ergebnis der laufenden Verwaltungstätigkeit;;;-766.049,51;-510.700;-554.100;-565.200;-576.500;-588.000
2;Schule und Kultur;21;Schulträgeraufgaben;217;Gymnasien;217010;Gymnasien;46;20;Finanzerträge;;;0,00;0;0;0;0;0
2;Schule und Kultur;21;Schulträgeraufgaben;217;Gymnasien;217010;Gymnasien;55;21;Zinsen und sonstige Finanzaufwendungen;;;0,00;0;0;0;0;0
2;Schule und Kultur;21;Schulträgeraufgaben;217;Gymnasien;217010;Gymnasien;;22;Finanzergebnis;;;0,00;0;0;0;0;0
2;Schule und Kultur;21;Schulträgeraufgaben;217;Gymnasien;217010;Gymnasien;;23;Ergebnis vor Berücksichtigung der internen Leistungsbeziehungen;;;-766.049,51;-510.700;-554.100;-565.200;-576.500;-588.000
2;Schule und Kultur;21;Schulträgeraufgaben;217;Gymnasien;217010;Gymnasien;48;24;Erträge aus internen Leistungsbeziehungen;;;0,00;0;0;0;0;0
2;Schule und Kultur;21;Schulträgeraufgaben;217;Gymnasien;217010;Gymnasien;58;25;Aufwendungen aus internen Leistungsbeziehungen;;;0,00;0;0;0;0;0
2;Schule und Kultur;21;Schulträgeraufgaben;217;Gymnasien;217010;Gymnasien;;26;Ergebnis;;;-766.049,51;-510.700;-554.100;-565.200;-576.500;-588.000
2;Schule und Kultur;21;Schulträgeraufgaben;218;Gesamtschulen, Gemeinschaftsschulen;218010;Gesamtschulen, Gemeinschaftsschulen;40;1;Steuern und ähnliche Abgaben;;;0,00;0;0;0;0;0
2;Schule und Kultur;21;Schulträgeraufgaben;218;Gesamtschulen, Gemeinschaftsschulen;218010;Gesamtschulen, Gemeinschaftsschulen;41;2;Zuwendungen und allgemeine Umlagen;;;0,00;0;0;0;0;0
2;Schule und Kultur;21;Schulträgeraufgaben;218;Gesamtschulen, Gemeinschaftsschulen;218010;Gesamtschulen, Gemeinschaftsschulen;42;3;sonstige Transfererträge;;;0,00;0;0;0;0;0
2;Schule und Kultur;21;Schulträgeraufgaben;218;Gesamtschulen, Gemeinschaftsschulen;218010;Gesamtschulen, Gemeinschaftsschulen;43;4;öffentlich-rechtliche Leistungsentgelte;;;0,00;0;0;0;0;0
2;Schule und Kultur;21;Schulträgeraufgaben;218;Gesamtschulen, Gemeinschaftsschulen;218010;Gesamtschulen, Gemeinschaftsschulen;441, 442, 446;5;privatrechtliche Leistungsentgelte;;;0,00;0;0;0;0;0
2;Schule und Kultur;21;Schulträgeraufgaben;218;Gesamtschulen, Gemeinschaftsschulen;218010;Gesamtschulen, Gemeinschaftsschulen;448;6;Kostenerstattungen und Kostenumlagen;;;0,00;0;0;0;0;0
2;Schule und Kultur;21;Schulträgeraufgaben;218;Gesamtschulen, Gemeinschaftsschulen;218010;Gesamtschulen, Gemeinschaftsschulen;45;7;sonstige Erträge;;;0,00;0;0;0;0;0
2;Schule und Kultur;21;Schulträgeraufgaben;218;Gesamtschulen, Gemeinschaftsschulen;218010;Gesamtschulen, Gemeinschaftsschulen;471;8;aktivierte Eigenleistungen;;;0,00;0;0;0;0;0
2;Schule und Kultur;21;Schulträgeraufgaben;218;Gesamtschulen, Gemeinschaftsschulen;218010;Gesamtschulen, Gemeinschaftsschulen;472;9;Bestandsveränderungen;;;0,00;0;0;0;0;0
2;Schule und Kultur;21;Schulträgeraufgaben;218;Gesamtschulen, Gemeinschaftsschulen;218010;Gesamtschulen, Gemeinschaftsschulen;;10;Erträge;;;0,00;0;0;0;0;0
2;Schule und Kultur;21;Schulträgeraufgaben;218;Gesamtschulen, Gemeinschaftsschulen;218010;Gesamtschulen, Gemeinschaftsschulen;50;11;Personalaufwendungen;;;0,00;0;0;0;0;0
2;Schule und Kultur;21;Schulträgeraufgaben;218;Gesamtschulen, Gemeinschaftsschulen;218010;Gesamtschulen, Gemeinschaftsschulen;51;12;Versorgungsaufwendungen;;;0,00;0;0;0;0;0
2;Schule und Kultur;21;Schulträgeraufgaben;218;Gesamtschulen, Gemeinschaftsschulen;218010;Gesamtschulen, Gemeinschaftsschulen;52;13;Aufwendungen für Sach- u. Dienstleistungen;;;0,00;0;0;0;0;0
2;Schule und Kultur;21;Schulträgeraufgaben;218;Gesamtschulen, Gemeinschaftsschulen;218010;Gesamtschulen, Gemeinschaftsschulen;57;14;bilanzielle Abschreibungen;;;0,00;0;0;0;0;0
2;Schule und Kultur;21;Schulträgeraufgaben;218;Gesamtschulen, Gemeinschaftsschulen;218010;Gesamtschulen, Gemeinschaftsschulen;53;15;Transferaufwendungen;;;0,00;0;0;0;0;0
2;Schule und Kultur;21;Schulträgeraufgaben;218;Gesamtschulen, Gemeinschaftsschulen;218010;Gesamtschulen, Gemeinschaftsschulen;54;16;sonstige Aufwendungen;;;0,00;2.500;2.500;2.500;2.500;2.500
2;Schule und Kultur;21;Schulträgeraufgaben;218;Gesamtschulen, Gemeinschaftsschulen;218010;Gesamtschulen, Gemeinschaftsschulen;54;16;sonstige Aufwendungen;545210;Schulkostenbeiträge;0,00;2.500;2.500;2.500;2.500;2.500
2;Schule und Kultur;21;Schulträgeraufgaben;218;Gesamtschulen, Gemeinschaftsschulen;218010;Gesamtschulen, Gemeinschaftsschulen;;17;davon: Verfügungsmittel;;;0,00;0;0;0;0;0
2;Schule und Kultur;21;Schulträgeraufgaben;218;Gesamtschulen, Gemeinschaftsschulen;218010;Gesamtschulen, Gemeinschaftsschulen;;18;Aufwendungen;;;0,00;2.500;2.500;2.500;2.500;2.500
2;Schule und Kultur;21;Schulträgeraufgaben;218;Gesamtschulen, Gemeinschaftsschulen;218010;Gesamtschulen, Gemeinschaftsschulen;;19;Ergebnis der laufenden Verwaltungstätigkeit;;;0,00;-2.500;-2.500;-2.500;-2.500;-2.500
2;Schule und Kultur;21;Schulträgeraufgaben;218;Gesamtschulen, Gemeinschaftsschulen;218010;Gesamtschulen, Gemeinschaftsschulen;46;20;Finanzerträge;;;0,00;0;0;0;0;0
2;Schule und Kultur;21;Schulträgeraufgaben;218;Gesamtschulen, Gemeinschaftsschulen;218010;Gesamtschulen, Gemeinschaftsschulen;55;21;Zinsen und sonstige Finanzaufwendungen;;;0,00;0;0;0;0;0
2;Schule und Kultur;21;Schulträgeraufgaben;218;Gesamtschulen, Gemeinschaftsschulen;218010;Gesamtschulen, Gemeinschaftsschulen;;22;Finanzergebnis;;;0,00;0;0;0;0;0
2;Schule und Kultur;21;Schulträgeraufgaben;218;Gesamtschulen, Gemeinschaftsschulen;218010;Gesamtschulen, Gemeinschaftsschulen;;23;Ergebnis vor Berücksichtigung der internen Leistungsbeziehungen;;;0,00;-2.500;-2.500;-2.500;-2.500;-2.500
2;Schule und Kultur;21;Schulträgeraufgaben;218;Gesamtschulen, Gemeinschaftsschulen;218010;Gesamtschulen, Gemeinschaftsschulen;48;24;Erträge aus internen Leistungsbeziehungen;;;0,00;0;0;0;0;0
2;Schule und Kultur;21;Schulträgeraufgaben;218;Gesamtschulen, Gemeinschaftsschulen;218010;Gesamtschulen, Gemeinschaftsschulen;58;25;Aufwendungen aus internen Leistungsbeziehungen;;;0,00;0;0;0;0;0
2;Schule und Kultur;21;Schulträgeraufgaben;218;Gesamtschulen, Gemeinschaftsschulen;218010;Gesamtschulen, Gemeinschaftsschulen;;26;Ergebnis;;;0,00;-2.500;-2.500;-2.500;-2.500;-2.500
2;Schule und Kultur;21;Schulträgeraufgaben;218;Gesamtschulen, Gemeinschaftsschulen;218200;Gemeinschaftsschulen;40;1;Steuern und ähnliche Abgaben;;;0,00;0;0;0;0;0
2;Schule und Kultur;21;Schulträgeraufgaben;218;Gesamtschulen, Gemeinschaftsschulen;218200;Gemeinschaftsschulen;41;2;Zuwendungen und allgemeine Umlagen;;;0,00;0;0;0;0;0
2;Schule und Kultur;21;Schulträgeraufgaben;218;Gesamtschulen, Gemeinschaftsschulen;218200;Gemeinschaftsschulen;42;3;sonstige Transfererträge;;;0,00;0;0;0;0;0
2;Schule und Kultur;21;Schulträgeraufgaben;218;Gesamtschulen, Gemeinschaftsschulen;218200;Gemeinschaftsschulen;43;4;öffentlich-rechtliche Leistungsentgelte;;;0,00;0;0;0;0;0
2;Schule und Kultur;21;Schulträgeraufgaben;218;Gesamtschulen, Gemeinschaftsschulen;218200;Gemeinschaftsschulen;441, 442, 446;5;privatrechtliche Leistungsentgelte;;;0,00;0;0;0;0;0
2;Schule und Kultur;21;Schulträgeraufgaben;218;Gesamtschulen, Gemeinschaftsschulen;218200;Gemeinschaftsschulen;448;6;Kostenerstattungen und Kostenumlagen;;;0,00;0;0;0;0;0
2;Schule und Kultur;21;Schulträgeraufgaben;218;Gesamtschulen, Gemeinschaftsschulen;218200;Gemeinschaftsschulen;45;7;sonstige Erträge;;;0,00;0;0;0;0;0
2;Schule und Kultur;21;Schulträgeraufgaben;218;Gesamtschulen, Gemeinschaftsschulen;218200;Gemeinschaftsschulen;471;8;aktivierte Eigenleistungen;;;0,00;0;0;0;0;0
2;Schule und Kultur;21;Schulträgeraufgaben;218;Gesamtschulen, Gemeinschaftsschulen;218200;Gemeinschaftsschulen;472;9;Bestandsveränderungen;;;0,00;0;0;0;0;0
2;Schule und Kultur;21;Schulträgeraufgaben;218;Gesamtschulen, Gemeinschaftsschulen;218200;Gemeinschaftsschulen;;10;Erträge;;;0,00;0;0;0;0;0
2;Schule und Kultur;21;Schulträgeraufgaben;218;Gesamtschulen, Gemeinschaftsschulen;218200;Gemeinschaftsschulen;50;11;Personalaufwendungen;;;35.067,00;0;0;0;0;0
2;Schule und Kultur;21;Schulträgeraufgaben;218;Gesamtschulen, Gemeinschaftsschulen;218200;Gemeinschaftsschulen;50;11;Personalaufwendungen;501200;Entgelte an ArbeitnehmerInnen;27.986,38;0;0;0;0;0
2;Schule und Kultur;21;Schulträgeraufgaben;218;Gesamtschulen, Gemeinschaftsschulen;218200;Gemeinschaftsschulen;50;11;Personalaufwendungen;502200;Zusatzversicherung ArbeitnehmerInnen;1.879,71;0;0;0;0;0
2;Schule und Kultur;21;Schulträgeraufgaben;218;Gesamtschulen, Gemeinschaftsschulen;218200;Gemeinschaftsschulen;50;11;Personalaufwendungen;503200;Beiträge gesetzliche Sozialversicherung ArbeitnehmerInnen;5.200,91;0;0;0;0;0
2;Schule und Kultur;21;Schulträgeraufgaben;218;Gesamtschulen, Gemeinschaftsschulen;218200;Gemeinschaftsschulen;51;12;Versorgungsaufwendungen;;;0,00;0;0;0;0;0
2;Schule und Kultur;21;Schulträgeraufgaben;218;Gesamtschulen, Gemeinschaftsschulen;218200;Gemeinschaftsschulen;52;13;Aufwendungen für Sach- u. Dienstleistungen;;;0,00;0;0;0;0;0
2;Schule und Kultur;21;Schulträgeraufgaben;218;Gesamtschulen, Gemeinschaftsschulen;218200;Gemeinschaftsschulen;57;14;bilanzielle Abschreibungen;;;0,00;0;0;0;0;0
2;Schule und Kultur;21;Schulträgeraufgaben;218;Gesamtschulen, Gemeinschaftsschulen;218200;Gemeinschaftsschulen;53;15;Transferaufwendungen;;;0,00;0;0;0;0;0
2;Schule und Kultur;21;Schulträgeraufgaben;218;Gesamtschulen, Gemeinschaftsschulen;218200;Gemeinschaftsschulen;54;16;sonstige Aufwendungen;;;32.943,76;33.200;31.600;32.200;32.800;33.500
2;Schule und Kultur;21;Schulträgeraufgaben;218;Gesamtschulen, Gemeinschaftsschulen;218200;Gemeinschaftsschulen;54;16;sonstige Aufwendungen;545210;Schulkostenbeiträge;32.943,76;33.200;31.600;32.200;32.800;33.500
2;Schule und Kultur;21;Schulträgeraufgaben;218;Gesamtschulen, Gemeinschaftsschulen;218200;Gemeinschaftsschulen;;17;davon: Verfügungsmittel;;;0,00;0;0;0;0;0
2;Schule und Kultur;21;Schulträgeraufgaben;218;Gesamtschulen, Gemeinschaftsschulen;218200;Gemeinschaftsschulen;;18;Aufwendungen;;;68.010,76;33.200;31.600;32.200;32.800;33.500
2;Schule und Kultur;21;Schulträgeraufgaben;218;Gesamtschulen, Gemeinschaftsschulen;218200;Gemeinschaftsschulen;;19;Ergebnis der laufenden Verwaltungstätigkeit;;;-68.010,76;-33.200;-31.600;-32.200;-32.800;-33.500
2;Schule und Kultur;21;Schulträgeraufgaben;218;Gesamtschulen, Gemeinschaftsschulen;218200;Gemeinschaftsschulen;46;20;Finanzerträge;;;0,00;0;0;0;0;0
2;Schule und Kultur;21;Schulträgeraufgaben;218;Gesamtschulen, Gemeinschaftsschulen;218200;Gemeinschaftsschulen;55;21;Zinsen und sonstige Finanzaufwendungen;;;0,00;0;0;0;0;0
2;Schule und Kultur;21;Schulträgeraufgaben;218;Gesamtschulen, Gemeinschaftsschulen;218200;Gemeinschaftsschulen;;22;Finanzergebnis;;;0,00;0;0;0;0;0
2;Schule und Kultur;21;Schulträgeraufgaben;218;Gesamtschulen, Gemeinschaftsschulen;218200;Gemeinschaftsschulen;;23;Ergebnis vor Berücksichtigung der internen Leistungsbeziehungen;;;-68.010,76;-33.200;-31.600;-32.200;-32.800;-33.500
2;Schule und Kultur;21;Schulträgeraufgaben;218;Gesamtschulen, Gemeinschaftsschulen;218200;Gemeinschaftsschulen;48;24;Erträge aus internen Leistungsbeziehungen;;;0,00;0;0;0;0;0
2;Schule und Kultur;21;Schulträgeraufgaben;218;Gesamtschulen, Gemeinschaftsschulen;218200;Gemeinschaftsschulen;58;25;Aufwendungen aus internen Leistungsbeziehungen;;;0,00;0;0;0;0;0
2;Schule und Kultur;21;Schulträgeraufgaben;218;Gesamtschulen, Gemeinschaftsschulen;218200;Gemeinschaftsschulen;;26;Ergebnis;;;-68.010,76;-33.200;-31.600;-32.200;-32.800;-33.500
2;Schule und Kultur;22;Sonderschulen;221;Sonderschulen;221010;Sonderschulen;40;1;Steuern und ähnliche Abgaben;;;0,00;0;0;0;0;0
2;Schule und Kultur;22;Sonderschulen;221;Sonderschulen;221010;Sonderschulen;41;2;Zuwendungen und allgemeine Umlagen;;;0,00;0;0;0;0;0
2;Schule und Kultur;22;Sonderschulen;221;Sonderschulen;221010;Sonderschulen;42;3;sonstige Transfererträge;;;0,00;0;0;0;0;0
2;Schule und Kultur;22;Sonderschulen;221;Sonderschulen;221010;Sonderschulen;43;4;öffentlich-rechtliche Leistungsentgelte;;;0,00;0;0;0;0;0
2;Schule und Kultur;22;Sonderschulen;221;Sonderschulen;221010;Sonderschulen;441, 442, 446;5;privatrechtliche Leistungsentgelte;;;0,00;0;0;0;0;0
2;Schule und Kultur;22;Sonderschulen;221;Sonderschulen;221010;Sonderschulen;448;6;Kostenerstattungen und Kostenumlagen;;;0,00;0;0;0;0;0
2;Schule und Kultur;22;Sonderschulen;221;Sonderschulen;221010;Sonderschulen;45;7;sonstige Erträge;;;0,00;0;0;0;0;0
2;Schule und Kultur;22;Sonderschulen;221;Sonderschulen;221010;Sonderschulen;471;8;aktivierte Eigenleistungen;;;0,00;0;0;0;0;0
2;Schule und Kultur;22;Sonderschulen;221;Sonderschulen;221010;Sonderschulen;472;9;Bestandsveränderungen;;;0,00;0;0;0;0;0
2;Schule und Kultur;22;Sonderschulen;221;Sonderschulen;221010;Sonderschulen;;10;Erträge;;;0,00;0;0;0;0;0
2;Schule und Kultur;22;Sonderschulen;221;Sonderschulen;221010;Sonderschulen;50;11;Personalaufwendungen;;;15.984,59;0;0;0;0;0
2;Schule und Kultur;22;Sonderschulen;221;Sonderschulen;221010;Sonderschulen;50;11;Personalaufwendungen;501200;Entgelte an ArbeitnehmerInnen;12.835,85;0;0;0;0;0
2;Schule und Kultur;22;Sonderschulen;221;Sonderschulen;221010;Sonderschulen;50;11;Personalaufwendungen;502200;Zusatzversicherung ArbeitnehmerInnen;861,83;0;0;0;0;0
2;Schule und Kultur;22;Sonderschulen;221;Sonderschulen;221010;Sonderschulen;50;11;Personalaufwendungen;503200;Beiträge gesetzliche Sozialversicherung ArbeitnehmerInnen;2.286,91;0;0;0;0;0
2;Schule und Kultur;22;Sonderschulen;221;Sonderschulen;221010;Sonderschulen;51;12;Versorgungsaufwendungen;;;0,00;0;0;0;0;0
2;Schule und Kultur;22;Sonderschulen;221;Sonderschulen;221010;Sonderschulen;52;13;Aufwendungen für Sach- u. Dienstleistungen;;;0,00;0;0;0;0;0
2;Schule und Kultur;22;Sonderschulen;221;Sonderschulen;221010;Sonderschulen;57;14;bilanzielle Abschreibungen;;;0,00;0;0;0;0;0
2;Schule und Kultur;22;Sonderschulen;221;Sonderschulen;221010;Sonderschulen;53;15;Transferaufwendungen;;;0,00;0;0;0;0;0
2;Schule und Kultur;22;Sonderschulen;221;Sonderschulen;221010;Sonderschulen;54;16;sonstige Aufwendungen;;;7.170,94;12.300;10.800;9.900;10.100;10.300
2;Schule und Kultur;22;Sonderschulen;221;Sonderschulen;221010;Sonderschulen;54;16;sonstige Aufwendungen;545200;Zuwendung für Schülerbeförderungskosten;4.022,80;6.900;6.600;5.600;5.700;5.800
2;Schule und Kultur;22;Sonderschulen;221;Sonderschulen;221010;Sonderschulen;54;16;sonstige Aufwendungen;545210;Schulkostenbeiträge;3.148,14;5.400;4.200;4.300;4.400;4.500
2;Schule und Kultur;22;Sonderschulen;221;Sonderschulen;221010;Sonderschulen;;17;davon: Verfügungsmittel;;;0,00;0;0;0;0;0
2;Schule und Kultur;22;Sonderschulen;221;Sonderschulen;221010;Sonderschulen;;18;Aufwendungen;;;23.155,53;12.300;10.800;9.900;10.100;10.300
2;Schule und Kultur;22;Sonderschulen;221;Sonderschulen;221010;Sonderschulen;;19;Ergebnis der laufenden Verwaltungstätigkeit;;;-23.155,53;-12.300;-10.800;-9.900;-10.100;-10.300
2;Schule und Kultur;22;Sonderschulen;221;Sonderschulen;221010;Sonderschulen;46;20;Finanzerträge;;;0,00;0;0;0;0;0
2;Schule und Kultur;22;Sonderschulen;221;Sonderschulen;221010;Sonderschulen;55;21;Zinsen und sonstige Finanzaufwendungen;;;0,00;0;0;0;0;0
2;Schule und Kultur;22;Sonderschulen;221;Sonderschulen;221010;Sonderschulen;;22;Finanzergebnis;;;0,00;0;0;0;0;0
2;Schule und Kultur;22;Sonderschulen;221;Sonderschulen;221010;Sonderschulen;;23;Ergebnis vor Berücksichtigung der internen Leistungsbeziehungen;;;-23.155,53;-12.300;-10.800;-9.900;-10.100;-10.300
2;Schule und Kultur;22;Sonderschulen;221;Sonderschulen;221010;Sonderschulen;48;24;Erträge aus internen Leistungsbeziehungen;;;0,00;0;0;0;0;0
2;Schule und Kultur;22;Sonderschulen;221;Sonderschulen;221010;Sonderschulen;58;25;Aufwendungen aus internen Leistungsbeziehungen;;;0,00;0;0;0;0;0
2;Schule und Kultur;22;Sonderschulen;221;Sonderschulen;221010;Sonderschulen;;26;Ergebnis;;;-23.155,53;-12.300;-10.800;-9.900;-10.100;-10.300
2;Schule und Kultur;24;Sonstige schulische Aufgaben;243;Sonstige schulische Aufgaben;243010;Sonstige schulische Aufgaben;40;1;Steuern und ähnliche Abgaben;;;0,00;0;0;0;0;0
2;Schule und Kultur;24;Sonstige schulische Aufgaben;243;Sonstige schulische Aufgaben;243010;Sonstige schulische Aufgaben;41;2;Zuwendungen und allgemeine Umlagen;;;0,00;0;0;0;0;0
2;Schule und Kultur;24;Sonstige schulische Aufgaben;243;Sonstige schulische Aufgaben;243010;Sonstige schulische Aufgaben;42;3;sonstige Transfererträge;;;0,00;0;0;0;0;0
2;Schule und Kultur;24;Sonstige schulische Aufgaben;243;Sonstige schulische Aufgaben;243010;Sonstige schulische Aufgaben;43;4;öffentlich-rechtliche Leistungsentgelte;;;0,00;0;0;0;0;0
2;Schule und Kultur;24;Sonstige schulische Aufgaben;243;Sonstige schulische Aufgaben;243010;Sonstige schulische Aufgaben;441, 442, 446;5;privatrechtliche Leistungsentgelte;;;0,00;0;0;0;0;0
2;Schule und Kultur;24;Sonstige schulische Aufgaben;243;Sonstige schulische Aufgaben;243010;Sonstige schulische Aufgaben;448;6;Kostenerstattungen und Kostenumlagen;;;0,00;0;0;0;0;0
2;Schule und Kultur;24;Sonstige schulische Aufgaben;243;Sonstige schulische Aufgaben;243010;Sonstige schulische Aufgaben;45;7;sonstige Erträge;;;0,00;0;0;0;0;0
2;Schule und Kultur;24;Sonstige schulische Aufgaben;243;Sonstige schulische Aufgaben;243010;Sonstige schulische Aufgaben;471;8;aktivierte Eigenleistungen;;;0,00;0;0;0;0;0
2;Schule und Kultur;24;Sonstige schulische Aufgaben;243;Sonstige schulische Aufgaben;243010;Sonstige schulische Aufgaben;472;9;Bestandsveränderungen;;;0,00;0;0;0;0;0
2;Schule und Kultur;24;Sonstige schulische Aufgaben;243;Sonstige schulische Aufgaben;243010;Sonstige schulische Aufgaben;;10;Erträge;;;0,00;0;0;0;0;0
2;Schule und Kultur;24;Sonstige schulische Aufgaben;243;Sonstige schulische Aufgaben;243010;Sonstige schulische Aufgaben;50;11;Personalaufwendungen;;;16.259,49;81.100;86.200;88.800;91.500;94.200
2;Schule und Kultur;24;Sonstige schulische Aufgaben;243;Sonstige schulische Aufgaben;243010;Sonstige schulische Aufgaben;50;11;Personalaufwendungen;501200;Entgelte an ArbeitnehmerInnen;13.110,77;62.000;67.100;69.100;71.200;73.300
2;Schule und Kultur;24;Sonstige schulische Aufgaben;243;Sonstige schulische Aufgaben;243010;Sonstige schulische Aufgaben;50;11;Personalaufwendungen;502200;Zusatzversicherung ArbeitnehmerInnen;861,83;5.800;5.500;5.700;5.900;6.100
2;Schule und Kultur;24;Sonstige schulische Aufgaben;243;Sonstige schulische Aufgaben;243010;Sonstige schulische Aufgaben;50;11;Personalaufwendungen;503200;Beiträge gesetzliche Sozialversicherung ArbeitnehmerInnen;2.286,89;13.300;13.600;14.000;14.400;14.800
2;Schule und Kultur;24;Sonstige schulische Aufgaben;243;Sonstige schulische Aufgaben;243010;Sonstige schulische Aufgaben;51;12;Versorgungsaufwendungen;;;0,00;0;0;0;0;0
2;Schule und Kultur;24;Sonstige schulische Aufgaben;243;Sonstige schulische Aufgaben;243010;Sonstige schulische Aufgaben;52;13;Aufwendungen für Sach- u. Dienstleistungen;;;0,00;0;0;0;0;0
2;Schule und Kultur;24;Sonstige schulische Aufgaben;243;Sonstige schulische Aufgaben;243010;Sonstige schulische Aufgaben;57;14;bilanzielle Abschreibungen;;;5.273,67;5.300;5.300;0;0;0
2;Schule und Kultur;24;Sonstige schulische Aufgaben;243;Sonstige schulische Aufgaben;243010;Sonstige schulische Aufgaben;57;14;bilanzielle Abschreibungen;574100;Abschreibungen auf geleistete Zuwendungen;5.273,67;5.300;5.300;0;0;0
2;Schule und Kultur;24;Sonstige schulische Aufgaben;243;Sonstige schulische Aufgaben;243010;Sonstige schulische Aufgaben;53;15;Transferaufwendungen;;;1.766.023,35;1.863.200;2.109.800;2.152.000;2.195.000;2.238.900
2;Schule und Kultur;24;Sonstige schulische Aufgaben;243;Sonstige schulische Aufgaben;243010;Sonstige schulische Aufgaben;53;15;Transferaufwendungen;531100;Erstattung an Land für Schüler an Ersatzschulen;61.455,00;42.000;43.700;44.600;45.500;46.400
2;Schule und Kultur;24;Sonstige schulische Aufgaben;243;Sonstige schulische Aufgaben;243010;Sonstige schulische Aufgaben;53;15;Transferaufwendungen;531310;Schulverbandsumlage;1.704.568,35;1.821.200;2.066.100;2.107.400;2.149.500;2.192.500
2;Schule und Kultur;24;Sonstige schulische Aufgaben;243;Sonstige schulische Aufgaben;243010;Sonstige schulische Aufgaben;54;16;sonstige Aufwendungen;;;0,00;0;0;0;0;0
2;Schule und Kultur;24;Sonstige schulische Aufgaben;243;Sonstige schulische Aufgaben;243010;Sonstige schulische Aufgaben;;17;davon: Verfügungsmittel;;;0,00;0;0;0;0;0
2;Schule und Kultur;24;Sonstige schulische Aufgaben;243;Sonstige schulische Aufgaben;243010;Sonstige schulische Aufgaben;;18;Aufwendungen;;;1.787.556,51;1.949.600;2.201.300;2.240.800;2.286.500;2.333.100
2;Schule und Kultur;24;Sonstige schulische Aufgaben;243;Sonstige schulische Aufgaben;243010;Sonstige schulische Aufgaben;;19;Ergebnis der laufenden Verwaltungstätigkeit;;;-1.787.556,51;-1.949.600;-2.201.300;-2.240.800;-2.286.500;-2.333.100
2;Schule und Kultur;24;Sonstige schulische Aufgaben;243;Sonstige schulische Aufgaben;243010;Sonstige schulische Aufgaben;46;20;Finanzerträge;;;0,00;0;0;0;0;0
2;Schule und Kultur;24;Sonstige schulische Aufgaben;243;Sonstige schulische Aufgaben;243010;Sonstige schulische Aufgaben;55;21;Zinsen und sonstige Finanzaufwendungen;;;0,00;0;0;0;0;0
2;Schule und Kultur;24;Sonstige schulische Aufgaben;243;Sonstige schulische Aufgaben;243010;Sonstige schulische Aufgaben;;22;Finanzergebnis;;;0,00;0;0;0;0;0
2;Schule und Kultur;24;Sonstige schulische Aufgaben;243;Sonstige schulische Aufgaben;243010;Sonstige schulische Aufgaben;;23;Ergebnis vor Berücksichtigung der internen Leistungsbeziehungen;;;-1.787.556,51;-1.949.600;-2.201.300;-2.240.800;-2.286.500;-2.333.100
2;Schule und Kultur;24;Sonstige schulische Aufgaben;243;Sonstige schulische Aufgaben;243010;Sonstige schulische Aufgaben;48;24;Erträge aus internen Leistungsbeziehungen;;;0,00;0;0;0;0;0
2;Schule und Kultur;24;Sonstige schulische Aufgaben;243;Sonstige schulische Aufgaben;243010;Sonstige schulische Aufgaben;58;25;Aufwendungen aus internen Leistungsbeziehungen;;;0,00;0;0;0;0;0
2;Schule und Kultur;24;Sonstige schulische Aufgaben;243;Sonstige schulische Aufgaben;243010;Sonstige schulische Aufgaben;;26;Ergebnis;;;-1.787.556,51;-1.949.600;-2.201.300;-2.240.800;-2.286.500;-2.333.100
2;Schule und Kultur;25;Kultur und Wissenschaft;252;Nichtwissenschaftliche Museen, Sammlungen;252010;Detlefsen-Museum und Stadtarchiv;40;1;Steuern und ähnliche Abgaben;;;0,00;0;0;0;0;0
2;Schule und Kultur;25;Kultur und Wissenschaft;252;Nichtwissenschaftliche Museen, Sammlungen;252010;Detlefsen-Museum und Stadtarchiv;41;2;Zuwendungen und allgemeine Umlagen;;;16.265,86;16.200;16.200;16.200;16.200;16.200
2;Schule und Kultur;25;Kultur und Wissenschaft;252;Nichtwissenschaftliche Museen, Sammlungen;252010;Detlefsen-Museum und Stadtarchiv;41;2;Zuwendungen und allgemeine Umlagen;416200;Erträge aus der Auflösung von Sonderposten aus Zuweisungen;16.265,86;16.200;16.200;16.200;16.200;16.200
2;Schule und Kultur;25;Kultur und Wissenschaft;252;Nichtwissenschaftliche Museen, Sammlungen;252010;Detlefsen-Museum und Stadtarchiv;42;3;sonstige Transfererträge;;;0,00;0;0;0;0;0
2;Schule und Kultur;25;Kultur und Wissenschaft;252;Nichtwissenschaftliche Museen, Sammlungen;252010;Detlefsen-Museum und Stadtarchiv;43;4;öffentlich-rechtliche Leistungsentgelte;;;0,00;0;0;0;0;0
2;Schule und Kultur;25;Kultur und Wissenschaft;252;Nichtwissenschaftliche Museen, Sammlungen;252010;Detlefsen-Museum und Stadtarchiv;441, 442, 446;5;privatrechtliche Leistungsentgelte;;;0,00;0;0;0;0;0
2;Schule und Kultur;25;Kultur und Wissenschaft;252;Nichtwissenschaftliche Museen, Sammlungen;252010;Detlefsen-Museum und Stadtarchiv;448;6;Kostenerstattungen und Kostenumlagen;;;1.690,76;100;0;0;0;0
2;Schule und Kultur;25;Kultur und Wissenschaft;252;Nichtwissenschaftliche Museen, Sammlungen;252010;Detlefsen-Museum und Stadtarchiv;448;6;Kostenerstattungen und Kostenumlagen;448400;Erstattung;1.053,04;0;0;0;0;0
2;Schule und Kultur;25;Kultur und Wissenschaft;252;Nichtwissenschaftliche Museen, Sammlungen;252010;Detlefsen-Museum und Stadtarchiv;448;6;Kostenerstattungen und Kostenumlagen;448500;Erstattung Stadtwerke;637,72;100;0;0;0;0
2;Schule und Kultur;25;Kultur und Wissenschaft;252;Nichtwissenschaftliche Museen, Sammlungen;252010;Detlefsen-Museum und Stadtarchiv;45;7;sonstige Erträge;;;574,03;500;500;500;500;500
2;Schule und Kultur;25;Kultur und Wissenschaft;252;Nichtwissenschaftliche Museen, Sammlungen;252010;Detlefsen-Museum und Stadtarchiv;45;7;sonstige Erträge;457300;Erträge aus der Auflösung von sonstigen Sonderposten;574,03;500;500;500;500;500
2;Schule und Kultur;25;Kultur und Wissenschaft;252;Nichtwissenschaftliche Museen, Sammlungen;252010;Detlefsen-Museum und Stadtarchiv;471;8;aktivierte Eigenleistungen;;;0,00;0;0;0;0;0
2;Schule und Kultur;25;Kultur und Wissenschaft;252;Nichtwissenschaftliche Museen, Sammlungen;252010;Detlefsen-Museum und Stadtarchiv;472;9;Bestandsveränderungen;;;0,00;0;0;0;0;0
2;Schule und Kultur;25;Kultur und Wissenschaft;252;Nichtwissenschaftliche Museen, Sammlungen;252010;Detlefsen-Museum und Stadtarchiv;;10;Erträge;;;18.530,65;16.800;16.700;16.700;16.700;16.700
2;Schule und Kultur;25;Kultur und Wissenschaft;252;Nichtwissenschaftliche Museen, Sammlungen;252010;Detlefsen-Museum und Stadtarchiv;50;11;Personalaufwendungen;;;34.879,41;7.900;7.900;8.100;8.300;8.500
2;Schule und Kultur;25;Kultur und Wissenschaft;252;Nichtwissenschaftliche Museen, Sammlungen;252010;Detlefsen-Museum und Stadtarchiv;50;11;Personalaufwendungen;501100;Beamtenbezüge;12.843,39;0;0;0;0;0
2;Schule und Kultur;25;Kultur und Wissenschaft;252;Nichtwissenschaftliche Museen, Sammlungen;252010;Detlefsen-Museum und Stadtarchiv;50;11;Personalaufwendungen;501200;Entgelte an ArbeitnehmerInnen;5.049,75;5.400;5.400;5.600;5.800;6.000
2;Schule und Kultur;25;Kultur und Wissenschaft;252;Nichtwissenschaftliche Museen, Sammlungen;252010;Detlefsen-Museum und Stadtarchiv;50;11;Personalaufwendungen;501900;Dienstaufwendungen Sonstige Beschäftigungsentgelte;775,43;0;0;0;0;0
2;Schule und Kultur;25;Kultur und Wissenschaft;252;Nichtwissenschaftliche Museen, Sammlungen;252010;Detlefsen-Museum und Stadtarchiv;50;11;Personalaufwendungen;502100;VAK Beamte;14.213,14;0;0;0;0;0
2;Schule und Kultur;25;Kultur und Wissenschaft;252;Nichtwissenschaftliche Museen, Sammlungen;252010;Detlefsen-Museum und Stadtarchiv;50;11;Personalaufwendungen;502200;Zusatzversicherung ArbeitnehmerInnen;271,75;600;600;600;600;600
2;Schule und Kultur;25;Kultur und Wissenschaft;252;Nichtwissenschaftliche Museen, Sammlungen;252010;Detlefsen-Museum und Stadtarchiv;50;11;Personalaufwendungen;503200;Beiträge gesetzliche Sozialversicherung ArbeitnehmerInnen;773,46;1.300;1.300;1.300;1.300;1.300
2;Schule und Kultur;25;Kultur und Wissenschaft;252;Nichtwissenschaftliche Museen, Sammlungen;252010;Detlefsen-Museum und Stadtarchiv;50;11;Personalaufwendungen;503900;Beiträge gesetzl. Soz.vers. Sonstige Beschäftigte;221,93;0;0;0;0;0
2;Schule und Kultur;25;Kultur und Wissenschaft;252;Nichtwissenschaftliche Museen, Sammlungen;252010;Detlefsen-Museum und Stadtarchiv;50;11;Personalaufwendungen;504100;Beihilfen;730,56;600;600;600;600;600
2;Schule und Kultur;25;Kultur und Wissenschaft;252;Nichtwissenschaftliche Museen, Sammlungen;252010;Detlefsen-Museum und Stadtarchiv;51;12;Versorgungsaufwendungen;;;0,00;0;0;0;0;0
2;Schule und Kultur;25;Kultur und Wissenschaft;252;Nichtwissenschaftliche Museen, Sammlungen;252010;Detlefsen-Museum und Stadtarchiv;52;13;Aufwendungen für Sach- u. Dienstleistungen;;;39.866,88;65.500;58.400;59.400;60.500;61.800
2;Schule und Kultur;25;Kultur und Wissenschaft;252;Nichtwissenschaftliche Museen, Sammlungen;252010;Detlefsen-Museum und Stadtarchiv;52;13;Aufwendungen für Sach- u. Dienstleistungen;521100;Unterhaltung der Grundstücke und baulichen Anlagen;23.340,63;36.100;36.800;37.500;38.300;39.100
2;Schule und Kultur;25;Kultur und Wissenschaft;252;Nichtwissenschaftliche Museen, Sammlungen;252010;Detlefsen-Museum und Stadtarchiv;52;13;Aufwendungen für Sach- u. Dienstleistungen;523110;Mieten und Pachten;0,00;8.600;0;0;0;0
2;Schule und Kultur;25;Kultur und Wissenschaft;252;Nichtwissenschaftliche Museen, Sammlungen;252010;Detlefsen-Museum und Stadtarchiv;52;13;Aufwendungen für Sach- u. Dienstleistungen;524110;Heizungskosten;6.699,00;7.200;7.200;7.300;7.400;7.600
2;Schule und Kultur;25;Kultur und Wissenschaft;252;Nichtwissenschaftliche Museen, Sammlungen;252010;Detlefsen-Museum und Stadtarchiv;52;13;Aufwendungen für Sach- u. Dienstleistungen;524125;Fremdreinigung;878,86;1.500;2.000;2.000;2.000;2.000
2;Schule und Kultur;25;Kultur und Wissenschaft;252;Nichtwissenschaftliche Museen, Sammlungen;252010;Detlefsen-Museum und Stadtarchiv;52;13;Aufwendungen für Sach- u. Dienstleistungen;524130;Wasserversorgung, Strom, Abwasser;4.719,18;5.100;5.100;5.200;5.300;5.500
2;Schule und Kultur;25;Kultur und Wissenschaft;252;Nichtwissenschaftliche Museen, Sammlungen;252010;Detlefsen-Museum und Stadtarchiv;52;13;Aufwendungen für Sach- u. Dienstleistungen;524140;Gebäudeversicherungen;1.558,62;1.600;1.900;1.900;1.900;1.900
2;Schule und Kultur;25;Kultur und Wissenschaft;252;Nichtwissenschaftliche Museen, Sammlungen;252010;Detlefsen-Museum und Stadtarchiv;52;13;Aufwendungen für Sach- u. Dienstleistungen;524150;Steuern und Abgaben;156,65;200;200;200;200;200
2;Schule und Kultur;25;Kultur und Wissenschaft;252;Nichtwissenschaftliche Museen, Sammlungen;252010;Detlefsen-Museum und Stadtarchiv;52;13;Aufwendungen für Sach- u. Dienstleistungen;524160;sonstige Bewirtschaftungskosten;257,90;700;700;700;700;700
2;Schule und Kultur;25;Kultur und Wissenschaft;252;Nichtwissenschaftliche Museen, Sammlungen;252010;Detlefsen-Museum und Stadtarchiv;52;13;Aufwendungen für Sach- u. Dienstleistungen;527100;Besondere Verwaltungs- und Betriebsaufwendungen;1.652,41;2.400;2.400;2.400;2.400;2.400
2;Schule und Kultur;25;Kultur und Wissenschaft;252;Nichtwissenschaftliche Museen, Sammlungen;252010;Detlefsen-Museum und Stadtarchiv;52;13;Aufwendungen für Sach- u. Dienstleistungen;527110;IT-Bedarf;314,82;1.200;1.200;1.300;1.400;1.500
2;Schule und Kultur;25;Kultur und Wissenschaft;252;Nichtwissenschaftliche Museen, Sammlungen;252010;Detlefsen-Museum und Stadtarchiv;52;13;Aufwendungen für Sach- u. Dienstleistungen;529100;Veranstaltungen/Ausstellungen im Museum;288,81;900;900;900;900;900
2;Schule und Kultur;25;Kultur und Wissenschaft;252;Nichtwissenschaftliche Museen, Sammlungen;252010;Detlefsen-Museum und Stadtarchiv;57;14;bilanzielle Abschreibungen;;;26.328,25;27.500;27.300;26.800;26.500;26.500
2;Schule und Kultur;25;Kultur und Wissenschaft;252;Nichtwissenschaftliche Museen, Sammlungen;252010;Detlefsen-Museum und Stadtarchiv;57;14;bilanzielle Abschreibungen;571100;Abschreibungen auf immaterielle Vermögensgegenstände und Sachanlagen;26.328,25;27.500;27.300;26.800;26.500;26.500
2;Schule und Kultur;25;Kultur und Wissenschaft;252;Nichtwissenschaftliche Museen, Sammlungen;252010;Detlefsen-Museum und Stadtarchiv;53;15;Transferaufwendungen;;;77.884,27;87.500;87.500;87.500;87.500;87.500
2;Schule und Kultur;25;Kultur und Wissenschaft;252;Nichtwissenschaftliche Museen, Sammlungen;252010;Detlefsen-Museum und Stadtarchiv;53;15;Transferaufwendungen;531800;Zuschüsse an Museumsverein an Museumsleiterin;46.338,71;52.000;52.000;52.000;52.000;52.000
2;Schule und Kultur;25;Kultur und Wissenschaft;252;Nichtwissenschaftliche Museen, Sammlungen;252010;Detlefsen-Museum und Stadtarchiv;53;15;Transferaufwendungen;531805;Zuschüsse für Hilfskräfte des Museums;21.045,56;25.000;25.000;25.000;25.000;25.000
2;Schule und Kultur;25;Kultur und Wissenschaft;252;Nichtwissenschaftliche Museen, Sammlungen;252010;Detlefsen-Museum und Stadtarchiv;53;15;Transferaufwendungen;531810;Zuschuss Museumsverein Reinigung;10.500,00;10.500;10.500;10.500;10.500;10.500
2;Schule und Kultur;25;Kultur und Wissenschaft;252;Nichtwissenschaftliche Museen, Sammlungen;252010;Detlefsen-Museum und Stadtarchiv;54;16;sonstige Aufwendungen;;;2.874,94;4.600;5.000;5.000;5.000;5.000
2;Schule und Kultur;25;Kultur und Wissenschaft;252;Nichtwissenschaftliche Museen, Sammlungen;252010;Detlefsen-Museum und Stadtarchiv;54;16;sonstige Aufwendungen;542910;Mitgliedsbeiträge;140,00;200;200;200;200;200
2;Schule und Kultur;25;Kultur und Wissenschaft;252;Nichtwissenschaftliche Museen, Sammlungen;252010;Detlefsen-Museum und Stadtarchiv;54;16;sonstige Aufwendungen;543100;Bürobedarf;1.287,00;1.200;1.200;1.200;1.200;1.200
2;Schule und Kultur;25;Kultur und Wissenschaft;252;Nichtwissenschaftliche Museen, Sammlungen;252010;Detlefsen-Museum und Stadtarchiv;54;16;sonstige Aufwendungen;543110;Bücher und Zeitschriften;643,65;700;700;700;700;700
2;Schule und Kultur;25;Kultur und Wissenschaft;252;Nichtwissenschaftliche Museen, Sammlungen;252010;Detlefsen-Museum und Stadtarchiv;54;16;sonstige Aufwendungen;543120;Postgebühren;0,00;1.000;1.200;1.200;1.200;1.200
2;Schule und Kultur;25;Kultur und Wissenschaft;252;Nichtwissenschaftliche Museen, Sammlungen;252010;Detlefsen-Museum und Stadtarchiv;54;16;sonstige Aufwendungen;543125;Fernmeldegebühren;634,33;600;800;800;800;800
2;Schule und Kultur;25;Kultur und Wissenschaft;252;Nichtwissenschaftliche Museen, Sammlungen;252010;Detlefsen-Museum und Stadtarchiv;54;16;sonstige Aufwendungen;543130;Öffentliche Bekanntmachungen;0,00;100;100;100;100;100
2;Schule und Kultur;25;Kultur und Wissenschaft;252;Nichtwissenschaftliche Museen, Sammlungen;252010;Detlefsen-Museum und Stadtarchiv;54;16;sonstige Aufwendungen;543140;Reisekosten;0,00;100;100;100;100;100
2;Schule und Kultur;25;Kultur und Wissenschaft;252;Nichtwissenschaftliche Museen, Sammlungen;252010;Detlefsen-Museum und Stadtarchiv;54;16;sonstige Aufwendungen;543150;Sachverständigen-, Gerichts- u.ä. Kosten;169,96;200;200;200;200;200
2;Schule und Kultur;25;Kultur und Wissenschaft;252;Nichtwissenschaftliche Museen, Sammlungen;252010;Detlefsen-Museum und Stadtarchiv;54;16;sonstige Aufwendungen;545510;Erstattungen von Leistungen Kommunaler Service;0,00;500;500;500;500;500
2;Schule und Kultur;25;Kultur und Wissenschaft;252;Nichtwissenschaftliche Museen, Sammlungen;252010;Detlefsen-Museum und Stadtarchiv;;17;davon: Verfügungsmittel;;;0,00;0;0;0;0;0
2;Schule und Kultur;25;Kultur und Wissenschaft;252;Nichtwissenschaftliche Museen, Sammlungen;252010;Detlefsen-Museum und Stadtarchiv;;18;Aufwendungen;;;181.833,75;193.000;186.100;186.800;187.800;189.300
2;Schule und Kultur;25;Kultur und Wissenschaft;252;Nichtwissenschaftliche Museen, Sammlungen;252010;Detlefsen-Museum und Stadtarchiv;;19;Ergebnis der laufenden Verwaltungstätigkeit;;;-163.303,10;-176.200;-169.400;-170.100;-171.100;-172.600
2;Schule und Kultur;25;Kultur und Wissenschaft;252;Nichtwissenschaftliche Museen, Sammlungen;252010;Detlefsen-Museum und Stadtarchiv;46;20;Finanzerträge;;;0,00;0;0;0;0;0
2;Schule und Kultur;25;Kultur und Wissenschaft;252;Nichtwissenschaftliche Museen, Sammlungen;252010;Detlefsen-Museum und Stadtarchiv;55;21;Zinsen und sonstige Finanzaufwendungen;;;0,00;0;0;0;0;0
2;Schule und Kultur;25;Kultur und Wissenschaft;252;Nichtwissenschaftliche Museen, Sammlungen;252010;Detlefsen-Museum und Stadtarchiv;;22;Finanzergebnis;;;0,00;0;0;0;0;0
2;Schule und Kultur;25;Kultur und Wissenschaft;252;Nichtwissenschaftliche Museen, Sammlungen;252010;Detlefsen-Museum und Stadtarchiv;;23;Ergebnis vor Berücksichtigung der internen Leistungsbeziehungen;;;-163.303,10;-176.200;-169.400;-170.100;-171.100;-172.600
2;Schule und Kultur;25;Kultur und Wissenschaft;252;Nichtwissenschaftliche Museen, Sammlungen;252010;Detlefsen-Museum und Stadtarchiv;48;24;Erträge aus internen Leistungsbeziehungen;;;0,00;0;0;0;0;0
2;Schule und Kultur;25;Kultur und Wissenschaft;252;Nichtwissenschaftliche Museen, Sammlungen;252010;Detlefsen-Museum und Stadtarchiv;58;25;Aufwendungen aus internen Leistungsbeziehungen;;;5.300,00;5.300;20.100;20.300;20.700;21.300
2;Schule und Kultur;25;Kultur und Wissenschaft;252;Nichtwissenschaftliche Museen, Sammlungen;252010;Detlefsen-Museum und Stadtarchiv;58;25;Aufwendungen aus internen Leistungsbeziehungen;581100;Aufwendungen für Hausmeisterpool - Innere Verrechnungen;4.000,00;4.000;18.800;19.000;19.400;20.000
2;Schule und Kultur;25;Kultur und Wissenschaft;252;Nichtwissenschaftliche Museen, Sammlungen;252010;Detlefsen-Museum und Stadtarchiv;58;25;Aufwendungen aus internen Leistungsbeziehungen;581110;Aufwendungen Kommunaler Service - Innere Verrechnungen;1.300,00;1.300;1.300;1.300;1.300;1.300
2;Schule und Kultur;25;Kultur und Wissenschaft;252;Nichtwissenschaftliche Museen, Sammlungen;252010;Detlefsen-Museum und Stadtarchiv;;26;Ergebnis;;;-168.603,10;-181.500;-189.500;-190.400;-191.800;-193.900
2;Schule und Kultur;26;Theater;262;Musikpflege;262010;Musikpflege;40;1;Steuern und ähnliche Abgaben;;;0,00;0;0;0;0;0
2;Schule und Kultur;26;Theater;262;Musikpflege;262010;Musikpflege;41;2;Zuwendungen und allgemeine Umlagen;;;0,00;0;0;0;0;0
2;Schule und Kultur;26;Theater;262;Musikpflege;262010;Musikpflege;42;3;sonstige Transfererträge;;;0,00;0;0;0;0;0
2;Schule und Kultur;26;Theater;262;Musikpflege;262010;Musikpflege;43;4;öffentlich-rechtliche Leistungsentgelte;;;0,00;0;0;0;0;0
2;Schule und Kultur;26;Theater;262;Musikpflege;262010;Musikpflege;441, 442, 446;5;privatrechtliche Leistungsentgelte;;;0,00;28.400;30.200;30.200;30.200;30.200
2;Schule und Kultur;26;Theater;262;Musikpflege;262010;Musikpflege;441, 442, 446;5;privatrechtliche Leistungsentgelte;441100;Nutzungsentschädigung;0,00;28.400;30.200;30.200;30.200;30.200
2;Schule und Kultur;26;Theater;262;Musikpflege;262010;Musikpflege;448;6;Kostenerstattungen und Kostenumlagen;;;0,00;0;0;0;0;0
2;Schule und Kultur;26;Theater;262;Musikpflege;262010;Musikpflege;45;7;sonstige Erträge;;;0,00;0;0;0;0;0
2;Schule und Kultur;26;Theater;262;Musikpflege;262010;Musikpflege;471;8;aktivierte Eigenleistungen;;;0,00;0;0;0;0;0
2;Schule und Kultur;26;Theater;262;Musikpflege;262010;Musikpflege;472;9;Bestandsveränderungen;;;0,00;0;0;0;0;0
2;Schule und Kultur;26;Theater;262;Musikpflege;262010;Musikpflege;;10;Erträge;;;0,00;28.400;30.200;30.200;30.200;30.200
2;Schule und Kultur;26;Theater;262;Musikpflege;262010;Musikpflege;50;11;Personalaufwendungen;;;0,00;0;0;0;0;0
2;Schule und Kultur;26;Theater;262;Musikpflege;262010;Musikpflege;51;12;Versorgungsaufwendungen;;;0,00;0;0;0;0;0
2;Schule und Kultur;26;Theater;262;Musikpflege;262010;Musikpflege;52;13;Aufwendungen für Sach- u. Dienstleistungen;;;0,00;21.100;1.200;1.200;1.200;1.200
2;Schule und Kultur;26;Theater;262;Musikpflege;262010;Musikpflege;52;13;Aufwendungen für Sach- u. Dienstleistungen;521100;Unterhaltung der Grundstücke und baulichen Anlagen;0,00;1.000;1.000;1.000;1.000;1.000
2;Schule und Kultur;26;Theater;262;Musikpflege;262010;Musikpflege;52;13;Aufwendungen für Sach- u. Dienstleistungen;524160;sonstige Bewirtschaftungskosten;0,00;100;200;200;200;200
2;Schule und Kultur;26;Theater;262;Musikpflege;262010;Musikpflege;52;13;Aufwendungen für Sach- u. Dienstleistungen;527100;Besondere Verwaltungs- und Betriebsaufwendungen;0,00;20.000;0;0;0;0
2;Schule und Kultur;26;Theater;262;Musikpflege;262010;Musikpflege;57;14;bilanzielle Abschreibungen;;;279,83;300;300;300;300;300
2;Schule und Kultur;26;Theater;262;Musikpflege;262010;Musikpflege;57;14;bilanzielle Abschreibungen;571100;Abschreibungen auf immaterielle Vermögensgegenstände und Sachanlagen;279,83;300;300;300;300;300
2;Schule und Kultur;26;Theater;262;Musikpflege;262010;Musikpflege;53;15;Transferaufwendungen;;;49.228,00;67.100;50.400;50.400;50.400;50.400
2;Schule und Kultur;26;Theater;262;Musikpflege;262010;Musikpflege;53;15;Transferaufwendungen;531800;Regelzuschüsse an Verbände;11.578,00;13.000;28.800;28.800;28.800;28.800
2;Schule und Kultur;26;Theater;262;Musikpflege;262010;Musikpflege;53;15;Transferaufwendungen;531806;Zuschuss Musikschule;37.650,00;54.100;21.600;21.600;21.600;21.600
2;Schule und Kultur;26;Theater;262;Musikpflege;262010;Musikpflege;54;16;sonstige Aufwendungen;;;0,00;0;0;0;0;0
2;Schule und Kultur;26;Theater;262;Musikpflege;262010;Musikpflege;;17;davon: Verfügungsmittel;;;0,00;0;0;0;0;0
2;Schule und Kultur;26;Theater;262;Musikpflege;262010;Musikpflege;;18;Aufwendungen;;;49.507,83;88.500;51.900;51.900;51.900;51.900
2;Schule und Kultur;26;Theater;262;Musikpflege;262010;Musikpflege;;19;Ergebnis der laufenden Verwaltungstätigkeit;;;-49.507,83;-60.100;-21.700;-21.700;-21.700;-21.700
2;Schule und Kultur;26;Theater;262;Musikpflege;262010;Musikpflege;46;20;Finanzerträge;;;0,00;0;0;0;0;0
2;Schule und Kultur;26;Theater;262;Musikpflege;262010;Musikpflege;55;21;Zinsen und sonstige Finanzaufwendungen;;;0,00;0;0;0;0;0
2;Schule und Kultur;26;Theater;262;Musikpflege;262010;Musikpflege;;22;Finanzergebnis;;;0,00;0;0;0;0;0
2;Schule und Kultur;26;Theater;262;Musikpflege;262010;Musikpflege;;23;Ergebnis vor Berücksichtigung der internen Leistungsbeziehungen;;;-49.507,83;-60.100;-21.700;-21.700;-21.700;-21.700
2;Schule und Kultur;26;Theater;262;Musikpflege;262010;Musikpflege;48;24;Erträge aus internen Leistungsbeziehungen;;;0,00;0;0;0;0;0
2;Schule und Kultur;26;Theater;262;Musikpflege;262010;Musikpflege;58;25;Aufwendungen aus internen Leistungsbeziehungen;;;0,00;0;0;0;0;0
2;Schule und Kultur;26;Theater;262;Musikpflege;262010;Musikpflege;;26;Ergebnis;;;-49.507,83;-60.100;-21.700;-21.700;-21.700;-21.700
2;Schule und Kultur;27;Volkshochschulen, Büchereien;271;Volkshochschule;271010;Volkshochschule;40;1;Steuern und ähnliche Abgaben;;;0,00;0;0;0;0;0
2;Schule und Kultur;27;Volkshochschulen, Büchereien;271;Volkshochschule;271010;Volkshochschule;41;2;Zuwendungen und allgemeine Umlagen;;;32.400,71;32.400;32.400;32.400;32.400;32.400
2;Schule und Kultur;27;Volkshochschulen, Büchereien;271;Volkshochschule;271010;Volkshochschule;41;2;Zuwendungen und allgemeine Umlagen;416200;Erträge aus der Auflösung von Sonderposten aus Zuweisungen;32.400,71;32.400;32.400;32.400;32.400;32.400
2;Schule und Kultur;27;Volkshochschulen, Büchereien;271;Volkshochschule;271010;Volkshochschule;42;3;sonstige Transfererträge;;;0,00;0;0;0;0;0
2;Schule und Kultur;27;Volkshochschulen, Büchereien;271;Volkshochschule;271010;Volkshochschule;43;4;öffentlich-rechtliche Leistungsentgelte;;;0,00;0;0;0;0;0
2;Schule und Kultur;27;Volkshochschulen, Büchereien;271;Volkshochschule;271010;Volkshochschule;441, 442, 446;5;privatrechtliche Leistungsentgelte;;;26.400,00;28.400;30.200;30.200;30.200;30.200
2;Schule und Kultur;27;Volkshochschulen, Büchereien;271;Volkshochschule;271010;Volkshochschule;441, 442, 446;5;privatrechtliche Leistungsentgelte;441100;Nutzungsentgelt;26.400,00;28.400;30.200;30.200;30.200;30.200
2;Schule und Kultur;27;Volkshochschulen, Büchereien;271;Volkshochschule;271010;Volkshochschule;448;6;Kostenerstattungen und Kostenumlagen;;;403,11;600;0;0;0;0
2;Schule und Kultur;27;Volkshochschulen, Büchereien;271;Volkshochschule;271010;Volkshochschule;448;6;Kostenerstattungen und Kostenumlagen;448500;Erstattung Stadtwerke;403,11;600;0;0;0;0
2;Schule und Kultur;27;Volkshochschulen, Büchereien;271;Volkshochschule;271010;Volkshochschule;45;7;sonstige Erträge;;;0,00;0;0;0;0;0
2;Schule und Kultur;27;Volkshochschulen, Büchereien;271;Volkshochschule;271010;Volkshochschule;471;8;aktivierte Eigenleistungen;;;0,00;0;0;0;0;0
2;Schule und Kultur;27;Volkshochschulen, Büchereien;271;Volkshochschule;271010;Volkshochschule;472;9;Bestandsveränderungen;;;0,00;0;0;0;0;0
2;Schule und Kultur;27;Volkshochschulen, Büchereien;271;Volkshochschule;271010;Volkshochschule;;10;Erträge;;;59.203,82;61.400;62.600;62.600;62.600;62.600
2;Schule und Kultur;27;Volkshochschulen, Büchereien;271;Volkshochschule;271010;Volkshochschule;50;11;Personalaufwendungen;;;0,00;0;0;0;0;0
2;Schule und Kultur;27;Volkshochschulen, Büchereien;271;Volkshochschule;271010;Volkshochschule;51;12;Versorgungsaufwendungen;;;0,00;0;0;0;0;0
2;Schule und Kultur;27;Volkshochschulen, Büchereien;271;Volkshochschule;271010;Volkshochschule;52;13;Aufwendungen für Sach- u. Dienstleistungen;;;40.203,76;59.500;61.200;62.000;63.000;64.100
2;Schule und Kultur;27;Volkshochschulen, Büchereien;271;Volkshochschule;271010;Volkshochschule;52;13;Aufwendungen für Sach- u. Dienstleistungen;521100;Unterhaltung der Grundstücke und baulichen Anlagen;13.832,84;32.400;33.000;33.700;34.400;35.100
2;Schule und Kultur;27;Volkshochschulen, Büchereien;271;Volkshochschule;271010;Volkshochschule;52;13;Aufwendungen für Sach- u. Dienstleistungen;524110;Heizungskosten;7.480,00;7.900;8.500;8.600;8.800;9.100
2;Schule und Kultur;27;Volkshochschulen, Büchereien;271;Volkshochschule;271010;Volkshochschule;52;13;Aufwendungen für Sach- u. Dienstleistungen;524120;Reinigungskosten;374,72;500;300;300;300;300
2;Schule und Kultur;27;Volkshochschulen, Büchereien;271;Volkshochschule;271010;Volkshochschule;52;13;Aufwendungen für Sach- u. Dienstleistungen;524125;Fremdreinigung;11.546,77;11.400;12.000;12.000;12.000;12.000
2;Schule und Kultur;27;Volkshochschulen, Büchereien;271;Volkshochschule;271010;Volkshochschule;52;13;Aufwendungen für Sach- u. Dienstleistungen;524130;Wasserversorgung, Strom, Abwasser;4.965,74;5.300;4.700;4.700;4.800;4.900
2;Schule und Kultur;27;Volkshochschulen, Büchereien;271;Volkshochschule;271010;Volkshochschule;52;13;Aufwendungen für Sach- u. Dienstleistungen;524140;Gebäudeversicherungen;1.135,94;1.100;1.300;1.300;1.300;1.300
2;Schule und Kultur;27;Volkshochschulen, Büchereien;271;Volkshochschule;271010;Volkshochschule;52;13;Aufwendungen für Sach- u. Dienstleistungen;524150;Steuern und Abgaben;692,21;600;900;900;900;900
2;Schule und Kultur;27;Volkshochschulen, Büchereien;271;Volkshochschule;271010;Volkshochschule;52;13;Aufwendungen für Sach- u. Dienstleistungen;524160;sonstige Bewirtschaftungskosten;175,54;300;500;500;500;500
2;Schule und Kultur;27;Volkshochschulen, Büchereien;271;Volkshochschule;271010;Volkshochschule;57;14;bilanzielle Abschreibungen;;;39.342,05;39.400;39.400;39.400;39.400;39.400
2;Schule und Kultur;27;Volkshochschulen, Büchereien;271;Volkshochschule;271010;Volkshochschule;57;14;bilanzielle Abschreibungen;571100;Abschreibungen auf immaterielle Vermögensgegenstände und Sachanlagen;39.342,05;39.400;39.400;39.400;39.400;39.400
2;Schule und Kultur;27;Volkshochschulen, Büchereien;271;Volkshochschule;271010;Volkshochschule;53;15;Transferaufwendungen;;;11.450,00;12.800;28.600;28.600;28.600;28.600
2;Schule und Kultur;27;Volkshochschulen, Büchereien;271;Volkshochschule;271010;Volkshochschule;53;15;Transferaufwendungen;531800;Zuschüsse;11.450,00;12.800;28.600;28.600;28.600;28.600
2;Schule und Kultur;27;Volkshochschulen, Büchereien;271;Volkshochschule;271010;Volkshochschule;54;16;sonstige Aufwendungen;;;541,13;600;600;600;600;600
2;Schule und Kultur;27;Volkshochschulen, Büchereien;271;Volkshochschule;271010;Volkshochschule;54;16;sonstige Aufwendungen;542910;Mitgliedsbeiträge;71,13;100;100;100;100;100
2;Schule und Kultur;27;Volkshochschulen, Büchereien;271;Volkshochschule;271010;Volkshochschule;54;16;sonstige Aufwendungen;544100;Beiträge zum kommunalen Schadenausgleich;470,00;500;500;500;500;500
2;Schule und Kultur;27;Volkshochschulen, Büchereien;271;Volkshochschule;271010;Volkshochschule;;17;davon: Verfügungsmittel;;;0,00;0;0;0;0;0
2;Schule und Kultur;27;Volkshochschulen, Büchereien;271;Volkshochschule;271010;Volkshochschule;;18;Aufwendungen;;;91.536,94;112.300;129.800;130.600;131.600;132.700
2;Schule und Kultur;27;Volkshochschulen, Büchereien;271;Volkshochschule;271010;Volkshochschule;;19;Ergebnis der laufenden Verwaltungstätigkeit;;;-32.333,12;-50.900;-67.200;-68.000;-69.000;-70.100
2;Schule und Kultur;27;Volkshochschulen, Büchereien;271;Volkshochschule;271010;Volkshochschule;46;20;Finanzerträge;;;0,00;0;0;0;0;0
2;Schule und Kultur;27;Volkshochschulen, Büchereien;271;Volkshochschule;271010;Volkshochschule;55;21;Zinsen und sonstige Finanzaufwendungen;;;0,00;0;0;0;0;0
2;Schule und Kultur;27;Volkshochschulen, Büchereien;271;Volkshochschule;271010;Volkshochschule;;22;Finanzergebnis;;;0,00;0;0;0;0;0
2;Schule und Kultur;27;Volkshochschulen, Büchereien;271;Volkshochschule;271010;Volkshochschule;;23;Ergebnis vor Berücksichtigung der internen Leistungsbeziehungen;;;-32.333,12;-50.900;-67.200;-68.000;-69.000;-70.100
2;Schule und Kultur;27;Volkshochschulen, Büchereien;271;Volkshochschule;271010;Volkshochschule;48;24;Erträge aus internen Leistungsbeziehungen;;;0,00;0;0;0;0;0
2;Schule und Kultur;27;Volkshochschulen, Büchereien;271;Volkshochschule;271010;Volkshochschule;58;25;Aufwendungen aus internen Leistungsbeziehungen;;;3.900,00;4.000;5.100;5.200;5.300;5.500
2;Schule und Kultur;27;Volkshochschulen, Büchereien;271;Volkshochschule;271010;Volkshochschule;58;25;Aufwendungen aus internen Leistungsbeziehungen;581100;Aufwendungen für Hausmeisterpool - Innere Verrechnungen;3.900,00;4.000;5.100;5.200;5.300;5.500
2;Schule und Kultur;27;Volkshochschulen, Büchereien;271;Volkshochschule;271010;Volkshochschule;;26;Ergebnis;;;-36.233,12;-54.900;-72.300;-73.200;-74.300;-75.600
2;Schule und Kultur;27;Volkshochschulen, Büchereien;272;Bücherei;272010;Stadtbücherei;40;1;Steuern und ähnliche Abgaben;;;0,00;0;0;0;0;0
2;Schule und Kultur;27;Volkshochschulen, Büchereien;272;Bücherei;272010;Stadtbücherei;41;2;Zuwendungen und allgemeine Umlagen;;;91.488,84;76.600;72.700;73.400;73.400;73.400
2;Schule und Kultur;27;Volkshochschulen, Büchereien;272;Bücherei;272010;Stadtbücherei;41;2;Zuwendungen und allgemeine Umlagen;414800;Zuschuss von Büchereizentrale;85.492,56;70.700;64.900;64.900;64.900;64.900
2;Schule und Kultur;27;Volkshochschulen, Büchereien;272;Bücherei;272010;Stadtbücherei;41;2;Zuwendungen und allgemeine Umlagen;416200;Erträge aus der Auflösung von Sonderposten aus Zuweisungen;5.996,28;5.900;7.800;8.500;8.500;8.500
2;Schule und Kultur;27;Volkshochschulen, Büchereien;272;Bücherei;272010;Stadtbücherei;42;3;sonstige Transfererträge;;;0,00;0;0;0;0;0
2;Schule und Kultur;27;Volkshochschulen, Büchereien;272;Bücherei;272010;Stadtbücherei;43;4;öffentlich-rechtliche Leistungsentgelte;;;18.488,35;22.000;22.000;22.000;22.000;22.000
2;Schule und Kultur;27;Volkshochschulen, Büchereien;272;Bücherei;272010;Stadtbücherei;43;4;öffentlich-rechtliche Leistungsentgelte;432100;Säumnisgebühren;5.254,90;7.000;7.000;7.000;7.000;7.000
2;Schule und Kultur;27;Volkshochschulen, Büchereien;272;Bücherei;272010;Stadtbücherei;43;4;öffentlich-rechtliche Leistungsentgelte;432101;Benutzungsgebühren;13.233,45;15.000;15.000;15.000;15.000;15.000
2;Schule und Kultur;27;Volkshochschulen, Büchereien;272;Bücherei;272010;Stadtbücherei;441, 442, 446;5;privatrechtliche Leistungsentgelte;;;2.435,15;8.000;8.000;8.000;8.000;8.000
2;Schule und Kultur;27;Volkshochschulen, Büchereien;272;Bücherei;272010;Stadtbücherei;441, 442, 446;5;privatrechtliche Leistungsentgelte;446100;Einnahmen aus dem Verleih von AV-Medien;2.435,15;8.000;8.000;8.000;8.000;8.000
2;Schule und Kultur;27;Volkshochschulen, Büchereien;272;Bücherei;272010;Stadtbücherei;448;6;Kostenerstattungen und Kostenumlagen;;;2.327,11;2.300;1.800;1.800;1.800;1.800
2;Schule und Kultur;27;Volkshochschulen, Büchereien;272;Bücherei;272010;Stadtbücherei;448;6;Kostenerstattungen und Kostenumlagen;448500;Erstattung Stadtwerke;0,00;500;0;0;0;0
2;Schule und Kultur;27;Volkshochschulen, Büchereien;272;Bücherei;272010;Stadtbücherei;448;6;Kostenerstattungen und Kostenumlagen;448800;Erstattung von Verwaltungs- und Betriebsausgaben;2.327,11;1.800;1.800;1.800;1.800;1.800
2;Schule und Kultur;27;Volkshochschulen, Büchereien;272;Bücherei;272010;Stadtbücherei;45;7;sonstige Erträge;;;5.400,00;0;0;0;0;0
2;Schule und Kultur;27;Volkshochschulen, Büchereien;272;Bücherei;272010;Stadtbücherei;45;7;sonstige Erträge;458220;Erträge aus der Auflösung oder Herabsetzung der Altersteilzeitrückstellung;5.400,00;0;0;0;0;0
2;Schule und Kultur;27;Volkshochschulen, Büchereien;272;Bücherei;272010;Stadtbücherei;471;8;aktivierte Eigenleistungen;;;0,00;0;0;0;0;0
2;Schule und Kultur;27;Volkshochschulen, Büchereien;272;Bücherei;272010;Stadtbücherei;472;9;Bestandsveränderungen;;;0,00;0;0;0;0;0
2;Schule und Kultur;27;Volkshochschulen, Büchereien;272;Bücherei;272010;Stadtbücherei;;10;Erträge;;;120.139,45;108.900;104.500;105.200;105.200;105.200
2;Schule und Kultur;27;Volkshochschulen, Büchereien;272;Bücherei;272010;Stadtbücherei;50;11;Personalaufwendungen;;;182.880,60;172.700;176.500;181.700;187.100;192.800
2;Schule und Kultur;27;Volkshochschulen, Büchereien;272;Bücherei;272010;Stadtbücherei;50;11;Personalaufwendungen;501100;Beamtenbezüge;12.843,37;0;0;0;0;0
2;Schule und Kultur;27;Volkshochschulen, Büchereien;272;Bücherei;272010;Stadtbücherei;50;11;Personalaufwendungen;501200;Entgelte an ArbeitnehmerInnen;122.411,23;131.300;137.400;141.500;145.700;150.100
2;Schule und Kultur;27;Volkshochschulen, Büchereien;272;Bücherei;272010;Stadtbücherei;50;11;Personalaufwendungen;502100;VAK Beamte;14.213,14;0;0;0;0;0
2;Schule und Kultur;27;Volkshochschulen, Büchereien;272;Bücherei;272010;Stadtbücherei;50;11;Personalaufwendungen;502200;Zusatzversicherung ArbeitnehmerInnen;8.422,19;12.300;11.300;11.600;11.900;12.300
2;Schule und Kultur;27;Volkshochschulen, Büchereien;272;Bücherei;272010;Stadtbücherei;50;11;Personalaufwendungen;503200;Beiträge gesetzliche Sozialversicherung ArbeitnehmerInnen;24.260,11;28.500;27.800;28.600;29.500;30.400
2;Schule und Kultur;27;Volkshochschulen, Büchereien;272;Bücherei;272010;Stadtbücherei;50;11;Personalaufwendungen;504100;Beihilfen;730,56;600;0;0;0;0
2;Schule und Kultur;27;Volkshochschulen, Büchereien;272;Bücherei;272010;Stadtbücherei;51;12;Versorgungsaufwendungen;;;0,00;0;0;0;0;0
2;Schule und Kultur;27;Volkshochschulen, Büchereien;272;Bücherei;272010;Stadtbücherei;52;13;Aufwendungen für Sach- u. Dienstleistungen;;;49.431,37;57.400;68.800;61.600;62.500;63.600
2;Schule und Kultur;27;Volkshochschulen, Büchereien;272;Bücherei;272010;Stadtbücherei;52;13;Aufwendungen für Sach- u. Dienstleistungen;521100;Unterhaltung der Grundstücke und baulichen Anlagen;7.653,11;3.700;11.800;3.900;4.000;4.100
2;Schule und Kultur;27;Volkshochschulen, Büchereien;272;Bücherei;272010;Stadtbücherei;52;13;Aufwendungen für Sach- u. Dienstleistungen;524110;Heizungskosten;2.321,00;2.600;2.500;2.500;2.600;2.700
2;Schule und Kultur;27;Volkshochschulen, Büchereien;272;Bücherei;272010;Stadtbücherei;52;13;Aufwendungen für Sach- u. Dienstleistungen;524120;Reinigungskosten;379,69;300;100;100;100;100
2;Schule und Kultur;27;Volkshochschulen, Büchereien;272;Bücherei;272010;Stadtbücherei;52;13;Aufwendungen für Sach- u. Dienstleistungen;524125;Fremdreinigung;1.296,39;11.700;10.400;10.400;10.400;10.400
2;Schule und Kultur;27;Volkshochschulen, Büchereien;272;Bücherei;272010;Stadtbücherei;52;13;Aufwendungen für Sach- u. Dienstleistungen;524130;Wasserversorgung, Strom, Abwasser;5.701,46;6.000;5.600;5.700;5.800;6.000
2;Schule und Kultur;27;Volkshochschulen, Büchereien;272;Bücherei;272010;Stadtbücherei;52;13;Aufwendungen für Sach- u. Dienstleistungen;524140;Gebäudeversicherungen;641,08;700;700;700;700;700
2;Schule und Kultur;27;Volkshochschulen, Büchereien;272;Bücherei;272010;Stadtbücherei;52;13;Aufwendungen für Sach- u. Dienstleistungen;524150;Steuern und Abgaben;85,10;200;300;300;300;300
2;Schule und Kultur;27;Volkshochschulen, Büchereien;272;Bücherei;272010;Stadtbücherei;52;13;Aufwendungen für Sach- u. Dienstleistungen;524160;sonstige Bewirtschaftungskosten;164,81;300;400;400;400;400
2;Schule und Kultur;27;Volkshochschulen, Büchereien;272;Bücherei;272010;Stadtbücherei;52;13;Aufwendungen für Sach- u. Dienstleistungen;527110;IT-Bedarf;6.045,42;6.700;12.300;12.900;13.500;14.200
2;Schule und Kultur;27;Volkshochschulen, Büchereien;272;Bücherei;272010;Stadtbücherei;52;13;Aufwendungen für Sach- u. Dienstleistungen;529100;Beschaffung von Medien;23.493,36;23.500;23.000;23.000;23.000;23.000
2;Schule und Kultur;27;Volkshochschulen, Büchereien;272;Bücherei;272010;Stadtbücherei;52;13;Aufwendungen für Sach- u. Dienstleistungen;529110;Ausstellungen;1.649,95;1.700;1.700;1.700;1.700;1.700
2;Schule und Kultur;27;Volkshochschulen, Büchereien;272;Bücherei;272010;Stadtbücherei;57;14;bilanzielle Abschreibungen;;;9.355,04;11.600;21.100;24.500;24.100;24.000
2;Schule und Kultur;27;Volkshochschulen, Büchereien;272;Bücherei;272010;Stadtbücherei;57;14;bilanzielle Abschreibungen;571100;Abschreibungen auf immaterielle Vermögensgegenstände und Sachanlagen;9.355,04;11.600;21.100;24.500;24.100;24.000
2;Schule und Kultur;27;Volkshochschulen, Büchereien;272;Bücherei;272010;Stadtbücherei;53;15;Transferaufwendungen;;;9.500,00;12.200;12.500;12.500;12.500;12.500
2;Schule und Kultur;27;Volkshochschulen, Büchereien;272;Bücherei;272010;Stadtbücherei;53;15;Transferaufwendungen;531800;Personalkostenzuschuss;9.500,00;12.200;12.500;12.500;12.500;12.500
2;Schule und Kultur;27;Volkshochschulen, Büchereien;272;Bücherei;272010;Stadtbücherei;54;16;sonstige Aufwendungen;;;3.433,47;5.400;5.400;5.400;5.400;5.400
2;Schule und Kultur;27;Volkshochschulen, Büchereien;272;Bücherei;272010;Stadtbücherei;54;16;sonstige Aufwendungen;542910;Mitgliedsbeiträge;60,00;100;100;100;100;100
2;Schule und Kultur;27;Volkshochschulen, Büchereien;272;Bücherei;272010;Stadtbücherei;54;16;sonstige Aufwendungen;543100;Bürobedarf;2.135,62;3.000;3.000;3.000;3.000;3.000
2;Schule und Kultur;27;Volkshochschulen, Büchereien;272;Bücherei;272010;Stadtbücherei;54;16;sonstige Aufwendungen;543110;Bücher und Zeitschriften;695,16;700;700;700;700;700
2;Schule und Kultur;27;Volkshochschulen, Büchereien;272;Bücherei;272010;Stadtbücherei;54;16;sonstige Aufwendungen;543125;Fernmeldegebühren;245,03;300;300;300;300;300
2;Schule und Kultur;27;Volkshochschulen, Büchereien;272;Bücherei;272010;Stadtbücherei;54;16;sonstige Aufwendungen;543130;Öffentliche Bekanntmachungen;0,00;100;100;100;100;100
2;Schule und Kultur;27;Volkshochschulen, Büchereien;272;Bücherei;272010;Stadtbücherei;54;16;sonstige Aufwendungen;543140;Reisekosten;127,70;1.000;1.000;1.000;1.000;1.000
2;Schule und Kultur;27;Volkshochschulen, Büchereien;272;Bücherei;272010;Stadtbücherei;54;16;sonstige Aufwendungen;543150;Sachverständigen-, Gerichts- u.ä. Kosten;169,96;200;200;200;200;200
2;Schule und Kultur;27;Volkshochschulen, Büchereien;272;Bücherei;272010;Stadtbücherei;;17;davon: Verfügungsmittel;;;0,00;0;0;0;0;0
2;Schule und Kultur;27;Volkshochschulen, Büchereien;272;Bücherei;272010;Stadtbücherei;;18;Aufwendungen;;;254.600,48;259.300;284.300;285.700;291.600;298.300
2;Schule und Kultur;27;Volkshochschulen, Büchereien;272;Bücherei;272010;Stadtbücherei;;19;Ergebnis der laufenden Verwaltungstätigkeit;;;-134.461,03;-150.400;-179.800;-180.500;-186.400;-193.100
2;Schule und Kultur;27;Volkshochschulen, Büchereien;272;Bücherei;272010;Stadtbücherei;46;20;Finanzerträge;;;0,00;0;0;0;0;0
2;Schule und Kultur;27;Volkshochschulen, Büchereien;272;Bücherei;272010;Stadtbücherei;55;21;Zinsen und sonstige Finanzaufwendungen;;;0,00;0;0;0;0;0
2;Schule und Kultur;27;Volkshochschulen, Büchereien;272;Bücherei;272010;Stadtbücherei;;22;Finanzergebnis;;;0,00;0;0;0;0;0
2;Schule und Kultur;27;Volkshochschulen, Büchereien;272;Bücherei;272010;Stadtbücherei;;23;Ergebnis vor Berücksichtigung der internen Leistungsbeziehungen;;;-134.461,03;-150.400;-179.800;-180.500;-186.400;-193.100
2;Schule und Kultur;27;Volkshochschulen, Büchereien;272;Bücherei;272010;Stadtbücherei;48;24;Erträge aus internen Leistungsbeziehungen;;;0,00;0;0;0;0;0
2;Schule und Kultur;27;Volkshochschulen, Büchereien;272;Bücherei;272010;Stadtbücherei;58;25;Aufwendungen aus internen Leistungsbeziehungen;;;3.300,00;3.300;7.900;8.000;8.100;8.300
2;Schule und Kultur;27;Volkshochschulen, Büchereien;272;Bücherei;272010;Stadtbücherei;58;25;Aufwendungen aus internen Leistungsbeziehungen;581100;Aufwendungen für Hausmeisterpool - Innere Verrechnungen;2.000,00;2.000;6.600;6.700;6.800;7.000
2;Schule und Kultur;27;Volkshochschulen, Büchereien;272;Bücherei;272010;Stadtbücherei;58;25;Aufwendungen aus internen Leistungsbeziehungen;581110;Aufwendungen Kommunaler Service - Innere Verrechnungen;1.300,00;1.300;1.300;1.300;1.300;1.300
2;Schule und Kultur;27;Volkshochschulen, Büchereien;272;Bücherei;272010;Stadtbücherei;;26;Ergebnis;;;-137.761,03;-153.700;-187.700;-188.500;-194.500;-201.400
2;Schule und Kultur;28;Heimat- und sonstige Kulturpflege;281;Heimat- und sonstige Kulturpflege;281010;Kulturhaus Palais Am Hafen;40;1;Steuern und ähnliche Abgaben;;;0,00;0;0;0;0;0
2;Schule und Kultur;28;Heimat- und sonstige Kulturpflege;281;Heimat- und sonstige Kulturpflege;281010;Kulturhaus Palais Am Hafen;41;2;Zuwendungen und allgemeine Umlagen;;;16.348,45;16.300;16.300;16.300;16.300;16.300
2;Schule und Kultur;28;Heimat- und sonstige Kulturpflege;281;Heimat- und sonstige Kulturpflege;281010;Kulturhaus Palais Am Hafen;41;2;Zuwendungen und allgemeine Umlagen;416200;Erträge aus der Auflösung von Sonderposten aus Zuweisungen;16.348,45;16.300;16.300;16.300;16.300;16.300
2;Schule und Kultur;28;Heimat- und sonstige Kulturpflege;281;Heimat- und sonstige Kulturpflege;281010;Kulturhaus Palais Am Hafen;42;3;sonstige Transfererträge;;;0,00;0;0;0;0;0
2;Schule und Kultur;28;Heimat- und sonstige Kulturpflege;281;Heimat- und sonstige Kulturpflege;281010;Kulturhaus Palais Am Hafen;43;4;öffentlich-rechtliche Leistungsentgelte;;;0,00;0;0;0;0;0
2;Schule und Kultur;28;Heimat- und sonstige Kulturpflege;281;Heimat- und sonstige Kulturpflege;281010;Kulturhaus Palais Am Hafen;441, 442, 446;5;privatrechtliche Leistungsentgelte;;;807,22;15.900;15.900;15.900;15.900;15.900
2;Schule und Kultur;28;Heimat- und sonstige Kulturpflege;281;Heimat- und sonstige Kulturpflege;281010;Kulturhaus Palais Am Hafen;441, 442, 446;5;privatrechtliche Leistungsentgelte;441100;Mieten und Pachten, Nutzungsentschädigung;807,22;15.900;15.900;15.900;15.900;15.900
2;Schule und Kultur;28;Heimat- und sonstige Kulturpflege;281;Heimat- und sonstige Kulturpflege;281010;Kulturhaus Palais Am Hafen;448;6;Kostenerstattungen und Kostenumlagen;;;0,00;0;0;0;0;0
2;Schule und Kultur;28;Heimat- und sonstige Kulturpflege;281;Heimat- und sonstige Kulturpflege;281010;Kulturhaus Palais Am Hafen;45;7;sonstige Erträge;;;0,00;0;0;0;0;0
2;Schule und Kultur;28;Heimat- und sonstige Kulturpflege;281;Heimat- und sonstige Kulturpflege;281010;Kulturhaus Palais Am Hafen;471;8;aktivierte Eigenleistungen;;;0,00;0;0;0;0;0
2;Schule und Kultur;28;Heimat- und sonstige Kulturpflege;281;Heimat- und sonstige Kulturpflege;281010;Kulturhaus Palais Am Hafen;472;9;Bestandsveränderungen;;;0,00;0;0;0;0;0
2;Schule und Kultur;28;Heimat- und sonstige Kulturpflege;281;Heimat- und sonstige Kulturpflege;281010;Kulturhaus Palais Am Hafen;;10;Erträge;;;17.155,67;32.200;32.200;32.200;32.200;32.200
2;Schule und Kultur;28;Heimat- und sonstige Kulturpflege;281;Heimat- und sonstige Kulturpflege;281010;Kulturhaus Palais Am Hafen;50;11;Personalaufwendungen;;;0,00;0;0;0;0;0
2;Schule und Kultur;28;Heimat- und sonstige Kulturpflege;281;Heimat- und sonstige Kulturpflege;281010;Kulturhaus Palais Am Hafen;51;12;Versorgungsaufwendungen;;;0,00;0;0;0;0;0
2;Schule und Kultur;28;Heimat- und sonstige Kulturpflege;281;Heimat- und sonstige Kulturpflege;281010;Kulturhaus Palais Am Hafen;52;13;Aufwendungen für Sach- u. Dienstleistungen;;;20.267,83;21.800;21.900;22.300;22.700;23.100
2;Schule und Kultur;28;Heimat- und sonstige Kulturpflege;281;Heimat- und sonstige Kulturpflege;281010;Kulturhaus Palais Am Hafen;52;13;Aufwendungen für Sach- u. Dienstleistungen;521100;Unterhaltung der Grundstücke und baulichen Anlagen;19.657,71;21.000;21.000;21.400;21.800;22.200
2;Schule und Kultur;28;Heimat- und sonstige Kulturpflege;281;Heimat- und sonstige Kulturpflege;281010;Kulturhaus Palais Am Hafen;52;13;Aufwendungen für Sach- u. Dienstleistungen;524140;Gebäudeversicherungen;518,56;500;600;600;600;600
2;Schule und Kultur;28;Heimat- und sonstige Kulturpflege;281;Heimat- und sonstige Kulturpflege;281010;Kulturhaus Palais Am Hafen;52;13;Aufwendungen für Sach- u. Dienstleistungen;524150;Steuern und Abgaben;91,56;200;200;200;200;200
2;Schule und Kultur;28;Heimat- und sonstige Kulturpflege;281;Heimat- und sonstige Kulturpflege;281010;Kulturhaus Palais Am Hafen;52;13;Aufwendungen für Sach- u. Dienstleistungen;524160;sonstige Bewirtschaftungskosten;0,00;100;100;100;100;100
2;Schule und Kultur;28;Heimat- und sonstige Kulturpflege;281;Heimat- und sonstige Kulturpflege;281010;Kulturhaus Palais Am Hafen;57;14;bilanzielle Abschreibungen;;;17.021,04;17.100;17.100;17.100;17.100;17.100
2;Schule und Kultur;28;Heimat- und sonstige Kulturpflege;281;Heimat- und sonstige Kulturpflege;281010;Kulturhaus Palais Am Hafen;57;14;bilanzielle Abschreibungen;571100;Abschreibungen auf immaterielle Vermögensgegenstände und Sachanlagen;17.021,04;17.100;17.100;17.100;17.100;17.100
2;Schule und Kultur;28;Heimat- und sonstige Kulturpflege;281;Heimat- und sonstige Kulturpflege;281010;Kulturhaus Palais Am Hafen;53;15;Transferaufwendungen;;;10.000,00;25.300;25.300;25.200;25.200;25.200
2;Schule und Kultur;28;Heimat- und sonstige Kulturpflege;281;Heimat- und sonstige Kulturpflege;281010;Kulturhaus Palais Am Hafen;53;15;Transferaufwendungen;531800;Zuschüsse an Verbände und Vereine;10.000,00;25.300;25.300;25.200;25.200;25.200
2;Schule und Kultur;28;Heimat- und sonstige Kulturpflege;281;Heimat- und sonstige Kulturpflege;281010;Kulturhaus Palais Am Hafen;54;16;sonstige Aufwendungen;;;0,00;0;0;0;0;0
2;Schule und Kultur;28;Heimat- und sonstige Kulturpflege;281;Heimat- und sonstige Kulturpflege;281010;Kulturhaus Palais Am Hafen;;17;davon: Verfügungsmittel;;;0,00;0;0;0;0;0
2;Schule und Kultur;28;Heimat- und sonstige Kulturpflege;281;Heimat- und sonstige Kulturpflege;281010;Kulturhaus Palais Am Hafen;;18;Aufwendungen;;;47.288,87;64.200;64.300;64.600;65.000;65.400
2;Schule und Kultur;28;Heimat- und sonstige Kulturpflege;281;Heimat- und sonstige Kulturpflege;281010;Kulturhaus Palais Am Hafen;;19;Ergebnis der laufenden Verwaltungstätigkeit;;;-30.133,20;-32.000;-32.100;-32.400;-32.800;-33.200
2;Schule und Kultur;28;Heimat- und sonstige Kulturpflege;281;Heimat- und sonstige Kulturpflege;281010;Kulturhaus Palais Am Hafen;46;20;Finanzerträge;;;0,00;0;0;0;0;0
2;Schule und Kultur;28;Heimat- und sonstige Kulturpflege;281;Heimat- und sonstige Kulturpflege;281010;Kulturhaus Palais Am Hafen;55;21;Zinsen und sonstige Finanzaufwendungen;;;0,00;0;0;0;0;0
2;Schule und Kultur;28;Heimat- und sonstige Kulturpflege;281;Heimat- und sonstige Kulturpflege;281010;Kulturhaus Palais Am Hafen;;22;Finanzergebnis;;;0,00;0;0;0;0;0
2;Schule und Kultur;28;Heimat- und sonstige Kulturpflege;281;Heimat- und sonstige Kulturpflege;281010;Kulturhaus Palais Am Hafen;;23;Ergebnis vor Berücksichtigung der internen Leistungsbeziehungen;;;-30.133,20;-32.000;-32.100;-32.400;-32.800;-33.200
2;Schule und Kultur;28;Heimat- und sonstige Kulturpflege;281;Heimat- und sonstige Kulturpflege;281010;Kulturhaus Palais Am Hafen;48;24;Erträge aus internen Leistungsbeziehungen;;;0,00;0;0;0;0;0
2;Schule und Kultur;28;Heimat- und sonstige Kulturpflege;281;Heimat- und sonstige Kulturpflege;281010;Kulturhaus Palais Am Hafen;58;25;Aufwendungen aus internen Leistungsbeziehungen;;;0,00;0;0;0;0;0
2;Schule und Kultur;28;Heimat- und sonstige Kulturpflege;281;Heimat- und sonstige Kulturpflege;281010;Kulturhaus Palais Am Hafen;;26;Ergebnis;;;-30.133,20;-32.000;-32.100;-32.400;-32.800;-33.200
2;Schule und Kultur;28;Heimat- und sonstige Kulturpflege;281;Heimat- und sonstige Kulturpflege;281020;Heimatpflege;40;1;Steuern und ähnliche Abgaben;;;0,00;0;0;0;0;0
2;Schule und Kultur;28;Heimat- und sonstige Kulturpflege;281;Heimat- und sonstige Kulturpflege;281020;Heimatpflege;41;2;Zuwendungen und allgemeine Umlagen;;;3.634,55;3.600;3.600;3.600;3.600;600
2;Schule und Kultur;28;Heimat- und sonstige Kulturpflege;281;Heimat- und sonstige Kulturpflege;281020;Heimatpflege;41;2;Zuwendungen und allgemeine Umlagen;416100;Erträge aus der Auflösung von Sonderposten aus Zuschüssen;632,02;600;600;600;600;600
2;Schule und Kultur;28;Heimat- und sonstige Kulturpflege;281;Heimat- und sonstige Kulturpflege;281020;Heimatpflege;41;2;Zuwendungen und allgemeine Umlagen;416200;Erträge aus der Auflösung von Sonderposten aus Zuweisungen;3.002,53;3.000;3.000;3.000;3.000;0
2;Schule und Kultur;28;Heimat- und sonstige Kulturpflege;281;Heimat- und sonstige Kulturpflege;281020;Heimatpflege;42;3;sonstige Transfererträge;;;0,00;0;0;0;0;0
2;Schule und Kultur;28;Heimat- und sonstige Kulturpflege;281;Heimat- und sonstige Kulturpflege;281020;Heimatpflege;43;4;öffentlich-rechtliche Leistungsentgelte;;;0,00;0;0;0;0;0
2;Schule und Kultur;28;Heimat- und sonstige Kulturpflege;281;Heimat- und sonstige Kulturpflege;281020;Heimatpflege;441, 442, 446;5;privatrechtliche Leistungsentgelte;;;238,08;0;0;0;0;0
2;Schule und Kultur;28;Heimat- und sonstige Kulturpflege;281;Heimat- und sonstige Kulturpflege;281020;Heimatpflege;441, 442, 446;5;privatrechtliche Leistungsentgelte;442100;Verkaufserlöse;238,08;0;0;0;0;0
2;Schule und Kultur;28;Heimat- und sonstige Kulturpflege;281;Heimat- und sonstige Kulturpflege;281020;Heimatpflege;448;6;Kostenerstattungen und Kostenumlagen;;;0,00;0;0;0;0;0
2;Schule und Kultur;28;Heimat- und sonstige Kulturpflege;281;Heimat- und sonstige Kulturpflege;281020;Heimatpflege;45;7;sonstige Erträge;;;0,00;0;0;0;0;0
2;Schule und Kultur;28;Heimat- und sonstige Kulturpflege;281;Heimat- und sonstige Kulturpflege;281020;Heimatpflege;471;8;aktivierte Eigenleistungen;;;0,00;0;0;0;0;0
2;Schule und Kultur;28;Heimat- und sonstige Kulturpflege;281;Heimat- und sonstige Kulturpflege;281020;Heimatpflege;472;9;Bestandsveränderungen;;;0,00;0;0;0;0;0
2;Schule und Kultur;28;Heimat- und sonstige Kulturpflege;281;Heimat- und sonstige Kulturpflege;281020;Heimatpflege;;10;Erträge;;;3.872,63;3.600;3.600;3.600;3.600;600
2;Schule und Kultur;28;Heimat- und sonstige Kulturpflege;281;Heimat- und sonstige Kulturpflege;281020;Heimatpflege;50;11;Personalaufwendungen;;;0,00;0;0;0;0;0
2;Schule und Kultur;28;Heimat- und sonstige Kulturpflege;281;Heimat- und sonstige Kulturpflege;281020;Heimatpflege;51;12;Versorgungsaufwendungen;;;0,00;0;0;0;0;0
2;Schule und Kultur;28;Heimat- und sonstige Kulturpflege;281;Heimat- und sonstige Kulturpflege;281020;Heimatpflege;52;13;Aufwendungen für Sach- u. Dienstleistungen;;;1.063,50;200;200;200;200;200
2;Schule und Kultur;28;Heimat- und sonstige Kulturpflege;281;Heimat- und sonstige Kulturpflege;281020;Heimatpflege;52;13;Aufwendungen für Sach- u. Dienstleistungen;522110;Unterhaltung Gräber Ehrenbürger;115,00;200;200;200;200;200
2;Schule und Kultur;28;Heimat- und sonstige Kulturpflege;281;Heimat- und sonstige Kulturpflege;281020;Heimatpflege;52;13;Aufwendungen für Sach- u. Dienstleistungen;529100;400-Jahr-Feier-Glückstadt;948,50;0;0;0;0;0
2;Schule und Kultur;28;Heimat- und sonstige Kulturpflege;281;Heimat- und sonstige Kulturpflege;281020;Heimatpflege;57;14;bilanzielle Abschreibungen;;;7.574,00;7.600;7.600;7.600;7.600;1.900
2;Schule und Kultur;28;Heimat- und sonstige Kulturpflege;281;Heimat- und sonstige Kulturpflege;281020;Heimatpflege;57;14;bilanzielle Abschreibungen;571100;Abschreibungen auf immaterielle Vermögensgegenstände und Sachanlagen;7.574,00;7.600;7.600;7.600;7.600;1.900
2;Schule und Kultur;28;Heimat- und sonstige Kulturpflege;281;Heimat- und sonstige Kulturpflege;281020;Heimatpflege;53;15;Transferaufwendungen;;;3.000,00;1.000;1.000;1.000;1.000;1.000
2;Schule und Kultur;28;Heimat- und sonstige Kulturpflege;281;Heimat- und sonstige Kulturpflege;281020;Heimatpflege;53;15;Transferaufwendungen;531800;Zuschüsse an Verbände und Vereine;3.000,00;1.000;1.000;1.000;1.000;1.000
2;Schule und Kultur;28;Heimat- und sonstige Kulturpflege;281;Heimat- und sonstige Kulturpflege;281020;Heimatpflege;54;16;sonstige Aufwendungen;;;100,00;100;100;100;100;100
2;Schule und Kultur;28;Heimat- und sonstige Kulturpflege;281;Heimat- und sonstige Kulturpflege;281020;Heimatpflege;54;16;sonstige Aufwendungen;542910;Mitgliedsbeiträge;100,00;100;100;100;100;100
2;Schule und Kultur;28;Heimat- und sonstige Kulturpflege;281;Heimat- und sonstige Kulturpflege;281020;Heimatpflege;;17;davon: Verfügungsmittel;;;0,00;0;0;0;0;0
2;Schule und Kultur;28;Heimat- und sonstige Kulturpflege;281;Heimat- und sonstige Kulturpflege;281020;Heimatpflege;;18;Aufwendungen;;;11.737,50;8.900;8.900;8.900;8.900;3.200
2;Schule und Kultur;28;Heimat- und sonstige Kulturpflege;281;Heimat- und sonstige Kulturpflege;281020;Heimatpflege;;19;Ergebnis der laufenden Verwaltungstätigkeit;;;-7.864,87;-5.300;-5.300;-5.300;-5.300;-2.600
2;Schule und Kultur;28;Heimat- und sonstige Kulturpflege;281;Heimat- und sonstige Kulturpflege;281020;Heimatpflege;46;20;Finanzerträge;;;0,00;0;0;0;0;0
2;Schule und Kultur;28;Heimat- und sonstige Kulturpflege;281;Heimat- und sonstige Kulturpflege;281020;Heimatpflege;55;21;Zinsen und sonstige Finanzaufwendungen;;;0,00;0;0;0;0;0
2;Schule und Kultur;28;Heimat- und sonstige Kulturpflege;281;Heimat- und sonstige Kulturpflege;281020;Heimatpflege;;22;Finanzergebnis;;;0,00;0;0;0;0;0
2;Schule und Kultur;28;Heimat- und sonstige Kulturpflege;281;Heimat- und sonstige Kulturpflege;281020;Heimatpflege;;23;Ergebnis vor Berücksichtigung der internen Leistungsbeziehungen;;;-7.864,87;-5.300;-5.300;-5.300;-5.300;-2.600
2;Schule und Kultur;28;Heimat- und sonstige Kulturpflege;281;Heimat- und sonstige Kulturpflege;281020;Heimatpflege;48;24;Erträge aus internen Leistungsbeziehungen;;;0,00;0;0;0;0;0
2;Schule und Kultur;28;Heimat- und sonstige Kulturpflege;281;Heimat- und sonstige Kulturpflege;281020;Heimatpflege;58;25;Aufwendungen aus internen Leistungsbeziehungen;;;0,00;0;0;0;0;0
2;Schule und Kultur;28;Heimat- und sonstige Kulturpflege;281;Heimat- und sonstige Kulturpflege;281020;Heimatpflege;;26;Ergebnis;;;-7.864,87;-5.300;-5.300;-5.300;-5.300;-2.600
3;Soziales und Jugend;31;Soziale Hilfen;311;Grundversorgung und Hilfen nach SGB  XII;311010;Grundsicherung nach dem SGB;40;1;Steuern und ähnliche Abgaben;;;0,00;0;0;0;0;0
3;Soziales und Jugend;31;Soziale Hilfen;311;Grundversorgung und Hilfen nach SGB  XII;311010;Grundsicherung nach dem SGB;41;2;Zuwendungen und allgemeine Umlagen;;;0,00;0;0;0;0;0
3;Soziales und Jugend;31;Soziale Hilfen;311;Grundversorgung und Hilfen nach SGB  XII;311010;Grundsicherung nach dem SGB;42;3;sonstige Transfererträge;;;0,00;0;0;0;0;0
3;Soziales und Jugend;31;Soziale Hilfen;311;Grundversorgung und Hilfen nach SGB  XII;311010;Grundsicherung nach dem SGB;43;4;öffentlich-rechtliche Leistungsentgelte;;;0,00;0;0;0;0;0
3;Soziales und Jugend;31;Soziale Hilfen;311;Grundversorgung und Hilfen nach SGB  XII;311010;Grundsicherung nach dem SGB;441, 442, 446;5;privatrechtliche Leistungsentgelte;;;0,00;0;0;0;0;0
3;Soziales und Jugend;31;Soziale Hilfen;311;Grundversorgung und Hilfen nach SGB  XII;311010;Grundsicherung nach dem SGB;448;6;Kostenerstattungen und Kostenumlagen;;;0,00;0;0;0;0;0
3;Soziales und Jugend;31;Soziale Hilfen;311;Grundversorgung und Hilfen nach SGB  XII;311010;Grundsicherung nach dem SGB;45;7;sonstige Erträge;;;0,00;0;0;0;0;0
3;Soziales und Jugend;31;Soziale Hilfen;311;Grundversorgung und Hilfen nach SGB  XII;311010;Grundsicherung nach dem SGB;471;8;aktivierte Eigenleistungen;;;0,00;0;0;0;0;0
3;Soziales und Jugend;31;Soziale Hilfen;311;Grundversorgung und Hilfen nach SGB  XII;311010;Grundsicherung nach dem SGB;472;9;Bestandsveränderungen;;;0,00;0;0;0;0;0
3;Soziales und Jugend;31;Soziale Hilfen;311;Grundversorgung und Hilfen nach SGB  XII;311010;Grundsicherung nach dem SGB;;10;Erträge;;;0,00;0;0;0;0;0
3;Soziales und Jugend;31;Soziale Hilfen;311;Grundversorgung und Hilfen nach SGB  XII;311010;Grundsicherung nach dem SGB;50;11;Personalaufwendungen;;;0,00;0;0;0;0;0
3;Soziales und Jugend;31;Soziale Hilfen;311;Grundversorgung und Hilfen nach SGB  XII;311010;Grundsicherung nach dem SGB;51;12;Versorgungsaufwendungen;;;0,00;0;0;0;0;0
3;Soziales und Jugend;31;Soziale Hilfen;311;Grundversorgung und Hilfen nach SGB  XII;311010;Grundsicherung nach dem SGB;52;13;Aufwendungen für Sach- u. Dienstleistungen;;;0,00;0;0;0;0;0
3;Soziales und Jugend;31;Soziale Hilfen;311;Grundversorgung und Hilfen nach SGB  XII;311010;Grundsicherung nach dem SGB;57;14;bilanzielle Abschreibungen;;;0,00;0;0;0;0;0
3;Soziales und Jugend;31;Soziale Hilfen;311;Grundversorgung und Hilfen nach SGB  XII;311010;Grundsicherung nach dem SGB;53;15;Transferaufwendungen;;;0,00;0;0;0;0;0
3;Soziales und Jugend;31;Soziale Hilfen;311;Grundversorgung und Hilfen nach SGB  XII;311010;Grundsicherung nach dem SGB;54;16;sonstige Aufwendungen;;;0,00;0;0;0;0;0
3;Soziales und Jugend;31;Soziale Hilfen;311;Grundversorgung und Hilfen nach SGB  XII;311010;Grundsicherung nach dem SGB;;17;davon: Verfügungsmittel;;;0,00;0;0;0;0;0
3;Soziales und Jugend;31;Soziale Hilfen;311;Grundversorgung und Hilfen nach SGB  XII;311010;Grundsicherung nach dem SGB;;18;Aufwendungen;;;0,00;0;0;0;0;0
3;Soziales und Jugend;31;Soziale Hilfen;311;Grundversorgung und Hilfen nach SGB  XII;311010;Grundsicherung nach dem SGB;;19;Ergebnis der laufenden Verwaltungstätigkeit;;;0,00;0;0;0;0;0
3;Soziales und Jugend;31;Soziale Hilfen;311;Grundversorgung und Hilfen nach SGB  XII;311010;Grundsicherung nach dem SGB;46;20;Finanzerträge;;;0,00;0;0;0;0;0
3;Soziales und Jugend;31;Soziale Hilfen;311;Grundversorgung und Hilfen nach SGB  XII;311010;Grundsicherung nach dem SGB;55;21;Zinsen und sonstige Finanzaufwendungen;;;0,00;0;0;0;0;0
3;Soziales und Jugend;31;Soziale Hilfen;311;Grundversorgung und Hilfen nach SGB  XII;311010;Grundsicherung nach dem SGB;;22;Finanzergebnis;;;0,00;0;0;0;0;0
3;Soziales und Jugend;31;Soziale Hilfen;311;Grundversorgung und Hilfen nach SGB  XII;311010;Grundsicherung nach dem SGB;;23;Ergebnis vor Berücksichtigung der internen Leistungsbeziehungen;;;0,00;0;0;0;0;0
3;Soziales und Jugend;31;Soziale Hilfen;311;Grundversorgung und Hilfen nach SGB  XII;311010;Grundsicherung nach dem SGB;48;24;Erträge aus internen Leistungsbeziehungen;;;0,00;0;0;0;0;0
3;Soziales und Jugend;31;Soziale Hilfen;311;Grundversorgung und Hilfen nach SGB  XII;311010;Grundsicherung nach dem SGB;58;25;Aufwendungen aus internen Leistungsbeziehungen;;;0,00;0;0;0;0;0
3;Soziales und Jugend;31;Soziale Hilfen;311;Grundversorgung und Hilfen nach SGB  XII;311010;Grundsicherung nach dem SGB;;26;Ergebnis;;;0,00;0;0;0;0;0
3;Soziales und Jugend;31;Soziale Hilfen;311;Grundversorgung und Hilfen nach SGB  XII;311900;Verwaltung der Sozialhilfe und Verwaltungsaufgaben ohne Leistungsbezug;40;1;Steuern und ähnliche Abgaben;;;0,00;0;0;0;0;0
3;Soziales und Jugend;31;Soziale Hilfen;311;Grundversorgung und Hilfen nach SGB  XII;311900;Verwaltung der Sozialhilfe und Verwaltungsaufgaben ohne Leistungsbezug;41;2;Zuwendungen und allgemeine Umlagen;;;411,40;500;500;500;500;500
3;Soziales und Jugend;31;Soziale Hilfen;311;Grundversorgung und Hilfen nach SGB  XII;311900;Verwaltung der Sozialhilfe und Verwaltungsaufgaben ohne Leistungsbezug;41;2;Zuwendungen und allgemeine Umlagen;414100;Erstattung Personalkosten aus Sozialhilfe;411,24;500;500;500;500;500
3;Soziales und Jugend;31;Soziale Hilfen;311;Grundversorgung und Hilfen nach SGB  XII;311900;Verwaltung der Sozialhilfe und Verwaltungsaufgaben ohne Leistungsbezug;41;2;Zuwendungen und allgemeine Umlagen;414800;Erträge aus Stiftungen;0,16;0;0;0;0;0
3;Soziales und Jugend;31;Soziale Hilfen;311;Grundversorgung und Hilfen nach SGB  XII;311900;Verwaltung der Sozialhilfe und Verwaltungsaufgaben ohne Leistungsbezug;42;3;sonstige Transfererträge;;;0,00;0;0;0;0;0
3;Soziales und Jugend;31;Soziale Hilfen;311;Grundversorgung und Hilfen nach SGB  XII;311900;Verwaltung der Sozialhilfe und Verwaltungsaufgaben ohne Leistungsbezug;43;4;öffentlich-rechtliche Leistungsentgelte;;;0,00;0;0;0;0;0
3;Soziales und Jugend;31;Soziale Hilfen;311;Grundversorgung und Hilfen nach SGB  XII;311900;Verwaltung der Sozialhilfe und Verwaltungsaufgaben ohne Leistungsbezug;441, 442, 446;5;privatrechtliche Leistungsentgelte;;;0,00;0;0;0;0;0
3;Soziales und Jugend;31;Soziale Hilfen;311;Grundversorgung und Hilfen nach SGB  XII;311900;Verwaltung der Sozialhilfe und Verwaltungsaufgaben ohne Leistungsbezug;448;6;Kostenerstattungen und Kostenumlagen;;;580,97;300;0;0;0;0
3;Soziales und Jugend;31;Soziale Hilfen;311;Grundversorgung und Hilfen nach SGB  XII;311900;Verwaltung der Sozialhilfe und Verwaltungsaufgaben ohne Leistungsbezug;448;6;Kostenerstattungen und Kostenumlagen;448500;Erstattung Stadtwerke;580,97;300;0;0;0;0
3;Soziales und Jugend;31;Soziale Hilfen;311;Grundversorgung und Hilfen nach SGB  XII;311900;Verwaltung der Sozialhilfe und Verwaltungsaufgaben ohne Leistungsbezug;45;7;sonstige Erträge;;;0,00;0;0;0;0;0
3;Soziales und Jugend;31;Soziale Hilfen;311;Grundversorgung und Hilfen nach SGB  XII;311900;Verwaltung der Sozialhilfe und Verwaltungsaufgaben ohne Leistungsbezug;471;8;aktivierte Eigenleistungen;;;0,00;0;0;0;0;0
3;Soziales und Jugend;31;Soziale Hilfen;311;Grundversorgung und Hilfen nach SGB  XII;311900;Verwaltung der Sozialhilfe und Verwaltungsaufgaben ohne Leistungsbezug;472;9;Bestandsveränderungen;;;0,00;0;0;0;0;0
3;Soziales und Jugend;31;Soziale Hilfen;311;Grundversorgung und Hilfen nach SGB  XII;311900;Verwaltung der Sozialhilfe und Verwaltungsaufgaben ohne Leistungsbezug;;10;Erträge;;;992,37;800;500;500;500;500
3;Soziales und Jugend;31;Soziale Hilfen;311;Grundversorgung und Hilfen nach SGB  XII;311900;Verwaltung der Sozialhilfe und Verwaltungsaufgaben ohne Leistungsbezug;50;11;Personalaufwendungen;;;182.258,47;455.400;470.800;484.900;499.400;514.500
3;Soziales und Jugend;31;Soziale Hilfen;311;Grundversorgung und Hilfen nach SGB  XII;311900;Verwaltung der Sozialhilfe und Verwaltungsaufgaben ohne Leistungsbezug;50;11;Personalaufwendungen;501200;Entgelte an ArbeitnehmerInnen;143.821,04;347.300;367.000;378.000;389.300;401.000
3;Soziales und Jugend;31;Soziale Hilfen;311;Grundversorgung und Hilfen nach SGB  XII;311900;Verwaltung der Sozialhilfe und Verwaltungsaufgaben ohne Leistungsbezug;50;11;Personalaufwendungen;502200;Zusatzversicherung ArbeitnehmerInnen;9.651,86;32.700;29.900;30.800;31.700;32.700
3;Soziales und Jugend;31;Soziale Hilfen;311;Grundversorgung und Hilfen nach SGB  XII;311900;Verwaltung der Sozialhilfe und Verwaltungsaufgaben ohne Leistungsbezug;50;11;Personalaufwendungen;503200;Beiträge gesetzliche Sozialversicherung ArbeitnehmerInnen;28.785,57;75.400;73.900;76.100;78.400;80.800
3;Soziales und Jugend;31;Soziale Hilfen;311;Grundversorgung und Hilfen nach SGB  XII;311900;Verwaltung der Sozialhilfe und Verwaltungsaufgaben ohne Leistungsbezug;51;12;Versorgungsaufwendungen;;;0,00;0;0;0;0;0
3;Soziales und Jugend;31;Soziale Hilfen;311;Grundversorgung und Hilfen nach SGB  XII;311900;Verwaltung der Sozialhilfe und Verwaltungsaufgaben ohne Leistungsbezug;52;13;Aufwendungen für Sach- u. Dienstleistungen;;;13.762,92;15.800;22.900;23.100;23.300;23.700
3;Soziales und Jugend;31;Soziale Hilfen;311;Grundversorgung und Hilfen nach SGB  XII;311900;Verwaltung der Sozialhilfe und Verwaltungsaufgaben ohne Leistungsbezug;52;13;Aufwendungen für Sach- u. Dienstleistungen;524110;Heizungskosten;4.688,06;5.000;5.300;5.400;5.500;5.700
3;Soziales und Jugend;31;Soziale Hilfen;311;Grundversorgung und Hilfen nach SGB  XII;311900;Verwaltung der Sozialhilfe und Verwaltungsaufgaben ohne Leistungsbezug;52;13;Aufwendungen für Sach- u. Dienstleistungen;524120;Reinigungskosten;71,85;200;300;300;300;300
3;Soziales und Jugend;31;Soziale Hilfen;311;Grundversorgung und Hilfen nach SGB  XII;311900;Verwaltung der Sozialhilfe und Verwaltungsaufgaben ohne Leistungsbezug;52;13;Aufwendungen für Sach- u. Dienstleistungen;524125;Fremdreinigung;2.656,83;2.700;9.200;9.200;9.200;9.200
3;Soziales und Jugend;31;Soziale Hilfen;311;Grundversorgung und Hilfen nach SGB  XII;311900;Verwaltung der Sozialhilfe und Verwaltungsaufgaben ohne Leistungsbezug;52;13;Aufwendungen für Sach- u. Dienstleistungen;524130;Wasserversorgung, Strom, Abwasser;5.434,33;5.800;5.800;5.900;6.000;6.200
3;Soziales und Jugend;31;Soziale Hilfen;311;Grundversorgung und Hilfen nach SGB  XII;311900;Verwaltung der Sozialhilfe und Verwaltungsaufgaben ohne Leistungsbezug;52;13;Aufwendungen für Sach- u. Dienstleistungen;524140;Gebäudeversicherungen;695,75;700;900;900;900;900
3;Soziales und Jugend;31;Soziale Hilfen;311;Grundversorgung und Hilfen nach SGB  XII;311900;Verwaltung der Sozialhilfe und Verwaltungsaufgaben ohne Leistungsbezug;52;13;Aufwendungen für Sach- u. Dienstleistungen;524150;Steuern und Abgaben;216,10;300;300;300;300;300
3;Soziales und Jugend;31;Soziale Hilfen;311;Grundversorgung und Hilfen nach SGB  XII;311900;Verwaltung der Sozialhilfe und Verwaltungsaufgaben ohne Leistungsbezug;52;13;Aufwendungen für Sach- u. Dienstleistungen;527100;Besondere Verwaltungs- und Betriebsaufwendungen;0,00;100;100;100;100;100
3;Soziales und Jugend;31;Soziale Hilfen;311;Grundversorgung und Hilfen nach SGB  XII;311900;Verwaltung der Sozialhilfe und Verwaltungsaufgaben ohne Leistungsbezug;52;13;Aufwendungen für Sach- u. Dienstleistungen;529100;Inklusion;0,00;1.000;1.000;1.000;1.000;1.000
3;Soziales und Jugend;31;Soziale Hilfen;311;Grundversorgung und Hilfen nach SGB  XII;311900;Verwaltung der Sozialhilfe und Verwaltungsaufgaben ohne Leistungsbezug;57;14;bilanzielle Abschreibungen;;;0,00;0;0;0;0;0
3;Soziales und Jugend;31;Soziale Hilfen;311;Grundversorgung und Hilfen nach SGB  XII;311900;Verwaltung der Sozialhilfe und Verwaltungsaufgaben ohne Leistungsbezug;53;15;Transferaufwendungen;;;0,00;500;500;500;500;500
3;Soziales und Jugend;31;Soziale Hilfen;311;Grundversorgung und Hilfen nach SGB  XII;311900;Verwaltung der Sozialhilfe und Verwaltungsaufgaben ohne Leistungsbezug;53;15;Transferaufwendungen;531800;Verwendung Stiftungsaufkommen, Zuschüsse Seniorenbeirat;0,00;500;500;500;500;500
3;Soziales und Jugend;31;Soziale Hilfen;311;Grundversorgung und Hilfen nach SGB  XII;311900;Verwaltung der Sozialhilfe und Verwaltungsaufgaben ohne Leistungsbezug;54;16;sonstige Aufwendungen;;;1.122,41;1.500;1.600;1.600;1.600;1.600
3;Soziales und Jugend;31;Soziale Hilfen;311;Grundversorgung und Hilfen nach SGB  XII;311900;Verwaltung der Sozialhilfe und Verwaltungsaufgaben ohne Leistungsbezug;54;16;sonstige Aufwendungen;542910;Mitgliedsbeiträge;214,40;300;300;300;300;300
3;Soziales und Jugend;31;Soziale Hilfen;311;Grundversorgung und Hilfen nach SGB  XII;311900;Verwaltung der Sozialhilfe und Verwaltungsaufgaben ohne Leistungsbezug;54;16;sonstige Aufwendungen;543100;Bürobedarf;43,00;200;200;200;200;200
3;Soziales und Jugend;31;Soziale Hilfen;311;Grundversorgung und Hilfen nach SGB  XII;311900;Verwaltung der Sozialhilfe und Verwaltungsaufgaben ohne Leistungsbezug;54;16;sonstige Aufwendungen;543110;Bücher und Zeitschriften;255,80;300;300;300;300;300
3;Soziales und Jugend;31;Soziale Hilfen;311;Grundversorgung und Hilfen nach SGB  XII;311900;Verwaltung der Sozialhilfe und Verwaltungsaufgaben ohne Leistungsbezug;54;16;sonstige Aufwendungen;543130;Öffentliche Bekanntmachungen;457,91;100;100;100;100;100
3;Soziales und Jugend;31;Soziale Hilfen;311;Grundversorgung und Hilfen nach SGB  XII;311900;Verwaltung der Sozialhilfe und Verwaltungsaufgaben ohne Leistungsbezug;54;16;sonstige Aufwendungen;543140;Reisekosten;151,30;100;200;200;200;200
3;Soziales und Jugend;31;Soziale Hilfen;311;Grundversorgung und Hilfen nach SGB  XII;311900;Verwaltung der Sozialhilfe und Verwaltungsaufgaben ohne Leistungsbezug;54;16;sonstige Aufwendungen;543150;Sachverständigen-, Gerichts- u.ä. Kosten;0,00;500;500;500;500;500
3;Soziales und Jugend;31;Soziale Hilfen;311;Grundversorgung und Hilfen nach SGB  XII;311900;Verwaltung der Sozialhilfe und Verwaltungsaufgaben ohne Leistungsbezug;;17;davon: Verfügungsmittel;;;0,00;0;0;0;0;0
3;Soziales und Jugend;31;Soziale Hilfen;311;Grundversorgung und Hilfen nach SGB  XII;311900;Verwaltung der Sozialhilfe und Verwaltungsaufgaben ohne Leistungsbezug;;18;Aufwendungen;;;197.143,80;473.200;495.800;510.100;524.800;540.300
3;Soziales und Jugend;31;Soziale Hilfen;311;Grundversorgung und Hilfen nach SGB  XII;311900;Verwaltung der Sozialhilfe und Verwaltungsaufgaben ohne Leistungsbezug;;19;Ergebnis der laufenden Verwaltungstätigkeit;;;-196.151,43;-472.400;-495.300;-509.600;-524.300;-539.800
3;Soziales und Jugend;31;Soziale Hilfen;311;Grundversorgung und Hilfen nach SGB  XII;311900;Verwaltung der Sozialhilfe und Verwaltungsaufgaben ohne Leistungsbezug;46;20;Finanzerträge;;;0,00;0;0;0;0;0
3;Soziales und Jugend;31;Soziale Hilfen;311;Grundversorgung und Hilfen nach SGB  XII;311900;Verwaltung der Sozialhilfe und Verwaltungsaufgaben ohne Leistungsbezug;55;21;Zinsen und sonstige Finanzaufwendungen;;;0,00;0;0;0;0;0
3;Soziales und Jugend;31;Soziale Hilfen;311;Grundversorgung und Hilfen nach SGB  XII;311900;Verwaltung der Sozialhilfe und Verwaltungsaufgaben ohne Leistungsbezug;;22;Finanzergebnis;;;0,00;0;0;0;0;0
3;Soziales und Jugend;31;Soziale Hilfen;311;Grundversorgung und Hilfen nach SGB  XII;311900;Verwaltung der Sozialhilfe und Verwaltungsaufgaben ohne Leistungsbezug;;23;Ergebnis vor Berücksichtigung der internen Leistungsbeziehungen;;;-196.151,43;-472.400;-495.300;-509.600;-524.300;-539.800
3;Soziales und Jugend;31;Soziale Hilfen;311;Grundversorgung und Hilfen nach SGB  XII;311900;Verwaltung der Sozialhilfe und Verwaltungsaufgaben ohne Leistungsbezug;48;24;Erträge aus internen Leistungsbeziehungen;;;0,00;0;0;0;0;0
3;Soziales und Jugend;31;Soziale Hilfen;311;Grundversorgung und Hilfen nach SGB  XII;311900;Verwaltung der Sozialhilfe und Verwaltungsaufgaben ohne Leistungsbezug;58;25;Aufwendungen aus internen Leistungsbeziehungen;;;0,00;0;0;0;0;0
3;Soziales und Jugend;31;Soziale Hilfen;311;Grundversorgung und Hilfen nach SGB  XII;311900;Verwaltung der Sozialhilfe und Verwaltungsaufgaben ohne Leistungsbezug;;26;Ergebnis;;;-196.151,43;-472.400;-495.300;-509.600;-524.300;-539.800
3;Soziales und Jugend;31;Soziale Hilfen;312;Grundsicherung nach SGB;312010;Grundsicherung nach SGB;40;1;Steuern und ähnliche Abgaben;;;0,00;0;0;0;0;0
3;Soziales und Jugend;31;Soziale Hilfen;312;Grundsicherung nach SGB;312010;Grundsicherung nach SGB;41;2;Zuwendungen und allgemeine Umlagen;;;0,00;0;0;0;0;0
3;Soziales und Jugend;31;Soziale Hilfen;312;Grundsicherung nach SGB;312010;Grundsicherung nach SGB;42;3;sonstige Transfererträge;;;0,00;0;0;0;0;0
3;Soziales und Jugend;31;Soziale Hilfen;312;Grundsicherung nach SGB;312010;Grundsicherung nach SGB;43;4;öffentlich-rechtliche Leistungsentgelte;;;0,00;0;0;0;0;0
3;Soziales und Jugend;31;Soziale Hilfen;312;Grundsicherung nach SGB;312010;Grundsicherung nach SGB;441, 442, 446;5;privatrechtliche Leistungsentgelte;;;0,00;0;0;0;0;0
3;Soziales und Jugend;31;Soziale Hilfen;312;Grundsicherung nach SGB;312010;Grundsicherung nach SGB;448;6;Kostenerstattungen und Kostenumlagen;;;5.298,60;4.000;5.000;5.100;5.200;5.300
3;Soziales und Jugend;31;Soziale Hilfen;312;Grundsicherung nach SGB;312010;Grundsicherung nach SGB;448;6;Kostenerstattungen und Kostenumlagen;448200;Erstattung Verwaltungskosten Bildung und Teilhabe;5.298,60;4.000;5.000;5.100;5.200;5.300
3;Soziales und Jugend;31;Soziale Hilfen;312;Grundsicherung nach SGB;312010;Grundsicherung nach SGB;45;7;sonstige Erträge;;;0,00;0;0;0;0;0
3;Soziales und Jugend;31;Soziale Hilfen;312;Grundsicherung nach SGB;312010;Grundsicherung nach SGB;471;8;aktivierte Eigenleistungen;;;0,00;0;0;0;0;0
3;Soziales und Jugend;31;Soziale Hilfen;312;Grundsicherung nach SGB;312010;Grundsicherung nach SGB;472;9;Bestandsveränderungen;;;0,00;0;0;0;0;0
3;Soziales und Jugend;31;Soziale Hilfen;312;Grundsicherung nach SGB;312010;Grundsicherung nach SGB;;10;Erträge;;;5.298,60;4.000;5.000;5.100;5.200;5.300
3;Soziales und Jugend;31;Soziale Hilfen;312;Grundsicherung nach SGB;312010;Grundsicherung nach SGB;50;11;Personalaufwendungen;;;0,00;0;0;0;0;0
3;Soziales und Jugend;31;Soziale Hilfen;312;Grundsicherung nach SGB;312010;Grundsicherung nach SGB;51;12;Versorgungsaufwendungen;;;0,00;0;0;0;0;0
3;Soziales und Jugend;31;Soziale Hilfen;312;Grundsicherung nach SGB;312010;Grundsicherung nach SGB;52;13;Aufwendungen für Sach- u. Dienstleistungen;;;0,00;0;0;0;0;0
3;Soziales und Jugend;31;Soziale Hilfen;312;Grundsicherung nach SGB;312010;Grundsicherung nach SGB;57;14;bilanzielle Abschreibungen;;;0,00;0;0;0;0;0
3;Soziales und Jugend;31;Soziale Hilfen;312;Grundsicherung nach SGB;312010;Grundsicherung nach SGB;53;15;Transferaufwendungen;;;0,00;0;0;0;0;0
3;Soziales und Jugend;31;Soziale Hilfen;312;Grundsicherung nach SGB;312010;Grundsicherung nach SGB;54;16;sonstige Aufwendungen;;;0,00;0;0;0;0;0
3;Soziales und Jugend;31;Soziale Hilfen;312;Grundsicherung nach SGB;312010;Grundsicherung nach SGB;;17;davon: Verfügungsmittel;;;0,00;0;0;0;0;0
3;Soziales und Jugend;31;Soziale Hilfen;312;Grundsicherung nach SGB;312010;Grundsicherung nach SGB;;18;Aufwendungen;;;0,00;0;0;0;0;0
3;Soziales und Jugend;31;Soziale Hilfen;312;Grundsicherung nach SGB;312010;Grundsicherung nach SGB;;19;Ergebnis der laufenden Verwaltungstätigkeit;;;5.298,60;4.000;5.000;5.100;5.200;5.300
3;Soziales und Jugend;31;Soziale Hilfen;312;Grundsicherung nach SGB;312010;Grundsicherung nach SGB;46;20;Finanzerträge;;;0,00;0;0;0;0;0
3;Soziales und Jugend;31;Soziale Hilfen;312;Grundsicherung nach SGB;312010;Grundsicherung nach SGB;55;21;Zinsen und sonstige Finanzaufwendungen;;;0,00;0;0;0;0;0
3;Soziales und Jugend;31;Soziale Hilfen;312;Grundsicherung nach SGB;312010;Grundsicherung nach SGB;;22;Finanzergebnis;;;0,00;0;0;0;0;0
3;Soziales und Jugend;31;Soziale Hilfen;312;Grundsicherung nach SGB;312010;Grundsicherung nach SGB;;23;Ergebnis vor Berücksichtigung der internen Leistungsbeziehungen;;;5.298,60;4.000;5.000;5.100;5.200;5.300
3;Soziales und Jugend;31;Soziale Hilfen;312;Grundsicherung nach SGB;312010;Grundsicherung nach SGB;48;24;Erträge aus internen Leistungsbeziehungen;;;0,00;0;0;0;0;0
3;Soziales und Jugend;31;Soziale Hilfen;312;Grundsicherung nach SGB;312010;Grundsicherung nach SGB;58;25;Aufwendungen aus internen Leistungsbeziehungen;;;0,00;0;0;0;0;0
3;Soziales und Jugend;31;Soziale Hilfen;312;Grundsicherung nach SGB;312010;Grundsicherung nach SGB;;26;Ergebnis;;;5.298,60;4.000;5.000;5.100;5.200;5.300
3;Soziales und Jugend;31;Soziale Hilfen;313;Hilfen für Asylbewerber;313010;Hilfen für Asylbewerber;40;1;Steuern und ähnliche Abgaben;;;0,00;0;0;0;0;0
3;Soziales und Jugend;31;Soziale Hilfen;313;Hilfen für Asylbewerber;313010;Hilfen für Asylbewerber;41;2;Zuwendungen und allgemeine Umlagen;;;0,00;0;0;0;0;0
3;Soziales und Jugend;31;Soziale Hilfen;313;Hilfen für Asylbewerber;313010;Hilfen für Asylbewerber;42;3;sonstige Transfererträge;;;0,00;0;0;0;0;0
3;Soziales und Jugend;31;Soziale Hilfen;313;Hilfen für Asylbewerber;313010;Hilfen für Asylbewerber;43;4;öffentlich-rechtliche Leistungsentgelte;;;668.641,43;320.000;320.000;320.000;320.000;320.000
3;Soziales und Jugend;31;Soziale Hilfen;313;Hilfen für Asylbewerber;313010;Hilfen für Asylbewerber;43;4;öffentlich-rechtliche Leistungsentgelte;432103;Benutzungsgebühren Unterbringung Asylbewerber FB III;668.641,43;320.000;320.000;320.000;320.000;320.000
3;Soziales und Jugend;31;Soziale Hilfen;313;Hilfen für Asylbewerber;313010;Hilfen für Asylbewerber;441, 442, 446;5;privatrechtliche Leistungsentgelte;;;0,00;0;0;0;0;0
3;Soziales und Jugend;31;Soziale Hilfen;313;Hilfen für Asylbewerber;313010;Hilfen für Asylbewerber;448;6;Kostenerstattungen und Kostenumlagen;;;271.907,86;185.200;133.500;135.800;138.200;140.600
3;Soziales und Jugend;31;Soziale Hilfen;313;Hilfen für Asylbewerber;313010;Hilfen für Asylbewerber;448;6;Kostenerstattungen und Kostenumlagen;448005;Erstattung vom Bundesamt für Bundesfreiwilligendienst;36.048,00;3.600;3.600;3.700;3.800;3.900
3;Soziales und Jugend;31;Soziale Hilfen;313;Hilfen für Asylbewerber;313010;Hilfen für Asylbewerber;448;6;Kostenerstattungen und Kostenumlagen;448200;Betriebskostenpauschale-Erstattung Asyl;120.029,25;64.300;21.000;21.000;21.000;21.000
3;Soziales und Jugend;31;Soziale Hilfen;313;Hilfen für Asylbewerber;313010;Hilfen für Asylbewerber;448;6;Kostenerstattungen und Kostenumlagen;448205;Personalkostenerstattung vom Kreis;63.000,00;81.300;72.900;75.100;77.400;79.700
3;Soziales und Jugend;31;Soziale Hilfen;313;Hilfen für Asylbewerber;313010;Hilfen für Asylbewerber;448;6;Kostenerstattungen und Kostenumlagen;448800;Erstattung Bewirtschaftungskosten;52.830,61;36.000;36.000;36.000;36.000;36.000
3;Soziales und Jugend;31;Soziale Hilfen;313;Hilfen für Asylbewerber;313010;Hilfen für Asylbewerber;45;7;sonstige Erträge;;;0,00;0;0;0;0;0
3;Soziales und Jugend;31;Soziale Hilfen;313;Hilfen für Asylbewerber;313010;Hilfen für Asylbewerber;471;8;aktivierte Eigenleistungen;;;0,00;0;0;0;0;0
3;Soziales und Jugend;31;Soziale Hilfen;313;Hilfen für Asylbewerber;313010;Hilfen für Asylbewerber;472;9;Bestandsveränderungen;;;0,00;0;0;0;0;0
3;Soziales und Jugend;31;Soziale Hilfen;313;Hilfen für Asylbewerber;313010;Hilfen für Asylbewerber;;10;Erträge;;;940.549,29;505.200;453.500;455.800;458.200;460.600
3;Soziales und Jugend;31;Soziale Hilfen;313;Hilfen für Asylbewerber;313010;Hilfen für Asylbewerber;50;11;Personalaufwendungen;;;87.359,43;177.800;183.200;188.700;194.400;200.200
3;Soziales und Jugend;31;Soziale Hilfen;313;Hilfen für Asylbewerber;313010;Hilfen für Asylbewerber;50;11;Personalaufwendungen;501200;Entgelte an ArbeitnehmerInnen;64.936,75;130.200;141.300;145.500;149.900;154.400
3;Soziales und Jugend;31;Soziale Hilfen;313;Hilfen für Asylbewerber;313010;Hilfen für Asylbewerber;50;11;Personalaufwendungen;501900;Sonstige Entgelte an ArbeitnehmerInnen;3.048,00;4.600;0;0;0;0
3;Soziales und Jugend;31;Soziale Hilfen;313;Hilfen für Asylbewerber;313010;Hilfen für Asylbewerber;50;11;Personalaufwendungen;502200;Zusatzversicherung ArbeitnehmerInnen;4.475,25;12.300;10.900;11.200;11.500;11.800
3;Soziales und Jugend;31;Soziale Hilfen;313;Hilfen für Asylbewerber;313010;Hilfen für Asylbewerber;50;11;Personalaufwendungen;503200;Beiträge gesetzliche Sozialversicherung ArbeitnehmerInnen;13.675,27;28.200;28.500;29.400;30.300;31.200
3;Soziales und Jugend;31;Soziale Hilfen;313;Hilfen für Asylbewerber;313010;Hilfen für Asylbewerber;50;11;Personalaufwendungen;503900;Beiträge gesetzliche Sozialversicherung sonstige Beschäftigte;1.224,16;2.500;2.500;2.600;2.700;2.800
3;Soziales und Jugend;31;Soziale Hilfen;313;Hilfen für Asylbewerber;313010;Hilfen für Asylbewerber;51;12;Versorgungsaufwendungen;;;0,00;0;0;0;0;0
3;Soziales und Jugend;31;Soziale Hilfen;313;Hilfen für Asylbewerber;313010;Hilfen für Asylbewerber;52;13;Aufwendungen für Sach- u. Dienstleistungen;;;443.174,57;470.400;440.600;440.700;440.800;440.900
3;Soziales und Jugend;31;Soziale Hilfen;313;Hilfen für Asylbewerber;313010;Hilfen für Asylbewerber;52;13;Aufwendungen für Sach- u. Dienstleistungen;521120;Bauliche Unterhaltung Mietwohnungen FB III;1.097,74;2.000;2.000;2.000;2.000;2.000
3;Soziales und Jugend;31;Soziale Hilfen;313;Hilfen für Asylbewerber;313010;Hilfen für Asylbewerber;52;13;Aufwendungen für Sach- u. Dienstleistungen;523111;Anmietung Wohnraum zur Unterbringung von Asylbewerbern FB III;405.901,01;430.000;400.000;400.000;400.000;400.000
3;Soziales und Jugend;31;Soziale Hilfen;313;Hilfen für Asylbewerber;313010;Hilfen für Asylbewerber;52;13;Aufwendungen für Sach- u. Dienstleistungen;524100;Bewirtschaftungskosten;33.718,54;35.000;35.000;35.000;35.000;35.000
3;Soziales und Jugend;31;Soziale Hilfen;313;Hilfen für Asylbewerber;313010;Hilfen für Asylbewerber;52;13;Aufwendungen für Sach- u. Dienstleistungen;525100;Unterhaltung Fahrzeuge;2.325,62;2.900;3.100;3.200;3.300;3.400
3;Soziales und Jugend;31;Soziale Hilfen;313;Hilfen für Asylbewerber;313010;Hilfen für Asylbewerber;52;13;Aufwendungen für Sach- u. Dienstleistungen;526100;Schutzkleidung;131,66;500;500;500;500;500
3;Soziales und Jugend;31;Soziale Hilfen;313;Hilfen für Asylbewerber;313010;Hilfen für Asylbewerber;57;14;bilanzielle Abschreibungen;;;0,00;8.200;0;0;0;0
3;Soziales und Jugend;31;Soziale Hilfen;313;Hilfen für Asylbewerber;313010;Hilfen für Asylbewerber;57;14;bilanzielle Abschreibungen;571100;Abschreibungen auf immaterielle Vermögensgegenstände und Sachanlagen;0,00;8.200;0;0;0;0
3;Soziales und Jugend;31;Soziale Hilfen;313;Hilfen für Asylbewerber;313010;Hilfen für Asylbewerber;53;15;Transferaufwendungen;;;2.276,33;5.000;14.000;5.000;5.000;5.000
3;Soziales und Jugend;31;Soziale Hilfen;313;Hilfen für Asylbewerber;313010;Hilfen für Asylbewerber;53;15;Transferaufwendungen;531860;Zuschüsse Sonstige;2.276,33;5.000;14.000;5.000;5.000;5.000
3;Soziales und Jugend;31;Soziale Hilfen;313;Hilfen für Asylbewerber;313010;Hilfen für Asylbewerber;54;16;sonstige Aufwendungen;;;8.960,51;13.300;15.500;15.200;15.200;15.200
3;Soziales und Jugend;31;Soziale Hilfen;313;Hilfen für Asylbewerber;313010;Hilfen für Asylbewerber;54;16;sonstige Aufwendungen;542100;Aufwendungen für ehrenamtliche Tätigkeit;3.134,60;6.800;9.200;9.200;9.200;9.200
3;Soziales und Jugend;31;Soziale Hilfen;313;Hilfen für Asylbewerber;313010;Hilfen für Asylbewerber;54;16;sonstige Aufwendungen;543100;Bürobedarf;0,00;500;300;0;0;0
3;Soziales und Jugend;31;Soziale Hilfen;313;Hilfen für Asylbewerber;313010;Hilfen für Asylbewerber;54;16;sonstige Aufwendungen;544100;Schadenfälle;5.825,91;6.000;6.000;6.000;6.000;6.000
3;Soziales und Jugend;31;Soziale Hilfen;313;Hilfen für Asylbewerber;313010;Hilfen für Asylbewerber;;17;davon: Verfügungsmittel;;;0,00;0;0;0;0;0
3;Soziales und Jugend;31;Soziale Hilfen;313;Hilfen für Asylbewerber;313010;Hilfen für Asylbewerber;;18;Aufwendungen;;;541.770,84;674.700;653.300;649.600;655.400;661.300
3;Soziales und Jugend;31;Soziale Hilfen;313;Hilfen für Asylbewerber;313010;Hilfen für Asylbewerber;;19;Ergebnis der laufenden Verwaltungstätigkeit;;;398.778,45;-169.500;-199.800;-193.800;-197.200;-200.700
3;Soziales und Jugend;31;Soziale Hilfen;313;Hilfen für Asylbewerber;313010;Hilfen für Asylbewerber;46;20;Finanzerträge;;;0,00;0;0;0;0;0
3;Soziales und Jugend;31;Soziale Hilfen;313;Hilfen für Asylbewerber;313010;Hilfen für Asylbewerber;55;21;Zinsen und sonstige Finanzaufwendungen;;;0,00;0;0;0;0;0
3;Soziales und Jugend;31;Soziale Hilfen;313;Hilfen für Asylbewerber;313010;Hilfen für Asylbewerber;;22;Finanzergebnis;;;0,00;0;0;0;0;0
3;Soziales und Jugend;31;Soziale Hilfen;313;Hilfen für Asylbewerber;313010;Hilfen für Asylbewerber;;23;Ergebnis vor Berücksichtigung der internen Leistungsbeziehungen;;;398.778,45;-169.500;-199.800;-193.800;-197.200;-200.700
3;Soziales und Jugend;31;Soziale Hilfen;313;Hilfen für Asylbewerber;313010;Hilfen für Asylbewerber;48;24;Erträge aus internen Leistungsbeziehungen;;;0,00;0;0;0;0;0
3;Soziales und Jugend;31;Soziale Hilfen;313;Hilfen für Asylbewerber;313010;Hilfen für Asylbewerber;58;25;Aufwendungen aus internen Leistungsbeziehungen;;;0,00;0;0;0;0;0
3;Soziales und Jugend;31;Soziale Hilfen;313;Hilfen für Asylbewerber;313010;Hilfen für Asylbewerber;;26;Ergebnis;;;398.778,45;-169.500;-199.800;-193.800;-197.200;-200.700
3;Soziales und Jugend;31;Soziale Hilfen;315;Soziale Einrichtungen (ohne Einrichtungen der Jugendhilfe);315010;Obdachlosenunterbringung - alt;40;1;Steuern und ähnliche Abgaben;;;0,00;0;0;0;0;0
3;Soziales und Jugend;31;Soziale Hilfen;315;Soziale Einrichtungen (ohne Einrichtungen der Jugendhilfe);315010;Obdachlosenunterbringung - alt;41;2;Zuwendungen und allgemeine Umlagen;;;0,00;0;0;0;0;0
3;Soziales und Jugend;31;Soziale Hilfen;315;Soziale Einrichtungen (ohne Einrichtungen der Jugendhilfe);315010;Obdachlosenunterbringung - alt;42;3;sonstige Transfererträge;;;0,00;0;0;0;0;0
3;Soziales und Jugend;31;Soziale Hilfen;315;Soziale Einrichtungen (ohne Einrichtungen der Jugendhilfe);315010;Obdachlosenunterbringung - alt;43;4;öffentlich-rechtliche Leistungsentgelte;;;0,00;0;0;0;0;0
3;Soziales und Jugend;31;Soziale Hilfen;315;Soziale Einrichtungen (ohne Einrichtungen der Jugendhilfe);315010;Obdachlosenunterbringung - alt;441, 442, 446;5;privatrechtliche Leistungsentgelte;;;0,00;0;0;0;0;0
3;Soziales und Jugend;31;Soziale Hilfen;315;Soziale Einrichtungen (ohne Einrichtungen der Jugendhilfe);315010;Obdachlosenunterbringung - alt;448;6;Kostenerstattungen und Kostenumlagen;;;0,00;0;0;0;0;0
3;Soziales und Jugend;31;Soziale Hilfen;315;Soziale Einrichtungen (ohne Einrichtungen der Jugendhilfe);315010;Obdachlosenunterbringung - alt;45;7;sonstige Erträge;;;0,00;0;0;0;0;0
3;Soziales und Jugend;31;Soziale Hilfen;315;Soziale Einrichtungen (ohne Einrichtungen der Jugendhilfe);315010;Obdachlosenunterbringung - alt;471;8;aktivierte Eigenleistungen;;;0,00;0;0;0;0;0
3;Soziales und Jugend;31;Soziale Hilfen;315;Soziale Einrichtungen (ohne Einrichtungen der Jugendhilfe);315010;Obdachlosenunterbringung - alt;472;9;Bestandsveränderungen;;;0,00;0;0;0;0;0
3;Soziales und Jugend;31;Soziale Hilfen;315;Soziale Einrichtungen (ohne Einrichtungen der Jugendhilfe);315010;Obdachlosenunterbringung - alt;;10;Erträge;;;0,00;0;0;0;0;0
3;Soziales und Jugend;31;Soziale Hilfen;315;Soziale Einrichtungen (ohne Einrichtungen der Jugendhilfe);315010;Obdachlosenunterbringung - alt;50;11;Personalaufwendungen;;;0,00;0;0;0;0;0
3;Soziales und Jugend;31;Soziale Hilfen;315;Soziale Einrichtungen (ohne Einrichtungen der Jugendhilfe);315010;Obdachlosenunterbringung - alt;51;12;Versorgungsaufwendungen;;;0,00;0;0;0;0;0
3;Soziales und Jugend;31;Soziale Hilfen;315;Soziale Einrichtungen (ohne Einrichtungen der Jugendhilfe);315010;Obdachlosenunterbringung - alt;52;13;Aufwendungen für Sach- u. Dienstleistungen;;;0,00;0;0;0;0;0
3;Soziales und Jugend;31;Soziale Hilfen;315;Soziale Einrichtungen (ohne Einrichtungen der Jugendhilfe);315010;Obdachlosenunterbringung - alt;57;14;bilanzielle Abschreibungen;;;0,00;0;0;0;0;0
3;Soziales und Jugend;31;Soziale Hilfen;315;Soziale Einrichtungen (ohne Einrichtungen der Jugendhilfe);315010;Obdachlosenunterbringung - alt;53;15;Transferaufwendungen;;;0,00;0;0;0;0;0
3;Soziales und Jugend;31;Soziale Hilfen;315;Soziale Einrichtungen (ohne Einrichtungen der Jugendhilfe);315010;Obdachlosenunterbringung - alt;54;16;sonstige Aufwendungen;;;0,00;0;0;0;0;0
3;Soziales und Jugend;31;Soziale Hilfen;315;Soziale Einrichtungen (ohne Einrichtungen der Jugendhilfe);315010;Obdachlosenunterbringung - alt;;17;davon: Verfügungsmittel;;;0,00;0;0;0;0;0
3;Soziales und Jugend;31;Soziale Hilfen;315;Soziale Einrichtungen (ohne Einrichtungen der Jugendhilfe);315010;Obdachlosenunterbringung - alt;;18;Aufwendungen;;;0,00;0;0;0;0;0
3;Soziales und Jugend;31;Soziale Hilfen;315;Soziale Einrichtungen (ohne Einrichtungen der Jugendhilfe);315010;Obdachlosenunterbringung - alt;;19;Ergebnis der laufenden Verwaltungstätigkeit;;;0,00;0;0;0;0;0
3;Soziales und Jugend;31;Soziale Hilfen;315;Soziale Einrichtungen (ohne Einrichtungen der Jugendhilfe);315010;Obdachlosenunterbringung - alt;46;20;Finanzerträge;;;0,00;0;0;0;0;0
3;Soziales und Jugend;31;Soziale Hilfen;315;Soziale Einrichtungen (ohne Einrichtungen der Jugendhilfe);315010;Obdachlosenunterbringung - alt;55;21;Zinsen und sonstige Finanzaufwendungen;;;0,00;0;0;0;0;0
3;Soziales und Jugend;31;Soziale Hilfen;315;Soziale Einrichtungen (ohne Einrichtungen der Jugendhilfe);315010;Obdachlosenunterbringung - alt;;22;Finanzergebnis;;;0,00;0;0;0;0;0
3;Soziales und Jugend;31;Soziale Hilfen;315;Soziale Einrichtungen (ohne Einrichtungen der Jugendhilfe);315010;Obdachlosenunterbringung - alt;;23;Ergebnis vor Berücksichtigung der internen Leistungsbeziehungen;;;0,00;0;0;0;0;0
3;Soziales und Jugend;31;Soziale Hilfen;315;Soziale Einrichtungen (ohne Einrichtungen der Jugendhilfe);315010;Obdachlosenunterbringung - alt;48;24;Erträge aus internen Leistungsbeziehungen;;;0,00;0;0;0;0;0
3;Soziales und Jugend;31;Soziale Hilfen;315;Soziale Einrichtungen (ohne Einrichtungen der Jugendhilfe);315010;Obdachlosenunterbringung - alt;58;25;Aufwendungen aus internen Leistungsbeziehungen;;;0,00;0;0;0;0;0
3;Soziales und Jugend;31;Soziale Hilfen;315;Soziale Einrichtungen (ohne Einrichtungen der Jugendhilfe);315010;Obdachlosenunterbringung - alt;;26;Ergebnis;;;0,00;0;0;0;0;0
3;Soziales und Jugend;31;Soziale Hilfen;315;Soziale Einrichtungen (ohne Einrichtungen der Jugendhilfe);315020;Unterkünfte für Aussiedler, Ausländer, Asylbewerber;40;1;Steuern und ähnliche Abgaben;;;0,00;0;0;0;0;0
3;Soziales und Jugend;31;Soziale Hilfen;315;Soziale Einrichtungen (ohne Einrichtungen der Jugendhilfe);315020;Unterkünfte für Aussiedler, Ausländer, Asylbewerber;41;2;Zuwendungen und allgemeine Umlagen;;;0,00;0;0;0;0;0
3;Soziales und Jugend;31;Soziale Hilfen;315;Soziale Einrichtungen (ohne Einrichtungen der Jugendhilfe);315020;Unterkünfte für Aussiedler, Ausländer, Asylbewerber;42;3;sonstige Transfererträge;;;0,00;0;0;0;0;0
3;Soziales und Jugend;31;Soziale Hilfen;315;Soziale Einrichtungen (ohne Einrichtungen der Jugendhilfe);315020;Unterkünfte für Aussiedler, Ausländer, Asylbewerber;43;4;öffentlich-rechtliche Leistungsentgelte;;;0,00;0;0;0;0;0
3;Soziales und Jugend;31;Soziale Hilfen;315;Soziale Einrichtungen (ohne Einrichtungen der Jugendhilfe);315020;Unterkünfte für Aussiedler, Ausländer, Asylbewerber;441, 442, 446;5;privatrechtliche Leistungsentgelte;;;0,00;0;0;0;0;0
3;Soziales und Jugend;31;Soziale Hilfen;315;Soziale Einrichtungen (ohne Einrichtungen der Jugendhilfe);315020;Unterkünfte für Aussiedler, Ausländer, Asylbewerber;448;6;Kostenerstattungen und Kostenumlagen;;;0,00;0;0;0;0;0
3;Soziales und Jugend;31;Soziale Hilfen;315;Soziale Einrichtungen (ohne Einrichtungen der Jugendhilfe);315020;Unterkünfte für Aussiedler, Ausländer, Asylbewerber;45;7;sonstige Erträge;;;0,00;0;0;0;0;0
3;Soziales und Jugend;31;Soziale Hilfen;315;Soziale Einrichtungen (ohne Einrichtungen der Jugendhilfe);315020;Unterkünfte für Aussiedler, Ausländer, Asylbewerber;471;8;aktivierte Eigenleistungen;;;0,00;0;0;0;0;0
3;Soziales und Jugend;31;Soziale Hilfen;315;Soziale Einrichtungen (ohne Einrichtungen der Jugendhilfe);315020;Unterkünfte für Aussiedler, Ausländer, Asylbewerber;472;9;Bestandsveränderungen;;;0,00;0;0;0;0;0
3;Soziales und Jugend;31;Soziale Hilfen;315;Soziale Einrichtungen (ohne Einrichtungen der Jugendhilfe);315020;Unterkünfte für Aussiedler, Ausländer, Asylbewerber;;10;Erträge;;;0,00;0;0;0;0;0
3;Soziales und Jugend;31;Soziale Hilfen;315;Soziale Einrichtungen (ohne Einrichtungen der Jugendhilfe);315020;Unterkünfte für Aussiedler, Ausländer, Asylbewerber;50;11;Personalaufwendungen;;;0,00;0;0;0;0;0
3;Soziales und Jugend;31;Soziale Hilfen;315;Soziale Einrichtungen (ohne Einrichtungen der Jugendhilfe);315020;Unterkünfte für Aussiedler, Ausländer, Asylbewerber;51;12;Versorgungsaufwendungen;;;0,00;0;0;0;0;0
3;Soziales und Jugend;31;Soziale Hilfen;315;Soziale Einrichtungen (ohne Einrichtungen der Jugendhilfe);315020;Unterkünfte für Aussiedler, Ausländer, Asylbewerber;52;13;Aufwendungen für Sach- u. Dienstleistungen;;;0,00;0;0;0;0;0
3;Soziales und Jugend;31;Soziale Hilfen;315;Soziale Einrichtungen (ohne Einrichtungen der Jugendhilfe);315020;Unterkünfte für Aussiedler, Ausländer, Asylbewerber;57;14;bilanzielle Abschreibungen;;;0,00;0;0;0;0;0
3;Soziales und Jugend;31;Soziale Hilfen;315;Soziale Einrichtungen (ohne Einrichtungen der Jugendhilfe);315020;Unterkünfte für Aussiedler, Ausländer, Asylbewerber;53;15;Transferaufwendungen;;;0,00;0;0;0;0;0
3;Soziales und Jugend;31;Soziale Hilfen;315;Soziale Einrichtungen (ohne Einrichtungen der Jugendhilfe);315020;Unterkünfte für Aussiedler, Ausländer, Asylbewerber;54;16;sonstige Aufwendungen;;;0,00;0;0;0;0;0
3;Soziales und Jugend;31;Soziale Hilfen;315;Soziale Einrichtungen (ohne Einrichtungen der Jugendhilfe);315020;Unterkünfte für Aussiedler, Ausländer, Asylbewerber;;17;davon: Verfügungsmittel;;;0,00;0;0;0;0;0
3;Soziales und Jugend;31;Soziale Hilfen;315;Soziale Einrichtungen (ohne Einrichtungen der Jugendhilfe);315020;Unterkünfte für Aussiedler, Ausländer, Asylbewerber;;18;Aufwendungen;;;0,00;0;0;0;0;0
3;Soziales und Jugend;31;Soziale Hilfen;315;Soziale Einrichtungen (ohne Einrichtungen der Jugendhilfe);315020;Unterkünfte für Aussiedler, Ausländer, Asylbewerber;;19;Ergebnis der laufenden Verwaltungstätigkeit;;;0,00;0;0;0;0;0
3;Soziales und Jugend;31;Soziale Hilfen;315;Soziale Einrichtungen (ohne Einrichtungen der Jugendhilfe);315020;Unterkünfte für Aussiedler, Ausländer, Asylbewerber;46;20;Finanzerträge;;;0,00;0;0;0;0;0
3;Soziales und Jugend;31;Soziale Hilfen;315;Soziale Einrichtungen (ohne Einrichtungen der Jugendhilfe);315020;Unterkünfte für Aussiedler, Ausländer, Asylbewerber;55;21;Zinsen und sonstige Finanzaufwendungen;;;0,00;0;0;0;0;0
3;Soziales und Jugend;31;Soziale Hilfen;315;Soziale Einrichtungen (ohne Einrichtungen der Jugendhilfe);315020;Unterkünfte für Aussiedler, Ausländer, Asylbewerber;;22;Finanzergebnis;;;0,00;0;0;0;0;0
3;Soziales und Jugend;31;Soziale Hilfen;315;Soziale Einrichtungen (ohne Einrichtungen der Jugendhilfe);315020;Unterkünfte für Aussiedler, Ausländer, Asylbewerber;;23;Ergebnis vor Berücksichtigung der internen Leistungsbeziehungen;;;0,00;0;0;0;0;0
3;Soziales und Jugend;31;Soziale Hilfen;315;Soziale Einrichtungen (ohne Einrichtungen der Jugendhilfe);315020;Unterkünfte für Aussiedler, Ausländer, Asylbewerber;48;24;Erträge aus internen Leistungsbeziehungen;;;0,00;0;0;0;0;0
3;Soziales und Jugend;31;Soziale Hilfen;315;Soziale Einrichtungen (ohne Einrichtungen der Jugendhilfe);315020;Unterkünfte für Aussiedler, Ausländer, Asylbewerber;58;25;Aufwendungen aus internen Leistungsbeziehungen;;;0,00;0;0;0;0;0
3;Soziales und Jugend;31;Soziale Hilfen;315;Soziale Einrichtungen (ohne Einrichtungen der Jugendhilfe);315020;Unterkünfte für Aussiedler, Ausländer, Asylbewerber;;26;Ergebnis;;;0,00;0;0;0;0;0
3;Soziales und Jugend;31;Soziale Hilfen;315;Soziale Einrichtungen (ohne Einrichtungen der Jugendhilfe);315030;Familienbildungsstätte;40;1;Steuern und ähnliche Abgaben;;;0,00;0;0;0;0;0
3;Soziales und Jugend;31;Soziale Hilfen;315;Soziale Einrichtungen (ohne Einrichtungen der Jugendhilfe);315030;Familienbildungsstätte;41;2;Zuwendungen und allgemeine Umlagen;;;0,00;0;0;0;0;0
3;Soziales und Jugend;31;Soziale Hilfen;315;Soziale Einrichtungen (ohne Einrichtungen der Jugendhilfe);315030;Familienbildungsstätte;42;3;sonstige Transfererträge;;;0,00;0;0;0;0;0
3;Soziales und Jugend;31;Soziale Hilfen;315;Soziale Einrichtungen (ohne Einrichtungen der Jugendhilfe);315030;Familienbildungsstätte;43;4;öffentlich-rechtliche Leistungsentgelte;;;0,00;0;0;0;0;0
3;Soziales und Jugend;31;Soziale Hilfen;315;Soziale Einrichtungen (ohne Einrichtungen der Jugendhilfe);315030;Familienbildungsstätte;441, 442, 446;5;privatrechtliche Leistungsentgelte;;;0,00;0;0;0;0;0
3;Soziales und Jugend;31;Soziale Hilfen;315;Soziale Einrichtungen (ohne Einrichtungen der Jugendhilfe);315030;Familienbildungsstätte;448;6;Kostenerstattungen und Kostenumlagen;;;0,00;0;0;0;0;0
3;Soziales und Jugend;31;Soziale Hilfen;315;Soziale Einrichtungen (ohne Einrichtungen der Jugendhilfe);315030;Familienbildungsstätte;45;7;sonstige Erträge;;;0,00;0;0;0;0;0
3;Soziales und Jugend;31;Soziale Hilfen;315;Soziale Einrichtungen (ohne Einrichtungen der Jugendhilfe);315030;Familienbildungsstätte;471;8;aktivierte Eigenleistungen;;;0,00;0;0;0;0;0
3;Soziales und Jugend;31;Soziale Hilfen;315;Soziale Einrichtungen (ohne Einrichtungen der Jugendhilfe);315030;Familienbildungsstätte;472;9;Bestandsveränderungen;;;0,00;0;0;0;0;0
3;Soziales und Jugend;31;Soziale Hilfen;315;Soziale Einrichtungen (ohne Einrichtungen der Jugendhilfe);315030;Familienbildungsstätte;;10;Erträge;;;0,00;0;0;0;0;0
3;Soziales und Jugend;31;Soziale Hilfen;315;Soziale Einrichtungen (ohne Einrichtungen der Jugendhilfe);315030;Familienbildungsstätte;50;11;Personalaufwendungen;;;0,00;0;0;0;0;0
3;Soziales und Jugend;31;Soziale Hilfen;315;Soziale Einrichtungen (ohne Einrichtungen der Jugendhilfe);315030;Familienbildungsstätte;51;12;Versorgungsaufwendungen;;;0,00;0;0;0;0;0
3;Soziales und Jugend;31;Soziale Hilfen;315;Soziale Einrichtungen (ohne Einrichtungen der Jugendhilfe);315030;Familienbildungsstätte;52;13;Aufwendungen für Sach- u. Dienstleistungen;;;0,00;0;0;0;0;0
3;Soziales und Jugend;31;Soziale Hilfen;315;Soziale Einrichtungen (ohne Einrichtungen der Jugendhilfe);315030;Familienbildungsstätte;57;14;bilanzielle Abschreibungen;;;0,00;0;0;0;0;0
3;Soziales und Jugend;31;Soziale Hilfen;315;Soziale Einrichtungen (ohne Einrichtungen der Jugendhilfe);315030;Familienbildungsstätte;53;15;Transferaufwendungen;;;10.000,00;10.000;10.000;10.000;10.000;10.000
3;Soziales und Jugend;31;Soziale Hilfen;315;Soziale Einrichtungen (ohne Einrichtungen der Jugendhilfe);315030;Familienbildungsstätte;53;15;Transferaufwendungen;531800;Zuschuss;10.000,00;10.000;10.000;10.000;10.000;10.000
3;Soziales und Jugend;31;Soziale Hilfen;315;Soziale Einrichtungen (ohne Einrichtungen der Jugendhilfe);315030;Familienbildungsstätte;54;16;sonstige Aufwendungen;;;0,00;0;0;0;0;0
3;Soziales und Jugend;31;Soziale Hilfen;315;Soziale Einrichtungen (ohne Einrichtungen der Jugendhilfe);315030;Familienbildungsstätte;;17;davon: Verfügungsmittel;;;0,00;0;0;0;0;0
3;Soziales und Jugend;31;Soziale Hilfen;315;Soziale Einrichtungen (ohne Einrichtungen der Jugendhilfe);315030;Familienbildungsstätte;;18;Aufwendungen;;;10.000,00;10.000;10.000;10.000;10.000;10.000
3;Soziales und Jugend;31;Soziale Hilfen;315;Soziale Einrichtungen (ohne Einrichtungen der Jugendhilfe);315030;Familienbildungsstätte;;19;Ergebnis der laufenden Verwaltungstätigkeit;;;-10.000,00;-10.000;-10.000;-10.000;-10.000;-10.000
3;Soziales und Jugend;31;Soziale Hilfen;315;Soziale Einrichtungen (ohne Einrichtungen der Jugendhilfe);315030;Familienbildungsstätte;46;20;Finanzerträge;;;0,00;0;0;0;0;0
3;Soziales und Jugend;31;Soziale Hilfen;315;Soziale Einrichtungen (ohne Einrichtungen der Jugendhilfe);315030;Familienbildungsstätte;55;21;Zinsen und sonstige Finanzaufwendungen;;;0,00;0;0;0;0;0
3;Soziales und Jugend;31;Soziale Hilfen;315;Soziale Einrichtungen (ohne Einrichtungen der Jugendhilfe);315030;Familienbildungsstätte;;22;Finanzergebnis;;;0,00;0;0;0;0;0
3;Soziales und Jugend;31;Soziale Hilfen;315;Soziale Einrichtungen (ohne Einrichtungen der Jugendhilfe);315030;Familienbildungsstätte;;23;Ergebnis vor Berücksichtigung der internen Leistungsbeziehungen;;;-10.000,00;-10.000;-10.000;-10.000;-10.000;-10.000
3;Soziales und Jugend;31;Soziale Hilfen;315;Soziale Einrichtungen (ohne Einrichtungen der Jugendhilfe);315030;Familienbildungsstätte;48;24;Erträge aus internen Leistungsbeziehungen;;;0,00;0;0;0;0;0
3;Soziales und Jugend;31;Soziale Hilfen;315;Soziale Einrichtungen (ohne Einrichtungen der Jugendhilfe);315030;Familienbildungsstätte;58;25;Aufwendungen aus internen Leistungsbeziehungen;;;0,00;0;0;0;0;0
3;Soziales und Jugend;31;Soziale Hilfen;315;Soziale Einrichtungen (ohne Einrichtungen der Jugendhilfe);315030;Familienbildungsstätte;;26;Ergebnis;;;-10.000,00;-10.000;-10.000;-10.000;-10.000;-10.000
3;Soziales und Jugend;31;Soziale Hilfen;315;Soziale Einrichtungen (ohne Einrichtungen der Jugendhilfe);315400;Obdachlosenunterbringung - neu;40;1;Steuern und ähnliche Abgaben;;;0,00;0;0;0;0;0
3;Soziales und Jugend;31;Soziale Hilfen;315;Soziale Einrichtungen (ohne Einrichtungen der Jugendhilfe);315400;Obdachlosenunterbringung - neu;41;2;Zuwendungen und allgemeine Umlagen;;;1.313,36;1.300;1.300;1.300;1.300;1.300
3;Soziales und Jugend;31;Soziale Hilfen;315;Soziale Einrichtungen (ohne Einrichtungen der Jugendhilfe);315400;Obdachlosenunterbringung - neu;41;2;Zuwendungen und allgemeine Umlagen;416200;Erträge aus der Auflösung von Sonderposten aus Zuweisungen;1.313,36;1.300;1.300;1.300;1.300;1.300
3;Soziales und Jugend;31;Soziale Hilfen;315;Soziale Einrichtungen (ohne Einrichtungen der Jugendhilfe);315400;Obdachlosenunterbringung - neu;42;3;sonstige Transfererträge;;;0,00;0;0;0;0;0
3;Soziales und Jugend;31;Soziale Hilfen;315;Soziale Einrichtungen (ohne Einrichtungen der Jugendhilfe);315400;Obdachlosenunterbringung - neu;43;4;öffentlich-rechtliche Leistungsentgelte;;;22.216,93;27.000;27.000;25.000;25.000;25.000
3;Soziales und Jugend;31;Soziale Hilfen;315;Soziale Einrichtungen (ohne Einrichtungen der Jugendhilfe);315400;Obdachlosenunterbringung - neu;43;4;öffentlich-rechtliche Leistungsentgelte;432100;Benutzungsgebühren Unterbringung Obdachlose;22.158,93;27.000;27.000;25.000;25.000;25.000
3;Soziales und Jugend;31;Soziale Hilfen;315;Soziale Einrichtungen (ohne Einrichtungen der Jugendhilfe);315400;Obdachlosenunterbringung - neu;43;4;öffentlich-rechtliche Leistungsentgelte;432103;Benutzungsgebühren Asyl FB III;58,00;0;0;0;0;0
3;Soziales und Jugend;31;Soziale Hilfen;315;Soziale Einrichtungen (ohne Einrichtungen der Jugendhilfe);315400;Obdachlosenunterbringung - neu;441, 442, 446;5;privatrechtliche Leistungsentgelte;;;0,00;0;0;0;0;0
3;Soziales und Jugend;31;Soziale Hilfen;315;Soziale Einrichtungen (ohne Einrichtungen der Jugendhilfe);315400;Obdachlosenunterbringung - neu;448;6;Kostenerstattungen und Kostenumlagen;;;5.791,71;9.800;8.800;8.800;8.800;8.800
3;Soziales und Jugend;31;Soziale Hilfen;315;Soziale Einrichtungen (ohne Einrichtungen der Jugendhilfe);315400;Obdachlosenunterbringung - neu;448;6;Kostenerstattungen und Kostenumlagen;448500;Erträge aus Kostenerstattungen, Kostenumlagen  - verbundene Unternehmen, Sonderv;1.281,64;1.000;0;0;0;0
3;Soziales und Jugend;31;Soziale Hilfen;315;Soziale Einrichtungen (ohne Einrichtungen der Jugendhilfe);315400;Obdachlosenunterbringung - neu;448;6;Kostenerstattungen und Kostenumlagen;448800;Erträge aus Kostenerstattungen, Kostenumlagen  - übrige Bereiche -;4.510,07;8.800;8.800;8.800;8.800;8.800
3;Soziales und Jugend;31;Soziale Hilfen;315;Soziale Einrichtungen (ohne Einrichtungen der Jugendhilfe);315400;Obdachlosenunterbringung - neu;45;7;sonstige Erträge;;;0,00;0;0;0;0;0
3;Soziales und Jugend;31;Soziale Hilfen;315;Soziale Einrichtungen (ohne Einrichtungen der Jugendhilfe);315400;Obdachlosenunterbringung - neu;471;8;aktivierte Eigenleistungen;;;0,00;0;0;0;0;0
3;Soziales und Jugend;31;Soziale Hilfen;315;Soziale Einrichtungen (ohne Einrichtungen der Jugendhilfe);315400;Obdachlosenunterbringung - neu;472;9;Bestandsveränderungen;;;0,00;0;0;0;0;0
3;Soziales und Jugend;31;Soziale Hilfen;315;Soziale Einrichtungen (ohne Einrichtungen der Jugendhilfe);315400;Obdachlosenunterbringung - neu;;10;Erträge;;;29.322,00;38.100;37.100;35.100;35.100;35.100
3;Soziales und Jugend;31;Soziale Hilfen;315;Soziale Einrichtungen (ohne Einrichtungen der Jugendhilfe);315400;Obdachlosenunterbringung - neu;50;11;Personalaufwendungen;;;240.010,71;0;0;0;0;0
3;Soziales und Jugend;31;Soziale Hilfen;315;Soziale Einrichtungen (ohne Einrichtungen der Jugendhilfe);315400;Obdachlosenunterbringung - neu;50;11;Personalaufwendungen;501200;Entgelte an ArbeitnehmerInnen;190.146,46;0;0;0;0;0
3;Soziales und Jugend;31;Soziale Hilfen;315;Soziale Einrichtungen (ohne Einrichtungen der Jugendhilfe);315400;Obdachlosenunterbringung - neu;50;11;Personalaufwendungen;502200;Zusatzversicherung ArbeitnehmerInnen;12.443,01;0;0;0;0;0
3;Soziales und Jugend;31;Soziale Hilfen;315;Soziale Einrichtungen (ohne Einrichtungen der Jugendhilfe);315400;Obdachlosenunterbringung - neu;50;11;Personalaufwendungen;503200;Beiträge gesetzliche Sozialversicherung ArbeitnehmerInnen;37.421,24;0;0;0;0;0
3;Soziales und Jugend;31;Soziale Hilfen;315;Soziale Einrichtungen (ohne Einrichtungen der Jugendhilfe);315400;Obdachlosenunterbringung - neu;51;12;Versorgungsaufwendungen;;;0,00;0;0;0;0;0
3;Soziales und Jugend;31;Soziale Hilfen;315;Soziale Einrichtungen (ohne Einrichtungen der Jugendhilfe);315400;Obdachlosenunterbringung - neu;52;13;Aufwendungen für Sach- u. Dienstleistungen;;;36.520,41;44.300;43.100;43.200;43.500;43.800
3;Soziales und Jugend;31;Soziale Hilfen;315;Soziale Einrichtungen (ohne Einrichtungen der Jugendhilfe);315400;Obdachlosenunterbringung - neu;52;13;Aufwendungen für Sach- u. Dienstleistungen;521100;Unterhaltung der Grundstücke und baulichen Anlagen;2.125,38;3.300;3.400;3.500;3.600;3.700
3;Soziales und Jugend;31;Soziale Hilfen;315;Soziale Einrichtungen (ohne Einrichtungen der Jugendhilfe);315400;Obdachlosenunterbringung - neu;52;13;Aufwendungen für Sach- u. Dienstleistungen;523110;Mieten und Pachten;26.127,84;32.000;32.000;32.000;32.000;32.000
3;Soziales und Jugend;31;Soziale Hilfen;315;Soziale Einrichtungen (ohne Einrichtungen der Jugendhilfe);315400;Obdachlosenunterbringung - neu;52;13;Aufwendungen für Sach- u. Dienstleistungen;524110;Heizungskosten;3.105,97;3.400;3.000;3.000;3.100;3.200
3;Soziales und Jugend;31;Soziale Hilfen;315;Soziale Einrichtungen (ohne Einrichtungen der Jugendhilfe);315400;Obdachlosenunterbringung - neu;52;13;Aufwendungen für Sach- u. Dienstleistungen;524125;Fremdreinigung;400,44;0;0;0;0;0
3;Soziales und Jugend;31;Soziale Hilfen;315;Soziale Einrichtungen (ohne Einrichtungen der Jugendhilfe);315400;Obdachlosenunterbringung - neu;52;13;Aufwendungen für Sach- u. Dienstleistungen;524130;Wasserversorgung, Strom, Abwasser;3.127,59;3.500;2.800;2.800;2.900;3.000
3;Soziales und Jugend;31;Soziale Hilfen;315;Soziale Einrichtungen (ohne Einrichtungen der Jugendhilfe);315400;Obdachlosenunterbringung - neu;52;13;Aufwendungen für Sach- u. Dienstleistungen;524140;Gebäudeversicherungen;158,10;200;200;200;200;200
3;Soziales und Jugend;31;Soziale Hilfen;315;Soziale Einrichtungen (ohne Einrichtungen der Jugendhilfe);315400;Obdachlosenunterbringung - neu;52;13;Aufwendungen für Sach- u. Dienstleistungen;524150;Steuern und Abgaben;1.247,50;1.300;1.500;1.500;1.500;1.500
3;Soziales und Jugend;31;Soziale Hilfen;315;Soziale Einrichtungen (ohne Einrichtungen der Jugendhilfe);315400;Obdachlosenunterbringung - neu;52;13;Aufwendungen für Sach- u. Dienstleistungen;524160;sonstige Bewirtschaftungskosten;227,59;600;200;200;200;200
3;Soziales und Jugend;31;Soziale Hilfen;315;Soziale Einrichtungen (ohne Einrichtungen der Jugendhilfe);315400;Obdachlosenunterbringung - neu;57;14;bilanzielle Abschreibungen;;;16.129,87;14.300;13.500;10.400;10.400;10.200
3;Soziales und Jugend;31;Soziale Hilfen;315;Soziale Einrichtungen (ohne Einrichtungen der Jugendhilfe);315400;Obdachlosenunterbringung - neu;57;14;bilanzielle Abschreibungen;571100;Abschreibungen auf immaterielle Vermögensgegenstände und Sachanlagen;16.129,87;14.300;13.500;10.400;10.400;10.200
3;Soziales und Jugend;31;Soziale Hilfen;315;Soziale Einrichtungen (ohne Einrichtungen der Jugendhilfe);315400;Obdachlosenunterbringung - neu;53;15;Transferaufwendungen;;;0,00;0;0;0;0;0
3;Soziales und Jugend;31;Soziale Hilfen;315;Soziale Einrichtungen (ohne Einrichtungen der Jugendhilfe);315400;Obdachlosenunterbringung - neu;54;16;sonstige Aufwendungen;;;3.939,70;6.000;6.000;5.600;5.700;5.800
3;Soziales und Jugend;31;Soziale Hilfen;315;Soziale Einrichtungen (ohne Einrichtungen der Jugendhilfe);315400;Obdachlosenunterbringung - neu;54;16;sonstige Aufwendungen;542900;Vermischte Aufwendungen;2.157,61;3.400;3.400;3.500;3.600;3.700
3;Soziales und Jugend;31;Soziale Hilfen;315;Soziale Einrichtungen (ohne Einrichtungen der Jugendhilfe);315400;Obdachlosenunterbringung - neu;54;16;sonstige Aufwendungen;545510;Erstattungen von Leistungen Kommunaler Service;0,00;100;100;100;100;100
3;Soziales und Jugend;31;Soziale Hilfen;315;Soziale Einrichtungen (ohne Einrichtungen der Jugendhilfe);315400;Obdachlosenunterbringung - neu;54;16;sonstige Aufwendungen;545800;Erstattung Betriebskosten;1.782,09;2.500;2.500;2.000;2.000;2.000
3;Soziales und Jugend;31;Soziale Hilfen;315;Soziale Einrichtungen (ohne Einrichtungen der Jugendhilfe);315400;Obdachlosenunterbringung - neu;;17;davon: Verfügungsmittel;;;0,00;0;0;0;0;0
3;Soziales und Jugend;31;Soziale Hilfen;315;Soziale Einrichtungen (ohne Einrichtungen der Jugendhilfe);315400;Obdachlosenunterbringung - neu;;18;Aufwendungen;;;296.600,69;64.600;62.600;59.200;59.600;59.800
3;Soziales und Jugend;31;Soziale Hilfen;315;Soziale Einrichtungen (ohne Einrichtungen der Jugendhilfe);315400;Obdachlosenunterbringung - neu;;19;Ergebnis der laufenden Verwaltungstätigkeit;;;-267.278,69;-26.500;-25.500;-24.100;-24.500;-24.700
3;Soziales und Jugend;31;Soziale Hilfen;315;Soziale Einrichtungen (ohne Einrichtungen der Jugendhilfe);315400;Obdachlosenunterbringung - neu;46;20;Finanzerträge;;;0,00;0;0;0;0;0
3;Soziales und Jugend;31;Soziale Hilfen;315;Soziale Einrichtungen (ohne Einrichtungen der Jugendhilfe);315400;Obdachlosenunterbringung - neu;55;21;Zinsen und sonstige Finanzaufwendungen;;;0,00;0;0;0;0;0
3;Soziales und Jugend;31;Soziale Hilfen;315;Soziale Einrichtungen (ohne Einrichtungen der Jugendhilfe);315400;Obdachlosenunterbringung - neu;;22;Finanzergebnis;;;0,00;0;0;0;0;0
3;Soziales und Jugend;31;Soziale Hilfen;315;Soziale Einrichtungen (ohne Einrichtungen der Jugendhilfe);315400;Obdachlosenunterbringung - neu;;23;Ergebnis vor Berücksichtigung der internen Leistungsbeziehungen;;;-267.278,69;-26.500;-25.500;-24.100;-24.500;-24.700
3;Soziales und Jugend;31;Soziale Hilfen;315;Soziale Einrichtungen (ohne Einrichtungen der Jugendhilfe);315400;Obdachlosenunterbringung - neu;48;24;Erträge aus internen Leistungsbeziehungen;;;0,00;0;0;0;0;0
3;Soziales und Jugend;31;Soziale Hilfen;315;Soziale Einrichtungen (ohne Einrichtungen der Jugendhilfe);315400;Obdachlosenunterbringung - neu;58;25;Aufwendungen aus internen Leistungsbeziehungen;;;2.800,00;2.800;8.700;8.800;9.000;9.300
3;Soziales und Jugend;31;Soziale Hilfen;315;Soziale Einrichtungen (ohne Einrichtungen der Jugendhilfe);315400;Obdachlosenunterbringung - neu;58;25;Aufwendungen aus internen Leistungsbeziehungen;581100;Aufwendungen für Hausmeisterpool - Innere Verrechnungen;2.800,00;2.800;8.700;8.800;9.000;9.300
3;Soziales und Jugend;31;Soziale Hilfen;315;Soziale Einrichtungen (ohne Einrichtungen der Jugendhilfe);315400;Obdachlosenunterbringung - neu;;26;Ergebnis;;;-270.078,69;-29.300;-34.200;-32.900;-33.500;-34.000
3;Soziales und Jugend;31;Soziale Hilfen;315;Soziale Einrichtungen (ohne Einrichtungen der Jugendhilfe);315600;Andere soziale Einrichtungen;40;1;Steuern und ähnliche Abgaben;;;0,00;0;0;0;0;0
3;Soziales und Jugend;31;Soziale Hilfen;315;Soziale Einrichtungen (ohne Einrichtungen der Jugendhilfe);315600;Andere soziale Einrichtungen;41;2;Zuwendungen und allgemeine Umlagen;;;0,00;0;0;0;0;0
3;Soziales und Jugend;31;Soziale Hilfen;315;Soziale Einrichtungen (ohne Einrichtungen der Jugendhilfe);315600;Andere soziale Einrichtungen;42;3;sonstige Transfererträge;;;0,00;0;0;0;0;0
3;Soziales und Jugend;31;Soziale Hilfen;315;Soziale Einrichtungen (ohne Einrichtungen der Jugendhilfe);315600;Andere soziale Einrichtungen;43;4;öffentlich-rechtliche Leistungsentgelte;;;0,00;0;0;0;0;0
3;Soziales und Jugend;31;Soziale Hilfen;315;Soziale Einrichtungen (ohne Einrichtungen der Jugendhilfe);315600;Andere soziale Einrichtungen;441, 442, 446;5;privatrechtliche Leistungsentgelte;;;0,00;0;0;0;0;0
3;Soziales und Jugend;31;Soziale Hilfen;315;Soziale Einrichtungen (ohne Einrichtungen der Jugendhilfe);315600;Andere soziale Einrichtungen;448;6;Kostenerstattungen und Kostenumlagen;;;0,00;0;0;0;0;0
3;Soziales und Jugend;31;Soziale Hilfen;315;Soziale Einrichtungen (ohne Einrichtungen der Jugendhilfe);315600;Andere soziale Einrichtungen;45;7;sonstige Erträge;;;0,00;0;0;0;0;0
3;Soziales und Jugend;31;Soziale Hilfen;315;Soziale Einrichtungen (ohne Einrichtungen der Jugendhilfe);315600;Andere soziale Einrichtungen;471;8;aktivierte Eigenleistungen;;;0,00;0;0;0;0;0
3;Soziales und Jugend;31;Soziale Hilfen;315;Soziale Einrichtungen (ohne Einrichtungen der Jugendhilfe);315600;Andere soziale Einrichtungen;472;9;Bestandsveränderungen;;;0,00;0;0;0;0;0
3;Soziales und Jugend;31;Soziale Hilfen;315;Soziale Einrichtungen (ohne Einrichtungen der Jugendhilfe);315600;Andere soziale Einrichtungen;;10;Erträge;;;0,00;0;0;0;0;0
3;Soziales und Jugend;31;Soziale Hilfen;315;Soziale Einrichtungen (ohne Einrichtungen der Jugendhilfe);315600;Andere soziale Einrichtungen;50;11;Personalaufwendungen;;;10.705,87;0;0;0;0;0
3;Soziales und Jugend;31;Soziale Hilfen;315;Soziale Einrichtungen (ohne Einrichtungen der Jugendhilfe);315600;Andere soziale Einrichtungen;50;11;Personalaufwendungen;501200;Entgelte an ArbeitnehmerInnen;8.408,82;0;0;0;0;0
3;Soziales und Jugend;31;Soziale Hilfen;315;Soziale Einrichtungen (ohne Einrichtungen der Jugendhilfe);315600;Andere soziale Einrichtungen;50;11;Personalaufwendungen;502200;Zusatzversicherung ArbeitnehmerInnen;579,79;0;0;0;0;0
3;Soziales und Jugend;31;Soziale Hilfen;315;Soziale Einrichtungen (ohne Einrichtungen der Jugendhilfe);315600;Andere soziale Einrichtungen;50;11;Personalaufwendungen;503200;Beiträge gesetzliche Sozialversicherung ArbeitnehmerInnen;1.717,26;0;0;0;0;0
3;Soziales und Jugend;31;Soziale Hilfen;315;Soziale Einrichtungen (ohne Einrichtungen der Jugendhilfe);315600;Andere soziale Einrichtungen;51;12;Versorgungsaufwendungen;;;0,00;0;0;0;0;0
3;Soziales und Jugend;31;Soziale Hilfen;315;Soziale Einrichtungen (ohne Einrichtungen der Jugendhilfe);315600;Andere soziale Einrichtungen;52;13;Aufwendungen für Sach- u. Dienstleistungen;;;0,00;0;0;0;0;0
3;Soziales und Jugend;31;Soziale Hilfen;315;Soziale Einrichtungen (ohne Einrichtungen der Jugendhilfe);315600;Andere soziale Einrichtungen;57;14;bilanzielle Abschreibungen;;;0,00;0;0;0;0;0
3;Soziales und Jugend;31;Soziale Hilfen;315;Soziale Einrichtungen (ohne Einrichtungen der Jugendhilfe);315600;Andere soziale Einrichtungen;53;15;Transferaufwendungen;;;0,00;0;0;0;0;0
3;Soziales und Jugend;31;Soziale Hilfen;315;Soziale Einrichtungen (ohne Einrichtungen der Jugendhilfe);315600;Andere soziale Einrichtungen;54;16;sonstige Aufwendungen;;;0,00;0;0;0;0;0
3;Soziales und Jugend;31;Soziale Hilfen;315;Soziale Einrichtungen (ohne Einrichtungen der Jugendhilfe);315600;Andere soziale Einrichtungen;;17;davon: Verfügungsmittel;;;0,00;0;0;0;0;0
3;Soziales und Jugend;31;Soziale Hilfen;315;Soziale Einrichtungen (ohne Einrichtungen der Jugendhilfe);315600;Andere soziale Einrichtungen;;18;Aufwendungen;;;10.705,87;0;0;0;0;0
3;Soziales und Jugend;31;Soziale Hilfen;315;Soziale Einrichtungen (ohne Einrichtungen der Jugendhilfe);315600;Andere soziale Einrichtungen;;19;Ergebnis der laufenden Verwaltungstätigkeit;;;-10.705,87;0;0;0;0;0
3;Soziales und Jugend;31;Soziale Hilfen;315;Soziale Einrichtungen (ohne Einrichtungen der Jugendhilfe);315600;Andere soziale Einrichtungen;46;20;Finanzerträge;;;0,00;0;0;0;0;0
3;Soziales und Jugend;31;Soziale Hilfen;315;Soziale Einrichtungen (ohne Einrichtungen der Jugendhilfe);315600;Andere soziale Einrichtungen;55;21;Zinsen und sonstige Finanzaufwendungen;;;0,00;0;0;0;0;0
3;Soziales und Jugend;31;Soziale Hilfen;315;Soziale Einrichtungen (ohne Einrichtungen der Jugendhilfe);315600;Andere soziale Einrichtungen;;22;Finanzergebnis;;;0,00;0;0;0;0;0
3;Soziales und Jugend;31;Soziale Hilfen;315;Soziale Einrichtungen (ohne Einrichtungen der Jugendhilfe);315600;Andere soziale Einrichtungen;;23;Ergebnis vor Berücksichtigung der internen Leistungsbeziehungen;;;-10.705,87;0;0;0;0;0
3;Soziales und Jugend;31;Soziale Hilfen;315;Soziale Einrichtungen (ohne Einrichtungen der Jugendhilfe);315600;Andere soziale Einrichtungen;48;24;Erträge aus internen Leistungsbeziehungen;;;0,00;0;0;0;0;0
3;Soziales und Jugend;31;Soziale Hilfen;315;Soziale Einrichtungen (ohne Einrichtungen der Jugendhilfe);315600;Andere soziale Einrichtungen;58;25;Aufwendungen aus internen Leistungsbeziehungen;;;0,00;0;0;0;0;0
3;Soziales und Jugend;31;Soziale Hilfen;315;Soziale Einrichtungen (ohne Einrichtungen der Jugendhilfe);315600;Andere soziale Einrichtungen;;26;Ergebnis;;;-10.705,87;0;0;0;0;0
3;Soziales und Jugend;33;Förderung von Trägern der Wohlfahrtspflege;331;Förderung von Trägern der Wohlfahrtspflege;331010;Förderung der freien Wohlfahrtspflege;40;1;Steuern und ähnliche Abgaben;;;0,00;0;0;0;0;0
3;Soziales und Jugend;33;Förderung von Trägern der Wohlfahrtspflege;331;Förderung von Trägern der Wohlfahrtspflege;331010;Förderung der freien Wohlfahrtspflege;41;2;Zuwendungen und allgemeine Umlagen;;;0,00;0;0;0;0;0
3;Soziales und Jugend;33;Förderung von Trägern der Wohlfahrtspflege;331;Förderung von Trägern der Wohlfahrtspflege;331010;Förderung der freien Wohlfahrtspflege;42;3;sonstige Transfererträge;;;0,00;0;0;0;0;0
3;Soziales und Jugend;33;Förderung von Trägern der Wohlfahrtspflege;331;Förderung von Trägern der Wohlfahrtspflege;331010;Förderung der freien Wohlfahrtspflege;43;4;öffentlich-rechtliche Leistungsentgelte;;;0,00;0;0;0;0;0
3;Soziales und Jugend;33;Förderung von Trägern der Wohlfahrtspflege;331;Förderung von Trägern der Wohlfahrtspflege;331010;Förderung der freien Wohlfahrtspflege;441, 442, 446;5;privatrechtliche Leistungsentgelte;;;3.600,00;3.600;3.600;3.600;3.600;3.600
3;Soziales und Jugend;33;Förderung von Trägern der Wohlfahrtspflege;331;Förderung von Trägern der Wohlfahrtspflege;331010;Förderung der freien Wohlfahrtspflege;441, 442, 446;5;privatrechtliche Leistungsentgelte;441100;Nutzungsentschädigung;3.600,00;3.600;3.600;3.600;3.600;3.600
3;Soziales und Jugend;33;Förderung von Trägern der Wohlfahrtspflege;331;Förderung von Trägern der Wohlfahrtspflege;331010;Förderung der freien Wohlfahrtspflege;448;6;Kostenerstattungen und Kostenumlagen;;;0,00;0;0;0;0;0
3;Soziales und Jugend;33;Förderung von Trägern der Wohlfahrtspflege;331;Förderung von Trägern der Wohlfahrtspflege;331010;Förderung der freien Wohlfahrtspflege;45;7;sonstige Erträge;;;0,00;0;0;0;0;0
3;Soziales und Jugend;33;Förderung von Trägern der Wohlfahrtspflege;331;Förderung von Trägern der Wohlfahrtspflege;331010;Förderung der freien Wohlfahrtspflege;471;8;aktivierte Eigenleistungen;;;0,00;0;0;0;0;0
3;Soziales und Jugend;33;Förderung von Trägern der Wohlfahrtspflege;331;Förderung von Trägern der Wohlfahrtspflege;331010;Förderung der freien Wohlfahrtspflege;472;9;Bestandsveränderungen;;;0,00;0;0;0;0;0
3;Soziales und Jugend;33;Förderung von Trägern der Wohlfahrtspflege;331;Förderung von Trägern der Wohlfahrtspflege;331010;Förderung der freien Wohlfahrtspflege;;10;Erträge;;;3.600,00;3.600;3.600;3.600;3.600;3.600
3;Soziales und Jugend;33;Förderung von Trägern der Wohlfahrtspflege;331;Förderung von Trägern der Wohlfahrtspflege;331010;Förderung der freien Wohlfahrtspflege;50;11;Personalaufwendungen;;;0,00;0;0;0;0;0
3;Soziales und Jugend;33;Förderung von Trägern der Wohlfahrtspflege;331;Förderung von Trägern der Wohlfahrtspflege;331010;Förderung der freien Wohlfahrtspflege;51;12;Versorgungsaufwendungen;;;0,00;0;0;0;0;0
3;Soziales und Jugend;33;Förderung von Trägern der Wohlfahrtspflege;331;Förderung von Trägern der Wohlfahrtspflege;331010;Förderung der freien Wohlfahrtspflege;52;13;Aufwendungen für Sach- u. Dienstleistungen;;;0,00;0;0;0;0;0
3;Soziales und Jugend;33;Förderung von Trägern der Wohlfahrtspflege;331;Förderung von Trägern der Wohlfahrtspflege;331010;Förderung der freien Wohlfahrtspflege;57;14;bilanzielle Abschreibungen;;;0,00;0;0;0;0;0
3;Soziales und Jugend;33;Förderung von Trägern der Wohlfahrtspflege;331;Förderung von Trägern der Wohlfahrtspflege;331010;Förderung der freien Wohlfahrtspflege;53;15;Transferaufwendungen;;;8.600,00;15.600;15.600;15.600;15.600;3.600
3;Soziales und Jugend;33;Förderung von Trägern der Wohlfahrtspflege;331;Förderung von Trägern der Wohlfahrtspflege;331010;Förderung der freien Wohlfahrtspflege;53;15;Transferaufwendungen;531800;Zuschuss an freie Wohlfahrtsverbände;8.600,00;15.600;15.600;15.600;15.600;3.600
3;Soziales und Jugend;33;Förderung von Trägern der Wohlfahrtspflege;331;Förderung von Trägern der Wohlfahrtspflege;331010;Förderung der freien Wohlfahrtspflege;54;16;sonstige Aufwendungen;;;0,00;0;0;0;0;0
3;Soziales und Jugend;33;Förderung von Trägern der Wohlfahrtspflege;331;Förderung von Trägern der Wohlfahrtspflege;331010;Förderung der freien Wohlfahrtspflege;;17;davon: Verfügungsmittel;;;0,00;0;0;0;0;0
3;Soziales und Jugend;33;Förderung von Trägern der Wohlfahrtspflege;331;Förderung von Trägern der Wohlfahrtspflege;331010;Förderung der freien Wohlfahrtspflege;;18;Aufwendungen;;;8.600,00;15.600;15.600;15.600;15.600;3.600
3;Soziales und Jugend;33;Förderung von Trägern der Wohlfahrtspflege;331;Förderung von Trägern der Wohlfahrtspflege;331010;Förderung der freien Wohlfahrtspflege;;19;Ergebnis der laufenden Verwaltungstätigkeit;;;-5.000,00;-12.000;-12.000;-12.000;-12.000;0
3;Soziales und Jugend;33;Förderung von Trägern der Wohlfahrtspflege;331;Förderung von Trägern der Wohlfahrtspflege;331010;Förderung der freien Wohlfahrtspflege;46;20;Finanzerträge;;;0,00;0;0;0;0;0
3;Soziales und Jugend;33;Förderung von Trägern der Wohlfahrtspflege;331;Förderung von Trägern der Wohlfahrtspflege;331010;Förderung der freien Wohlfahrtspflege;55;21;Zinsen und sonstige Finanzaufwendungen;;;0,00;0;0;0;0;0
3;Soziales und Jugend;33;Förderung von Trägern der Wohlfahrtspflege;331;Förderung von Trägern der Wohlfahrtspflege;331010;Förderung der freien Wohlfahrtspflege;;22;Finanzergebnis;;;0,00;0;0;0;0;0
3;Soziales und Jugend;33;Förderung von Trägern der Wohlfahrtspflege;331;Förderung von Trägern der Wohlfahrtspflege;331010;Förderung der freien Wohlfahrtspflege;;23;Ergebnis vor Berücksichtigung der internen Leistungsbeziehungen;;;-5.000,00;-12.000;-12.000;-12.000;-12.000;0
3;Soziales und Jugend;33;Förderung von Trägern der Wohlfahrtspflege;331;Förderung von Trägern der Wohlfahrtspflege;331010;Förderung der freien Wohlfahrtspflege;48;24;Erträge aus internen Leistungsbeziehungen;;;0,00;0;0;0;0;0
3;Soziales und Jugend;33;Förderung von Trägern der Wohlfahrtspflege;331;Förderung von Trägern der Wohlfahrtspflege;331010;Förderung der freien Wohlfahrtspflege;58;25;Aufwendungen aus internen Leistungsbeziehungen;;;0,00;0;0;0;0;0
3;Soziales und Jugend;33;Förderung von Trägern der Wohlfahrtspflege;331;Förderung von Trägern der Wohlfahrtspflege;331010;Förderung der freien Wohlfahrtspflege;;26;Ergebnis;;;-5.000,00;-12.000;-12.000;-12.000;-12.000;0
3;Soziales und Jugend;36;Kinder-, Jugend- und Familienhilfe;362;Jugendarbeit;362010;Jugendarbeit;40;1;Steuern und ähnliche Abgaben;;;0,00;0;0;0;0;0
3;Soziales und Jugend;36;Kinder-, Jugend- und Familienhilfe;362;Jugendarbeit;362010;Jugendarbeit;41;2;Zuwendungen und allgemeine Umlagen;;;13.653,32;13.600;15.600;15.600;15.600;15.600
3;Soziales und Jugend;36;Kinder-, Jugend- und Familienhilfe;362;Jugendarbeit;362010;Jugendarbeit;41;2;Zuwendungen und allgemeine Umlagen;414800;Erträge Ferienpass von Eltern;0,00;0;2.000;2.000;2.000;2.000
3;Soziales und Jugend;36;Kinder-, Jugend- und Familienhilfe;362;Jugendarbeit;362010;Jugendarbeit;41;2;Zuwendungen und allgemeine Umlagen;416200;Erträge aus der Auflösung von Sonderposten aus Zuweisungen;13.653,32;13.600;13.600;13.600;13.600;13.600
3;Soziales und Jugend;36;Kinder-, Jugend- und Familienhilfe;362;Jugendarbeit;362010;Jugendarbeit;42;3;sonstige Transfererträge;;;0,00;0;0;0;0;0
3;Soziales und Jugend;36;Kinder-, Jugend- und Familienhilfe;362;Jugendarbeit;362010;Jugendarbeit;43;4;öffentlich-rechtliche Leistungsentgelte;;;0,00;0;0;0;0;0
3;Soziales und Jugend;36;Kinder-, Jugend- und Familienhilfe;362;Jugendarbeit;362010;Jugendarbeit;441, 442, 446;5;privatrechtliche Leistungsentgelte;;;0,00;0;0;0;0;0
3;Soziales und Jugend;36;Kinder-, Jugend- und Familienhilfe;362;Jugendarbeit;362010;Jugendarbeit;448;6;Kostenerstattungen und Kostenumlagen;;;0,00;0;0;0;0;0
3;Soziales und Jugend;36;Kinder-, Jugend- und Familienhilfe;362;Jugendarbeit;362010;Jugendarbeit;45;7;sonstige Erträge;;;0,00;0;0;0;0;0
3;Soziales und Jugend;36;Kinder-, Jugend- und Familienhilfe;362;Jugendarbeit;362010;Jugendarbeit;471;8;aktivierte Eigenleistungen;;;0,00;0;0;0;0;0
3;Soziales und Jugend;36;Kinder-, Jugend- und Familienhilfe;362;Jugendarbeit;362010;Jugendarbeit;472;9;Bestandsveränderungen;;;0,00;0;0;0;0;0
3;Soziales und Jugend;36;Kinder-, Jugend- und Familienhilfe;362;Jugendarbeit;362010;Jugendarbeit;;10;Erträge;;;13.653,32;13.600;15.600;15.600;15.600;15.600
3;Soziales und Jugend;36;Kinder-, Jugend- und Familienhilfe;362;Jugendarbeit;362010;Jugendarbeit;50;11;Personalaufwendungen;;;0,00;0;0;0;0;0
3;Soziales und Jugend;36;Kinder-, Jugend- und Familienhilfe;362;Jugendarbeit;362010;Jugendarbeit;51;12;Versorgungsaufwendungen;;;0,00;0;0;0;0;0
3;Soziales und Jugend;36;Kinder-, Jugend- und Familienhilfe;362;Jugendarbeit;362010;Jugendarbeit;52;13;Aufwendungen für Sach- u. Dienstleistungen;;;0,00;0;0;0;0;0
3;Soziales und Jugend;36;Kinder-, Jugend- und Familienhilfe;362;Jugendarbeit;362010;Jugendarbeit;57;14;bilanzielle Abschreibungen;;;32.473,48;32.500;32.500;32.500;32.500;32.500
3;Soziales und Jugend;36;Kinder-, Jugend- und Familienhilfe;362;Jugendarbeit;362010;Jugendarbeit;57;14;bilanzielle Abschreibungen;574100;Abschreibungen auf geleistete Zuwendungen;32.473,48;32.500;32.500;32.500;32.500;32.500
3;Soziales und Jugend;36;Kinder-, Jugend- und Familienhilfe;362;Jugendarbeit;362010;Jugendarbeit;53;15;Transferaufwendungen;;;1.166,20;5.500;5.500;5.500;5.500;5.500
3;Soziales und Jugend;36;Kinder-, Jugend- und Familienhilfe;362;Jugendarbeit;362010;Jugendarbeit;53;15;Transferaufwendungen;531800;Jugendpflegemittel und Ferienpass;772,00;5.000;5.000;5.000;5.000;5.000
3;Soziales und Jugend;36;Kinder-, Jugend- und Familienhilfe;362;Jugendarbeit;362010;Jugendarbeit;53;15;Transferaufwendungen;531807;Zuschüsse an den Jugendbeirat;394,20;500;500;500;500;500
3;Soziales und Jugend;36;Kinder-, Jugend- und Familienhilfe;362;Jugendarbeit;362010;Jugendarbeit;54;16;sonstige Aufwendungen;;;0,00;0;0;0;0;0
3;Soziales und Jugend;36;Kinder-, Jugend- und Familienhilfe;362;Jugendarbeit;362010;Jugendarbeit;;17;davon: Verfügungsmittel;;;0,00;0;0;0;0;0
3;Soziales und Jugend;36;Kinder-, Jugend- und Familienhilfe;362;Jugendarbeit;362010;Jugendarbeit;;18;Aufwendungen;;;33.639,68;38.000;38.000;38.000;38.000;38.000
3;Soziales und Jugend;36;Kinder-, Jugend- und Familienhilfe;362;Jugendarbeit;362010;Jugendarbeit;;19;Ergebnis der laufenden Verwaltungstätigkeit;;;-19.986,36;-24.400;-22.400;-22.400;-22.400;-22.400
3;Soziales und Jugend;36;Kinder-, Jugend- und Familienhilfe;362;Jugendarbeit;362010;Jugendarbeit;46;20;Finanzerträge;;;0,00;0;0;0;0;0
3;Soziales und Jugend;36;Kinder-, Jugend- und Familienhilfe;362;Jugendarbeit;362010;Jugendarbeit;55;21;Zinsen und sonstige Finanzaufwendungen;;;0,00;0;0;0;0;0
3;Soziales und Jugend;36;Kinder-, Jugend- und Familienhilfe;362;Jugendarbeit;362010;Jugendarbeit;;22;Finanzergebnis;;;0,00;0;0;0;0;0
3;Soziales und Jugend;36;Kinder-, Jugend- und Familienhilfe;362;Jugendarbeit;362010;Jugendarbeit;;23;Ergebnis vor Berücksichtigung der internen Leistungsbeziehungen;;;-19.986,36;-24.400;-22.400;-22.400;-22.400;-22.400
3;Soziales und Jugend;36;Kinder-, Jugend- und Familienhilfe;362;Jugendarbeit;362010;Jugendarbeit;48;24;Erträge aus internen Leistungsbeziehungen;;;0,00;0;0;0;0;0
3;Soziales und Jugend;36;Kinder-, Jugend- und Familienhilfe;362;Jugendarbeit;362010;Jugendarbeit;58;25;Aufwendungen aus internen Leistungsbeziehungen;;;0,00;0;0;0;0;0
3;Soziales und Jugend;36;Kinder-, Jugend- und Familienhilfe;362;Jugendarbeit;362010;Jugendarbeit;;26;Ergebnis;;;-19.986,36;-24.400;-22.400;-22.400;-22.400;-22.400
3;Soziales und Jugend;36;Kinder-, Jugend- und Familienhilfe;365;Tageseinrichtungen für Kinder;365010;Kindergärten, Kinderhorte;40;1;Steuern und ähnliche Abgaben;;;0,00;0;0;0;0;0
3;Soziales und Jugend;36;Kinder-, Jugend- und Familienhilfe;365;Tageseinrichtungen für Kinder;365010;Kindergärten, Kinderhorte;41;2;Zuwendungen und allgemeine Umlagen;;;241.954,58;241.900;1.315.800;2.820.100;2.820.100;2.820.100
3;Soziales und Jugend;36;Kinder-, Jugend- und Familienhilfe;365;Tageseinrichtungen für Kinder;365010;Kindergärten, Kinderhorte;41;2;Zuwendungen und allgemeine Umlagen;414100;Zuweisung vom Land;233.853,37;233.800;136.300;0;0;0
3;Soziales und Jugend;36;Kinder-, Jugend- und Familienhilfe;365;Tageseinrichtungen für Kinder;365010;Kindergärten, Kinderhorte;41;2;Zuwendungen und allgemeine Umlagen;414200;Zuweisungen vom Kreis - Kita Burggraben;0,00;0;146.600;352.000;352.000;352.000
3;Soziales und Jugend;36;Kinder-, Jugend- und Familienhilfe;365;Tageseinrichtungen für Kinder;365010;Kindergärten, Kinderhorte;41;2;Zuwendungen und allgemeine Umlagen;414210;Zuweisungen vom Kreis - Kita Sonnige Spielstube;0,00;0;82.400;197.700;197.700;197.700
3;Soziales und Jugend;36;Kinder-, Jugend- und Familienhilfe;365;Tageseinrichtungen für Kinder;365010;Kindergärten, Kinderhorte;41;2;Zuwendungen und allgemeine Umlagen;414220;Zuweisungen vom Kreis - Kita Nordmarkstraße;0,00;0;147.000;352.900;352.900;352.900
3;Soziales und Jugend;36;Kinder-, Jugend- und Familienhilfe;365;Tageseinrichtungen für Kinder;365010;Kindergärten, Kinderhorte;41;2;Zuwendungen und allgemeine Umlagen;414230;Zuweisungen vom Kreis - Kita Deichbande;0,00;0;136.900;328.700;328.700;328.700
3;Soziales und Jugend;36;Kinder-, Jugend- und Familienhilfe;365;Tageseinrichtungen für Kinder;365010;Kindergärten, Kinderhorte;41;2;Zuwendungen und allgemeine Umlagen;414250;Zuweisungen vom Kreis - Kita Bole;0,00;0;136.600;327.900;327.900;327.900
3;Soziales und Jugend;36;Kinder-, Jugend- und Familienhilfe;365;Tageseinrichtungen für Kinder;365010;Kindergärten, Kinderhorte;41;2;Zuwendungen und allgemeine Umlagen;414280;Zuweisungen vom Kreis - Nordlichter;0,00;0;323.500;776.500;776.500;776.500
3;Soziales und Jugend;36;Kinder-, Jugend- und Familienhilfe;365;Tageseinrichtungen für Kinder;365010;Kindergärten, Kinderhorte;41;2;Zuwendungen und allgemeine Umlagen;414290;Zuweisungen vom Kreis - Elbbande;0,00;0;198.400;476.300;476.300;476.300
3;Soziales und Jugend;36;Kinder-, Jugend- und Familienhilfe;365;Tageseinrichtungen für Kinder;365010;Kindergärten, Kinderhorte;41;2;Zuwendungen und allgemeine Umlagen;416200;Erträge aus der Auflösung von Sonderposten aus Zuweisungen;8.101,21;8.100;8.100;8.100;8.100;8.100
3;Soziales und Jugend;36;Kinder-, Jugend- und Familienhilfe;365;Tageseinrichtungen für Kinder;365010;Kindergärten, Kinderhorte;42;3;sonstige Transfererträge;;;0,00;0;0;0;0;0
3;Soziales und Jugend;36;Kinder-, Jugend- und Familienhilfe;365;Tageseinrichtungen für Kinder;365010;Kindergärten, Kinderhorte;43;4;öffentlich-rechtliche Leistungsentgelte;;;0,00;0;0;0;0;0
3;Soziales und Jugend;36;Kinder-, Jugend- und Familienhilfe;365;Tageseinrichtungen für Kinder;365010;Kindergärten, Kinderhorte;441, 442, 446;5;privatrechtliche Leistungsentgelte;;;33.771,99;33.000;33.000;33.000;33.000;33.000
3;Soziales und Jugend;36;Kinder-, Jugend- und Familienhilfe;365;Tageseinrichtungen für Kinder;365010;Kindergärten, Kinderhorte;441, 442, 446;5;privatrechtliche Leistungsentgelte;441100;Mieten und Pachten;33.771,99;33.000;33.000;33.000;33.000;33.000
3;Soziales und Jugend;36;Kinder-, Jugend- und Familienhilfe;365;Tageseinrichtungen für Kinder;365010;Kindergärten, Kinderhorte;448;6;Kostenerstattungen und Kostenumlagen;;;141.218,16;76.700;19.800;19.800;19.800;19.800
3;Soziales und Jugend;36;Kinder-, Jugend- und Familienhilfe;365;Tageseinrichtungen für Kinder;365010;Kindergärten, Kinderhorte;448;6;Kostenerstattungen und Kostenumlagen;448200;Erstattung vom Kreis;7.497,78;9.100;14.800;14.800;14.800;14.800
3;Soziales und Jugend;36;Kinder-, Jugend- und Familienhilfe;365;Tageseinrichtungen für Kinder;365010;Kindergärten, Kinderhorte;448;6;Kostenerstattungen und Kostenumlagen;448800;Kostenausgleich für auswärtige Kinder;6.490,17;5.000;5.000;5.000;5.000;5.000
3;Soziales und Jugend;36;Kinder-, Jugend- und Familienhilfe;365;Tageseinrichtungen für Kinder;365010;Kindergärten, Kinderhorte;448;6;Kostenerstattungen und Kostenumlagen;448811;Erstattung Ev. Kirche Kindergarten Am Burggraben;52.299,39;0;0;0;0;0
3;Soziales und Jugend;36;Kinder-, Jugend- und Familienhilfe;365;Tageseinrichtungen für Kinder;365010;Kindergärten, Kinderhorte;448;6;Kostenerstattungen und Kostenumlagen;448812;Erstattung Kindergarten Sonnige Spielstube;14.796,01;5.600;0;0;0;0
3;Soziales und Jugend;36;Kinder-, Jugend- und Familienhilfe;365;Tageseinrichtungen für Kinder;365010;Kindergärten, Kinderhorte;448;6;Kostenerstattungen und Kostenumlagen;448813;Erstattung Kindergarten Nordmarkstraße;20.996,81;0;0;0;0;0
3;Soziales und Jugend;36;Kinder-, Jugend- und Familienhilfe;365;Tageseinrichtungen für Kinder;365010;Kindergärten, Kinderhorte;448;6;Kostenerstattungen und Kostenumlagen;448814;Erstattung Kindergarten Familienbildungsstätte;538,54;53.100;0;0;0;0
3;Soziales und Jugend;36;Kinder-, Jugend- und Familienhilfe;365;Tageseinrichtungen für Kinder;365010;Kindergärten, Kinderhorte;448;6;Kostenerstattungen und Kostenumlagen;448817;Erstattung Kindergarten Paul-Gerhardt-Haus;26.373,51;0;0;0;0;0
3;Soziales und Jugend;36;Kinder-, Jugend- und Familienhilfe;365;Tageseinrichtungen für Kinder;365010;Kindergärten, Kinderhorte;448;6;Kostenerstattungen und Kostenumlagen;448818;Erstattung Kindergarten Janssenweg;12.225,95;3.900;0;0;0;0
3;Soziales und Jugend;36;Kinder-, Jugend- und Familienhilfe;365;Tageseinrichtungen für Kinder;365010;Kindergärten, Kinderhorte;45;7;sonstige Erträge;;;0,00;0;0;0;0;0
3;Soziales und Jugend;36;Kinder-, Jugend- und Familienhilfe;365;Tageseinrichtungen für Kinder;365010;Kindergärten, Kinderhorte;471;8;aktivierte Eigenleistungen;;;0,00;0;0;0;0;0
3;Soziales und Jugend;36;Kinder-, Jugend- und Familienhilfe;365;Tageseinrichtungen für Kinder;365010;Kindergärten, Kinderhorte;472;9;Bestandsveränderungen;;;0,00;0;0;0;0;0
3;Soziales und Jugend;36;Kinder-, Jugend- und Familienhilfe;365;Tageseinrichtungen für Kinder;365010;Kindergärten, Kinderhorte;;10;Erträge;;;416.944,73;351.600;1.368.600;2.872.900;2.872.900;2.872.900
3;Soziales und Jugend;36;Kinder-, Jugend- und Familienhilfe;365;Tageseinrichtungen für Kinder;365010;Kindergärten, Kinderhorte;50;11;Personalaufwendungen;;;5.544,87;47.600;50.100;51.600;53.100;54.600
3;Soziales und Jugend;36;Kinder-, Jugend- und Familienhilfe;365;Tageseinrichtungen für Kinder;365010;Kindergärten, Kinderhorte;50;11;Personalaufwendungen;501200;Entgelte an ArbeitnehmerInnen;4.366,14;36.300;39.000;40.200;41.400;42.600
3;Soziales und Jugend;36;Kinder-, Jugend- und Familienhilfe;365;Tageseinrichtungen für Kinder;365010;Kindergärten, Kinderhorte;50;11;Personalaufwendungen;502200;Zusatzversicherung ArbeitnehmerInnen;293,50;3.400;3.200;3.300;3.400;3.500
3;Soziales und Jugend;36;Kinder-, Jugend- und Familienhilfe;365;Tageseinrichtungen für Kinder;365010;Kindergärten, Kinderhorte;50;11;Personalaufwendungen;503200;Beiträge gesetzliche Sozialversicherung ArbeitnehmerInnen;885,23;7.900;7.900;8.100;8.300;8.500
3;Soziales und Jugend;36;Kinder-, Jugend- und Familienhilfe;365;Tageseinrichtungen für Kinder;365010;Kindergärten, Kinderhorte;51;12;Versorgungsaufwendungen;;;0,00;0;0;0;0;0
3;Soziales und Jugend;36;Kinder-, Jugend- und Familienhilfe;365;Tageseinrichtungen für Kinder;365010;Kindergärten, Kinderhorte;52;13;Aufwendungen für Sach- u. Dienstleistungen;;;10.942,87;13.700;13.700;13.900;14.100;14.300
3;Soziales und Jugend;36;Kinder-, Jugend- und Familienhilfe;365;Tageseinrichtungen für Kinder;365010;Kindergärten, Kinderhorte;52;13;Aufwendungen für Sach- u. Dienstleistungen;521100;Unterhaltung der Grundstücke und baulichen Anlagen;2.884,97;5.600;5.600;5.700;5.800;5.900
3;Soziales und Jugend;36;Kinder-, Jugend- und Familienhilfe;365;Tageseinrichtungen für Kinder;365010;Kindergärten, Kinderhorte;52;13;Aufwendungen für Sach- u. Dienstleistungen;523110;Mieten und Pachten;7.200,00;7.200;7.200;7.300;7.400;7.500
3;Soziales und Jugend;36;Kinder-, Jugend- und Familienhilfe;365;Tageseinrichtungen für Kinder;365010;Kindergärten, Kinderhorte;52;13;Aufwendungen für Sach- u. Dienstleistungen;524140;Gebäudeversicherungen;487,94;500;500;500;500;500
3;Soziales und Jugend;36;Kinder-, Jugend- und Familienhilfe;365;Tageseinrichtungen für Kinder;365010;Kindergärten, Kinderhorte;52;13;Aufwendungen für Sach- u. Dienstleistungen;524150;Steuern und Abgaben;369,96;400;400;400;400;400
3;Soziales und Jugend;36;Kinder-, Jugend- und Familienhilfe;365;Tageseinrichtungen für Kinder;365010;Kindergärten, Kinderhorte;57;14;bilanzielle Abschreibungen;;;41.908,50;42.300;57.200;58.900;57.500;57.500
3;Soziales und Jugend;36;Kinder-, Jugend- und Familienhilfe;365;Tageseinrichtungen für Kinder;365010;Kindergärten, Kinderhorte;57;14;bilanzielle Abschreibungen;571100;Abschreibungen auf immaterielle Vermögensgegenstände und Sachanlagen;17.431,44;17.500;26.100;26.000;24.600;24.600
3;Soziales und Jugend;36;Kinder-, Jugend- und Familienhilfe;365;Tageseinrichtungen für Kinder;365010;Kindergärten, Kinderhorte;57;14;bilanzielle Abschreibungen;574100;Abschreibungen auf geleistete Zuwendungen;24.477,06;24.800;31.100;32.900;32.900;32.900
3;Soziales und Jugend;36;Kinder-, Jugend- und Familienhilfe;365;Tageseinrichtungen für Kinder;365010;Kindergärten, Kinderhorte;53;15;Transferaufwendungen;;;1.375.768,54;1.518.600;2.005.100;2.770.200;2.770.200;2.770.200
3;Soziales und Jugend;36;Kinder-, Jugend- und Familienhilfe;365;Tageseinrichtungen für Kinder;365010;Kindergärten, Kinderhorte;53;15;Transferaufwendungen;531850;Zuschuss Ev. Kirche Kindergarten Am Burggraben;204.895,00;232.800;313.400;410.500;410.500;410.500
3;Soziales und Jugend;36;Kinder-, Jugend- und Familienhilfe;365;Tageseinrichtungen für Kinder;365010;Kindergärten, Kinderhorte;53;15;Transferaufwendungen;531851;Zuschuss Sonnige Spielstube e.V.;114.100,00;95.600;139.300;182.800;182.800;182.800
3;Soziales und Jugend;36;Kinder-, Jugend- und Familienhilfe;365;Tageseinrichtungen für Kinder;365010;Kindergärten, Kinderhorte;53;15;Transferaufwendungen;531852;Zuschuss Kindergarten Nordmarkstraße;119.920,00;343.200;255.800;357.100;357.100;357.100
3;Soziales und Jugend;36;Kinder-, Jugend- und Familienhilfe;365;Tageseinrichtungen für Kinder;365010;Kindergärten, Kinderhorte;53;15;Transferaufwendungen;531853;Zuschuss Kindergarten Familienbildungsstätte;151.550,00;135.600;208.400;298.900;298.900;298.900
3;Soziales und Jugend;36;Kinder-, Jugend- und Familienhilfe;365;Tageseinrichtungen für Kinder;365010;Kindergärten, Kinderhorte;53;15;Transferaufwendungen;531855;"Zuschuss Kindergarten ""Bole""";165.484,80;168.300;219.300;316.300;316.300;316.300
3;Soziales und Jugend;36;Kinder-, Jugend- und Familienhilfe;365;Tageseinrichtungen für Kinder;365010;Kindergärten, Kinderhorte;53;15;Transferaufwendungen;531857;Kostenausgleich gemäß § 25 KiTaG;9.137,58;20.000;20.000;20.000;20.000;20.000
3;Soziales und Jugend;36;Kinder-, Jugend- und Familienhilfe;365;Tageseinrichtungen für Kinder;365010;Kindergärten, Kinderhorte;53;15;Transferaufwendungen;531858;Zuschuss KiGa Paul-Gerhardt-Haus;374.900,00;312.600;532.300;771.500;771.500;771.500
3;Soziales und Jugend;36;Kinder-, Jugend- und Familienhilfe;365;Tageseinrichtungen für Kinder;365010;Kindergärten, Kinderhorte;53;15;Transferaufwendungen;531859;Zuschuss Kindertagesstätte Janssenweg;229.781,16;202.500;308.600;405.100;405.100;405.100
3;Soziales und Jugend;36;Kinder-, Jugend- und Familienhilfe;365;Tageseinrichtungen für Kinder;365010;Kindergärten, Kinderhorte;53;15;Transferaufwendungen;531890;Zuschuss für Geschäftsführung KiGa;6.000,00;8.000;8.000;8.000;8.000;8.000
3;Soziales und Jugend;36;Kinder-, Jugend- und Familienhilfe;365;Tageseinrichtungen für Kinder;365010;Kindergärten, Kinderhorte;54;16;sonstige Aufwendungen;;;0,00;0;634.500;1.523.400;1.523.400;1.523.400
3;Soziales und Jugend;36;Kinder-, Jugend- und Familienhilfe;365;Tageseinrichtungen für Kinder;365010;Kindergärten, Kinderhorte;54;16;sonstige Aufwendungen;545200;Übernahme der Kosten für die Kinder in der Tagespflege;0,00;0;33.400;80.900;80.900;80.900
3;Soziales und Jugend;36;Kinder-, Jugend- und Familienhilfe;365;Tageseinrichtungen für Kinder;365010;Kindergärten, Kinderhorte;54;16;sonstige Aufwendungen;545220;Finanzierungsanteil Wohnsitzgemeinde;0,00;0;601.100;1.442.500;1.442.500;1.442.500
3;Soziales und Jugend;36;Kinder-, Jugend- und Familienhilfe;365;Tageseinrichtungen für Kinder;365010;Kindergärten, Kinderhorte;;17;davon: Verfügungsmittel;;;0,00;0;0;0;0;0
3;Soziales und Jugend;36;Kinder-, Jugend- und Familienhilfe;365;Tageseinrichtungen für Kinder;365010;Kindergärten, Kinderhorte;;18;Aufwendungen;;;1.434.164,78;1.622.200;2.760.600;4.418.000;4.418.300;4.420.000
3;Soziales und Jugend;36;Kinder-, Jugend- und Familienhilfe;365;Tageseinrichtungen für Kinder;365010;Kindergärten, Kinderhorte;;19;Ergebnis der laufenden Verwaltungstätigkeit;;;-1.017.220,05;-1.270.600;-1.392.000;-1.545.100;-1.545.400;-1.547.100
3;Soziales und Jugend;36;Kinder-, Jugend- und Familienhilfe;365;Tageseinrichtungen für Kinder;365010;Kindergärten, Kinderhorte;46;20;Finanzerträge;;;0,00;0;0;0;0;0
3;Soziales und Jugend;36;Kinder-, Jugend- und Familienhilfe;365;Tageseinrichtungen für Kinder;365010;Kindergärten, Kinderhorte;55;21;Zinsen und sonstige Finanzaufwendungen;;;0,00;0;0;0;0;0
3;Soziales und Jugend;36;Kinder-, Jugend- und Familienhilfe;365;Tageseinrichtungen für Kinder;365010;Kindergärten, Kinderhorte;;22;Finanzergebnis;;;0,00;0;0;0;0;0
3;Soziales und Jugend;36;Kinder-, Jugend- und Familienhilfe;365;Tageseinrichtungen für Kinder;365010;Kindergärten, Kinderhorte;;23;Ergebnis vor Berücksichtigung der internen Leistungsbeziehungen;;;-1.017.220,05;-1.270.600;-1.392.000;-1.545.100;-1.545.400;-1.547.100
3;Soziales und Jugend;36;Kinder-, Jugend- und Familienhilfe;365;Tageseinrichtungen für Kinder;365010;Kindergärten, Kinderhorte;48;24;Erträge aus internen Leistungsbeziehungen;;;0,00;0;0;0;0;0
3;Soziales und Jugend;36;Kinder-, Jugend- und Familienhilfe;365;Tageseinrichtungen für Kinder;365010;Kindergärten, Kinderhorte;58;25;Aufwendungen aus internen Leistungsbeziehungen;;;0,00;0;0;0;0;0
3;Soziales und Jugend;36;Kinder-, Jugend- und Familienhilfe;365;Tageseinrichtungen für Kinder;365010;Kindergärten, Kinderhorte;;26;Ergebnis;;;-1.017.220,05;-1.270.600;-1.392.000;-1.545.100;-1.545.400;-1.547.100
3;Soziales und Jugend;36;Kinder-, Jugend- und Familienhilfe;366;Einrichtungen der Jugendarbeit;366010;Kinderspielplätze;40;1;Steuern und ähnliche Abgaben;;;0,00;0;0;0;0;0
3;Soziales und Jugend;36;Kinder-, Jugend- und Familienhilfe;366;Einrichtungen der Jugendarbeit;366010;Kinderspielplätze;41;2;Zuwendungen und allgemeine Umlagen;;;98,51;0;0;0;0;0
3;Soziales und Jugend;36;Kinder-, Jugend- und Familienhilfe;366;Einrichtungen der Jugendarbeit;366010;Kinderspielplätze;41;2;Zuwendungen und allgemeine Umlagen;416100;Erträge aus der Auflösung von Sonderposten aus Zuschüssen;98,51;0;0;0;0;0
3;Soziales und Jugend;36;Kinder-, Jugend- und Familienhilfe;366;Einrichtungen der Jugendarbeit;366010;Kinderspielplätze;42;3;sonstige Transfererträge;;;0,00;0;0;0;0;0
3;Soziales und Jugend;36;Kinder-, Jugend- und Familienhilfe;366;Einrichtungen der Jugendarbeit;366010;Kinderspielplätze;43;4;öffentlich-rechtliche Leistungsentgelte;;;0,00;0;0;0;0;0
3;Soziales und Jugend;36;Kinder-, Jugend- und Familienhilfe;366;Einrichtungen der Jugendarbeit;366010;Kinderspielplätze;441, 442, 446;5;privatrechtliche Leistungsentgelte;;;0,00;0;0;0;0;0
3;Soziales und Jugend;36;Kinder-, Jugend- und Familienhilfe;366;Einrichtungen der Jugendarbeit;366010;Kinderspielplätze;448;6;Kostenerstattungen und Kostenumlagen;;;0,00;0;0;0;0;0
3;Soziales und Jugend;36;Kinder-, Jugend- und Familienhilfe;366;Einrichtungen der Jugendarbeit;366010;Kinderspielplätze;45;7;sonstige Erträge;;;110,82;100;100;100;100;0
3;Soziales und Jugend;36;Kinder-, Jugend- und Familienhilfe;366;Einrichtungen der Jugendarbeit;366010;Kinderspielplätze;45;7;sonstige Erträge;457300;Erträge aus der Auflösung von sonstigen Sonderposten;110,82;100;100;100;100;0
3;Soziales und Jugend;36;Kinder-, Jugend- und Familienhilfe;366;Einrichtungen der Jugendarbeit;366010;Kinderspielplätze;471;8;aktivierte Eigenleistungen;;;0,00;0;0;0;0;0
3;Soziales und Jugend;36;Kinder-, Jugend- und Familienhilfe;366;Einrichtungen der Jugendarbeit;366010;Kinderspielplätze;472;9;Bestandsveränderungen;;;0,00;0;0;0;0;0
3;Soziales und Jugend;36;Kinder-, Jugend- und Familienhilfe;366;Einrichtungen der Jugendarbeit;366010;Kinderspielplätze;;10;Erträge;;;209,33;100;100;100;100;0
3;Soziales und Jugend;36;Kinder-, Jugend- und Familienhilfe;366;Einrichtungen der Jugendarbeit;366010;Kinderspielplätze;50;11;Personalaufwendungen;;;14.589,67;50.800;52.600;54.100;55.800;57.500
3;Soziales und Jugend;36;Kinder-, Jugend- und Familienhilfe;366;Einrichtungen der Jugendarbeit;366010;Kinderspielplätze;50;11;Personalaufwendungen;501200;Entgelte an ArbeitnehmerInnen;11.472,64;38.800;41.000;42.200;43.500;44.800
3;Soziales und Jugend;36;Kinder-, Jugend- und Familienhilfe;366;Einrichtungen der Jugendarbeit;366010;Kinderspielplätze;50;11;Personalaufwendungen;502200;Zusatzversicherung ArbeitnehmerInnen;777,57;3.600;3.300;3.400;3.500;3.600
3;Soziales und Jugend;36;Kinder-, Jugend- und Familienhilfe;366;Einrichtungen der Jugendarbeit;366010;Kinderspielplätze;50;11;Personalaufwendungen;503200;Beiträge gesetzliche Sozialversicherung ArbeitnehmerInnen;2.339,46;8.400;8.300;8.500;8.800;9.100
3;Soziales und Jugend;36;Kinder-, Jugend- und Familienhilfe;366;Einrichtungen der Jugendarbeit;366010;Kinderspielplätze;51;12;Versorgungsaufwendungen;;;0,00;0;0;0;0;0
3;Soziales und Jugend;36;Kinder-, Jugend- und Familienhilfe;366;Einrichtungen der Jugendarbeit;366010;Kinderspielplätze;52;13;Aufwendungen für Sach- u. Dienstleistungen;;;37.201,21;48.000;44.000;44.900;45.800;46.700
3;Soziales und Jugend;36;Kinder-, Jugend- und Familienhilfe;366;Einrichtungen der Jugendarbeit;366010;Kinderspielplätze;52;13;Aufwendungen für Sach- u. Dienstleistungen;522100;Unterhaltung Kinderspielplätze;37.201,21;48.000;44.000;44.900;45.800;46.700
3;Soziales und Jugend;36;Kinder-, Jugend- und Familienhilfe;366;Einrichtungen der Jugendarbeit;366010;Kinderspielplätze;57;14;bilanzielle Abschreibungen;;;17.005,38;21.200;21.700;21.200;19.600;17.200
3;Soziales und Jugend;36;Kinder-, Jugend- und Familienhilfe;366;Einrichtungen der Jugendarbeit;366010;Kinderspielplätze;57;14;bilanzielle Abschreibungen;571100;Abschreibungen auf immaterielle Vermögensgegenstände und Sachanlagen;17.005,38;21.200;21.700;21.200;19.600;17.200
3;Soziales und Jugend;36;Kinder-, Jugend- und Familienhilfe;366;Einrichtungen der Jugendarbeit;366010;Kinderspielplätze;53;15;Transferaufwendungen;;;0,00;0;0;0;0;0
3;Soziales und Jugend;36;Kinder-, Jugend- und Familienhilfe;366;Einrichtungen der Jugendarbeit;366010;Kinderspielplätze;54;16;sonstige Aufwendungen;;;0,00;0;0;0;0;0
3;Soziales und Jugend;36;Kinder-, Jugend- und Familienhilfe;366;Einrichtungen der Jugendarbeit;366010;Kinderspielplätze;;17;davon: Verfügungsmittel;;;0,00;0;0;0;0;0
3;Soziales und Jugend;36;Kinder-, Jugend- und Familienhilfe;366;Einrichtungen der Jugendarbeit;366010;Kinderspielplätze;;18;Aufwendungen;;;68.796,26;120.000;118.300;120.200;121.200;121.400
3;Soziales und Jugend;36;Kinder-, Jugend- und Familienhilfe;366;Einrichtungen der Jugendarbeit;366010;Kinderspielplätze;;19;Ergebnis der laufenden Verwaltungstätigkeit;;;-68.586,93;-119.900;-118.200;-120.100;-121.100;-121.400
3;Soziales und Jugend;36;Kinder-, Jugend- und Familienhilfe;366;Einrichtungen der Jugendarbeit;366010;Kinderspielplätze;46;20;Finanzerträge;;;0,00;0;0;0;0;0
3;Soziales und Jugend;36;Kinder-, Jugend- und Familienhilfe;366;Einrichtungen der Jugendarbeit;366010;Kinderspielplätze;55;21;Zinsen und sonstige Finanzaufwendungen;;;0,00;0;0;0;0;0
3;Soziales und Jugend;36;Kinder-, Jugend- und Familienhilfe;366;Einrichtungen der Jugendarbeit;366010;Kinderspielplätze;;22;Finanzergebnis;;;0,00;0;0;0;0;0
3;Soziales und Jugend;36;Kinder-, Jugend- und Familienhilfe;366;Einrichtungen der Jugendarbeit;366010;Kinderspielplätze;;23;Ergebnis vor Berücksichtigung der internen Leistungsbeziehungen;;;-68.586,93;-119.900;-118.200;-120.100;-121.100;-121.400
3;Soziales und Jugend;36;Kinder-, Jugend- und Familienhilfe;366;Einrichtungen der Jugendarbeit;366010;Kinderspielplätze;48;24;Erträge aus internen Leistungsbeziehungen;;;0,00;0;0;0;0;0
3;Soziales und Jugend;36;Kinder-, Jugend- und Familienhilfe;366;Einrichtungen der Jugendarbeit;366010;Kinderspielplätze;58;25;Aufwendungen aus internen Leistungsbeziehungen;;;0,00;0;0;0;0;0
3;Soziales und Jugend;36;Kinder-, Jugend- und Familienhilfe;366;Einrichtungen der Jugendarbeit;366010;Kinderspielplätze;;26;Ergebnis;;;-68.586,93;-119.900;-118.200;-120.100;-121.100;-121.400
3;Soziales und Jugend;36;Kinder-, Jugend- und Familienhilfe;366;Einrichtungen der Jugendarbeit;366020;Jugendzentrum;40;1;Steuern und ähnliche Abgaben;;;0,00;0;0;0;0;0
3;Soziales und Jugend;36;Kinder-, Jugend- und Familienhilfe;366;Einrichtungen der Jugendarbeit;366020;Jugendzentrum;41;2;Zuwendungen und allgemeine Umlagen;;;19.920,34;16.700;16.700;16.700;16.700;16.700
3;Soziales und Jugend;36;Kinder-, Jugend- und Familienhilfe;366;Einrichtungen der Jugendarbeit;366020;Jugendzentrum;41;2;Zuwendungen und allgemeine Umlagen;414200;Zuweisungen vom Kreis;15.520,00;15.500;15.500;15.500;15.500;15.500
3;Soziales und Jugend;36;Kinder-, Jugend- und Familienhilfe;366;Einrichtungen der Jugendarbeit;366020;Jugendzentrum;41;2;Zuwendungen und allgemeine Umlagen;414800;Spende;3.604,65;500;500;500;500;500
3;Soziales und Jugend;36;Kinder-, Jugend- und Familienhilfe;366;Einrichtungen der Jugendarbeit;366020;Jugendzentrum;41;2;Zuwendungen und allgemeine Umlagen;416200;Erträge aus der Auflösung von Sonderposten aus Zuweisungen;795,69;700;700;700;700;700
3;Soziales und Jugend;36;Kinder-, Jugend- und Familienhilfe;366;Einrichtungen der Jugendarbeit;366020;Jugendzentrum;42;3;sonstige Transfererträge;;;0,00;0;0;0;0;0
3;Soziales und Jugend;36;Kinder-, Jugend- und Familienhilfe;366;Einrichtungen der Jugendarbeit;366020;Jugendzentrum;43;4;öffentlich-rechtliche Leistungsentgelte;;;0,00;0;0;0;0;0
3;Soziales und Jugend;36;Kinder-, Jugend- und Familienhilfe;366;Einrichtungen der Jugendarbeit;366020;Jugendzentrum;441, 442, 446;5;privatrechtliche Leistungsentgelte;;;6.669,60;6.900;7.000;7.000;7.000;7.000
3;Soziales und Jugend;36;Kinder-, Jugend- und Familienhilfe;366;Einrichtungen der Jugendarbeit;366020;Jugendzentrum;441, 442, 446;5;privatrechtliche Leistungsentgelte;441100;Mieten und Pachten;6.669,60;6.900;7.000;7.000;7.000;7.000
3;Soziales und Jugend;36;Kinder-, Jugend- und Familienhilfe;366;Einrichtungen der Jugendarbeit;366020;Jugendzentrum;448;6;Kostenerstattungen und Kostenumlagen;;;7.798,90;10.200;6.900;7.000;7.100;7.200
3;Soziales und Jugend;36;Kinder-, Jugend- und Familienhilfe;366;Einrichtungen der Jugendarbeit;366020;Jugendzentrum;448;6;Kostenerstattungen und Kostenumlagen;448005;Erstattung von BA für Zivilschutz;7.150,00;6.000;6.900;7.000;7.100;7.200
3;Soziales und Jugend;36;Kinder-, Jugend- und Familienhilfe;366;Einrichtungen der Jugendarbeit;366020;Jugendzentrum;448;6;Kostenerstattungen und Kostenumlagen;448200;Kostenbeteiligung der Umlandgemeinden;0,00;4.000;0;0;0;0
3;Soziales und Jugend;36;Kinder-, Jugend- und Familienhilfe;366;Einrichtungen der Jugendarbeit;366020;Jugendzentrum;448;6;Kostenerstattungen und Kostenumlagen;448500;Erstattung Stadtwerke;648,90;200;0;0;0;0
3;Soziales und Jugend;36;Kinder-, Jugend- und Familienhilfe;366;Einrichtungen der Jugendarbeit;366020;Jugendzentrum;45;7;sonstige Erträge;;;66,66;100;100;100;100;100
3;Soziales und Jugend;36;Kinder-, Jugend- und Familienhilfe;366;Einrichtungen der Jugendarbeit;366020;Jugendzentrum;45;7;sonstige Erträge;457300;Erträge aus der Auflösung von sonstigen Sonderposten;66,66;100;100;100;100;100
3;Soziales und Jugend;36;Kinder-, Jugend- und Familienhilfe;366;Einrichtungen der Jugendarbeit;366020;Jugendzentrum;471;8;aktivierte Eigenleistungen;;;0,00;0;0;0;0;0
3;Soziales und Jugend;36;Kinder-, Jugend- und Familienhilfe;366;Einrichtungen der Jugendarbeit;366020;Jugendzentrum;472;9;Bestandsveränderungen;;;0,00;0;0;0;0;0
3;Soziales und Jugend;36;Kinder-, Jugend- und Familienhilfe;366;Einrichtungen der Jugendarbeit;366020;Jugendzentrum;;10;Erträge;;;34.455,50;33.900;30.700;30.800;30.900;31.000
3;Soziales und Jugend;36;Kinder-, Jugend- und Familienhilfe;366;Einrichtungen der Jugendarbeit;366020;Jugendzentrum;50;11;Personalaufwendungen;;;107.266,93;114.800;123.900;127.200;130.600;134.100
3;Soziales und Jugend;36;Kinder-, Jugend- und Familienhilfe;366;Einrichtungen der Jugendarbeit;366020;Jugendzentrum;50;11;Personalaufwendungen;501200;Entgelte an ArbeitnehmerInnen;82.144,64;79.200;84.000;86.500;89.100;91.800
3;Soziales und Jugend;36;Kinder-, Jugend- und Familienhilfe;366;Einrichtungen der Jugendarbeit;366020;Jugendzentrum;50;11;Personalaufwendungen;501900;Dientaufwendungen Sonstige Beschäftigungsentgelte;1.560,00;9.200;9.700;9.700;9.700;9.700
3;Soziales und Jugend;36;Kinder-, Jugend- und Familienhilfe;366;Einrichtungen der Jugendarbeit;366020;Jugendzentrum;50;11;Personalaufwendungen;502200;Zusatzversicherung ArbeitnehmerInnen;5.333,25;7.500;7.600;7.800;8.000;8.200
3;Soziales und Jugend;36;Kinder-, Jugend- und Familienhilfe;366;Einrichtungen der Jugendarbeit;366020;Jugendzentrum;50;11;Personalaufwendungen;503200;Beiträge gesetzliche Sozialversicherung ArbeitnehmerInnen;17.601,76;16.400;19.000;19.600;20.200;20.800
3;Soziales und Jugend;36;Kinder-, Jugend- und Familienhilfe;366;Einrichtungen der Jugendarbeit;366020;Jugendzentrum;50;11;Personalaufwendungen;503900;Beiträge gesetzl. Soz.vers. Sonstige Beschäftigte;627,28;2.500;3.600;3.600;3.600;3.600
3;Soziales und Jugend;36;Kinder-, Jugend- und Familienhilfe;366;Einrichtungen der Jugendarbeit;366020;Jugendzentrum;51;12;Versorgungsaufwendungen;;;0,00;0;0;0;0;0
3;Soziales und Jugend;36;Kinder-, Jugend- und Familienhilfe;366;Einrichtungen der Jugendarbeit;366020;Jugendzentrum;52;13;Aufwendungen für Sach- u. Dienstleistungen;;;51.863,29;76.800;73.000;68.600;69.600;70.700
3;Soziales und Jugend;36;Kinder-, Jugend- und Familienhilfe;366;Einrichtungen der Jugendarbeit;366020;Jugendzentrum;52;13;Aufwendungen für Sach- u. Dienstleistungen;521100;Unterhaltung der Grundstücke und baulichen Anlagen;17.863,20;38.200;33.900;33.900;34.600;35.300
3;Soziales und Jugend;36;Kinder-, Jugend- und Familienhilfe;366;Einrichtungen der Jugendarbeit;366020;Jugendzentrum;52;13;Aufwendungen für Sach- u. Dienstleistungen;524110;Heizungskosten;5.741,44;6.100;6.500;6.600;6.700;6.900
3;Soziales und Jugend;36;Kinder-, Jugend- und Familienhilfe;366;Einrichtungen der Jugendarbeit;366020;Jugendzentrum;52;13;Aufwendungen für Sach- u. Dienstleistungen;524120;Reinigungskosten;7.883,69;7.700;8.700;8.700;8.700;8.700
3;Soziales und Jugend;36;Kinder-, Jugend- und Familienhilfe;366;Einrichtungen der Jugendarbeit;366020;Jugendzentrum;52;13;Aufwendungen für Sach- u. Dienstleistungen;524130;Wasserversorgung, Strom, Abwasser;4.748,83;5.100;4.000;4.000;4.100;4.200
3;Soziales und Jugend;36;Kinder-, Jugend- und Familienhilfe;366;Einrichtungen der Jugendarbeit;366020;Jugendzentrum;52;13;Aufwendungen für Sach- u. Dienstleistungen;524140;Gebäudeversicherungen;1.019,73;900;1.100;1.100;1.100;1.100
3;Soziales und Jugend;36;Kinder-, Jugend- und Familienhilfe;366;Einrichtungen der Jugendarbeit;366020;Jugendzentrum;52;13;Aufwendungen für Sach- u. Dienstleistungen;524150;Steuern und Abgaben;1.540,13;1.600;1.600;1.600;1.600;1.600
3;Soziales und Jugend;36;Kinder-, Jugend- und Familienhilfe;366;Einrichtungen der Jugendarbeit;366020;Jugendzentrum;52;13;Aufwendungen für Sach- u. Dienstleistungen;524160;sonstige Bewirtschaftungskosten;0,00;400;400;400;400;400
3;Soziales und Jugend;36;Kinder-, Jugend- und Familienhilfe;366;Einrichtungen der Jugendarbeit;366020;Jugendzentrum;52;13;Aufwendungen für Sach- u. Dienstleistungen;527100;Besondere Verwaltungs- und Betriebsaufwendungen;6.357,84;9.000;9.000;4.400;4.400;4.400
3;Soziales und Jugend;36;Kinder-, Jugend- und Familienhilfe;366;Einrichtungen der Jugendarbeit;366020;Jugendzentrum;52;13;Aufwendungen für Sach- u. Dienstleistungen;527110;IT-Bedarf;2.308,43;2.400;2.400;2.500;2.600;2.700
3;Soziales und Jugend;36;Kinder-, Jugend- und Familienhilfe;366;Einrichtungen der Jugendarbeit;366020;Jugendzentrum;52;13;Aufwendungen für Sach- u. Dienstleistungen;529100;Veranstaltungen;4.400,00;5.400;5.400;5.400;5.400;5.400
3;Soziales und Jugend;36;Kinder-, Jugend- und Familienhilfe;366;Einrichtungen der Jugendarbeit;366020;Jugendzentrum;57;14;bilanzielle Abschreibungen;;;9.196,01;13.100;12.200;11.700;11.000;10.900
3;Soziales und Jugend;36;Kinder-, Jugend- und Familienhilfe;366;Einrichtungen der Jugendarbeit;366020;Jugendzentrum;57;14;bilanzielle Abschreibungen;571100;Abschreibungen auf immaterielle Vermögensgegenstände und Sachanlagen;9.196,01;13.100;12.200;11.700;11.000;10.900
3;Soziales und Jugend;36;Kinder-, Jugend- und Familienhilfe;366;Einrichtungen der Jugendarbeit;366020;Jugendzentrum;53;15;Transferaufwendungen;;;0,00;0;0;0;0;0
3;Soziales und Jugend;36;Kinder-, Jugend- und Familienhilfe;366;Einrichtungen der Jugendarbeit;366020;Jugendzentrum;54;16;sonstige Aufwendungen;;;3.229,01;5.500;5.500;5.200;5.200;5.200
3;Soziales und Jugend;36;Kinder-, Jugend- und Familienhilfe;366;Einrichtungen der Jugendarbeit;366020;Jugendzentrum;54;16;sonstige Aufwendungen;542100;Aufwendungen ehrenamtliche Tätigkeiten;2.200,00;2.400;2.400;2.400;2.400;2.400
3;Soziales und Jugend;36;Kinder-, Jugend- und Familienhilfe;366;Einrichtungen der Jugendarbeit;366020;Jugendzentrum;54;16;sonstige Aufwendungen;543100;Bürobedarf;0,00;100;100;100;100;100
3;Soziales und Jugend;36;Kinder-, Jugend- und Familienhilfe;366;Einrichtungen der Jugendarbeit;366020;Jugendzentrum;54;16;sonstige Aufwendungen;543110;Bücher und Zeitschriften;470,40;600;600;600;600;600
3;Soziales und Jugend;36;Kinder-, Jugend- und Familienhilfe;366;Einrichtungen der Jugendarbeit;366020;Jugendzentrum;54;16;sonstige Aufwendungen;543125;Fernmeldegebühren;350,15;800;800;800;800;800
3;Soziales und Jugend;36;Kinder-, Jugend- und Familienhilfe;366;Einrichtungen der Jugendarbeit;366020;Jugendzentrum;54;16;sonstige Aufwendungen;543130;Öffentliche Bekanntmachungen;0,00;100;100;100;100;100
3;Soziales und Jugend;36;Kinder-, Jugend- und Familienhilfe;366;Einrichtungen der Jugendarbeit;366020;Jugendzentrum;54;16;sonstige Aufwendungen;543140;Reisekosten;0,00;100;100;100;100;100
3;Soziales und Jugend;36;Kinder-, Jugend- und Familienhilfe;366;Einrichtungen der Jugendarbeit;366020;Jugendzentrum;54;16;sonstige Aufwendungen;543150;Sachverständigen-, Gerichts- u.ä. Kosten;208,46;1.400;1.400;1.100;1.100;1.100
3;Soziales und Jugend;36;Kinder-, Jugend- und Familienhilfe;366;Einrichtungen der Jugendarbeit;366020;Jugendzentrum;;17;davon: Verfügungsmittel;;;0,00;0;0;0;0;0
3;Soziales und Jugend;36;Kinder-, Jugend- und Familienhilfe;366;Einrichtungen der Jugendarbeit;366020;Jugendzentrum;;18;Aufwendungen;;;171.555,24;210.200;214.600;212.700;216.400;220.900
3;Soziales und Jugend;36;Kinder-, Jugend- und Familienhilfe;366;Einrichtungen der Jugendarbeit;366020;Jugendzentrum;;19;Ergebnis der laufenden Verwaltungstätigkeit;;;-137.099,74;-176.300;-183.900;-181.900;-185.500;-189.900
3;Soziales und Jugend;36;Kinder-, Jugend- und Familienhilfe;366;Einrichtungen der Jugendarbeit;366020;Jugendzentrum;46;20;Finanzerträge;;;0,00;0;0;0;0;0
3;Soziales und Jugend;36;Kinder-, Jugend- und Familienhilfe;366;Einrichtungen der Jugendarbeit;366020;Jugendzentrum;55;21;Zinsen und sonstige Finanzaufwendungen;;;0,00;0;0;0;0;0
3;Soziales und Jugend;36;Kinder-, Jugend- und Familienhilfe;366;Einrichtungen der Jugendarbeit;366020;Jugendzentrum;;22;Finanzergebnis;;;0,00;0;0;0;0;0
3;Soziales und Jugend;36;Kinder-, Jugend- und Familienhilfe;366;Einrichtungen der Jugendarbeit;366020;Jugendzentrum;;23;Ergebnis vor Berücksichtigung der internen Leistungsbeziehungen;;;-137.099,74;-176.300;-183.900;-181.900;-185.500;-189.900
3;Soziales und Jugend;36;Kinder-, Jugend- und Familienhilfe;366;Einrichtungen der Jugendarbeit;366020;Jugendzentrum;48;24;Erträge aus internen Leistungsbeziehungen;;;0,00;0;0;0;0;0
3;Soziales und Jugend;36;Kinder-, Jugend- und Familienhilfe;366;Einrichtungen der Jugendarbeit;366020;Jugendzentrum;58;25;Aufwendungen aus internen Leistungsbeziehungen;;;8.300,00;8.400;7.100;7.200;7.300;7.500
3;Soziales und Jugend;36;Kinder-, Jugend- und Familienhilfe;366;Einrichtungen der Jugendarbeit;366020;Jugendzentrum;58;25;Aufwendungen aus internen Leistungsbeziehungen;581100;Aufwendungen für Hausmeisterpool - Innere Verrechnungen;8.300,00;8.400;7.100;7.200;7.300;7.500
3;Soziales und Jugend;36;Kinder-, Jugend- und Familienhilfe;366;Einrichtungen der Jugendarbeit;366020;Jugendzentrum;;26;Ergebnis;;;-145.399,74;-184.700;-191.000;-189.100;-192.800;-197.400
3;Soziales und Jugend;36;Kinder-, Jugend- und Familienhilfe;367;Sonstige Einrichtungen der Kinder-, Jugend- und Familienhilfe;367010;Erziehungs-, Jugend- und Familienberatungsstellen;40;1;Steuern und ähnliche Abgaben;;;0,00;0;0;0;0;0
3;Soziales und Jugend;36;Kinder-, Jugend- und Familienhilfe;367;Sonstige Einrichtungen der Kinder-, Jugend- und Familienhilfe;367010;Erziehungs-, Jugend- und Familienberatungsstellen;41;2;Zuwendungen und allgemeine Umlagen;;;0,00;0;0;0;0;0
3;Soziales und Jugend;36;Kinder-, Jugend- und Familienhilfe;367;Sonstige Einrichtungen der Kinder-, Jugend- und Familienhilfe;367010;Erziehungs-, Jugend- und Familienberatungsstellen;42;3;sonstige Transfererträge;;;0,00;0;0;0;0;0
3;Soziales und Jugend;36;Kinder-, Jugend- und Familienhilfe;367;Sonstige Einrichtungen der Kinder-, Jugend- und Familienhilfe;367010;Erziehungs-, Jugend- und Familienberatungsstellen;43;4;öffentlich-rechtliche Leistungsentgelte;;;0,00;0;0;0;0;0
3;Soziales und Jugend;36;Kinder-, Jugend- und Familienhilfe;367;Sonstige Einrichtungen der Kinder-, Jugend- und Familienhilfe;367010;Erziehungs-, Jugend- und Familienberatungsstellen;441, 442, 446;5;privatrechtliche Leistungsentgelte;;;0,00;0;0;0;0;0
3;Soziales und Jugend;36;Kinder-, Jugend- und Familienhilfe;367;Sonstige Einrichtungen der Kinder-, Jugend- und Familienhilfe;367010;Erziehungs-, Jugend- und Familienberatungsstellen;448;6;Kostenerstattungen und Kostenumlagen;;;0,00;0;0;0;0;0
3;Soziales und Jugend;36;Kinder-, Jugend- und Familienhilfe;367;Sonstige Einrichtungen der Kinder-, Jugend- und Familienhilfe;367010;Erziehungs-, Jugend- und Familienberatungsstellen;45;7;sonstige Erträge;;;0,00;0;0;0;0;0
3;Soziales und Jugend;36;Kinder-, Jugend- und Familienhilfe;367;Sonstige Einrichtungen der Kinder-, Jugend- und Familienhilfe;367010;Erziehungs-, Jugend- und Familienberatungsstellen;471;8;aktivierte Eigenleistungen;;;0,00;0;0;0;0;0
3;Soziales und Jugend;36;Kinder-, Jugend- und Familienhilfe;367;Sonstige Einrichtungen der Kinder-, Jugend- und Familienhilfe;367010;Erziehungs-, Jugend- und Familienberatungsstellen;472;9;Bestandsveränderungen;;;0,00;0;0;0;0;0
3;Soziales und Jugend;36;Kinder-, Jugend- und Familienhilfe;367;Sonstige Einrichtungen der Kinder-, Jugend- und Familienhilfe;367010;Erziehungs-, Jugend- und Familienberatungsstellen;;10;Erträge;;;0,00;0;0;0;0;0
3;Soziales und Jugend;36;Kinder-, Jugend- und Familienhilfe;367;Sonstige Einrichtungen der Kinder-, Jugend- und Familienhilfe;367010;Erziehungs-, Jugend- und Familienberatungsstellen;50;11;Personalaufwendungen;;;0,00;0;0;0;0;0
3;Soziales und Jugend;36;Kinder-, Jugend- und Familienhilfe;367;Sonstige Einrichtungen der Kinder-, Jugend- und Familienhilfe;367010;Erziehungs-, Jugend- und Familienberatungsstellen;51;12;Versorgungsaufwendungen;;;0,00;0;0;0;0;0
3;Soziales und Jugend;36;Kinder-, Jugend- und Familienhilfe;367;Sonstige Einrichtungen der Kinder-, Jugend- und Familienhilfe;367010;Erziehungs-, Jugend- und Familienberatungsstellen;52;13;Aufwendungen für Sach- u. Dienstleistungen;;;0,00;0;0;0;0;0
3;Soziales und Jugend;36;Kinder-, Jugend- und Familienhilfe;367;Sonstige Einrichtungen der Kinder-, Jugend- und Familienhilfe;367010;Erziehungs-, Jugend- und Familienberatungsstellen;57;14;bilanzielle Abschreibungen;;;0,00;0;0;0;0;0
3;Soziales und Jugend;36;Kinder-, Jugend- und Familienhilfe;367;Sonstige Einrichtungen der Kinder-, Jugend- und Familienhilfe;367010;Erziehungs-, Jugend- und Familienberatungsstellen;53;15;Transferaufwendungen;;;4.010,18;4.200;4.200;4.200;4.200;4.200
3;Soziales und Jugend;36;Kinder-, Jugend- und Familienhilfe;367;Sonstige Einrichtungen der Kinder-, Jugend- und Familienhilfe;367010;Erziehungs-, Jugend- und Familienberatungsstellen;53;15;Transferaufwendungen;531800;Zuschuss Suchtpräventionen, -hilfe, -nachsorge;4.010,18;4.200;4.200;4.200;4.200;4.200
3;Soziales und Jugend;36;Kinder-, Jugend- und Familienhilfe;367;Sonstige Einrichtungen der Kinder-, Jugend- und Familienhilfe;367010;Erziehungs-, Jugend- und Familienberatungsstellen;54;16;sonstige Aufwendungen;;;0,00;0;0;0;0;0
3;Soziales und Jugend;36;Kinder-, Jugend- und Familienhilfe;367;Sonstige Einrichtungen der Kinder-, Jugend- und Familienhilfe;367010;Erziehungs-, Jugend- und Familienberatungsstellen;;17;davon: Verfügungsmittel;;;0,00;0;0;0;0;0
3;Soziales und Jugend;36;Kinder-, Jugend- und Familienhilfe;367;Sonstige Einrichtungen der Kinder-, Jugend- und Familienhilfe;367010;Erziehungs-, Jugend- und Familienberatungsstellen;;18;Aufwendungen;;;4.010,18;4.200;4.200;4.200;4.200;4.200
3;Soziales und Jugend;36;Kinder-, Jugend- und Familienhilfe;367;Sonstige Einrichtungen der Kinder-, Jugend- und Familienhilfe;367010;Erziehungs-, Jugend- und Familienberatungsstellen;;19;Ergebnis der laufenden Verwaltungstätigkeit;;;-4.010,18;-4.200;-4.200;-4.200;-4.200;-4.200
3;Soziales und Jugend;36;Kinder-, Jugend- und Familienhilfe;367;Sonstige Einrichtungen der Kinder-, Jugend- und Familienhilfe;367010;Erziehungs-, Jugend- und Familienberatungsstellen;46;20;Finanzerträge;;;0,00;0;0;0;0;0
3;Soziales und Jugend;36;Kinder-, Jugend- und Familienhilfe;367;Sonstige Einrichtungen der Kinder-, Jugend- und Familienhilfe;367010;Erziehungs-, Jugend- und Familienberatungsstellen;55;21;Zinsen und sonstige Finanzaufwendungen;;;0,00;0;0;0;0;0
3;Soziales und Jugend;36;Kinder-, Jugend- und Familienhilfe;367;Sonstige Einrichtungen der Kinder-, Jugend- und Familienhilfe;367010;Erziehungs-, Jugend- und Familienberatungsstellen;;22;Finanzergebnis;;;0,00;0;0;0;0;0
3;Soziales und Jugend;36;Kinder-, Jugend- und Familienhilfe;367;Sonstige Einrichtungen der Kinder-, Jugend- und Familienhilfe;367010;Erziehungs-, Jugend- und Familienberatungsstellen;;23;Ergebnis vor Berücksichtigung der internen Leistungsbeziehungen;;;-4.010,18;-4.200;-4.200;-4.200;-4.200;-4.200
3;Soziales und Jugend;36;Kinder-, Jugend- und Familienhilfe;367;Sonstige Einrichtungen der Kinder-, Jugend- und Familienhilfe;367010;Erziehungs-, Jugend- und Familienberatungsstellen;48;24;Erträge aus internen Leistungsbeziehungen;;;0,00;0;0;0;0;0
3;Soziales und Jugend;36;Kinder-, Jugend- und Familienhilfe;367;Sonstige Einrichtungen der Kinder-, Jugend- und Familienhilfe;367010;Erziehungs-, Jugend- und Familienberatungsstellen;58;25;Aufwendungen aus internen Leistungsbeziehungen;;;0,00;0;0;0;0;0
3;Soziales und Jugend;36;Kinder-, Jugend- und Familienhilfe;367;Sonstige Einrichtungen der Kinder-, Jugend- und Familienhilfe;367010;Erziehungs-, Jugend- und Familienberatungsstellen;;26;Ergebnis;;;-4.010,18;-4.200;-4.200;-4.200;-4.200;-4.200
4;Gesundheit und Sport;42;Sportförderung;421;Förderung des Sports;421010;Förderung des Sports;40;1;Steuern und ähnliche Abgaben;;;0,00;0;0;0;0;0
4;Gesundheit und Sport;42;Sportförderung;421;Förderung des Sports;421010;Förderung des Sports;41;2;Zuwendungen und allgemeine Umlagen;;;0,00;10.000;10.500;0;0;0
4;Gesundheit und Sport;42;Sportförderung;421;Förderung des Sports;421010;Förderung des Sports;41;2;Zuwendungen und allgemeine Umlagen;414100;Zuweisung des Landes;0,00;10.000;10.000;0;0;0
4;Gesundheit und Sport;42;Sportförderung;421;Förderung des Sports;421010;Förderung des Sports;41;2;Zuwendungen und allgemeine Umlagen;414300;Zuweisung vom Schulverband;0,00;0;500;0;0;0
4;Gesundheit und Sport;42;Sportförderung;421;Förderung des Sports;421010;Förderung des Sports;42;3;sonstige Transfererträge;;;0,00;0;0;0;0;0
4;Gesundheit und Sport;42;Sportförderung;421;Förderung des Sports;421010;Förderung des Sports;43;4;öffentlich-rechtliche Leistungsentgelte;;;0,00;0;0;0;0;0
4;Gesundheit und Sport;42;Sportförderung;421;Förderung des Sports;421010;Förderung des Sports;441, 442, 446;5;privatrechtliche Leistungsentgelte;;;0,00;0;0;0;0;0
4;Gesundheit und Sport;42;Sportförderung;421;Förderung des Sports;421010;Förderung des Sports;448;6;Kostenerstattungen und Kostenumlagen;;;0,00;0;0;0;0;0
4;Gesundheit und Sport;42;Sportförderung;421;Förderung des Sports;421010;Förderung des Sports;45;7;sonstige Erträge;;;0,00;0;0;0;0;0
4;Gesundheit und Sport;42;Sportförderung;421;Förderung des Sports;421010;Förderung des Sports;471;8;aktivierte Eigenleistungen;;;0,00;0;0;0;0;0
4;Gesundheit und Sport;42;Sportförderung;421;Förderung des Sports;421010;Förderung des Sports;472;9;Bestandsveränderungen;;;0,00;0;0;0;0;0
4;Gesundheit und Sport;42;Sportförderung;421;Förderung des Sports;421010;Förderung des Sports;;10;Erträge;;;0,00;10.000;10.500;0;0;0
4;Gesundheit und Sport;42;Sportförderung;421;Förderung des Sports;421010;Förderung des Sports;50;11;Personalaufwendungen;;;0,00;0;0;0;0;0
4;Gesundheit und Sport;42;Sportförderung;421;Förderung des Sports;421010;Förderung des Sports;51;12;Versorgungsaufwendungen;;;0,00;0;0;0;0;0
4;Gesundheit und Sport;42;Sportförderung;421;Förderung des Sports;421010;Förderung des Sports;52;13;Aufwendungen für Sach- u. Dienstleistungen;;;0,00;0;0;0;0;0
4;Gesundheit und Sport;42;Sportförderung;421;Förderung des Sports;421010;Förderung des Sports;57;14;bilanzielle Abschreibungen;;;551,58;800;1.100;1.200;1.200;1.200
4;Gesundheit und Sport;42;Sportförderung;421;Förderung des Sports;421010;Förderung des Sports;57;14;bilanzielle Abschreibungen;574100;Abschreibungen auf geleistete Zuwendungen;551,58;800;1.100;1.200;1.200;1.200
4;Gesundheit und Sport;42;Sportförderung;421;Förderung des Sports;421010;Förderung des Sports;53;15;Transferaufwendungen;;;44.710,00;57.100;87.000;49.500;49.500;29.500
4;Gesundheit und Sport;42;Sportförderung;421;Förderung des Sports;421010;Förderung des Sports;53;15;Transferaufwendungen;531800;Regelzuschüsse;29.640,00;36.700;39.400;30.000;30.000;10.000
4;Gesundheit und Sport;42;Sportförderung;421;Förderung des Sports;421010;Förderung des Sports;53;15;Transferaufwendungen;531808;Zuschuss für Unterhaltung Sportplatz Königskoppel;15.070,00;20.400;17.600;19.500;19.500;19.500
4;Gesundheit und Sport;42;Sportförderung;421;Förderung des Sports;421010;Förderung des Sports;53;15;Transferaufwendungen;531813;Zuschuss Umsetzung Sportentwicklungsplanung;0,00;0;30.000;0;0;0
4;Gesundheit und Sport;42;Sportförderung;421;Förderung des Sports;421010;Förderung des Sports;54;16;sonstige Aufwendungen;;;0,00;45.000;11.000;0;0;0
4;Gesundheit und Sport;42;Sportförderung;421;Förderung des Sports;421010;Förderung des Sports;54;16;sonstige Aufwendungen;543150;Sachverständigen-, Gerichts- u.ä. Kosten;0,00;45.000;11.000;0;0;0
4;Gesundheit und Sport;42;Sportförderung;421;Förderung des Sports;421010;Förderung des Sports;;17;davon: Verfügungsmittel;;;0,00;0;0;0;0;0
4;Gesundheit und Sport;42;Sportförderung;421;Förderung des Sports;421010;Förderung des Sports;;18;Aufwendungen;;;45.261,58;102.900;99.100;50.700;50.700;30.700
4;Gesundheit und Sport;42;Sportförderung;421;Förderung des Sports;421010;Förderung des Sports;;19;Ergebnis der laufenden Verwaltungstätigkeit;;;-45.261,58;-92.900;-88.600;-50.700;-50.700;-30.700
4;Gesundheit und Sport;42;Sportförderung;421;Förderung des Sports;421010;Förderung des Sports;46;20;Finanzerträge;;;0,00;0;0;0;0;0
4;Gesundheit und Sport;42;Sportförderung;421;Förderung des Sports;421010;Förderung des Sports;55;21;Zinsen und sonstige Finanzaufwendungen;;;0,00;0;0;0;0;0
4;Gesundheit und Sport;42;Sportförderung;421;Förderung des Sports;421010;Förderung des Sports;;22;Finanzergebnis;;;0,00;0;0;0;0;0
4;Gesundheit und Sport;42;Sportförderung;421;Förderung des Sports;421010;Förderung des Sports;;23;Ergebnis vor Berücksichtigung der internen Leistungsbeziehungen;;;-45.261,58;-92.900;-88.600;-50.700;-50.700;-30.700
4;Gesundheit und Sport;42;Sportförderung;421;Förderung des Sports;421010;Förderung des Sports;48;24;Erträge aus internen Leistungsbeziehungen;;;0,00;0;0;0;0;0
4;Gesundheit und Sport;42;Sportförderung;421;Förderung des Sports;421010;Förderung des Sports;58;25;Aufwendungen aus internen Leistungsbeziehungen;;;0,00;0;0;0;0;0
4;Gesundheit und Sport;42;Sportförderung;421;Förderung des Sports;421010;Förderung des Sports;;26;Ergebnis;;;-45.261,58;-92.900;-88.600;-50.700;-50.700;-30.700
4;Gesundheit und Sport;42;Sportförderung;424;Sportstätten und Bäder;424010;Sportstätten und Bäder;40;1;Steuern und ähnliche Abgaben;;;0,00;0;0;0;0;0
4;Gesundheit und Sport;42;Sportförderung;424;Sportstätten und Bäder;424010;Sportstätten und Bäder;41;2;Zuwendungen und allgemeine Umlagen;;;0,00;0;0;0;0;0
4;Gesundheit und Sport;42;Sportförderung;424;Sportstätten und Bäder;424010;Sportstätten und Bäder;42;3;sonstige Transfererträge;;;0,00;0;0;0;0;0
4;Gesundheit und Sport;42;Sportförderung;424;Sportstätten und Bäder;424010;Sportstätten und Bäder;43;4;öffentlich-rechtliche Leistungsentgelte;;;0,00;0;0;0;0;0
4;Gesundheit und Sport;42;Sportförderung;424;Sportstätten und Bäder;424010;Sportstätten und Bäder;441, 442, 446;5;privatrechtliche Leistungsentgelte;;;0,00;0;0;0;0;0
4;Gesundheit und Sport;42;Sportförderung;424;Sportstätten und Bäder;424010;Sportstätten und Bäder;448;6;Kostenerstattungen und Kostenumlagen;;;0,00;0;0;0;0;0
4;Gesundheit und Sport;42;Sportförderung;424;Sportstätten und Bäder;424010;Sportstätten und Bäder;45;7;sonstige Erträge;;;0,00;0;0;0;0;0
4;Gesundheit und Sport;42;Sportförderung;424;Sportstätten und Bäder;424010;Sportstätten und Bäder;471;8;aktivierte Eigenleistungen;;;0,00;0;0;0;0;0
4;Gesundheit und Sport;42;Sportförderung;424;Sportstätten und Bäder;424010;Sportstätten und Bäder;472;9;Bestandsveränderungen;;;0,00;0;0;0;0;0
4;Gesundheit und Sport;42;Sportförderung;424;Sportstätten und Bäder;424010;Sportstätten und Bäder;;10;Erträge;;;0,00;0;0;0;0;0
4;Gesundheit und Sport;42;Sportförderung;424;Sportstätten und Bäder;424010;Sportstätten und Bäder;50;11;Personalaufwendungen;;;0,00;0;0;0;0;0
4;Gesundheit und Sport;42;Sportförderung;424;Sportstätten und Bäder;424010;Sportstätten und Bäder;51;12;Versorgungsaufwendungen;;;0,00;0;0;0;0;0
4;Gesundheit und Sport;42;Sportförderung;424;Sportstätten und Bäder;424010;Sportstätten und Bäder;52;13;Aufwendungen für Sach- u. Dienstleistungen;;;0,00;0;0;0;0;0
4;Gesundheit und Sport;42;Sportförderung;424;Sportstätten und Bäder;424010;Sportstätten und Bäder;57;14;bilanzielle Abschreibungen;;;0,00;0;0;0;0;0
4;Gesundheit und Sport;42;Sportförderung;424;Sportstätten und Bäder;424010;Sportstätten und Bäder;53;15;Transferaufwendungen;;;1.319,00;1.500;2.900;2.900;2.900;2.900
4;Gesundheit und Sport;42;Sportförderung;424;Sportstätten und Bäder;424010;Sportstätten und Bäder;53;15;Transferaufwendungen;531800;Zuschuss Sportanlage Königskoppel;1.319,00;1.500;2.900;2.900;2.900;2.900
4;Gesundheit und Sport;42;Sportförderung;424;Sportstätten und Bäder;424010;Sportstätten und Bäder;54;16;sonstige Aufwendungen;;;0,00;0;0;0;0;0
4;Gesundheit und Sport;42;Sportförderung;424;Sportstätten und Bäder;424010;Sportstätten und Bäder;;17;davon: Verfügungsmittel;;;0,00;0;0;0;0;0
4;Gesundheit und Sport;42;Sportförderung;424;Sportstätten und Bäder;424010;Sportstätten und Bäder;;18;Aufwendungen;;;1.319,00;1.500;2.900;2.900;2.900;2.900
4;Gesundheit und Sport;42;Sportförderung;424;Sportstätten und Bäder;424010;Sportstätten und Bäder;;19;Ergebnis der laufenden Verwaltungstätigkeit;;;-1.319,00;-1.500;-2.900;-2.900;-2.900;-2.900
4;Gesundheit und Sport;42;Sportförderung;424;Sportstätten und Bäder;424010;Sportstätten und Bäder;46;20;Finanzerträge;;;0,00;0;0;0;0;0
4;Gesundheit und Sport;42;Sportförderung;424;Sportstätten und Bäder;424010;Sportstätten und Bäder;55;21;Zinsen und sonstige Finanzaufwendungen;;;0,00;0;0;0;0;0
4;Gesundheit und Sport;42;Sportförderung;424;Sportstätten und Bäder;424010;Sportstätten und Bäder;;22;Finanzergebnis;;;0,00;0;0;0;0;0
4;Gesundheit und Sport;42;Sportförderung;424;Sportstätten und Bäder;424010;Sportstätten und Bäder;;23;Ergebnis vor Berücksichtigung der internen Leistungsbeziehungen;;;-1.319,00;-1.500;-2.900;-2.900;-2.900;-2.900
4;Gesundheit und Sport;42;Sportförderung;424;Sportstätten und Bäder;424010;Sportstätten und Bäder;48;24;Erträge aus internen Leistungsbeziehungen;;;0,00;0;0;0;0;0
4;Gesundheit und Sport;42;Sportförderung;424;Sportstätten und Bäder;424010;Sportstätten und Bäder;58;25;Aufwendungen aus internen Leistungsbeziehungen;;;0,00;0;0;0;0;0
4;Gesundheit und Sport;42;Sportförderung;424;Sportstätten und Bäder;424010;Sportstätten und Bäder;;26;Ergebnis;;;-1.319,00;-1.500;-2.900;-2.900;-2.900;-2.900
5;Gestaltung der Umwelt;51;Räumliche Planung und Entwicklung;511;Räumliche Planungs- und Entwicklungsmaßnahmen;511010;Orts- und Regionalplanung;40;1;Steuern und ähnliche Abgaben;;;0,00;0;0;0;0;0
5;Gestaltung der Umwelt;51;Räumliche Planung und Entwicklung;511;Räumliche Planungs- und Entwicklungsmaßnahmen;511010;Orts- und Regionalplanung;41;2;Zuwendungen und allgemeine Umlagen;;;10.000,00;5.000;0;0;0;0
5;Gestaltung der Umwelt;51;Räumliche Planung und Entwicklung;511;Räumliche Planungs- und Entwicklungsmaßnahmen;511010;Orts- und Regionalplanung;41;2;Zuwendungen und allgemeine Umlagen;414100;Zuweisung vom Land;10.000,00;5.000;0;0;0;0
5;Gestaltung der Umwelt;51;Räumliche Planung und Entwicklung;511;Räumliche Planungs- und Entwicklungsmaßnahmen;511010;Orts- und Regionalplanung;42;3;sonstige Transfererträge;;;0,00;0;0;0;0;0
5;Gestaltung der Umwelt;51;Räumliche Planung und Entwicklung;511;Räumliche Planungs- und Entwicklungsmaßnahmen;511010;Orts- und Regionalplanung;43;4;öffentlich-rechtliche Leistungsentgelte;;;0,00;0;0;0;0;0
5;Gestaltung der Umwelt;51;Räumliche Planung und Entwicklung;511;Räumliche Planungs- und Entwicklungsmaßnahmen;511010;Orts- und Regionalplanung;441, 442, 446;5;privatrechtliche Leistungsentgelte;;;0,00;0;0;0;0;0
5;Gestaltung der Umwelt;51;Räumliche Planung und Entwicklung;511;Räumliche Planungs- und Entwicklungsmaßnahmen;511010;Orts- und Regionalplanung;448;6;Kostenerstattungen und Kostenumlagen;;;2.255,24;24.100;7.500;7.500;7.500;7.500
5;Gestaltung der Umwelt;51;Räumliche Planung und Entwicklung;511;Räumliche Planungs- und Entwicklungsmaßnahmen;511010;Orts- und Regionalplanung;448;6;Kostenerstattungen und Kostenumlagen;448500;Erstattung Stadtwerke;254,93;100;0;0;0;0
5;Gestaltung der Umwelt;51;Räumliche Planung und Entwicklung;511;Räumliche Planungs- und Entwicklungsmaßnahmen;511010;Orts- und Regionalplanung;448;6;Kostenerstattungen und Kostenumlagen;448700;Erträge aus Kostenerstattungen, Kostenumlagen  - private Unternehmen -;0,00;16.500;0;0;0;0
5;Gestaltung der Umwelt;51;Räumliche Planung und Entwicklung;511;Räumliche Planungs- und Entwicklungsmaßnahmen;511010;Orts- und Regionalplanung;448;6;Kostenerstattungen und Kostenumlagen;448800;Erstattung Vermessungskosten;2.000,31;7.500;7.500;7.500;7.500;7.500
5;Gestaltung der Umwelt;51;Räumliche Planung und Entwicklung;511;Räumliche Planungs- und Entwicklungsmaßnahmen;511010;Orts- und Regionalplanung;45;7;sonstige Erträge;;;0,00;0;0;0;0;0
5;Gestaltung der Umwelt;51;Räumliche Planung und Entwicklung;511;Räumliche Planungs- und Entwicklungsmaßnahmen;511010;Orts- und Regionalplanung;471;8;aktivierte Eigenleistungen;;;0,00;0;0;0;0;0
5;Gestaltung der Umwelt;51;Räumliche Planung und Entwicklung;511;Räumliche Planungs- und Entwicklungsmaßnahmen;511010;Orts- und Regionalplanung;472;9;Bestandsveränderungen;;;0,00;0;0;0;0;0
5;Gestaltung der Umwelt;51;Räumliche Planung und Entwicklung;511;Räumliche Planungs- und Entwicklungsmaßnahmen;511010;Orts- und Regionalplanung;;10;Erträge;;;12.255,24;29.100;7.500;7.500;7.500;7.500
5;Gestaltung der Umwelt;51;Räumliche Planung und Entwicklung;511;Räumliche Planungs- und Entwicklungsmaßnahmen;511010;Orts- und Regionalplanung;50;11;Personalaufwendungen;;;79.712,86;96.100;97.500;100.500;103.600;106.700
5;Gestaltung der Umwelt;51;Räumliche Planung und Entwicklung;511;Räumliche Planungs- und Entwicklungsmaßnahmen;511010;Orts- und Regionalplanung;50;11;Personalaufwendungen;501200;Entgelte an ArbeitnehmerInnen;63.645,45;73.400;76.100;78.400;80.800;83.200
5;Gestaltung der Umwelt;51;Räumliche Planung und Entwicklung;511;Räumliche Planungs- und Entwicklungsmaßnahmen;511010;Orts- und Regionalplanung;50;11;Personalaufwendungen;502200;Zusatzversicherung ArbeitnehmerInnen;4.278,57;6.900;6.100;6.300;6.500;6.700
5;Gestaltung der Umwelt;51;Räumliche Planung und Entwicklung;511;Räumliche Planungs- und Entwicklungsmaßnahmen;511010;Orts- und Regionalplanung;50;11;Personalaufwendungen;503200;Beiträge gesetzliche Sozialversicherung ArbeitnehmerInnen;11.788,84;15.800;15.300;15.800;16.300;16.800
5;Gestaltung der Umwelt;51;Räumliche Planung und Entwicklung;511;Räumliche Planungs- und Entwicklungsmaßnahmen;511010;Orts- und Regionalplanung;51;12;Versorgungsaufwendungen;;;0,00;0;0;0;0;0
5;Gestaltung der Umwelt;51;Räumliche Planung und Entwicklung;511;Räumliche Planungs- und Entwicklungsmaßnahmen;511010;Orts- und Regionalplanung;52;13;Aufwendungen für Sach- u. Dienstleistungen;;;4.445,24;14.700;16.300;6.300;6.300;6.500
5;Gestaltung der Umwelt;51;Räumliche Planung und Entwicklung;511;Räumliche Planungs- und Entwicklungsmaßnahmen;511010;Orts- und Regionalplanung;52;13;Aufwendungen für Sach- u. Dienstleistungen;524110;Heizungskosten;1.844,66;2.200;2.300;2.300;2.300;2.400
5;Gestaltung der Umwelt;51;Räumliche Planung und Entwicklung;511;Räumliche Planungs- und Entwicklungsmaßnahmen;511010;Orts- und Regionalplanung;52;13;Aufwendungen für Sach- u. Dienstleistungen;524120;Reinigungskosten;43,11;100;200;200;200;200
5;Gestaltung der Umwelt;51;Räumliche Planung und Entwicklung;511;Räumliche Planungs- und Entwicklungsmaßnahmen;511010;Orts- und Regionalplanung;52;13;Aufwendungen für Sach- u. Dienstleistungen;524130;Wasserversorgung, Strom, Abwasser;1.526,75;1.800;2.100;2.100;2.100;2.200
5;Gestaltung der Umwelt;51;Räumliche Planung und Entwicklung;511;Räumliche Planungs- und Entwicklungsmaßnahmen;511010;Orts- und Regionalplanung;52;13;Aufwendungen für Sach- u. Dienstleistungen;524140;Gebäudeversicherungen;341,71;300;400;400;400;400
5;Gestaltung der Umwelt;51;Räumliche Planung und Entwicklung;511;Räumliche Planungs- und Entwicklungsmaßnahmen;511010;Orts- und Regionalplanung;52;13;Aufwendungen für Sach- u. Dienstleistungen;524150;Steuern und Abgaben;129,11;200;200;200;200;200
5;Gestaltung der Umwelt;51;Räumliche Planung und Entwicklung;511;Räumliche Planungs- und Entwicklungsmaßnahmen;511010;Orts- und Regionalplanung;52;13;Aufwendungen für Sach- u. Dienstleistungen;527100;Planungsunterlagen, Verbrauchsmittel;559,90;1.000;1.000;1.000;1.000;1.000
5;Gestaltung der Umwelt;51;Räumliche Planung und Entwicklung;511;Räumliche Planungs- und Entwicklungsmaßnahmen;511010;Orts- und Regionalplanung;52;13;Aufwendungen für Sach- u. Dienstleistungen;527101;Besondere Verwaltungs- u. Betriebsaufwendungen;0,00;100;100;100;100;100
5;Gestaltung der Umwelt;51;Räumliche Planung und Entwicklung;511;Räumliche Planungs- und Entwicklungsmaßnahmen;511010;Orts- und Regionalplanung;52;13;Aufwendungen für Sach- u. Dienstleistungen;529100;Aufwendungen für sonstige Dienstleistungen;0,00;9.000;10.000;0;0;0
5;Gestaltung der Umwelt;51;Räumliche Planung und Entwicklung;511;Räumliche Planungs- und Entwicklungsmaßnahmen;511010;Orts- und Regionalplanung;57;14;bilanzielle Abschreibungen;;;0,00;0;0;0;0;0
5;Gestaltung der Umwelt;51;Räumliche Planung und Entwicklung;511;Räumliche Planungs- und Entwicklungsmaßnahmen;511010;Orts- und Regionalplanung;53;15;Transferaufwendungen;;;0,00;0;0;0;0;0
5;Gestaltung der Umwelt;51;Räumliche Planung und Entwicklung;511;Räumliche Planungs- und Entwicklungsmaßnahmen;511010;Orts- und Regionalplanung;54;16;sonstige Aufwendungen;;;13.007,13;61.600;147.600;12.600;12.600;12.600
5;Gestaltung der Umwelt;51;Räumliche Planung und Entwicklung;511;Räumliche Planungs- und Entwicklungsmaßnahmen;511010;Orts- und Regionalplanung;54;16;sonstige Aufwendungen;543100;Bürobedarf;0,00;200;200;200;200;200
5;Gestaltung der Umwelt;51;Räumliche Planung und Entwicklung;511;Räumliche Planungs- und Entwicklungsmaßnahmen;511010;Orts- und Regionalplanung;54;16;sonstige Aufwendungen;543110;Bücher und Zeitschriften;1.191,02;1.300;1.300;1.300;1.300;1.300
5;Gestaltung der Umwelt;51;Räumliche Planung und Entwicklung;511;Räumliche Planungs- und Entwicklungsmaßnahmen;511010;Orts- und Regionalplanung;54;16;sonstige Aufwendungen;543130;Öffentliche Bekanntmachungen;1.407,20;3.500;3.500;3.500;3.500;3.500
5;Gestaltung der Umwelt;51;Räumliche Planung und Entwicklung;511;Räumliche Planungs- und Entwicklungsmaßnahmen;511010;Orts- und Regionalplanung;54;16;sonstige Aufwendungen;543140;Reisekosten;6,20;100;100;100;100;100
5;Gestaltung der Umwelt;51;Räumliche Planung und Entwicklung;511;Räumliche Planungs- und Entwicklungsmaßnahmen;511010;Orts- und Regionalplanung;54;16;sonstige Aufwendungen;543150;Sachverständigen-, Gerichts- u.ä. Kosten;3.582,61;49.000;135.000;0;0;0
5;Gestaltung der Umwelt;51;Räumliche Planung und Entwicklung;511;Räumliche Planungs- und Entwicklungsmaßnahmen;511010;Orts- und Regionalplanung;54;16;sonstige Aufwendungen;543165;Vermessungskosten;6.820,10;7.500;7.500;7.500;7.500;7.500
5;Gestaltung der Umwelt;51;Räumliche Planung und Entwicklung;511;Räumliche Planungs- und Entwicklungsmaßnahmen;511010;Orts- und Regionalplanung;;17;davon: Verfügungsmittel;;;0,00;0;0;0;0;0
5;Gestaltung der Umwelt;51;Räumliche Planung und Entwicklung;511;Räumliche Planungs- und Entwicklungsmaßnahmen;511010;Orts- und Regionalplanung;;18;Aufwendungen;;;97.165,23;172.400;261.400;119.400;122.500;125.800
5;Gestaltung der Umwelt;51;Räumliche Planung und Entwicklung;511;Räumliche Planungs- und Entwicklungsmaßnahmen;511010;Orts- und Regionalplanung;;19;Ergebnis der laufenden Verwaltungstätigkeit;;;-84.909,99;-143.300;-253.900;-111.900;-115.000;-118.300
5;Gestaltung der Umwelt;51;Räumliche Planung und Entwicklung;511;Räumliche Planungs- und Entwicklungsmaßnahmen;511010;Orts- und Regionalplanung;46;20;Finanzerträge;;;0,00;0;0;0;0;0
5;Gestaltung der Umwelt;51;Räumliche Planung und Entwicklung;511;Räumliche Planungs- und Entwicklungsmaßnahmen;511010;Orts- und Regionalplanung;55;21;Zinsen und sonstige Finanzaufwendungen;;;0,00;0;0;0;0;0
5;Gestaltung der Umwelt;51;Räumliche Planung und Entwicklung;511;Räumliche Planungs- und Entwicklungsmaßnahmen;511010;Orts- und Regionalplanung;;22;Finanzergebnis;;;0,00;0;0;0;0;0
5;Gestaltung der Umwelt;51;Räumliche Planung und Entwicklung;511;Räumliche Planungs- und Entwicklungsmaßnahmen;511010;Orts- und Regionalplanung;;23;Ergebnis vor Berücksichtigung der internen Leistungsbeziehungen;;;-84.909,99;-143.300;-253.900;-111.900;-115.000;-118.300
5;Gestaltung der Umwelt;51;Räumliche Planung und Entwicklung;511;Räumliche Planungs- und Entwicklungsmaßnahmen;511010;Orts- und Regionalplanung;48;24;Erträge aus internen Leistungsbeziehungen;;;0,00;0;0;0;0;0
5;Gestaltung der Umwelt;51;Räumliche Planung und Entwicklung;511;Räumliche Planungs- und Entwicklungsmaßnahmen;511010;Orts- und Regionalplanung;58;25;Aufwendungen aus internen Leistungsbeziehungen;;;0,00;0;0;0;0;0
5;Gestaltung der Umwelt;51;Räumliche Planung und Entwicklung;511;Räumliche Planungs- und Entwicklungsmaßnahmen;511010;Orts- und Regionalplanung;;26;Ergebnis;;;-84.909,99;-143.300;-253.900;-111.900;-115.000;-118.300
5;Gestaltung der Umwelt;51;Räumliche Planung und Entwicklung;511;Räumliche Planungs- und Entwicklungsmaßnahmen;511020;Städtebauförderung;40;1;Steuern und ähnliche Abgaben;;;0,00;0;0;0;0;0
5;Gestaltung der Umwelt;51;Räumliche Planung und Entwicklung;511;Räumliche Planungs- und Entwicklungsmaßnahmen;511020;Städtebauförderung;41;2;Zuwendungen und allgemeine Umlagen;;;17.222,19;17.200;17.200;17.200;17.200;17.200
5;Gestaltung der Umwelt;51;Räumliche Planung und Entwicklung;511;Räumliche Planungs- und Entwicklungsmaßnahmen;511020;Städtebauförderung;41;2;Zuwendungen und allgemeine Umlagen;416200;Erträge aus der Auflösung von Sonderposten aus Zuweisungen;17.222,19;17.200;17.200;17.200;17.200;17.200
5;Gestaltung der Umwelt;51;Räumliche Planung und Entwicklung;511;Räumliche Planungs- und Entwicklungsmaßnahmen;511020;Städtebauförderung;42;3;sonstige Transfererträge;;;0,00;0;0;0;0;0
5;Gestaltung der Umwelt;51;Räumliche Planung und Entwicklung;511;Räumliche Planungs- und Entwicklungsmaßnahmen;511020;Städtebauförderung;43;4;öffentlich-rechtliche Leistungsentgelte;;;807,35;800;800;800;800;800
5;Gestaltung der Umwelt;51;Räumliche Planung und Entwicklung;511;Räumliche Planungs- und Entwicklungsmaßnahmen;511020;Städtebauförderung;43;4;öffentlich-rechtliche Leistungsentgelte;437100;Erträge aus der Auflösung von Sonderposten für Beiträge;807,35;800;800;800;800;800
5;Gestaltung der Umwelt;51;Räumliche Planung und Entwicklung;511;Räumliche Planungs- und Entwicklungsmaßnahmen;511020;Städtebauförderung;441, 442, 446;5;privatrechtliche Leistungsentgelte;;;0,00;0;0;0;0;0
5;Gestaltung der Umwelt;51;Räumliche Planung und Entwicklung;511;Räumliche Planungs- und Entwicklungsmaßnahmen;511020;Städtebauförderung;448;6;Kostenerstattungen und Kostenumlagen;;;0,00;0;0;0;0;0
5;Gestaltung der Umwelt;51;Räumliche Planung und Entwicklung;511;Räumliche Planungs- und Entwicklungsmaßnahmen;511020;Städtebauförderung;45;7;sonstige Erträge;;;0,00;0;0;0;0;0
5;Gestaltung der Umwelt;51;Räumliche Planung und Entwicklung;511;Räumliche Planungs- und Entwicklungsmaßnahmen;511020;Städtebauförderung;471;8;aktivierte Eigenleistungen;;;0,00;0;0;0;0;0
5;Gestaltung der Umwelt;51;Räumliche Planung und Entwicklung;511;Räumliche Planungs- und Entwicklungsmaßnahmen;511020;Städtebauförderung;472;9;Bestandsveränderungen;;;0,00;0;0;0;0;0
5;Gestaltung der Umwelt;51;Räumliche Planung und Entwicklung;511;Räumliche Planungs- und Entwicklungsmaßnahmen;511020;Städtebauförderung;;10;Erträge;;;18.029,54;18.000;18.000;18.000;18.000;18.000
5;Gestaltung der Umwelt;51;Räumliche Planung und Entwicklung;511;Räumliche Planungs- und Entwicklungsmaßnahmen;511020;Städtebauförderung;50;11;Personalaufwendungen;;;43.569,02;46.400;32.500;33.600;34.700;35.800
5;Gestaltung der Umwelt;51;Räumliche Planung und Entwicklung;511;Räumliche Planungs- und Entwicklungsmaßnahmen;511020;Städtebauförderung;50;11;Personalaufwendungen;501200;Entgelte an ArbeitnehmerInnen;34.883,13;35.200;25.300;26.100;26.900;27.700
5;Gestaltung der Umwelt;51;Räumliche Planung und Entwicklung;511;Räumliche Planungs- und Entwicklungsmaßnahmen;511020;Städtebauförderung;50;11;Personalaufwendungen;502200;Zusatzversicherung ArbeitnehmerInnen;2.338,10;3.400;2.100;2.200;2.300;2.400
5;Gestaltung der Umwelt;51;Räumliche Planung und Entwicklung;511;Räumliche Planungs- und Entwicklungsmaßnahmen;511020;Städtebauförderung;50;11;Personalaufwendungen;503200;Beiträge gesetzliche Sozialversicherung ArbeitnehmerInnen;6.347,79;7.800;5.100;5.300;5.500;5.700
5;Gestaltung der Umwelt;51;Räumliche Planung und Entwicklung;511;Räumliche Planungs- und Entwicklungsmaßnahmen;511020;Städtebauförderung;51;12;Versorgungsaufwendungen;;;0,00;0;0;0;0;0
5;Gestaltung der Umwelt;51;Räumliche Planung und Entwicklung;511;Räumliche Planungs- und Entwicklungsmaßnahmen;511020;Städtebauförderung;52;13;Aufwendungen für Sach- u. Dienstleistungen;;;0,00;1.500;6.500;0;0;0
5;Gestaltung der Umwelt;51;Räumliche Planung und Entwicklung;511;Räumliche Planungs- und Entwicklungsmaßnahmen;511020;Städtebauförderung;52;13;Aufwendungen für Sach- u. Dienstleistungen;529100;Aufwendungen für sonstige Dienstleistungen;0,00;1.500;6.500;0;0;0
5;Gestaltung der Umwelt;51;Räumliche Planung und Entwicklung;511;Räumliche Planungs- und Entwicklungsmaßnahmen;511020;Städtebauförderung;57;14;bilanzielle Abschreibungen;;;65.185,11;65.300;65.300;65.300;65.200;57.700
5;Gestaltung der Umwelt;51;Räumliche Planung und Entwicklung;511;Räumliche Planungs- und Entwicklungsmaßnahmen;511020;Städtebauförderung;57;14;bilanzielle Abschreibungen;571100;Abschreibungen auf immaterielle Vermögensgegenstände und Sachanlagen;35.016,43;35.100;35.100;35.100;35.000;27.500
5;Gestaltung der Umwelt;51;Räumliche Planung und Entwicklung;511;Räumliche Planungs- und Entwicklungsmaßnahmen;511020;Städtebauförderung;57;14;bilanzielle Abschreibungen;574100;Abschreibungen auf geleistete Zuwendungen;30.168,68;30.200;30.200;30.200;30.200;30.200
5;Gestaltung der Umwelt;51;Räumliche Planung und Entwicklung;511;Räumliche Planungs- und Entwicklungsmaßnahmen;511020;Städtebauförderung;53;15;Transferaufwendungen;;;0,00;0;0;0;0;0
5;Gestaltung der Umwelt;51;Räumliche Planung und Entwicklung;511;Räumliche Planungs- und Entwicklungsmaßnahmen;511020;Städtebauförderung;54;16;sonstige Aufwendungen;;;93.027,95;359.000;400.600;330.300;336.000;336.000
5;Gestaltung der Umwelt;51;Räumliche Planung und Entwicklung;511;Räumliche Planungs- und Entwicklungsmaßnahmen;511020;Städtebauförderung;54;16;sonstige Aufwendungen;543150;Sachverständigenkosten u.ä.;79.471,33;247.000;293.000;283.000;283.000;283.000
5;Gestaltung der Umwelt;51;Räumliche Planung und Entwicklung;511;Räumliche Planungs- und Entwicklungsmaßnahmen;511020;Städtebauförderung;54;16;sonstige Aufwendungen;543160;Bearbeitungsentgelt;12.501,16;74.000;65.600;9.300;15.000;15.000
5;Gestaltung der Umwelt;51;Räumliche Planung und Entwicklung;511;Räumliche Planungs- und Entwicklungsmaßnahmen;511020;Städtebauförderung;54;16;sonstige Aufwendungen;548900;Strafzinsen;1.055,46;38.000;42.000;38.000;38.000;38.000
5;Gestaltung der Umwelt;51;Räumliche Planung und Entwicklung;511;Räumliche Planungs- und Entwicklungsmaßnahmen;511020;Städtebauförderung;;17;davon: Verfügungsmittel;;;0,00;0;0;0;0;0
5;Gestaltung der Umwelt;51;Räumliche Planung und Entwicklung;511;Räumliche Planungs- und Entwicklungsmaßnahmen;511020;Städtebauförderung;;18;Aufwendungen;;;201.782,08;472.200;504.900;429.200;435.900;429.500
5;Gestaltung der Umwelt;51;Räumliche Planung und Entwicklung;511;Räumliche Planungs- und Entwicklungsmaßnahmen;511020;Städtebauförderung;;19;Ergebnis der laufenden Verwaltungstätigkeit;;;-183.752,54;-454.200;-486.900;-411.200;-417.900;-411.500
5;Gestaltung der Umwelt;51;Räumliche Planung und Entwicklung;511;Räumliche Planungs- und Entwicklungsmaßnahmen;511020;Städtebauförderung;46;20;Finanzerträge;;;0,00;0;0;0;0;0
5;Gestaltung der Umwelt;51;Räumliche Planung und Entwicklung;511;Räumliche Planungs- und Entwicklungsmaßnahmen;511020;Städtebauförderung;55;21;Zinsen und sonstige Finanzaufwendungen;;;0,00;0;0;0;0;0
5;Gestaltung der Umwelt;51;Räumliche Planung und Entwicklung;511;Räumliche Planungs- und Entwicklungsmaßnahmen;511020;Städtebauförderung;;22;Finanzergebnis;;;0,00;0;0;0;0;0
5;Gestaltung der Umwelt;51;Räumliche Planung und Entwicklung;511;Räumliche Planungs- und Entwicklungsmaßnahmen;511020;Städtebauförderung;;23;Ergebnis vor Berücksichtigung der internen Leistungsbeziehungen;;;-183.752,54;-454.200;-486.900;-411.200;-417.900;-411.500
5;Gestaltung der Umwelt;51;Räumliche Planung und Entwicklung;511;Räumliche Planungs- und Entwicklungsmaßnahmen;511020;Städtebauförderung;48;24;Erträge aus internen Leistungsbeziehungen;;;0,00;0;0;0;0;0
5;Gestaltung der Umwelt;51;Räumliche Planung und Entwicklung;511;Räumliche Planungs- und Entwicklungsmaßnahmen;511020;Städtebauförderung;58;25;Aufwendungen aus internen Leistungsbeziehungen;;;0,00;0;0;0;0;0
5;Gestaltung der Umwelt;51;Räumliche Planung und Entwicklung;511;Räumliche Planungs- und Entwicklungsmaßnahmen;511020;Städtebauförderung;;26;Ergebnis;;;-183.752,54;-454.200;-486.900;-411.200;-417.900;-411.500
5;Gestaltung der Umwelt;52;Bauen und Wohnen;522;Wohnbauförderung;522010;Wohnungsbauförderung und Wohnungsfürsorge;40;1;Steuern und ähnliche Abgaben;;;0,00;0;0;0;0;0
5;Gestaltung der Umwelt;52;Bauen und Wohnen;522;Wohnbauförderung;522010;Wohnungsbauförderung und Wohnungsfürsorge;41;2;Zuwendungen und allgemeine Umlagen;;;0,00;0;0;0;0;0
5;Gestaltung der Umwelt;52;Bauen und Wohnen;522;Wohnbauförderung;522010;Wohnungsbauförderung und Wohnungsfürsorge;42;3;sonstige Transfererträge;;;0,00;0;0;0;0;0
5;Gestaltung der Umwelt;52;Bauen und Wohnen;522;Wohnbauförderung;522010;Wohnungsbauförderung und Wohnungsfürsorge;43;4;öffentlich-rechtliche Leistungsentgelte;;;0,00;0;0;0;0;0
5;Gestaltung der Umwelt;52;Bauen und Wohnen;522;Wohnbauförderung;522010;Wohnungsbauförderung und Wohnungsfürsorge;441, 442, 446;5;privatrechtliche Leistungsentgelte;;;0,00;0;0;0;0;0
5;Gestaltung der Umwelt;52;Bauen und Wohnen;522;Wohnbauförderung;522010;Wohnungsbauförderung und Wohnungsfürsorge;448;6;Kostenerstattungen und Kostenumlagen;;;0,00;0;0;0;0;0
5;Gestaltung der Umwelt;52;Bauen und Wohnen;522;Wohnbauförderung;522010;Wohnungsbauförderung und Wohnungsfürsorge;45;7;sonstige Erträge;;;0,00;0;0;0;0;0
5;Gestaltung der Umwelt;52;Bauen und Wohnen;522;Wohnbauförderung;522010;Wohnungsbauförderung und Wohnungsfürsorge;471;8;aktivierte Eigenleistungen;;;0,00;0;0;0;0;0
5;Gestaltung der Umwelt;52;Bauen und Wohnen;522;Wohnbauförderung;522010;Wohnungsbauförderung und Wohnungsfürsorge;472;9;Bestandsveränderungen;;;0,00;0;0;0;0;0
5;Gestaltung der Umwelt;52;Bauen und Wohnen;522;Wohnbauförderung;522010;Wohnungsbauförderung und Wohnungsfürsorge;;10;Erträge;;;0,00;0;0;0;0;0
5;Gestaltung der Umwelt;52;Bauen und Wohnen;522;Wohnbauförderung;522010;Wohnungsbauförderung und Wohnungsfürsorge;50;11;Personalaufwendungen;;;0,00;0;0;0;0;0
5;Gestaltung der Umwelt;52;Bauen und Wohnen;522;Wohnbauförderung;522010;Wohnungsbauförderung und Wohnungsfürsorge;51;12;Versorgungsaufwendungen;;;0,00;0;0;0;0;0
5;Gestaltung der Umwelt;52;Bauen und Wohnen;522;Wohnbauförderung;522010;Wohnungsbauförderung und Wohnungsfürsorge;52;13;Aufwendungen für Sach- u. Dienstleistungen;;;0,00;0;0;0;0;0
5;Gestaltung der Umwelt;52;Bauen und Wohnen;522;Wohnbauförderung;522010;Wohnungsbauförderung und Wohnungsfürsorge;57;14;bilanzielle Abschreibungen;;;0,00;0;0;0;0;0
5;Gestaltung der Umwelt;52;Bauen und Wohnen;522;Wohnbauförderung;522010;Wohnungsbauförderung und Wohnungsfürsorge;53;15;Transferaufwendungen;;;0,00;0;0;0;0;0
5;Gestaltung der Umwelt;52;Bauen und Wohnen;522;Wohnbauförderung;522010;Wohnungsbauförderung und Wohnungsfürsorge;54;16;sonstige Aufwendungen;;;0,00;0;0;0;0;0
5;Gestaltung der Umwelt;52;Bauen und Wohnen;522;Wohnbauförderung;522010;Wohnungsbauförderung und Wohnungsfürsorge;;17;davon: Verfügungsmittel;;;0,00;0;0;0;0;0
5;Gestaltung der Umwelt;52;Bauen und Wohnen;522;Wohnbauförderung;522010;Wohnungsbauförderung und Wohnungsfürsorge;;18;Aufwendungen;;;0,00;0;0;0;0;0
5;Gestaltung der Umwelt;52;Bauen und Wohnen;522;Wohnbauförderung;522010;Wohnungsbauförderung und Wohnungsfürsorge;;19;Ergebnis der laufenden Verwaltungstätigkeit;;;0,00;0;0;0;0;0
5;Gestaltung der Umwelt;52;Bauen und Wohnen;522;Wohnbauförderung;522010;Wohnungsbauförderung und Wohnungsfürsorge;46;20;Finanzerträge;;;1.919,71;1.700;1.600;1.500;1.400;1.200
5;Gestaltung der Umwelt;52;Bauen und Wohnen;522;Wohnbauförderung;522010;Wohnungsbauförderung und Wohnungsfürsorge;46;20;Finanzerträge;461800;Zinsen aus Darlehen;1.919,71;1.700;1.600;1.500;1.400;1.200
5;Gestaltung der Umwelt;52;Bauen und Wohnen;522;Wohnbauförderung;522010;Wohnungsbauförderung und Wohnungsfürsorge;55;21;Zinsen und sonstige Finanzaufwendungen;;;0,00;0;0;0;0;0
5;Gestaltung der Umwelt;52;Bauen und Wohnen;522;Wohnbauförderung;522010;Wohnungsbauförderung und Wohnungsfürsorge;;22;Finanzergebnis;;;1.919,71;1.700;1.600;1.500;1.400;1.200
5;Gestaltung der Umwelt;52;Bauen und Wohnen;522;Wohnbauförderung;522010;Wohnungsbauförderung und Wohnungsfürsorge;;23;Ergebnis vor Berücksichtigung der internen Leistungsbeziehungen;;;1.919,71;1.700;1.600;1.500;1.400;1.200
5;Gestaltung der Umwelt;52;Bauen und Wohnen;522;Wohnbauförderung;522010;Wohnungsbauförderung und Wohnungsfürsorge;48;24;Erträge aus internen Leistungsbeziehungen;;;0,00;0;0;0;0;0
5;Gestaltung der Umwelt;52;Bauen und Wohnen;522;Wohnbauförderung;522010;Wohnungsbauförderung und Wohnungsfürsorge;58;25;Aufwendungen aus internen Leistungsbeziehungen;;;0,00;0;0;0;0;0
5;Gestaltung der Umwelt;52;Bauen und Wohnen;522;Wohnbauförderung;522010;Wohnungsbauförderung und Wohnungsfürsorge;;26;Ergebnis;;;1.919,71;1.700;1.600;1.500;1.400;1.200
5;Gestaltung der Umwelt;53;Ver- und Entsorgung;535;Kombinierte Versorgung;535010;Stadtwerke Glückstadt GmbH;40;1;Steuern und ähnliche Abgaben;;;0,00;0;0;0;0;0
5;Gestaltung der Umwelt;53;Ver- und Entsorgung;535;Kombinierte Versorgung;535010;Stadtwerke Glückstadt GmbH;41;2;Zuwendungen und allgemeine Umlagen;;;0,00;0;0;0;0;0
5;Gestaltung der Umwelt;53;Ver- und Entsorgung;535;Kombinierte Versorgung;535010;Stadtwerke Glückstadt GmbH;42;3;sonstige Transfererträge;;;0,00;0;0;0;0;0
5;Gestaltung der Umwelt;53;Ver- und Entsorgung;535;Kombinierte Versorgung;535010;Stadtwerke Glückstadt GmbH;43;4;öffentlich-rechtliche Leistungsentgelte;;;0,00;0;0;0;0;0
5;Gestaltung der Umwelt;53;Ver- und Entsorgung;535;Kombinierte Versorgung;535010;Stadtwerke Glückstadt GmbH;441, 442, 446;5;privatrechtliche Leistungsentgelte;;;0,00;0;0;0;0;0
5;Gestaltung der Umwelt;53;Ver- und Entsorgung;535;Kombinierte Versorgung;535010;Stadtwerke Glückstadt GmbH;448;6;Kostenerstattungen und Kostenumlagen;;;0,00;0;0;0;0;0
5;Gestaltung der Umwelt;53;Ver- und Entsorgung;535;Kombinierte Versorgung;535010;Stadtwerke Glückstadt GmbH;45;7;sonstige Erträge;;;519.321,95;454.200;452.700;452.500;452.200;451.900
5;Gestaltung der Umwelt;53;Ver- und Entsorgung;535;Kombinierte Versorgung;535010;Stadtwerke Glückstadt GmbH;45;7;sonstige Erträge;451100;Konzessionsabgaben;515.106,07;450.300;448.800;448.800;448.800;448.800
5;Gestaltung der Umwelt;53;Ver- und Entsorgung;535;Kombinierte Versorgung;535010;Stadtwerke Glückstadt GmbH;45;7;sonstige Erträge;456300;Bürgschaftsprovision;4.215,88;3.900;3.900;3.700;3.400;3.100
5;Gestaltung der Umwelt;53;Ver- und Entsorgung;535;Kombinierte Versorgung;535010;Stadtwerke Glückstadt GmbH;471;8;aktivierte Eigenleistungen;;;0,00;0;0;0;0;0
5;Gestaltung der Umwelt;53;Ver- und Entsorgung;535;Kombinierte Versorgung;535010;Stadtwerke Glückstadt GmbH;472;9;Bestandsveränderungen;;;0,00;0;0;0;0;0
5;Gestaltung der Umwelt;53;Ver- und Entsorgung;535;Kombinierte Versorgung;535010;Stadtwerke Glückstadt GmbH;;10;Erträge;;;519.321,95;454.200;452.700;452.500;452.200;451.900
5;Gestaltung der Umwelt;53;Ver- und Entsorgung;535;Kombinierte Versorgung;535010;Stadtwerke Glückstadt GmbH;50;11;Personalaufwendungen;;;0,00;0;0;0;0;0
5;Gestaltung der Umwelt;53;Ver- und Entsorgung;535;Kombinierte Versorgung;535010;Stadtwerke Glückstadt GmbH;51;12;Versorgungsaufwendungen;;;0,00;0;0;0;0;0
5;Gestaltung der Umwelt;53;Ver- und Entsorgung;535;Kombinierte Versorgung;535010;Stadtwerke Glückstadt GmbH;52;13;Aufwendungen für Sach- u. Dienstleistungen;;;0,00;0;0;0;0;0
5;Gestaltung der Umwelt;53;Ver- und Entsorgung;535;Kombinierte Versorgung;535010;Stadtwerke Glückstadt GmbH;57;14;bilanzielle Abschreibungen;;;0,00;0;0;0;0;0
5;Gestaltung der Umwelt;53;Ver- und Entsorgung;535;Kombinierte Versorgung;535010;Stadtwerke Glückstadt GmbH;53;15;Transferaufwendungen;;;0,00;0;0;0;0;0
5;Gestaltung der Umwelt;53;Ver- und Entsorgung;535;Kombinierte Versorgung;535010;Stadtwerke Glückstadt GmbH;54;16;sonstige Aufwendungen;;;840.432,38;937.400;902.200;878.300;873.500;889.100
5;Gestaltung der Umwelt;53;Ver- und Entsorgung;535;Kombinierte Versorgung;535010;Stadtwerke Glückstadt GmbH;54;16;sonstige Aufwendungen;543150;Sachverständigen-, Gerichts- u.ä. Kosten;312,38;50.000;50.000;20.000;0;0
5;Gestaltung der Umwelt;53;Ver- und Entsorgung;535;Kombinierte Versorgung;535010;Stadtwerke Glückstadt GmbH;54;16;sonstige Aufwendungen;545500;Erstattung Konzessionsabgabe;0,00;35.200;0;0;0;0
5;Gestaltung der Umwelt;53;Ver- und Entsorgung;535;Kombinierte Versorgung;535010;Stadtwerke Glückstadt GmbH;54;16;sonstige Aufwendungen;545510;Erstattung von Leistungen Kommunaler Service;840.120,00;852.200;852.200;858.300;873.500;889.100
5;Gestaltung der Umwelt;53;Ver- und Entsorgung;535;Kombinierte Versorgung;535010;Stadtwerke Glückstadt GmbH;;17;davon: Verfügungsmittel;;;0,00;0;0;0;0;0
5;Gestaltung der Umwelt;53;Ver- und Entsorgung;535;Kombinierte Versorgung;535010;Stadtwerke Glückstadt GmbH;;18;Aufwendungen;;;840.432,38;937.400;902.200;878.300;873.500;889.100
5;Gestaltung der Umwelt;53;Ver- und Entsorgung;535;Kombinierte Versorgung;535010;Stadtwerke Glückstadt GmbH;;19;Ergebnis der laufenden Verwaltungstätigkeit;;;-321.110,43;-483.200;-449.500;-425.800;-421.300;-437.200
5;Gestaltung der Umwelt;53;Ver- und Entsorgung;535;Kombinierte Versorgung;535010;Stadtwerke Glückstadt GmbH;46;20;Finanzerträge;;;301.675,63;0;300.000;300.000;300.000;300.000
5;Gestaltung der Umwelt;53;Ver- und Entsorgung;535;Kombinierte Versorgung;535010;Stadtwerke Glückstadt GmbH;46;20;Finanzerträge;465100;Gewinnablieferung;301.675,63;0;300.000;300.000;300.000;300.000
5;Gestaltung der Umwelt;53;Ver- und Entsorgung;535;Kombinierte Versorgung;535010;Stadtwerke Glückstadt GmbH;55;21;Zinsen und sonstige Finanzaufwendungen;;;0,00;0;0;0;0;0
5;Gestaltung der Umwelt;53;Ver- und Entsorgung;535;Kombinierte Versorgung;535010;Stadtwerke Glückstadt GmbH;;22;Finanzergebnis;;;301.675,63;0;300.000;300.000;300.000;300.000
5;Gestaltung der Umwelt;53;Ver- und Entsorgung;535;Kombinierte Versorgung;535010;Stadtwerke Glückstadt GmbH;;23;Ergebnis vor Berücksichtigung der internen Leistungsbeziehungen;;;-19.434,80;-483.200;-149.500;-125.800;-121.300;-137.200
5;Gestaltung der Umwelt;53;Ver- und Entsorgung;535;Kombinierte Versorgung;535010;Stadtwerke Glückstadt GmbH;48;24;Erträge aus internen Leistungsbeziehungen;;;840.120,00;852.200;852.200;858.300;873.500;889.100
5;Gestaltung der Umwelt;53;Ver- und Entsorgung;535;Kombinierte Versorgung;535010;Stadtwerke Glückstadt GmbH;48;24;Erträge aus internen Leistungsbeziehungen;481110;Kommunaler Service - Innere Verrechnungen;840.120,00;852.200;852.200;858.300;873.500;889.100
5;Gestaltung der Umwelt;53;Ver- und Entsorgung;535;Kombinierte Versorgung;535010;Stadtwerke Glückstadt GmbH;58;25;Aufwendungen aus internen Leistungsbeziehungen;;;0,00;0;0;0;0;0
5;Gestaltung der Umwelt;53;Ver- und Entsorgung;535;Kombinierte Versorgung;535010;Stadtwerke Glückstadt GmbH;;26;Ergebnis;;;820.685,20;369.000;702.700;732.500;752.200;751.900
5;Gestaltung der Umwelt;53;Ver- und Entsorgung;538;Abwasserbeseitigung;538010;Abwasserbeseitigung;40;1;Steuern und ähnliche Abgaben;;;0,00;0;0;0;0;0
5;Gestaltung der Umwelt;53;Ver- und Entsorgung;538;Abwasserbeseitigung;538010;Abwasserbeseitigung;41;2;Zuwendungen und allgemeine Umlagen;;;0,00;0;0;0;0;0
5;Gestaltung der Umwelt;53;Ver- und Entsorgung;538;Abwasserbeseitigung;538010;Abwasserbeseitigung;42;3;sonstige Transfererträge;;;0,00;0;0;0;0;0
5;Gestaltung der Umwelt;53;Ver- und Entsorgung;538;Abwasserbeseitigung;538010;Abwasserbeseitigung;43;4;öffentlich-rechtliche Leistungsentgelte;;;0,00;0;0;0;0;0
5;Gestaltung der Umwelt;53;Ver- und Entsorgung;538;Abwasserbeseitigung;538010;Abwasserbeseitigung;441, 442, 446;5;privatrechtliche Leistungsentgelte;;;0,00;0;0;0;0;0
5;Gestaltung der Umwelt;53;Ver- und Entsorgung;538;Abwasserbeseitigung;538010;Abwasserbeseitigung;448;6;Kostenerstattungen und Kostenumlagen;;;0,00;0;0;0;0;0
5;Gestaltung der Umwelt;53;Ver- und Entsorgung;538;Abwasserbeseitigung;538010;Abwasserbeseitigung;45;7;sonstige Erträge;;;0,00;0;0;0;0;0
5;Gestaltung der Umwelt;53;Ver- und Entsorgung;538;Abwasserbeseitigung;538010;Abwasserbeseitigung;471;8;aktivierte Eigenleistungen;;;0,00;0;0;0;0;0
5;Gestaltung der Umwelt;53;Ver- und Entsorgung;538;Abwasserbeseitigung;538010;Abwasserbeseitigung;472;9;Bestandsveränderungen;;;0,00;0;0;0;0;0
5;Gestaltung der Umwelt;53;Ver- und Entsorgung;538;Abwasserbeseitigung;538010;Abwasserbeseitigung;;10;Erträge;;;0,00;0;0;0;0;0
5;Gestaltung der Umwelt;53;Ver- und Entsorgung;538;Abwasserbeseitigung;538010;Abwasserbeseitigung;50;11;Personalaufwendungen;;;0,00;0;0;0;0;0
5;Gestaltung der Umwelt;53;Ver- und Entsorgung;538;Abwasserbeseitigung;538010;Abwasserbeseitigung;51;12;Versorgungsaufwendungen;;;0,00;0;0;0;0;0
5;Gestaltung der Umwelt;53;Ver- und Entsorgung;538;Abwasserbeseitigung;538010;Abwasserbeseitigung;52;13;Aufwendungen für Sach- u. Dienstleistungen;;;0,00;0;0;0;0;0
5;Gestaltung der Umwelt;53;Ver- und Entsorgung;538;Abwasserbeseitigung;538010;Abwasserbeseitigung;57;14;bilanzielle Abschreibungen;;;0,00;0;0;0;0;0
5;Gestaltung der Umwelt;53;Ver- und Entsorgung;538;Abwasserbeseitigung;538010;Abwasserbeseitigung;53;15;Transferaufwendungen;;;0,00;0;0;0;0;0
5;Gestaltung der Umwelt;53;Ver- und Entsorgung;538;Abwasserbeseitigung;538010;Abwasserbeseitigung;54;16;sonstige Aufwendungen;;;0,00;0;0;0;0;0
5;Gestaltung der Umwelt;53;Ver- und Entsorgung;538;Abwasserbeseitigung;538010;Abwasserbeseitigung;;17;davon: Verfügungsmittel;;;0,00;0;0;0;0;0
5;Gestaltung der Umwelt;53;Ver- und Entsorgung;538;Abwasserbeseitigung;538010;Abwasserbeseitigung;;18;Aufwendungen;;;0,00;0;0;0;0;0
5;Gestaltung der Umwelt;53;Ver- und Entsorgung;538;Abwasserbeseitigung;538010;Abwasserbeseitigung;;19;Ergebnis der laufenden Verwaltungstätigkeit;;;0,00;0;0;0;0;0
5;Gestaltung der Umwelt;53;Ver- und Entsorgung;538;Abwasserbeseitigung;538010;Abwasserbeseitigung;46;20;Finanzerträge;;;2.342,91;2.400;2.400;2.400;2.400;2.400
5;Gestaltung der Umwelt;53;Ver- und Entsorgung;538;Abwasserbeseitigung;538010;Abwasserbeseitigung;46;20;Finanzerträge;465100;Verzinsung des Stammkapitals;2.342,91;2.400;2.400;2.400;2.400;2.400
5;Gestaltung der Umwelt;53;Ver- und Entsorgung;538;Abwasserbeseitigung;538010;Abwasserbeseitigung;55;21;Zinsen und sonstige Finanzaufwendungen;;;0,00;0;0;0;0;0
5;Gestaltung der Umwelt;53;Ver- und Entsorgung;538;Abwasserbeseitigung;538010;Abwasserbeseitigung;;22;Finanzergebnis;;;2.342,91;2.400;2.400;2.400;2.400;2.400
5;Gestaltung der Umwelt;53;Ver- und Entsorgung;538;Abwasserbeseitigung;538010;Abwasserbeseitigung;;23;Ergebnis vor Berücksichtigung der internen Leistungsbeziehungen;;;2.342,91;2.400;2.400;2.400;2.400;2.400
5;Gestaltung der Umwelt;53;Ver- und Entsorgung;538;Abwasserbeseitigung;538010;Abwasserbeseitigung;48;24;Erträge aus internen Leistungsbeziehungen;;;0,00;0;0;0;0;0
5;Gestaltung der Umwelt;53;Ver- und Entsorgung;538;Abwasserbeseitigung;538010;Abwasserbeseitigung;58;25;Aufwendungen aus internen Leistungsbeziehungen;;;0,00;0;0;0;0;0
5;Gestaltung der Umwelt;53;Ver- und Entsorgung;538;Abwasserbeseitigung;538010;Abwasserbeseitigung;;26;Ergebnis;;;2.342,91;2.400;2.400;2.400;2.400;2.400
5;Gestaltung der Umwelt;54;Verkehrsflächen und -anlagen, ÖPNV;541;Gemeindestraßen;541010;Gemeindestraßen;40;1;Steuern und ähnliche Abgaben;;;0,00;0;0;0;0;0
5;Gestaltung der Umwelt;54;Verkehrsflächen und -anlagen, ÖPNV;541;Gemeindestraßen;541010;Gemeindestraßen;41;2;Zuwendungen und allgemeine Umlagen;;;387.033,96;379.400;365.000;310.200;290.500;244.800
5;Gestaltung der Umwelt;54;Verkehrsflächen und -anlagen, ÖPNV;541;Gemeindestraßen;541010;Gemeindestraßen;41;2;Zuwendungen und allgemeine Umlagen;414100;Zuweisung Land;6.140,69;7.000;7.000;7.000;7.000;7.000
5;Gestaltung der Umwelt;54;Verkehrsflächen und -anlagen, ÖPNV;541;Gemeindestraßen;541010;Gemeindestraßen;41;2;Zuwendungen und allgemeine Umlagen;416100;Erträge aus der Auflösung von Sonderposten aus Zuschüssen;1.242,42;1.200;1.200;1.200;1.200;1.200
5;Gestaltung der Umwelt;54;Verkehrsflächen und -anlagen, ÖPNV;541;Gemeindestraßen;541010;Gemeindestraßen;41;2;Zuwendungen und allgemeine Umlagen;416200;Erträge aus der Auflösung von Sonderposten aus Zuweisungen;379.650,85;371.200;356.800;302.000;282.300;236.600
5;Gestaltung der Umwelt;54;Verkehrsflächen und -anlagen, ÖPNV;541;Gemeindestraßen;541010;Gemeindestraßen;42;3;sonstige Transfererträge;;;0,00;0;0;0;0;0
5;Gestaltung der Umwelt;54;Verkehrsflächen und -anlagen, ÖPNV;541;Gemeindestraßen;541010;Gemeindestraßen;43;4;öffentlich-rechtliche Leistungsentgelte;;;333.137,97;318.300;310.400;281.100;278.000;275.700
5;Gestaltung der Umwelt;54;Verkehrsflächen und -anlagen, ÖPNV;541;Gemeindestraßen;541010;Gemeindestraßen;43;4;öffentlich-rechtliche Leistungsentgelte;431100;Verwaltungsgebühren;20.869,46;15.000;16.000;16.000;16.000;16.000
5;Gestaltung der Umwelt;54;Verkehrsflächen und -anlagen, ÖPNV;541;Gemeindestraßen;541010;Gemeindestraßen;43;4;öffentlich-rechtliche Leistungsentgelte;432100;Sondernutzungsgebühr;67.083,88;66.000;60.100;35.000;35.000;35.000
5;Gestaltung der Umwelt;54;Verkehrsflächen und -anlagen, ÖPNV;541;Gemeindestraßen;541010;Gemeindestraßen;43;4;öffentlich-rechtliche Leistungsentgelte;437100;Erträge aus der Auflösung von Sonderposten für Beiträge;245.184,63;237.300;234.300;230.100;227.000;224.700
5;Gestaltung der Umwelt;54;Verkehrsflächen und -anlagen, ÖPNV;541;Gemeindestraßen;541010;Gemeindestraßen;441, 442, 446;5;privatrechtliche Leistungsentgelte;;;0,00;0;0;0;0;0
5;Gestaltung der Umwelt;54;Verkehrsflächen und -anlagen, ÖPNV;541;Gemeindestraßen;541010;Gemeindestraßen;448;6;Kostenerstattungen und Kostenumlagen;;;68.805,92;26.100;6.800;1.000;1.000;1.000
5;Gestaltung der Umwelt;54;Verkehrsflächen und -anlagen, ÖPNV;541;Gemeindestraßen;541010;Gemeindestraßen;448;6;Kostenerstattungen und Kostenumlagen;448300;Erstattung von Stadtentwässerung;54.815,51;0;0;0;0;0
5;Gestaltung der Umwelt;54;Verkehrsflächen und -anlagen, ÖPNV;541;Gemeindestraßen;541010;Gemeindestraßen;448;6;Kostenerstattungen und Kostenumlagen;448500;Erstattung Stadtwerke;1.904,63;19.300;0;0;0;0
5;Gestaltung der Umwelt;54;Verkehrsflächen und -anlagen, ÖPNV;541;Gemeindestraßen;541010;Gemeindestraßen;448;6;Kostenerstattungen und Kostenumlagen;448800;Erstattung von Dritten - FB IV;12.085,78;6.800;1.000;1.000;1.000;1.000
5;Gestaltung der Umwelt;54;Verkehrsflächen und -anlagen, ÖPNV;541;Gemeindestraßen;541010;Gemeindestraßen;448;6;Kostenerstattungen und Kostenumlagen;448810;Erstattungen von Dritten - FB I;0,00;0;5.800;0;0;0
5;Gestaltung der Umwelt;54;Verkehrsflächen und -anlagen, ÖPNV;541;Gemeindestraßen;541010;Gemeindestraßen;45;7;sonstige Erträge;;;1.016,36;1.000;1.000;1.000;1.000;1.000
5;Gestaltung der Umwelt;54;Verkehrsflächen und -anlagen, ÖPNV;541;Gemeindestraßen;541010;Gemeindestraßen;45;7;sonstige Erträge;457300;Erträge aus der Auflösung von sonstigen Sonderposten;1.016,36;1.000;1.000;1.000;1.000;1.000
5;Gestaltung der Umwelt;54;Verkehrsflächen und -anlagen, ÖPNV;541;Gemeindestraßen;541010;Gemeindestraßen;471;8;aktivierte Eigenleistungen;;;0,00;0;0;0;0;0
5;Gestaltung der Umwelt;54;Verkehrsflächen und -anlagen, ÖPNV;541;Gemeindestraßen;541010;Gemeindestraßen;472;9;Bestandsveränderungen;;;0,00;0;0;0;0;0
5;Gestaltung der Umwelt;54;Verkehrsflächen und -anlagen, ÖPNV;541;Gemeindestraßen;541010;Gemeindestraßen;;10;Erträge;;;789.994,21;724.800;683.200;593.300;570.500;522.500
5;Gestaltung der Umwelt;54;Verkehrsflächen und -anlagen, ÖPNV;541;Gemeindestraßen;541010;Gemeindestraßen;50;11;Personalaufwendungen;;;122.374,20;136.300;147.800;152.300;156.900;161.600
5;Gestaltung der Umwelt;54;Verkehrsflächen und -anlagen, ÖPNV;541;Gemeindestraßen;541010;Gemeindestraßen;50;11;Personalaufwendungen;501100;Beamtenbezüge;21.450,24;0;0;0;0;0
5;Gestaltung der Umwelt;54;Verkehrsflächen und -anlagen, ÖPNV;541;Gemeindestraßen;541010;Gemeindestraßen;50;11;Personalaufwendungen;501200;Entgelte an ArbeitnehmerInnen;74.125,70;102.800;115.000;118.500;122.100;125.800
5;Gestaltung der Umwelt;54;Verkehrsflächen und -anlagen, ÖPNV;541;Gemeindestraßen;541010;Gemeindestraßen;50;11;Personalaufwendungen;502100;VAK Beamte;5.406,73;0;0;0;0;0
5;Gestaltung der Umwelt;54;Verkehrsflächen und -anlagen, ÖPNV;541;Gemeindestraßen;541010;Gemeindestraßen;50;11;Personalaufwendungen;502200;Zusatzversicherung ArbeitnehmerInnen;4.967,43;9.800;9.500;9.800;10.100;10.400
5;Gestaltung der Umwelt;54;Verkehrsflächen und -anlagen, ÖPNV;541;Gemeindestraßen;541010;Gemeindestraßen;50;11;Personalaufwendungen;503200;Beiträge gesetzliche Sozialversicherung ArbeitnehmerInnen;14.597,74;22.100;23.300;24.000;24.700;25.400
5;Gestaltung der Umwelt;54;Verkehrsflächen und -anlagen, ÖPNV;541;Gemeindestraßen;541010;Gemeindestraßen;50;11;Personalaufwendungen;504100;Beihilfen;1.826,36;1.600;0;0;0;0
5;Gestaltung der Umwelt;54;Verkehrsflächen und -anlagen, ÖPNV;541;Gemeindestraßen;541010;Gemeindestraßen;51;12;Versorgungsaufwendungen;;;0,00;0;0;0;0;0
5;Gestaltung der Umwelt;54;Verkehrsflächen und -anlagen, ÖPNV;541;Gemeindestraßen;541010;Gemeindestraßen;52;13;Aufwendungen für Sach- u. Dienstleistungen;;;791.888,87;943.900;949.300;943.800;957.200;955.900
5;Gestaltung der Umwelt;54;Verkehrsflächen und -anlagen, ÖPNV;541;Gemeindestraßen;541010;Gemeindestraßen;52;13;Aufwendungen für Sach- u. Dienstleistungen;522100;Unterhaltung Straßen;197.373,08;230.000;275.000;267.400;267.400;267.400
5;Gestaltung der Umwelt;54;Verkehrsflächen und -anlagen, ÖPNV;541;Gemeindestraßen;541010;Gemeindestraßen;52;13;Aufwendungen für Sach- u. Dienstleistungen;522115;Ortsentwässerung;444.618,71;473.500;464.000;473.300;482.800;492.500
5;Gestaltung der Umwelt;54;Verkehrsflächen und -anlagen, ÖPNV;541;Gemeindestraßen;541010;Gemeindestraßen;52;13;Aufwendungen für Sach- u. Dienstleistungen;522116;Reinigung der Regenwassereinläufe;18.406,95;31.000;31.000;31.000;31.000;31.000
5;Gestaltung der Umwelt;54;Verkehrsflächen und -anlagen, ÖPNV;541;Gemeindestraßen;541010;Gemeindestraßen;52;13;Aufwendungen für Sach- u. Dienstleistungen;522118;Sanierung von Geh- und Radwegen;0,00;40.000;30.000;30.000;30.000;15.000
5;Gestaltung der Umwelt;54;Verkehrsflächen und -anlagen, ÖPNV;541;Gemeindestraßen;541010;Gemeindestraßen;52;13;Aufwendungen für Sach- u. Dienstleistungen;522119;Verkehrszeichen;16.615,45;22.000;18.000;7.000;7.000;7.000
5;Gestaltung der Umwelt;54;Verkehrsflächen und -anlagen, ÖPNV;541;Gemeindestraßen;541010;Gemeindestraßen;52;13;Aufwendungen für Sach- u. Dienstleistungen;522120;Unterhaltungskosten Straßenbeleuchtung;37.004,53;60.900;60.900;62.700;64.600;66.500
5;Gestaltung der Umwelt;54;Verkehrsflächen und -anlagen, ÖPNV;541;Gemeindestraßen;541010;Gemeindestraßen;52;13;Aufwendungen für Sach- u. Dienstleistungen;524110;Heizungskosten;618,33;900;900;900;900;900
5;Gestaltung der Umwelt;54;Verkehrsflächen und -anlagen, ÖPNV;541;Gemeindestraßen;541010;Gemeindestraßen;52;13;Aufwendungen für Sach- u. Dienstleistungen;524120;Reinigungskosten;14,37;100;900;900;900;900
5;Gestaltung der Umwelt;54;Verkehrsflächen und -anlagen, ÖPNV;541;Gemeindestraßen;541010;Gemeindestraßen;52;13;Aufwendungen für Sach- u. Dienstleistungen;524125;Denkmal-Reinigung;0,00;500;500;500;500;500
5;Gestaltung der Umwelt;54;Verkehrsflächen und -anlagen, ÖPNV;541;Gemeindestraßen;541010;Gemeindestraßen;52;13;Aufwendungen für Sach- u. Dienstleistungen;524130;Wasserversorgung, Strom, Abwasser;597,32;900;900;900;900;900
5;Gestaltung der Umwelt;54;Verkehrsflächen und -anlagen, ÖPNV;541;Gemeindestraßen;541010;Gemeindestraßen;52;13;Aufwendungen für Sach- u. Dienstleistungen;524140;Gebäudeversicherungen;114,79;100;200;200;200;200
5;Gestaltung der Umwelt;54;Verkehrsflächen und -anlagen, ÖPNV;541;Gemeindestraßen;541010;Gemeindestraßen;52;13;Aufwendungen für Sach- u. Dienstleistungen;524150;Steuern und Abgaben;43,28;100;100;100;100;100
5;Gestaltung der Umwelt;54;Verkehrsflächen und -anlagen, ÖPNV;541;Gemeindestraßen;541010;Gemeindestraßen;52;13;Aufwendungen für Sach- u. Dienstleistungen;524160;sonstige Bewirtschaftungskosten;1.757,57;1.000;1.800;1.800;1.800;1.800
5;Gestaltung der Umwelt;54;Verkehrsflächen und -anlagen, ÖPNV;541;Gemeindestraßen;541010;Gemeindestraßen;52;13;Aufwendungen für Sach- u. Dienstleistungen;527100;Besondere Verwaltungs- und Betriebsaufwendungen;0,00;100;100;100;100;100
5;Gestaltung der Umwelt;54;Verkehrsflächen und -anlagen, ÖPNV;541;Gemeindestraßen;541010;Gemeindestraßen;52;13;Aufwendungen für Sach- u. Dienstleistungen;527190;Strom Straßenbeleuchtung;74.724,49;82.800;65.000;67.000;69.000;71.100
5;Gestaltung der Umwelt;54;Verkehrsflächen und -anlagen, ÖPNV;541;Gemeindestraßen;541010;Gemeindestraßen;57;14;bilanzielle Abschreibungen;;;1.009.859,34;1.046.000;1.021.100;952.200;930.500;871.100
5;Gestaltung der Umwelt;54;Verkehrsflächen und -anlagen, ÖPNV;541;Gemeindestraßen;541010;Gemeindestraßen;57;14;bilanzielle Abschreibungen;571100;Abschreibungen auf immaterielle Vermögensgegenstände und Sachanlagen;1.006.885,68;1.043.000;1.018.100;949.200;927.500;868.100
5;Gestaltung der Umwelt;54;Verkehrsflächen und -anlagen, ÖPNV;541;Gemeindestraßen;541010;Gemeindestraßen;57;14;bilanzielle Abschreibungen;574100;Abschreibungen auf geleistete Zuwendungen;2.973,66;3.000;3.000;3.000;3.000;3.000
5;Gestaltung der Umwelt;54;Verkehrsflächen und -anlagen, ÖPNV;541;Gemeindestraßen;541010;Gemeindestraßen;53;15;Transferaufwendungen;;;0,00;0;0;0;0;0
5;Gestaltung der Umwelt;54;Verkehrsflächen und -anlagen, ÖPNV;541;Gemeindestraßen;541010;Gemeindestraßen;54;16;sonstige Aufwendungen;;;0,00;12.400;1.400;1.400;1.400;1.400
5;Gestaltung der Umwelt;54;Verkehrsflächen und -anlagen, ÖPNV;541;Gemeindestraßen;541010;Gemeindestraßen;54;16;sonstige Aufwendungen;542910;Mitgliedsbeiträge;0,00;1.000;1.000;1.000;1.000;1.000
5;Gestaltung der Umwelt;54;Verkehrsflächen und -anlagen, ÖPNV;541;Gemeindestraßen;541010;Gemeindestraßen;54;16;sonstige Aufwendungen;543100;Bürobedarf;0,00;100;100;100;100;100
5;Gestaltung der Umwelt;54;Verkehrsflächen und -anlagen, ÖPNV;541;Gemeindestraßen;541010;Gemeindestraßen;54;16;sonstige Aufwendungen;543110;Bücher und Zeitschriften;0,00;100;100;100;100;100
5;Gestaltung der Umwelt;54;Verkehrsflächen und -anlagen, ÖPNV;541;Gemeindestraßen;541010;Gemeindestraßen;54;16;sonstige Aufwendungen;543130;Öffentliche Bekanntmachungen;0,00;100;100;100;100;100
5;Gestaltung der Umwelt;54;Verkehrsflächen und -anlagen, ÖPNV;541;Gemeindestraßen;541010;Gemeindestraßen;54;16;sonstige Aufwendungen;543140;Reisekosten;0,00;100;100;100;100;100
5;Gestaltung der Umwelt;54;Verkehrsflächen und -anlagen, ÖPNV;541;Gemeindestraßen;541010;Gemeindestraßen;54;16;sonstige Aufwendungen;543150;Sachverständigen-, Gerichts- u. ä. Kosten;0,00;11.000;0;0;0;0
5;Gestaltung der Umwelt;54;Verkehrsflächen und -anlagen, ÖPNV;541;Gemeindestraßen;541010;Gemeindestraßen;;17;davon: Verfügungsmittel;;;0,00;0;0;0;0;0
5;Gestaltung der Umwelt;54;Verkehrsflächen und -anlagen, ÖPNV;541;Gemeindestraßen;541010;Gemeindestraßen;;18;Aufwendungen;;;1.924.122,41;2.138.600;2.119.600;2.049.700;2.046.000;1.990.000
5;Gestaltung der Umwelt;54;Verkehrsflächen und -anlagen, ÖPNV;541;Gemeindestraßen;541010;Gemeindestraßen;;19;Ergebnis der laufenden Verwaltungstätigkeit;;;-1.134.128,20;-1.413.800;-1.436.400;-1.456.400;-1.475.500;-1.467.500
5;Gestaltung der Umwelt;54;Verkehrsflächen und -anlagen, ÖPNV;541;Gemeindestraßen;541010;Gemeindestraßen;46;20;Finanzerträge;;;0,00;0;0;0;0;0
5;Gestaltung der Umwelt;54;Verkehrsflächen und -anlagen, ÖPNV;541;Gemeindestraßen;541010;Gemeindestraßen;55;21;Zinsen und sonstige Finanzaufwendungen;;;0,00;0;0;0;0;0
5;Gestaltung der Umwelt;54;Verkehrsflächen und -anlagen, ÖPNV;541;Gemeindestraßen;541010;Gemeindestraßen;;22;Finanzergebnis;;;0,00;0;0;0;0;0
5;Gestaltung der Umwelt;54;Verkehrsflächen und -anlagen, ÖPNV;541;Gemeindestraßen;541010;Gemeindestraßen;;23;Ergebnis vor Berücksichtigung der internen Leistungsbeziehungen;;;-1.134.128,20;-1.413.800;-1.436.400;-1.456.400;-1.475.500;-1.467.500
5;Gestaltung der Umwelt;54;Verkehrsflächen und -anlagen, ÖPNV;541;Gemeindestraßen;541010;Gemeindestraßen;48;24;Erträge aus internen Leistungsbeziehungen;;;0,00;0;0;0;0;0
5;Gestaltung der Umwelt;54;Verkehrsflächen und -anlagen, ÖPNV;541;Gemeindestraßen;541010;Gemeindestraßen;58;25;Aufwendungen aus internen Leistungsbeziehungen;;;86.620,00;86.700;86.700;86.700;86.700;86.700
5;Gestaltung der Umwelt;54;Verkehrsflächen und -anlagen, ÖPNV;541;Gemeindestraßen;541010;Gemeindestraßen;58;25;Aufwendungen aus internen Leistungsbeziehungen;581110;Aufwendungen Kommunaler Service - Innere Verrechnungen;86.620,00;86.700;86.700;86.700;86.700;86.700
5;Gestaltung der Umwelt;54;Verkehrsflächen und -anlagen, ÖPNV;541;Gemeindestraßen;541010;Gemeindestraßen;;26;Ergebnis;;;-1.220.748,20;-1.500.500;-1.523.100;-1.543.100;-1.562.200;-1.554.200
5;Gestaltung der Umwelt;54;Verkehrsflächen und -anlagen, ÖPNV;542;Kreisstraßen;542010;Kreisstraßen;40;1;Steuern und ähnliche Abgaben;;;0,00;0;0;0;0;0
5;Gestaltung der Umwelt;54;Verkehrsflächen und -anlagen, ÖPNV;542;Kreisstraßen;542010;Kreisstraßen;41;2;Zuwendungen und allgemeine Umlagen;;;0,00;0;0;0;0;0
5;Gestaltung der Umwelt;54;Verkehrsflächen und -anlagen, ÖPNV;542;Kreisstraßen;542010;Kreisstraßen;42;3;sonstige Transfererträge;;;0,00;0;0;0;0;0
5;Gestaltung der Umwelt;54;Verkehrsflächen und -anlagen, ÖPNV;542;Kreisstraßen;542010;Kreisstraßen;43;4;öffentlich-rechtliche Leistungsentgelte;;;0,00;0;0;0;0;0
5;Gestaltung der Umwelt;54;Verkehrsflächen und -anlagen, ÖPNV;542;Kreisstraßen;542010;Kreisstraßen;441, 442, 446;5;privatrechtliche Leistungsentgelte;;;0,00;0;0;0;0;0
5;Gestaltung der Umwelt;54;Verkehrsflächen und -anlagen, ÖPNV;542;Kreisstraßen;542010;Kreisstraßen;448;6;Kostenerstattungen und Kostenumlagen;;;0,00;0;0;0;0;0
5;Gestaltung der Umwelt;54;Verkehrsflächen und -anlagen, ÖPNV;542;Kreisstraßen;542010;Kreisstraßen;45;7;sonstige Erträge;;;0,00;0;0;0;0;0
5;Gestaltung der Umwelt;54;Verkehrsflächen und -anlagen, ÖPNV;542;Kreisstraßen;542010;Kreisstraßen;471;8;aktivierte Eigenleistungen;;;0,00;0;0;0;0;0
5;Gestaltung der Umwelt;54;Verkehrsflächen und -anlagen, ÖPNV;542;Kreisstraßen;542010;Kreisstraßen;472;9;Bestandsveränderungen;;;0,00;0;0;0;0;0
5;Gestaltung der Umwelt;54;Verkehrsflächen und -anlagen, ÖPNV;542;Kreisstraßen;542010;Kreisstraßen;;10;Erträge;;;0,00;0;0;0;0;0
5;Gestaltung der Umwelt;54;Verkehrsflächen und -anlagen, ÖPNV;542;Kreisstraßen;542010;Kreisstraßen;50;11;Personalaufwendungen;;;0,00;0;0;0;0;0
5;Gestaltung der Umwelt;54;Verkehrsflächen und -anlagen, ÖPNV;542;Kreisstraßen;542010;Kreisstraßen;51;12;Versorgungsaufwendungen;;;0,00;0;0;0;0;0
5;Gestaltung der Umwelt;54;Verkehrsflächen und -anlagen, ÖPNV;542;Kreisstraßen;542010;Kreisstraßen;52;13;Aufwendungen für Sach- u. Dienstleistungen;;;6.100,00;6.100;5.300;5.500;5.700;5.900
5;Gestaltung der Umwelt;54;Verkehrsflächen und -anlagen, ÖPNV;542;Kreisstraßen;542010;Kreisstraßen;52;13;Aufwendungen für Sach- u. Dienstleistungen;522120;Unterhaltungskosten Straßenbeleuchtung;2.600,00;2.600;2.600;2.700;2.800;2.900
5;Gestaltung der Umwelt;54;Verkehrsflächen und -anlagen, ÖPNV;542;Kreisstraßen;542010;Kreisstraßen;52;13;Aufwendungen für Sach- u. Dienstleistungen;527190;Strom Straßenbeleuchtung;3.500,00;3.500;2.700;2.800;2.900;3.000
5;Gestaltung der Umwelt;54;Verkehrsflächen und -anlagen, ÖPNV;542;Kreisstraßen;542010;Kreisstraßen;57;14;bilanzielle Abschreibungen;;;0,00;0;0;0;0;0
5;Gestaltung der Umwelt;54;Verkehrsflächen und -anlagen, ÖPNV;542;Kreisstraßen;542010;Kreisstraßen;53;15;Transferaufwendungen;;;0,00;0;0;0;0;0
5;Gestaltung der Umwelt;54;Verkehrsflächen und -anlagen, ÖPNV;542;Kreisstraßen;542010;Kreisstraßen;54;16;sonstige Aufwendungen;;;0,00;0;0;0;0;0
5;Gestaltung der Umwelt;54;Verkehrsflächen und -anlagen, ÖPNV;542;Kreisstraßen;542010;Kreisstraßen;;17;davon: Verfügungsmittel;;;0,00;0;0;0;0;0
5;Gestaltung der Umwelt;54;Verkehrsflächen und -anlagen, ÖPNV;542;Kreisstraßen;542010;Kreisstraßen;;18;Aufwendungen;;;6.100,00;6.100;5.300;5.500;5.700;5.900
5;Gestaltung der Umwelt;54;Verkehrsflächen und -anlagen, ÖPNV;542;Kreisstraßen;542010;Kreisstraßen;;19;Ergebnis der laufenden Verwaltungstätigkeit;;;-6.100,00;-6.100;-5.300;-5.500;-5.700;-5.900
5;Gestaltung der Umwelt;54;Verkehrsflächen und -anlagen, ÖPNV;542;Kreisstraßen;542010;Kreisstraßen;46;20;Finanzerträge;;;0,00;0;0;0;0;0
5;Gestaltung der Umwelt;54;Verkehrsflächen und -anlagen, ÖPNV;542;Kreisstraßen;542010;Kreisstraßen;55;21;Zinsen und sonstige Finanzaufwendungen;;;0,00;0;0;0;0;0
5;Gestaltung der Umwelt;54;Verkehrsflächen und -anlagen, ÖPNV;542;Kreisstraßen;542010;Kreisstraßen;;22;Finanzergebnis;;;0,00;0;0;0;0;0
5;Gestaltung der Umwelt;54;Verkehrsflächen und -anlagen, ÖPNV;542;Kreisstraßen;542010;Kreisstraßen;;23;Ergebnis vor Berücksichtigung der internen Leistungsbeziehungen;;;-6.100,00;-6.100;-5.300;-5.500;-5.700;-5.900
5;Gestaltung der Umwelt;54;Verkehrsflächen und -anlagen, ÖPNV;542;Kreisstraßen;542010;Kreisstraßen;48;24;Erträge aus internen Leistungsbeziehungen;;;0,00;0;0;0;0;0
5;Gestaltung der Umwelt;54;Verkehrsflächen und -anlagen, ÖPNV;542;Kreisstraßen;542010;Kreisstraßen;58;25;Aufwendungen aus internen Leistungsbeziehungen;;;0,00;0;0;0;0;0
5;Gestaltung der Umwelt;54;Verkehrsflächen und -anlagen, ÖPNV;542;Kreisstraßen;542010;Kreisstraßen;;26;Ergebnis;;;-6.100,00;-6.100;-5.300;-5.500;-5.700;-5.900
5;Gestaltung der Umwelt;54;Verkehrsflächen und -anlagen, ÖPNV;543;Landesstraßen;543010;Landesstraßen;40;1;Steuern und ähnliche Abgaben;;;0,00;0;0;0;0;0
5;Gestaltung der Umwelt;54;Verkehrsflächen und -anlagen, ÖPNV;543;Landesstraßen;543010;Landesstraßen;41;2;Zuwendungen und allgemeine Umlagen;;;0,00;0;0;0;0;0
5;Gestaltung der Umwelt;54;Verkehrsflächen und -anlagen, ÖPNV;543;Landesstraßen;543010;Landesstraßen;42;3;sonstige Transfererträge;;;0,00;0;0;0;0;0
5;Gestaltung der Umwelt;54;Verkehrsflächen und -anlagen, ÖPNV;543;Landesstraßen;543010;Landesstraßen;43;4;öffentlich-rechtliche Leistungsentgelte;;;0,00;0;0;0;0;0
5;Gestaltung der Umwelt;54;Verkehrsflächen und -anlagen, ÖPNV;543;Landesstraßen;543010;Landesstraßen;441, 442, 446;5;privatrechtliche Leistungsentgelte;;;0,00;0;0;0;0;0
5;Gestaltung der Umwelt;54;Verkehrsflächen und -anlagen, ÖPNV;543;Landesstraßen;543010;Landesstraßen;448;6;Kostenerstattungen und Kostenumlagen;;;0,00;0;0;0;0;0
5;Gestaltung der Umwelt;54;Verkehrsflächen und -anlagen, ÖPNV;543;Landesstraßen;543010;Landesstraßen;45;7;sonstige Erträge;;;0,00;0;0;0;0;0
5;Gestaltung der Umwelt;54;Verkehrsflächen und -anlagen, ÖPNV;543;Landesstraßen;543010;Landesstraßen;471;8;aktivierte Eigenleistungen;;;0,00;0;0;0;0;0
5;Gestaltung der Umwelt;54;Verkehrsflächen und -anlagen, ÖPNV;543;Landesstraßen;543010;Landesstraßen;472;9;Bestandsveränderungen;;;0,00;0;0;0;0;0
5;Gestaltung der Umwelt;54;Verkehrsflächen und -anlagen, ÖPNV;543;Landesstraßen;543010;Landesstraßen;;10;Erträge;;;0,00;0;0;0;0;0
5;Gestaltung der Umwelt;54;Verkehrsflächen und -anlagen, ÖPNV;543;Landesstraßen;543010;Landesstraßen;50;11;Personalaufwendungen;;;0,00;0;0;0;0;0
5;Gestaltung der Umwelt;54;Verkehrsflächen und -anlagen, ÖPNV;543;Landesstraßen;543010;Landesstraßen;51;12;Versorgungsaufwendungen;;;0,00;0;0;0;0;0
5;Gestaltung der Umwelt;54;Verkehrsflächen und -anlagen, ÖPNV;543;Landesstraßen;543010;Landesstraßen;52;13;Aufwendungen für Sach- u. Dienstleistungen;;;1.100,00;1.100;1.000;1.000;1.000;1.000
5;Gestaltung der Umwelt;54;Verkehrsflächen und -anlagen, ÖPNV;543;Landesstraßen;543010;Landesstraßen;52;13;Aufwendungen für Sach- u. Dienstleistungen;522120;Unterhaltungskosten Straßenbeleuchtung;500,00;500;500;500;500;500
5;Gestaltung der Umwelt;54;Verkehrsflächen und -anlagen, ÖPNV;543;Landesstraßen;543010;Landesstraßen;52;13;Aufwendungen für Sach- u. Dienstleistungen;527190;Strom Straßenbeleuchtung;600,00;600;500;500;500;500
5;Gestaltung der Umwelt;54;Verkehrsflächen und -anlagen, ÖPNV;543;Landesstraßen;543010;Landesstraßen;57;14;bilanzielle Abschreibungen;;;0,00;0;0;0;0;0
5;Gestaltung der Umwelt;54;Verkehrsflächen und -anlagen, ÖPNV;543;Landesstraßen;543010;Landesstraßen;53;15;Transferaufwendungen;;;0,00;0;0;0;0;0
5;Gestaltung der Umwelt;54;Verkehrsflächen und -anlagen, ÖPNV;543;Landesstraßen;543010;Landesstraßen;54;16;sonstige Aufwendungen;;;0,00;0;0;0;0;0
5;Gestaltung der Umwelt;54;Verkehrsflächen und -anlagen, ÖPNV;543;Landesstraßen;543010;Landesstraßen;;17;davon: Verfügungsmittel;;;0,00;0;0;0;0;0
5;Gestaltung der Umwelt;54;Verkehrsflächen und -anlagen, ÖPNV;543;Landesstraßen;543010;Landesstraßen;;18;Aufwendungen;;;1.100,00;1.100;1.000;1.000;1.000;1.000
5;Gestaltung der Umwelt;54;Verkehrsflächen und -anlagen, ÖPNV;543;Landesstraßen;543010;Landesstraßen;;19;Ergebnis der laufenden Verwaltungstätigkeit;;;-1.100,00;-1.100;-1.000;-1.000;-1.000;-1.000
5;Gestaltung der Umwelt;54;Verkehrsflächen und -anlagen, ÖPNV;543;Landesstraßen;543010;Landesstraßen;46;20;Finanzerträge;;;0,00;0;0;0;0;0
5;Gestaltung der Umwelt;54;Verkehrsflächen und -anlagen, ÖPNV;543;Landesstraßen;543010;Landesstraßen;55;21;Zinsen und sonstige Finanzaufwendungen;;;0,00;0;0;0;0;0
5;Gestaltung der Umwelt;54;Verkehrsflächen und -anlagen, ÖPNV;543;Landesstraßen;543010;Landesstraßen;;22;Finanzergebnis;;;0,00;0;0;0;0;0
5;Gestaltung der Umwelt;54;Verkehrsflächen und -anlagen, ÖPNV;543;Landesstraßen;543010;Landesstraßen;;23;Ergebnis vor Berücksichtigung der internen Leistungsbeziehungen;;;-1.100,00;-1.100;-1.000;-1.000;-1.000;-1.000
5;Gestaltung der Umwelt;54;Verkehrsflächen und -anlagen, ÖPNV;543;Landesstraßen;543010;Landesstraßen;48;24;Erträge aus internen Leistungsbeziehungen;;;0,00;0;0;0;0;0
5;Gestaltung der Umwelt;54;Verkehrsflächen und -anlagen, ÖPNV;543;Landesstraßen;543010;Landesstraßen;58;25;Aufwendungen aus internen Leistungsbeziehungen;;;0,00;0;0;0;0;0
5;Gestaltung der Umwelt;54;Verkehrsflächen und -anlagen, ÖPNV;543;Landesstraßen;543010;Landesstraßen;;26;Ergebnis;;;-1.100,00;-1.100;-1.000;-1.000;-1.000;-1.000
5;Gestaltung der Umwelt;54;Verkehrsflächen und -anlagen, ÖPNV;544;Bundesstraßen;544010;Bundesstraßen;40;1;Steuern und ähnliche Abgaben;;;0,00;0;0;0;0;0
5;Gestaltung der Umwelt;54;Verkehrsflächen und -anlagen, ÖPNV;544;Bundesstraßen;544010;Bundesstraßen;41;2;Zuwendungen und allgemeine Umlagen;;;877,65;800;800;800;800;800
5;Gestaltung der Umwelt;54;Verkehrsflächen und -anlagen, ÖPNV;544;Bundesstraßen;544010;Bundesstraßen;41;2;Zuwendungen und allgemeine Umlagen;416200;Erträge aus der Auflösung von Sonderposten aus Zuweisungen;877,65;800;800;800;800;800
5;Gestaltung der Umwelt;54;Verkehrsflächen und -anlagen, ÖPNV;544;Bundesstraßen;544010;Bundesstraßen;42;3;sonstige Transfererträge;;;0,00;0;0;0;0;0
5;Gestaltung der Umwelt;54;Verkehrsflächen und -anlagen, ÖPNV;544;Bundesstraßen;544010;Bundesstraßen;43;4;öffentlich-rechtliche Leistungsentgelte;;;0,00;0;0;0;0;0
5;Gestaltung der Umwelt;54;Verkehrsflächen und -anlagen, ÖPNV;544;Bundesstraßen;544010;Bundesstraßen;441, 442, 446;5;privatrechtliche Leistungsentgelte;;;0,00;0;0;0;0;0
5;Gestaltung der Umwelt;54;Verkehrsflächen und -anlagen, ÖPNV;544;Bundesstraßen;544010;Bundesstraßen;448;6;Kostenerstattungen und Kostenumlagen;;;41.159,31;40.300;40.300;40.300;40.300;40.300
5;Gestaltung der Umwelt;54;Verkehrsflächen und -anlagen, ÖPNV;544;Bundesstraßen;544010;Bundesstraßen;448;6;Kostenerstattungen und Kostenumlagen;448100;Erstattung vom Land;41.159,31;40.300;40.300;40.300;40.300;40.300
5;Gestaltung der Umwelt;54;Verkehrsflächen und -anlagen, ÖPNV;544;Bundesstraßen;544010;Bundesstraßen;45;7;sonstige Erträge;;;0,00;0;0;0;0;0
5;Gestaltung der Umwelt;54;Verkehrsflächen und -anlagen, ÖPNV;544;Bundesstraßen;544010;Bundesstraßen;471;8;aktivierte Eigenleistungen;;;0,00;0;0;0;0;0
5;Gestaltung der Umwelt;54;Verkehrsflächen und -anlagen, ÖPNV;544;Bundesstraßen;544010;Bundesstraßen;472;9;Bestandsveränderungen;;;0,00;0;0;0;0;0
5;Gestaltung der Umwelt;54;Verkehrsflächen und -anlagen, ÖPNV;544;Bundesstraßen;544010;Bundesstraßen;;10;Erträge;;;42.036,96;41.100;41.100;41.100;41.100;41.100
5;Gestaltung der Umwelt;54;Verkehrsflächen und -anlagen, ÖPNV;544;Bundesstraßen;544010;Bundesstraßen;50;11;Personalaufwendungen;;;0,00;0;0;0;0;0
5;Gestaltung der Umwelt;54;Verkehrsflächen und -anlagen, ÖPNV;544;Bundesstraßen;544010;Bundesstraßen;51;12;Versorgungsaufwendungen;;;0,00;0;0;0;0;0
5;Gestaltung der Umwelt;54;Verkehrsflächen und -anlagen, ÖPNV;544;Bundesstraßen;544010;Bundesstraßen;52;13;Aufwendungen für Sach- u. Dienstleistungen;;;59.900,00;59.900;57.500;58.000;58.600;59.200
5;Gestaltung der Umwelt;54;Verkehrsflächen und -anlagen, ÖPNV;544;Bundesstraßen;544010;Bundesstraßen;52;13;Aufwendungen für Sach- u. Dienstleistungen;522100;Unterhaltung Straßen;40.300,00;40.300;40.300;40.300;40.300;40.300
5;Gestaltung der Umwelt;54;Verkehrsflächen und -anlagen, ÖPNV;544;Bundesstraßen;544010;Bundesstraßen;52;13;Aufwendungen für Sach- u. Dienstleistungen;522120;Unterhaltungskosten Straßenbeleuchtung;8.300,00;8.300;8.300;8.500;8.800;9.100
5;Gestaltung der Umwelt;54;Verkehrsflächen und -anlagen, ÖPNV;544;Bundesstraßen;544010;Bundesstraßen;52;13;Aufwendungen für Sach- u. Dienstleistungen;527190;Strom Straßenbeleuchtung;11.300,00;11.300;8.900;9.200;9.500;9.800
5;Gestaltung der Umwelt;54;Verkehrsflächen und -anlagen, ÖPNV;544;Bundesstraßen;544010;Bundesstraßen;57;14;bilanzielle Abschreibungen;;;1.684,45;1.700;1.700;1.700;1.700;1.700
5;Gestaltung der Umwelt;54;Verkehrsflächen und -anlagen, ÖPNV;544;Bundesstraßen;544010;Bundesstraßen;57;14;bilanzielle Abschreibungen;571100;Abschreibungen auf immaterielle Vermögensgegenstände und Sachanlagen;1.684,45;1.700;1.700;1.700;1.700;1.700
5;Gestaltung der Umwelt;54;Verkehrsflächen und -anlagen, ÖPNV;544;Bundesstraßen;544010;Bundesstraßen;53;15;Transferaufwendungen;;;0,00;0;0;0;0;0
5;Gestaltung der Umwelt;54;Verkehrsflächen und -anlagen, ÖPNV;544;Bundesstraßen;544010;Bundesstraßen;54;16;sonstige Aufwendungen;;;0,00;0;0;0;0;0
5;Gestaltung der Umwelt;54;Verkehrsflächen und -anlagen, ÖPNV;544;Bundesstraßen;544010;Bundesstraßen;;17;davon: Verfügungsmittel;;;0,00;0;0;0;0;0
5;Gestaltung der Umwelt;54;Verkehrsflächen und -anlagen, ÖPNV;544;Bundesstraßen;544010;Bundesstraßen;;18;Aufwendungen;;;61.584,45;61.600;59.200;59.700;60.300;60.900
5;Gestaltung der Umwelt;54;Verkehrsflächen und -anlagen, ÖPNV;544;Bundesstraßen;544010;Bundesstraßen;;19;Ergebnis der laufenden Verwaltungstätigkeit;;;-19.547,49;-20.500;-18.100;-18.600;-19.200;-19.800
5;Gestaltung der Umwelt;54;Verkehrsflächen und -anlagen, ÖPNV;544;Bundesstraßen;544010;Bundesstraßen;46;20;Finanzerträge;;;0,00;0;0;0;0;0
5;Gestaltung der Umwelt;54;Verkehrsflächen und -anlagen, ÖPNV;544;Bundesstraßen;544010;Bundesstraßen;55;21;Zinsen und sonstige Finanzaufwendungen;;;0,00;0;0;0;0;0
5;Gestaltung der Umwelt;54;Verkehrsflächen und -anlagen, ÖPNV;544;Bundesstraßen;544010;Bundesstraßen;;22;Finanzergebnis;;;0,00;0;0;0;0;0
5;Gestaltung der Umwelt;54;Verkehrsflächen und -anlagen, ÖPNV;544;Bundesstraßen;544010;Bundesstraßen;;23;Ergebnis vor Berücksichtigung der internen Leistungsbeziehungen;;;-19.547,49;-20.500;-18.100;-18.600;-19.200;-19.800
5;Gestaltung der Umwelt;54;Verkehrsflächen und -anlagen, ÖPNV;544;Bundesstraßen;544010;Bundesstraßen;48;24;Erträge aus internen Leistungsbeziehungen;;;0,00;0;0;0;0;0
5;Gestaltung der Umwelt;54;Verkehrsflächen und -anlagen, ÖPNV;544;Bundesstraßen;544010;Bundesstraßen;58;25;Aufwendungen aus internen Leistungsbeziehungen;;;0,00;0;0;0;0;0
5;Gestaltung der Umwelt;54;Verkehrsflächen und -anlagen, ÖPNV;544;Bundesstraßen;544010;Bundesstraßen;;26;Ergebnis;;;-19.547,49;-20.500;-18.100;-18.600;-19.200;-19.800
5;Gestaltung der Umwelt;54;Verkehrsflächen und -anlagen, ÖPNV;545;Straßenreinigung;545010;Straßenreinigung, Winterdienst;40;1;Steuern und ähnliche Abgaben;;;0,00;0;0;0;0;0
5;Gestaltung der Umwelt;54;Verkehrsflächen und -anlagen, ÖPNV;545;Straßenreinigung;545010;Straßenreinigung, Winterdienst;41;2;Zuwendungen und allgemeine Umlagen;;;0,00;0;0;0;0;0
5;Gestaltung der Umwelt;54;Verkehrsflächen und -anlagen, ÖPNV;545;Straßenreinigung;545010;Straßenreinigung, Winterdienst;42;3;sonstige Transfererträge;;;0,00;0;0;0;0;0
5;Gestaltung der Umwelt;54;Verkehrsflächen und -anlagen, ÖPNV;545;Straßenreinigung;545010;Straßenreinigung, Winterdienst;43;4;öffentlich-rechtliche Leistungsentgelte;;;0,00;0;0;0;0;0
5;Gestaltung der Umwelt;54;Verkehrsflächen und -anlagen, ÖPNV;545;Straßenreinigung;545010;Straßenreinigung, Winterdienst;441, 442, 446;5;privatrechtliche Leistungsentgelte;;;0,00;0;0;0;0;0
5;Gestaltung der Umwelt;54;Verkehrsflächen und -anlagen, ÖPNV;545;Straßenreinigung;545010;Straßenreinigung, Winterdienst;448;6;Kostenerstattungen und Kostenumlagen;;;0,00;0;0;0;0;0
5;Gestaltung der Umwelt;54;Verkehrsflächen und -anlagen, ÖPNV;545;Straßenreinigung;545010;Straßenreinigung, Winterdienst;45;7;sonstige Erträge;;;0,00;0;0;0;0;0
5;Gestaltung der Umwelt;54;Verkehrsflächen und -anlagen, ÖPNV;545;Straßenreinigung;545010;Straßenreinigung, Winterdienst;471;8;aktivierte Eigenleistungen;;;0,00;0;0;0;0;0
5;Gestaltung der Umwelt;54;Verkehrsflächen und -anlagen, ÖPNV;545;Straßenreinigung;545010;Straßenreinigung, Winterdienst;472;9;Bestandsveränderungen;;;0,00;0;0;0;0;0
5;Gestaltung der Umwelt;54;Verkehrsflächen und -anlagen, ÖPNV;545;Straßenreinigung;545010;Straßenreinigung, Winterdienst;;10;Erträge;;;0,00;0;0;0;0;0
5;Gestaltung der Umwelt;54;Verkehrsflächen und -anlagen, ÖPNV;545;Straßenreinigung;545010;Straßenreinigung, Winterdienst;50;11;Personalaufwendungen;;;24.339,03;0;0;0;0;0
5;Gestaltung der Umwelt;54;Verkehrsflächen und -anlagen, ÖPNV;545;Straßenreinigung;545010;Straßenreinigung, Winterdienst;50;11;Personalaufwendungen;501200;Entgelte an ArbeitnehmerInnen;19.243,25;0;0;0;0;0
5;Gestaltung der Umwelt;54;Verkehrsflächen und -anlagen, ÖPNV;545;Straßenreinigung;545010;Straßenreinigung, Winterdienst;50;11;Personalaufwendungen;502200;Zusatzversicherung ArbeitnehmerInnen;1.303,00;0;0;0;0;0
5;Gestaltung der Umwelt;54;Verkehrsflächen und -anlagen, ÖPNV;545;Straßenreinigung;545010;Straßenreinigung, Winterdienst;50;11;Personalaufwendungen;503200;Beiträge gesetzliche Sozialversicherung ArbeitnehmerInnen;3.792,78;0;0;0;0;0
5;Gestaltung der Umwelt;54;Verkehrsflächen und -anlagen, ÖPNV;545;Straßenreinigung;545010;Straßenreinigung, Winterdienst;51;12;Versorgungsaufwendungen;;;0,00;0;0;0;0;0
5;Gestaltung der Umwelt;54;Verkehrsflächen und -anlagen, ÖPNV;545;Straßenreinigung;545010;Straßenreinigung, Winterdienst;52;13;Aufwendungen für Sach- u. Dienstleistungen;;;16.017,49;55.000;45.000;45.900;46.800;47.700
5;Gestaltung der Umwelt;54;Verkehrsflächen und -anlagen, ÖPNV;545;Straßenreinigung;545010;Straßenreinigung, Winterdienst;52;13;Aufwendungen für Sach- u. Dienstleistungen;524120;Deponiegebühren und Straßenreinigung;16.017,49;55.000;45.000;45.900;46.800;47.700
5;Gestaltung der Umwelt;54;Verkehrsflächen und -anlagen, ÖPNV;545;Straßenreinigung;545010;Straßenreinigung, Winterdienst;57;14;bilanzielle Abschreibungen;;;0,00;0;0;0;0;0
5;Gestaltung der Umwelt;54;Verkehrsflächen und -anlagen, ÖPNV;545;Straßenreinigung;545010;Straßenreinigung, Winterdienst;53;15;Transferaufwendungen;;;0,00;0;0;0;0;0
5;Gestaltung der Umwelt;54;Verkehrsflächen und -anlagen, ÖPNV;545;Straßenreinigung;545010;Straßenreinigung, Winterdienst;54;16;sonstige Aufwendungen;;;0,00;0;0;0;0;0
5;Gestaltung der Umwelt;54;Verkehrsflächen und -anlagen, ÖPNV;545;Straßenreinigung;545010;Straßenreinigung, Winterdienst;;17;davon: Verfügungsmittel;;;0,00;0;0;0;0;0
5;Gestaltung der Umwelt;54;Verkehrsflächen und -anlagen, ÖPNV;545;Straßenreinigung;545010;Straßenreinigung, Winterdienst;;18;Aufwendungen;;;40.356,52;55.000;45.000;45.900;46.800;47.700
5;Gestaltung der Umwelt;54;Verkehrsflächen und -anlagen, ÖPNV;545;Straßenreinigung;545010;Straßenreinigung, Winterdienst;;19;Ergebnis der laufenden Verwaltungstätigkeit;;;-40.356,52;-55.000;-45.000;-45.900;-46.800;-47.700
5;Gestaltung der Umwelt;54;Verkehrsflächen und -anlagen, ÖPNV;545;Straßenreinigung;545010;Straßenreinigung, Winterdienst;46;20;Finanzerträge;;;0,00;0;0;0;0;0
5;Gestaltung der Umwelt;54;Verkehrsflächen und -anlagen, ÖPNV;545;Straßenreinigung;545010;Straßenreinigung, Winterdienst;55;21;Zinsen und sonstige Finanzaufwendungen;;;0,00;0;0;0;0;0
5;Gestaltung der Umwelt;54;Verkehrsflächen und -anlagen, ÖPNV;545;Straßenreinigung;545010;Straßenreinigung, Winterdienst;;22;Finanzergebnis;;;0,00;0;0;0;0;0
5;Gestaltung der Umwelt;54;Verkehrsflächen und -anlagen, ÖPNV;545;Straßenreinigung;545010;Straßenreinigung, Winterdienst;;23;Ergebnis vor Berücksichtigung der internen Leistungsbeziehungen;;;-40.356,52;-55.000;-45.000;-45.900;-46.800;-47.700
5;Gestaltung der Umwelt;54;Verkehrsflächen und -anlagen, ÖPNV;545;Straßenreinigung;545010;Straßenreinigung, Winterdienst;48;24;Erträge aus internen Leistungsbeziehungen;;;0,00;0;0;0;0;0
5;Gestaltung der Umwelt;54;Verkehrsflächen und -anlagen, ÖPNV;545;Straßenreinigung;545010;Straßenreinigung, Winterdienst;58;25;Aufwendungen aus internen Leistungsbeziehungen;;;294.200,00;306.200;306.200;303.200;309.200;315.400
5;Gestaltung der Umwelt;54;Verkehrsflächen und -anlagen, ÖPNV;545;Straßenreinigung;545010;Straßenreinigung, Winterdienst;58;25;Aufwendungen aus internen Leistungsbeziehungen;581110;Aufwendungen Kommunaler Service - Innere Verrechnungen;294.200,00;306.200;306.200;303.200;309.200;315.400
5;Gestaltung der Umwelt;54;Verkehrsflächen und -anlagen, ÖPNV;545;Straßenreinigung;545010;Straßenreinigung, Winterdienst;;26;Ergebnis;;;-334.556,52;-361.200;-351.200;-349.100;-356.000;-363.100
5;Gestaltung der Umwelt;54;Verkehrsflächen und -anlagen, ÖPNV;546;Parkeinrichtungen;546010;Parkeinrichtungen allgemein;40;1;Steuern und ähnliche Abgaben;;;0,00;0;0;0;0;0
5;Gestaltung der Umwelt;54;Verkehrsflächen und -anlagen, ÖPNV;546;Parkeinrichtungen;546010;Parkeinrichtungen allgemein;41;2;Zuwendungen und allgemeine Umlagen;;;0,00;0;0;0;0;0
5;Gestaltung der Umwelt;54;Verkehrsflächen und -anlagen, ÖPNV;546;Parkeinrichtungen;546010;Parkeinrichtungen allgemein;42;3;sonstige Transfererträge;;;0,00;0;0;0;0;0
5;Gestaltung der Umwelt;54;Verkehrsflächen und -anlagen, ÖPNV;546;Parkeinrichtungen;546010;Parkeinrichtungen allgemein;43;4;öffentlich-rechtliche Leistungsentgelte;;;0,00;0;0;0;0;0
5;Gestaltung der Umwelt;54;Verkehrsflächen und -anlagen, ÖPNV;546;Parkeinrichtungen;546010;Parkeinrichtungen allgemein;441, 442, 446;5;privatrechtliche Leistungsentgelte;;;0,00;0;0;0;0;0
5;Gestaltung der Umwelt;54;Verkehrsflächen und -anlagen, ÖPNV;546;Parkeinrichtungen;546010;Parkeinrichtungen allgemein;448;6;Kostenerstattungen und Kostenumlagen;;;0,00;0;0;0;0;0
5;Gestaltung der Umwelt;54;Verkehrsflächen und -anlagen, ÖPNV;546;Parkeinrichtungen;546010;Parkeinrichtungen allgemein;45;7;sonstige Erträge;;;0,00;0;0;0;0;0
5;Gestaltung der Umwelt;54;Verkehrsflächen und -anlagen, ÖPNV;546;Parkeinrichtungen;546010;Parkeinrichtungen allgemein;471;8;aktivierte Eigenleistungen;;;0,00;0;0;0;0;0
5;Gestaltung der Umwelt;54;Verkehrsflächen und -anlagen, ÖPNV;546;Parkeinrichtungen;546010;Parkeinrichtungen allgemein;472;9;Bestandsveränderungen;;;0,00;0;0;0;0;0
5;Gestaltung der Umwelt;54;Verkehrsflächen und -anlagen, ÖPNV;546;Parkeinrichtungen;546010;Parkeinrichtungen allgemein;;10;Erträge;;;0,00;0;0;0;0;0
5;Gestaltung der Umwelt;54;Verkehrsflächen und -anlagen, ÖPNV;546;Parkeinrichtungen;546010;Parkeinrichtungen allgemein;50;11;Personalaufwendungen;;;0,00;0;0;0;0;0
5;Gestaltung der Umwelt;54;Verkehrsflächen und -anlagen, ÖPNV;546;Parkeinrichtungen;546010;Parkeinrichtungen allgemein;51;12;Versorgungsaufwendungen;;;0,00;0;0;0;0;0
5;Gestaltung der Umwelt;54;Verkehrsflächen und -anlagen, ÖPNV;546;Parkeinrichtungen;546010;Parkeinrichtungen allgemein;52;13;Aufwendungen für Sach- u. Dienstleistungen;;;0,00;100;100;100;100;100
5;Gestaltung der Umwelt;54;Verkehrsflächen und -anlagen, ÖPNV;546;Parkeinrichtungen;546010;Parkeinrichtungen allgemein;52;13;Aufwendungen für Sach- u. Dienstleistungen;522100;Unterhaltung des sonstigen unbeweglichen Vermögens;0,00;100;100;100;100;100
5;Gestaltung der Umwelt;54;Verkehrsflächen und -anlagen, ÖPNV;546;Parkeinrichtungen;546010;Parkeinrichtungen allgemein;57;14;bilanzielle Abschreibungen;;;299,89;300;300;300;300;300
5;Gestaltung der Umwelt;54;Verkehrsflächen und -anlagen, ÖPNV;546;Parkeinrichtungen;546010;Parkeinrichtungen allgemein;57;14;bilanzielle Abschreibungen;571100;Abschreibungen auf immaterielle Vermögensgegenstände und Sachanlagen;299,89;300;300;300;300;300
5;Gestaltung der Umwelt;54;Verkehrsflächen und -anlagen, ÖPNV;546;Parkeinrichtungen;546010;Parkeinrichtungen allgemein;53;15;Transferaufwendungen;;;0,00;0;0;0;0;0
5;Gestaltung der Umwelt;54;Verkehrsflächen und -anlagen, ÖPNV;546;Parkeinrichtungen;546010;Parkeinrichtungen allgemein;54;16;sonstige Aufwendungen;;;0,00;0;0;0;0;0
5;Gestaltung der Umwelt;54;Verkehrsflächen und -anlagen, ÖPNV;546;Parkeinrichtungen;546010;Parkeinrichtungen allgemein;;17;davon: Verfügungsmittel;;;0,00;0;0;0;0;0
5;Gestaltung der Umwelt;54;Verkehrsflächen und -anlagen, ÖPNV;546;Parkeinrichtungen;546010;Parkeinrichtungen allgemein;;18;Aufwendungen;;;299,89;400;400;400;400;400
5;Gestaltung der Umwelt;54;Verkehrsflächen und -anlagen, ÖPNV;546;Parkeinrichtungen;546010;Parkeinrichtungen allgemein;;19;Ergebnis der laufenden Verwaltungstätigkeit;;;-299,89;-400;-400;-400;-400;-400
5;Gestaltung der Umwelt;54;Verkehrsflächen und -anlagen, ÖPNV;546;Parkeinrichtungen;546010;Parkeinrichtungen allgemein;46;20;Finanzerträge;;;0,00;0;0;0;0;0
5;Gestaltung der Umwelt;54;Verkehrsflächen und -anlagen, ÖPNV;546;Parkeinrichtungen;546010;Parkeinrichtungen allgemein;55;21;Zinsen und sonstige Finanzaufwendungen;;;0,00;0;0;0;0;0
5;Gestaltung der Umwelt;54;Verkehrsflächen und -anlagen, ÖPNV;546;Parkeinrichtungen;546010;Parkeinrichtungen allgemein;;22;Finanzergebnis;;;0,00;0;0;0;0;0
5;Gestaltung der Umwelt;54;Verkehrsflächen und -anlagen, ÖPNV;546;Parkeinrichtungen;546010;Parkeinrichtungen allgemein;;23;Ergebnis vor Berücksichtigung der internen Leistungsbeziehungen;;;-299,89;-400;-400;-400;-400;-400
5;Gestaltung der Umwelt;54;Verkehrsflächen und -anlagen, ÖPNV;546;Parkeinrichtungen;546010;Parkeinrichtungen allgemein;48;24;Erträge aus internen Leistungsbeziehungen;;;0,00;0;0;0;0;0
5;Gestaltung der Umwelt;54;Verkehrsflächen und -anlagen, ÖPNV;546;Parkeinrichtungen;546010;Parkeinrichtungen allgemein;58;25;Aufwendungen aus internen Leistungsbeziehungen;;;0,00;0;0;0;0;0
5;Gestaltung der Umwelt;54;Verkehrsflächen und -anlagen, ÖPNV;546;Parkeinrichtungen;546010;Parkeinrichtungen allgemein;;26;Ergebnis;;;-299,89;-400;-400;-400;-400;-400
5;Gestaltung der Umwelt;54;Verkehrsflächen und -anlagen, ÖPNV;546;Parkeinrichtungen;546020;Bewirtschaftung der Parkeinrichtungen;40;1;Steuern und ähnliche Abgaben;;;0,00;0;0;0;0;0
5;Gestaltung der Umwelt;54;Verkehrsflächen und -anlagen, ÖPNV;546;Parkeinrichtungen;546020;Bewirtschaftung der Parkeinrichtungen;41;2;Zuwendungen und allgemeine Umlagen;;;0,00;0;15.100;0;0;0
5;Gestaltung der Umwelt;54;Verkehrsflächen und -anlagen, ÖPNV;546;Parkeinrichtungen;546020;Bewirtschaftung der Parkeinrichtungen;41;2;Zuwendungen und allgemeine Umlagen;414100;Zuweisung vom Land;0,00;0;15.100;0;0;0
5;Gestaltung der Umwelt;54;Verkehrsflächen und -anlagen, ÖPNV;546;Parkeinrichtungen;546020;Bewirtschaftung der Parkeinrichtungen;42;3;sonstige Transfererträge;;;0,00;0;0;0;0;0
5;Gestaltung der Umwelt;54;Verkehrsflächen und -anlagen, ÖPNV;546;Parkeinrichtungen;546020;Bewirtschaftung der Parkeinrichtungen;43;4;öffentlich-rechtliche Leistungsentgelte;;;83.674,59;84.000;84.000;84.000;84.000;84.000
5;Gestaltung der Umwelt;54;Verkehrsflächen und -anlagen, ÖPNV;546;Parkeinrichtungen;546020;Bewirtschaftung der Parkeinrichtungen;43;4;öffentlich-rechtliche Leistungsentgelte;431100;Verwaltungsgebühren;13.879,80;14.000;14.000;14.000;14.000;14.000
5;Gestaltung der Umwelt;54;Verkehrsflächen und -anlagen, ÖPNV;546;Parkeinrichtungen;546020;Bewirtschaftung der Parkeinrichtungen;43;4;öffentlich-rechtliche Leistungsentgelte;432100;Parkgebühren;69.794,79;70.000;70.000;70.000;70.000;70.000
5;Gestaltung der Umwelt;54;Verkehrsflächen und -anlagen, ÖPNV;546;Parkeinrichtungen;546020;Bewirtschaftung der Parkeinrichtungen;441, 442, 446;5;privatrechtliche Leistungsentgelte;;;0,00;0;0;0;0;0
5;Gestaltung der Umwelt;54;Verkehrsflächen und -anlagen, ÖPNV;546;Parkeinrichtungen;546020;Bewirtschaftung der Parkeinrichtungen;448;6;Kostenerstattungen und Kostenumlagen;;;13.678,11;13.900;14.000;14.300;14.600;14.900
5;Gestaltung der Umwelt;54;Verkehrsflächen und -anlagen, ÖPNV;546;Parkeinrichtungen;546020;Bewirtschaftung der Parkeinrichtungen;448;6;Kostenerstattungen und Kostenumlagen;448200;Kostenerstattung Wilster;13.628,95;13.800;14.000;14.300;14.600;14.900
5;Gestaltung der Umwelt;54;Verkehrsflächen und -anlagen, ÖPNV;546;Parkeinrichtungen;546020;Bewirtschaftung der Parkeinrichtungen;448;6;Kostenerstattungen und Kostenumlagen;448500;Erstattung Stadtwerke;49,16;100;0;0;0;0
5;Gestaltung der Umwelt;54;Verkehrsflächen und -anlagen, ÖPNV;546;Parkeinrichtungen;546020;Bewirtschaftung der Parkeinrichtungen;45;7;sonstige Erträge;;;123.922,53;140.000;140.000;140.000;140.000;140.000
5;Gestaltung der Umwelt;54;Verkehrsflächen und -anlagen, ÖPNV;546;Parkeinrichtungen;546020;Bewirtschaftung der Parkeinrichtungen;45;7;sonstige Erträge;456100;Zwangs-/Bußgelder;123.922,53;140.000;140.000;140.000;140.000;140.000
5;Gestaltung der Umwelt;54;Verkehrsflächen und -anlagen, ÖPNV;546;Parkeinrichtungen;546020;Bewirtschaftung der Parkeinrichtungen;471;8;aktivierte Eigenleistungen;;;0,00;0;0;0;0;0
5;Gestaltung der Umwelt;54;Verkehrsflächen und -anlagen, ÖPNV;546;Parkeinrichtungen;546020;Bewirtschaftung der Parkeinrichtungen;472;9;Bestandsveränderungen;;;0,00;0;0;0;0;0
5;Gestaltung der Umwelt;54;Verkehrsflächen und -anlagen, ÖPNV;546;Parkeinrichtungen;546020;Bewirtschaftung der Parkeinrichtungen;;10;Erträge;;;221.275,23;237.900;253.100;238.300;238.600;238.900
5;Gestaltung der Umwelt;54;Verkehrsflächen und -anlagen, ÖPNV;546;Parkeinrichtungen;546020;Bewirtschaftung der Parkeinrichtungen;50;11;Personalaufwendungen;;;78.119,28;92.500;86.400;89.000;91.700;94.400
5;Gestaltung der Umwelt;54;Verkehrsflächen und -anlagen, ÖPNV;546;Parkeinrichtungen;546020;Bewirtschaftung der Parkeinrichtungen;50;11;Personalaufwendungen;501200;Entgelte an ArbeitnehmerInnen;61.273,43;70.100;67.100;69.100;71.200;73.300
5;Gestaltung der Umwelt;54;Verkehrsflächen und -anlagen, ÖPNV;546;Parkeinrichtungen;546020;Bewirtschaftung der Parkeinrichtungen;50;11;Personalaufwendungen;502200;Zusatzversicherung ArbeitnehmerInnen;3.995,64;6.900;5.600;5.800;6.000;6.200
5;Gestaltung der Umwelt;54;Verkehrsflächen und -anlagen, ÖPNV;546;Parkeinrichtungen;546020;Bewirtschaftung der Parkeinrichtungen;50;11;Personalaufwendungen;503200;Beiträge gesetzliche Sozialversicherung ArbeitnehmerInnen;12.850,21;15.500;13.700;14.100;14.500;14.900
5;Gestaltung der Umwelt;54;Verkehrsflächen und -anlagen, ÖPNV;546;Parkeinrichtungen;546020;Bewirtschaftung der Parkeinrichtungen;51;12;Versorgungsaufwendungen;;;0,00;0;0;0;0;0
5;Gestaltung der Umwelt;54;Verkehrsflächen und -anlagen, ÖPNV;546;Parkeinrichtungen;546020;Bewirtschaftung der Parkeinrichtungen;52;13;Aufwendungen für Sach- u. Dienstleistungen;;;24.223,32;29.600;30.100;30.600;31.200;31.800
5;Gestaltung der Umwelt;54;Verkehrsflächen und -anlagen, ÖPNV;546;Parkeinrichtungen;546020;Bewirtschaftung der Parkeinrichtungen;52;13;Aufwendungen für Sach- u. Dienstleistungen;523210;Leasing;23.196,64;26.000;27.000;27.500;28.100;28.700
5;Gestaltung der Umwelt;54;Verkehrsflächen und -anlagen, ÖPNV;546;Parkeinrichtungen;546020;Bewirtschaftung der Parkeinrichtungen;52;13;Aufwendungen für Sach- u. Dienstleistungen;524110;Heizungskosten;308,15;400;0;0;0;0
5;Gestaltung der Umwelt;54;Verkehrsflächen und -anlagen, ÖPNV;546;Parkeinrichtungen;546020;Bewirtschaftung der Parkeinrichtungen;52;13;Aufwendungen für Sach- u. Dienstleistungen;524120;Reinigungskosten;7,17;100;100;100;100;100
5;Gestaltung der Umwelt;54;Verkehrsflächen und -anlagen, ÖPNV;546;Parkeinrichtungen;546020;Bewirtschaftung der Parkeinrichtungen;52;13;Aufwendungen für Sach- u. Dienstleistungen;524130;Wasserversorgung, Strom, Abwasser;442,02;800;700;700;700;700
5;Gestaltung der Umwelt;54;Verkehrsflächen und -anlagen, ÖPNV;546;Parkeinrichtungen;546020;Bewirtschaftung der Parkeinrichtungen;52;13;Aufwendungen für Sach- u. Dienstleistungen;524140;Gebäudeversicherungen;57,35;100;100;100;100;100
5;Gestaltung der Umwelt;54;Verkehrsflächen und -anlagen, ÖPNV;546;Parkeinrichtungen;546020;Bewirtschaftung der Parkeinrichtungen;52;13;Aufwendungen für Sach- u. Dienstleistungen;524150;Steuern und Abgaben;21,56;100;100;100;100;100
5;Gestaltung der Umwelt;54;Verkehrsflächen und -anlagen, ÖPNV;546;Parkeinrichtungen;546020;Bewirtschaftung der Parkeinrichtungen;52;13;Aufwendungen für Sach- u. Dienstleistungen;527110;IT-Bedarf;190,43;2.100;2.100;2.100;2.100;2.100
5;Gestaltung der Umwelt;54;Verkehrsflächen und -anlagen, ÖPNV;546;Parkeinrichtungen;546020;Bewirtschaftung der Parkeinrichtungen;57;14;bilanzielle Abschreibungen;;;517,90;900;1.100;700;700;700
5;Gestaltung der Umwelt;54;Verkehrsflächen und -anlagen, ÖPNV;546;Parkeinrichtungen;546020;Bewirtschaftung der Parkeinrichtungen;57;14;bilanzielle Abschreibungen;571100;Abschreibungen auf immaterielle Vermögensgegenstände und Sachanlagen;517,90;900;1.100;700;700;700
5;Gestaltung der Umwelt;54;Verkehrsflächen und -anlagen, ÖPNV;546;Parkeinrichtungen;546020;Bewirtschaftung der Parkeinrichtungen;53;15;Transferaufwendungen;;;0,00;0;0;0;0;0
5;Gestaltung der Umwelt;54;Verkehrsflächen und -anlagen, ÖPNV;546;Parkeinrichtungen;546020;Bewirtschaftung der Parkeinrichtungen;54;16;sonstige Aufwendungen;;;40.126,38;63.100;71.100;42.500;42.900;43.300
5;Gestaltung der Umwelt;54;Verkehrsflächen und -anlagen, ÖPNV;546;Parkeinrichtungen;546020;Bewirtschaftung der Parkeinrichtungen;54;16;sonstige Aufwendungen;543100;Geschäftsausgaben;18.833,91;19.400;20.400;20.800;21.200;21.600
5;Gestaltung der Umwelt;54;Verkehrsflächen und -anlagen, ÖPNV;546;Parkeinrichtungen;546020;Bewirtschaftung der Parkeinrichtungen;54;16;sonstige Aufwendungen;543125;Fernmeldegebühren;917,48;900;900;900;900;900
5;Gestaltung der Umwelt;54;Verkehrsflächen und -anlagen, ÖPNV;546;Parkeinrichtungen;546020;Bewirtschaftung der Parkeinrichtungen;54;16;sonstige Aufwendungen;543150;Sachverständigen-, Gerichts- u.ä. Kosten;679,93;18.800;25.800;800;800;800
5;Gestaltung der Umwelt;54;Verkehrsflächen und -anlagen, ÖPNV;546;Parkeinrichtungen;546020;Bewirtschaftung der Parkeinrichtungen;54;16;sonstige Aufwendungen;545200;Erstattungen Zwangs-/Bußgelder an Stadt Wilster;18.424,14;20.000;20.000;20.000;20.000;20.000
5;Gestaltung der Umwelt;54;Verkehrsflächen und -anlagen, ÖPNV;546;Parkeinrichtungen;546020;Bewirtschaftung der Parkeinrichtungen;54;16;sonstige Aufwendungen;545510;Erstattungen von Leistungen Kommunaler Service;1.270,92;4.000;4.000;0;0;0
5;Gestaltung der Umwelt;54;Verkehrsflächen und -anlagen, ÖPNV;546;Parkeinrichtungen;546020;Bewirtschaftung der Parkeinrichtungen;;17;davon: Verfügungsmittel;;;0,00;0;0;0;0;0
5;Gestaltung der Umwelt;54;Verkehrsflächen und -anlagen, ÖPNV;546;Parkeinrichtungen;546020;Bewirtschaftung der Parkeinrichtungen;;18;Aufwendungen;;;142.986,88;186.100;188.700;162.800;166.500;170.200
5;Gestaltung der Umwelt;54;Verkehrsflächen und -anlagen, ÖPNV;546;Parkeinrichtungen;546020;Bewirtschaftung der Parkeinrichtungen;;19;Ergebnis der laufenden Verwaltungstätigkeit;;;78.288,35;51.800;64.400;75.500;72.100;68.700
5;Gestaltung der Umwelt;54;Verkehrsflächen und -anlagen, ÖPNV;546;Parkeinrichtungen;546020;Bewirtschaftung der Parkeinrichtungen;46;20;Finanzerträge;;;0,00;0;0;0;0;0
5;Gestaltung der Umwelt;54;Verkehrsflächen und -anlagen, ÖPNV;546;Parkeinrichtungen;546020;Bewirtschaftung der Parkeinrichtungen;55;21;Zinsen und sonstige Finanzaufwendungen;;;0,00;0;0;0;0;0
5;Gestaltung der Umwelt;54;Verkehrsflächen und -anlagen, ÖPNV;546;Parkeinrichtungen;546020;Bewirtschaftung der Parkeinrichtungen;;22;Finanzergebnis;;;0,00;0;0;0;0;0
5;Gestaltung der Umwelt;54;Verkehrsflächen und -anlagen, ÖPNV;546;Parkeinrichtungen;546020;Bewirtschaftung der Parkeinrichtungen;;23;Ergebnis vor Berücksichtigung der internen Leistungsbeziehungen;;;78.288,35;51.800;64.400;75.500;72.100;68.700
5;Gestaltung der Umwelt;54;Verkehrsflächen und -anlagen, ÖPNV;546;Parkeinrichtungen;546020;Bewirtschaftung der Parkeinrichtungen;48;24;Erträge aus internen Leistungsbeziehungen;;;0,00;0;0;0;0;0
5;Gestaltung der Umwelt;54;Verkehrsflächen und -anlagen, ÖPNV;546;Parkeinrichtungen;546020;Bewirtschaftung der Parkeinrichtungen;58;25;Aufwendungen aus internen Leistungsbeziehungen;;;0,00;0;0;0;0;0
5;Gestaltung der Umwelt;54;Verkehrsflächen und -anlagen, ÖPNV;546;Parkeinrichtungen;546020;Bewirtschaftung der Parkeinrichtungen;;26;Ergebnis;;;78.288,35;51.800;64.400;75.500;72.100;68.700
5;Gestaltung der Umwelt;54;Verkehrsflächen und -anlagen, ÖPNV;546;Parkeinrichtungen;546030;Wohnmobilparkplatz;40;1;Steuern und ähnliche Abgaben;;;0,00;0;0;0;0;0
5;Gestaltung der Umwelt;54;Verkehrsflächen und -anlagen, ÖPNV;546;Parkeinrichtungen;546030;Wohnmobilparkplatz;41;2;Zuwendungen und allgemeine Umlagen;;;0,00;0;0;0;0;0
5;Gestaltung der Umwelt;54;Verkehrsflächen und -anlagen, ÖPNV;546;Parkeinrichtungen;546030;Wohnmobilparkplatz;42;3;sonstige Transfererträge;;;0,00;0;0;0;0;0
5;Gestaltung der Umwelt;54;Verkehrsflächen und -anlagen, ÖPNV;546;Parkeinrichtungen;546030;Wohnmobilparkplatz;43;4;öffentlich-rechtliche Leistungsentgelte;;;21.232,25;16.000;16.000;16.000;16.000;16.000
5;Gestaltung der Umwelt;54;Verkehrsflächen und -anlagen, ÖPNV;546;Parkeinrichtungen;546030;Wohnmobilparkplatz;43;4;öffentlich-rechtliche Leistungsentgelte;432100;Parkgebühren;21.232,25;16.000;16.000;16.000;16.000;16.000
5;Gestaltung der Umwelt;54;Verkehrsflächen und -anlagen, ÖPNV;546;Parkeinrichtungen;546030;Wohnmobilparkplatz;441, 442, 446;5;privatrechtliche Leistungsentgelte;;;0,00;0;0;14.700;14.700;14.700
5;Gestaltung der Umwelt;54;Verkehrsflächen und -anlagen, ÖPNV;546;Parkeinrichtungen;546030;Wohnmobilparkplatz;441, 442, 446;5;privatrechtliche Leistungsentgelte;441100;Mieten und Pachten;0,00;0;0;14.700;14.700;14.700
5;Gestaltung der Umwelt;54;Verkehrsflächen und -anlagen, ÖPNV;546;Parkeinrichtungen;546030;Wohnmobilparkplatz;448;6;Kostenerstattungen und Kostenumlagen;;;0,00;0;0;0;0;0
5;Gestaltung der Umwelt;54;Verkehrsflächen und -anlagen, ÖPNV;546;Parkeinrichtungen;546030;Wohnmobilparkplatz;45;7;sonstige Erträge;;;0,00;0;0;0;0;0
5;Gestaltung der Umwelt;54;Verkehrsflächen und -anlagen, ÖPNV;546;Parkeinrichtungen;546030;Wohnmobilparkplatz;471;8;aktivierte Eigenleistungen;;;0,00;0;0;0;0;0
5;Gestaltung der Umwelt;54;Verkehrsflächen und -anlagen, ÖPNV;546;Parkeinrichtungen;546030;Wohnmobilparkplatz;472;9;Bestandsveränderungen;;;0,00;0;0;0;0;0
5;Gestaltung der Umwelt;54;Verkehrsflächen und -anlagen, ÖPNV;546;Parkeinrichtungen;546030;Wohnmobilparkplatz;;10;Erträge;;;21.232,25;16.000;16.000;30.700;30.700;30.700
5;Gestaltung der Umwelt;54;Verkehrsflächen und -anlagen, ÖPNV;546;Parkeinrichtungen;546030;Wohnmobilparkplatz;50;11;Personalaufwendungen;;;0,00;0;0;0;0;0
5;Gestaltung der Umwelt;54;Verkehrsflächen und -anlagen, ÖPNV;546;Parkeinrichtungen;546030;Wohnmobilparkplatz;51;12;Versorgungsaufwendungen;;;0,00;0;0;0;0;0
5;Gestaltung der Umwelt;54;Verkehrsflächen und -anlagen, ÖPNV;546;Parkeinrichtungen;546030;Wohnmobilparkplatz;52;13;Aufwendungen für Sach- u. Dienstleistungen;;;-1.338,27;8.000;8.500;8.600;8.700;8.800
5;Gestaltung der Umwelt;54;Verkehrsflächen und -anlagen, ÖPNV;546;Parkeinrichtungen;546030;Wohnmobilparkplatz;52;13;Aufwendungen für Sach- u. Dienstleistungen;523110;Pachten;1.500,00;1.500;1.500;1.500;1.500;1.500
5;Gestaltung der Umwelt;54;Verkehrsflächen und -anlagen, ÖPNV;546;Parkeinrichtungen;546030;Wohnmobilparkplatz;52;13;Aufwendungen für Sach- u. Dienstleistungen;524120;Entleerung Abfallbehälter;-3.752,59;5.000;5.000;5.100;5.200;5.300
5;Gestaltung der Umwelt;54;Verkehrsflächen und -anlagen, ÖPNV;546;Parkeinrichtungen;546030;Wohnmobilparkplatz;52;13;Aufwendungen für Sach- u. Dienstleistungen;527100;Besondere Verwaltungs- und Betriebsaufwendungen;914,32;1.500;2.000;2.000;2.000;2.000
5;Gestaltung der Umwelt;54;Verkehrsflächen und -anlagen, ÖPNV;546;Parkeinrichtungen;546030;Wohnmobilparkplatz;57;14;bilanzielle Abschreibungen;;;688,31;11.300;6.100;10.700;10.700;10.700
5;Gestaltung der Umwelt;54;Verkehrsflächen und -anlagen, ÖPNV;546;Parkeinrichtungen;546030;Wohnmobilparkplatz;57;14;bilanzielle Abschreibungen;571100;Abschreibungen auf immaterielle Vermögensgegenstände und Sachanlagen;688,31;11.300;6.100;10.700;10.700;10.700
5;Gestaltung der Umwelt;54;Verkehrsflächen und -anlagen, ÖPNV;546;Parkeinrichtungen;546030;Wohnmobilparkplatz;53;15;Transferaufwendungen;;;0,00;0;0;0;0;0
5;Gestaltung der Umwelt;54;Verkehrsflächen und -anlagen, ÖPNV;546;Parkeinrichtungen;546030;Wohnmobilparkplatz;54;16;sonstige Aufwendungen;;;0,00;500;500;500;500;500
5;Gestaltung der Umwelt;54;Verkehrsflächen und -anlagen, ÖPNV;546;Parkeinrichtungen;546030;Wohnmobilparkplatz;54;16;sonstige Aufwendungen;545510;Erstattungen von Leistungen Kommunaler Service;0,00;500;500;500;500;500
5;Gestaltung der Umwelt;54;Verkehrsflächen und -anlagen, ÖPNV;546;Parkeinrichtungen;546030;Wohnmobilparkplatz;;17;davon: Verfügungsmittel;;;0,00;0;0;0;0;0
5;Gestaltung der Umwelt;54;Verkehrsflächen und -anlagen, ÖPNV;546;Parkeinrichtungen;546030;Wohnmobilparkplatz;;18;Aufwendungen;;;-649,96;19.800;15.100;19.800;19.900;20.000
5;Gestaltung der Umwelt;54;Verkehrsflächen und -anlagen, ÖPNV;546;Parkeinrichtungen;546030;Wohnmobilparkplatz;;19;Ergebnis der laufenden Verwaltungstätigkeit;;;21.882,21;-3.800;900;10.900;10.800;10.700
5;Gestaltung der Umwelt;54;Verkehrsflächen und -anlagen, ÖPNV;546;Parkeinrichtungen;546030;Wohnmobilparkplatz;46;20;Finanzerträge;;;0,00;0;0;0;0;0
5;Gestaltung der Umwelt;54;Verkehrsflächen und -anlagen, ÖPNV;546;Parkeinrichtungen;546030;Wohnmobilparkplatz;55;21;Zinsen und sonstige Finanzaufwendungen;;;0,00;0;0;0;0;0
5;Gestaltung der Umwelt;54;Verkehrsflächen und -anlagen, ÖPNV;546;Parkeinrichtungen;546030;Wohnmobilparkplatz;;22;Finanzergebnis;;;0,00;0;0;0;0;0
5;Gestaltung der Umwelt;54;Verkehrsflächen und -anlagen, ÖPNV;546;Parkeinrichtungen;546030;Wohnmobilparkplatz;;23;Ergebnis vor Berücksichtigung der internen Leistungsbeziehungen;;;21.882,21;-3.800;900;10.900;10.800;10.700
5;Gestaltung der Umwelt;54;Verkehrsflächen und -anlagen, ÖPNV;546;Parkeinrichtungen;546030;Wohnmobilparkplatz;48;24;Erträge aus internen Leistungsbeziehungen;;;0,00;0;0;0;0;0
5;Gestaltung der Umwelt;54;Verkehrsflächen und -anlagen, ÖPNV;546;Parkeinrichtungen;546030;Wohnmobilparkplatz;58;25;Aufwendungen aus internen Leistungsbeziehungen;;;0,00;0;0;0;0;0
5;Gestaltung der Umwelt;54;Verkehrsflächen und -anlagen, ÖPNV;546;Parkeinrichtungen;546030;Wohnmobilparkplatz;;26;Ergebnis;;;21.882,21;-3.800;900;10.900;10.800;10.700
5;Gestaltung der Umwelt;54;Verkehrsflächen und -anlagen, ÖPNV;547;ÖPNV;547010;ÖPNV;40;1;Steuern und ähnliche Abgaben;;;0,00;0;0;0;0;0
5;Gestaltung der Umwelt;54;Verkehrsflächen und -anlagen, ÖPNV;547;ÖPNV;547010;ÖPNV;41;2;Zuwendungen und allgemeine Umlagen;;;0,00;0;0;0;0;0
5;Gestaltung der Umwelt;54;Verkehrsflächen und -anlagen, ÖPNV;547;ÖPNV;547010;ÖPNV;42;3;sonstige Transfererträge;;;0,00;0;0;0;0;0
5;Gestaltung der Umwelt;54;Verkehrsflächen und -anlagen, ÖPNV;547;ÖPNV;547010;ÖPNV;43;4;öffentlich-rechtliche Leistungsentgelte;;;0,00;0;0;0;0;0
5;Gestaltung der Umwelt;54;Verkehrsflächen und -anlagen, ÖPNV;547;ÖPNV;547010;ÖPNV;441, 442, 446;5;privatrechtliche Leistungsentgelte;;;0,00;0;0;0;0;0
5;Gestaltung der Umwelt;54;Verkehrsflächen und -anlagen, ÖPNV;547;ÖPNV;547010;ÖPNV;448;6;Kostenerstattungen und Kostenumlagen;;;0,00;0;0;0;0;0
5;Gestaltung der Umwelt;54;Verkehrsflächen und -anlagen, ÖPNV;547;ÖPNV;547010;ÖPNV;45;7;sonstige Erträge;;;0,00;0;0;0;0;0
5;Gestaltung der Umwelt;54;Verkehrsflächen und -anlagen, ÖPNV;547;ÖPNV;547010;ÖPNV;471;8;aktivierte Eigenleistungen;;;0,00;0;0;0;0;0
5;Gestaltung der Umwelt;54;Verkehrsflächen und -anlagen, ÖPNV;547;ÖPNV;547010;ÖPNV;472;9;Bestandsveränderungen;;;0,00;0;0;0;0;0
5;Gestaltung der Umwelt;54;Verkehrsflächen und -anlagen, ÖPNV;547;ÖPNV;547010;ÖPNV;;10;Erträge;;;0,00;0;0;0;0;0
5;Gestaltung der Umwelt;54;Verkehrsflächen und -anlagen, ÖPNV;547;ÖPNV;547010;ÖPNV;50;11;Personalaufwendungen;;;0,00;0;0;0;0;0
5;Gestaltung der Umwelt;54;Verkehrsflächen und -anlagen, ÖPNV;547;ÖPNV;547010;ÖPNV;51;12;Versorgungsaufwendungen;;;0,00;0;0;0;0;0
5;Gestaltung der Umwelt;54;Verkehrsflächen und -anlagen, ÖPNV;547;ÖPNV;547010;ÖPNV;52;13;Aufwendungen für Sach- u. Dienstleistungen;;;0,00;0;0;0;0;0
5;Gestaltung der Umwelt;54;Verkehrsflächen und -anlagen, ÖPNV;547;ÖPNV;547010;ÖPNV;57;14;bilanzielle Abschreibungen;;;0,00;0;0;0;0;0
5;Gestaltung der Umwelt;54;Verkehrsflächen und -anlagen, ÖPNV;547;ÖPNV;547010;ÖPNV;53;15;Transferaufwendungen;;;118.804,82;224.500;400.000;406.000;412.100;418.300
5;Gestaltung der Umwelt;54;Verkehrsflächen und -anlagen, ÖPNV;547;ÖPNV;547010;ÖPNV;53;15;Transferaufwendungen;531300;Umlage ÖPNV, Förderung des Stadtverkehrs;118.804,82;124.500;300.000;306.000;312.100;318.300
5;Gestaltung der Umwelt;54;Verkehrsflächen und -anlagen, ÖPNV;547;ÖPNV;547010;ÖPNV;53;15;Transferaufwendungen;531600;Zuschuss HVV;0,00;100.000;100.000;100.000;100.000;100.000
5;Gestaltung der Umwelt;54;Verkehrsflächen und -anlagen, ÖPNV;547;ÖPNV;547010;ÖPNV;54;16;sonstige Aufwendungen;;;0,00;0;0;0;0;0
5;Gestaltung der Umwelt;54;Verkehrsflächen und -anlagen, ÖPNV;547;ÖPNV;547010;ÖPNV;;17;davon: Verfügungsmittel;;;0,00;0;0;0;0;0
5;Gestaltung der Umwelt;54;Verkehrsflächen und -anlagen, ÖPNV;547;ÖPNV;547010;ÖPNV;;18;Aufwendungen;;;118.804,82;224.500;400.000;406.000;412.100;418.300
5;Gestaltung der Umwelt;54;Verkehrsflächen und -anlagen, ÖPNV;547;ÖPNV;547010;ÖPNV;;19;Ergebnis der laufenden Verwaltungstätigkeit;;;-118.804,82;-224.500;-400.000;-406.000;-412.100;-418.300
5;Gestaltung der Umwelt;54;Verkehrsflächen und -anlagen, ÖPNV;547;ÖPNV;547010;ÖPNV;46;20;Finanzerträge;;;0,00;0;0;0;0;0
5;Gestaltung der Umwelt;54;Verkehrsflächen und -anlagen, ÖPNV;547;ÖPNV;547010;ÖPNV;55;21;Zinsen und sonstige Finanzaufwendungen;;;0,00;0;0;0;0;0
5;Gestaltung der Umwelt;54;Verkehrsflächen und -anlagen, ÖPNV;547;ÖPNV;547010;ÖPNV;;22;Finanzergebnis;;;0,00;0;0;0;0;0
5;Gestaltung der Umwelt;54;Verkehrsflächen und -anlagen, ÖPNV;547;ÖPNV;547010;ÖPNV;;23;Ergebnis vor Berücksichtigung der internen Leistungsbeziehungen;;;-118.804,82;-224.500;-400.000;-406.000;-412.100;-418.300
5;Gestaltung der Umwelt;54;Verkehrsflächen und -anlagen, ÖPNV;547;ÖPNV;547010;ÖPNV;48;24;Erträge aus internen Leistungsbeziehungen;;;0,00;0;0;0;0;0
5;Gestaltung der Umwelt;54;Verkehrsflächen und -anlagen, ÖPNV;547;ÖPNV;547010;ÖPNV;58;25;Aufwendungen aus internen Leistungsbeziehungen;;;0,00;0;0;0;0;0
5;Gestaltung der Umwelt;54;Verkehrsflächen und -anlagen, ÖPNV;547;ÖPNV;547010;ÖPNV;;26;Ergebnis;;;-118.804,82;-224.500;-400.000;-406.000;-412.100;-418.300
5;Gestaltung der Umwelt;55;Natur- und Landschaftspflege;551;Öffentliches Grün / Landschaftsbau;551010;Park- und Gartenanlagen;40;1;Steuern und ähnliche Abgaben;;;0,00;0;0;0;0;0
5;Gestaltung der Umwelt;55;Natur- und Landschaftspflege;551;Öffentliches Grün / Landschaftsbau;551010;Park- und Gartenanlagen;41;2;Zuwendungen und allgemeine Umlagen;;;0,00;0;300;300;300;300
5;Gestaltung der Umwelt;55;Natur- und Landschaftspflege;551;Öffentliches Grün / Landschaftsbau;551010;Park- und Gartenanlagen;41;2;Zuwendungen und allgemeine Umlagen;416200;Erträge aus der Auflösung von Sonderposten aus Zuweisungen;0,00;0;300;300;300;300
5;Gestaltung der Umwelt;55;Natur- und Landschaftspflege;551;Öffentliches Grün / Landschaftsbau;551010;Park- und Gartenanlagen;42;3;sonstige Transfererträge;;;0,00;0;0;0;0;0
5;Gestaltung der Umwelt;55;Natur- und Landschaftspflege;551;Öffentliches Grün / Landschaftsbau;551010;Park- und Gartenanlagen;43;4;öffentlich-rechtliche Leistungsentgelte;;;0,00;0;0;0;0;0
5;Gestaltung der Umwelt;55;Natur- und Landschaftspflege;551;Öffentliches Grün / Landschaftsbau;551010;Park- und Gartenanlagen;441, 442, 446;5;privatrechtliche Leistungsentgelte;;;7.597,20;7.700;7.700;7.200;7.200;7.200
5;Gestaltung der Umwelt;55;Natur- und Landschaftspflege;551;Öffentliches Grün / Landschaftsbau;551010;Park- und Gartenanlagen;441, 442, 446;5;privatrechtliche Leistungsentgelte;441100;Kleingartenpacht;7.597,20;7.700;7.700;7.200;7.200;7.200
5;Gestaltung der Umwelt;55;Natur- und Landschaftspflege;551;Öffentliches Grün / Landschaftsbau;551010;Park- und Gartenanlagen;448;6;Kostenerstattungen und Kostenumlagen;;;0,00;0;0;0;0;0
5;Gestaltung der Umwelt;55;Natur- und Landschaftspflege;551;Öffentliches Grün / Landschaftsbau;551010;Park- und Gartenanlagen;45;7;sonstige Erträge;;;0,00;0;0;0;0;0
5;Gestaltung der Umwelt;55;Natur- und Landschaftspflege;551;Öffentliches Grün / Landschaftsbau;551010;Park- und Gartenanlagen;471;8;aktivierte Eigenleistungen;;;0,00;0;0;0;0;0
5;Gestaltung der Umwelt;55;Natur- und Landschaftspflege;551;Öffentliches Grün / Landschaftsbau;551010;Park- und Gartenanlagen;472;9;Bestandsveränderungen;;;0,00;0;0;0;0;0
5;Gestaltung der Umwelt;55;Natur- und Landschaftspflege;551;Öffentliches Grün / Landschaftsbau;551010;Park- und Gartenanlagen;;10;Erträge;;;7.597,20;7.700;8.000;7.500;7.500;7.500
5;Gestaltung der Umwelt;55;Natur- und Landschaftspflege;551;Öffentliches Grün / Landschaftsbau;551010;Park- und Gartenanlagen;50;11;Personalaufwendungen;;;15.022,37;0;0;0;0;0
5;Gestaltung der Umwelt;55;Natur- und Landschaftspflege;551;Öffentliches Grün / Landschaftsbau;551010;Park- und Gartenanlagen;50;11;Personalaufwendungen;501200;Entgelte an ArbeitnehmerInnen;11.915,88;0;0;0;0;0
5;Gestaltung der Umwelt;55;Natur- und Landschaftspflege;551;Öffentliches Grün / Landschaftsbau;551010;Park- und Gartenanlagen;50;11;Personalaufwendungen;502200;Zusatzversicherung ArbeitnehmerInnen;804,94;0;0;0;0;0
5;Gestaltung der Umwelt;55;Natur- und Landschaftspflege;551;Öffentliches Grün / Landschaftsbau;551010;Park- und Gartenanlagen;50;11;Personalaufwendungen;503200;Beiträge gesetzliche Sozialversicherung ArbeitnehmerInnen;2.301,55;0;0;0;0;0
5;Gestaltung der Umwelt;55;Natur- und Landschaftspflege;551;Öffentliches Grün / Landschaftsbau;551010;Park- und Gartenanlagen;51;12;Versorgungsaufwendungen;;;0,00;0;0;0;0;0
5;Gestaltung der Umwelt;55;Natur- und Landschaftspflege;551;Öffentliches Grün / Landschaftsbau;551010;Park- und Gartenanlagen;52;13;Aufwendungen für Sach- u. Dienstleistungen;;;95.147,94;163.100;188.500;197.100;199.700;202.400
5;Gestaltung der Umwelt;55;Natur- und Landschaftspflege;551;Öffentliches Grün / Landschaftsbau;551010;Park- und Gartenanlagen;52;13;Aufwendungen für Sach- u. Dienstleistungen;521100;Unterhaltung der Grundstücke und baulichen Anlagen;0,00;500;500;500;500;500
5;Gestaltung der Umwelt;55;Natur- und Landschaftspflege;551;Öffentliches Grün / Landschaftsbau;551010;Park- und Gartenanlagen;52;13;Aufwendungen für Sach- u. Dienstleistungen;522100;Unterhaltung Grünflächen u.ä.;42.479,95;102.100;127.500;130.100;132.700;135.400
5;Gestaltung der Umwelt;55;Natur- und Landschaftspflege;551;Öffentliches Grün / Landschaftsbau;551010;Park- und Gartenanlagen;52;13;Aufwendungen für Sach- u. Dienstleistungen;524140;Gebäudeversicherungen;2,81;100;100;100;100;100
5;Gestaltung der Umwelt;55;Natur- und Landschaftspflege;551;Öffentliches Grün / Landschaftsbau;551010;Park- und Gartenanlagen;52;13;Aufwendungen für Sach- u. Dienstleistungen;524150;Steuern und Abgaben;493,77;500;500;500;500;500
5;Gestaltung der Umwelt;55;Natur- und Landschaftspflege;551;Öffentliches Grün / Landschaftsbau;551010;Park- und Gartenanlagen;52;13;Aufwendungen für Sach- u. Dienstleistungen;524160;Entleerung Abfallbehälter;52.171,41;59.900;59.900;65.900;65.900;65.900
5;Gestaltung der Umwelt;55;Natur- und Landschaftspflege;551;Öffentliches Grün / Landschaftsbau;551010;Park- und Gartenanlagen;57;14;bilanzielle Abschreibungen;;;490,22;500;1.900;1.900;1.900;1.900
5;Gestaltung der Umwelt;55;Natur- und Landschaftspflege;551;Öffentliches Grün / Landschaftsbau;551010;Park- und Gartenanlagen;57;14;bilanzielle Abschreibungen;571100;Abschreibungen auf immaterielle Vermögensgegenstände und Sachanlagen;490,22;500;1.900;1.900;1.900;1.900
5;Gestaltung der Umwelt;55;Natur- und Landschaftspflege;551;Öffentliches Grün / Landschaftsbau;551010;Park- und Gartenanlagen;53;15;Transferaufwendungen;;;0,00;0;0;0;0;0
5;Gestaltung der Umwelt;55;Natur- und Landschaftspflege;551;Öffentliches Grün / Landschaftsbau;551010;Park- und Gartenanlagen;54;16;sonstige Aufwendungen;;;0,00;0;0;0;0;0
5;Gestaltung der Umwelt;55;Natur- und Landschaftspflege;551;Öffentliches Grün / Landschaftsbau;551010;Park- und Gartenanlagen;;17;davon: Verfügungsmittel;;;0,00;0;0;0;0;0
5;Gestaltung der Umwelt;55;Natur- und Landschaftspflege;551;Öffentliches Grün / Landschaftsbau;551010;Park- und Gartenanlagen;;18;Aufwendungen;;;110.660,53;163.600;190.400;199.000;201.600;204.300
5;Gestaltung der Umwelt;55;Natur- und Landschaftspflege;551;Öffentliches Grün / Landschaftsbau;551010;Park- und Gartenanlagen;;19;Ergebnis der laufenden Verwaltungstätigkeit;;;-103.063,33;-155.900;-182.400;-191.500;-194.100;-196.800
5;Gestaltung der Umwelt;55;Natur- und Landschaftspflege;551;Öffentliches Grün / Landschaftsbau;551010;Park- und Gartenanlagen;46;20;Finanzerträge;;;0,00;0;0;0;0;0
5;Gestaltung der Umwelt;55;Natur- und Landschaftspflege;551;Öffentliches Grün / Landschaftsbau;551010;Park- und Gartenanlagen;55;21;Zinsen und sonstige Finanzaufwendungen;;;0,00;0;0;0;0;0
5;Gestaltung der Umwelt;55;Natur- und Landschaftspflege;551;Öffentliches Grün / Landschaftsbau;551010;Park- und Gartenanlagen;;22;Finanzergebnis;;;0,00;0;0;0;0;0
5;Gestaltung der Umwelt;55;Natur- und Landschaftspflege;551;Öffentliches Grün / Landschaftsbau;551010;Park- und Gartenanlagen;;23;Ergebnis vor Berücksichtigung der internen Leistungsbeziehungen;;;-103.063,33;-155.900;-182.400;-191.500;-194.100;-196.800
5;Gestaltung der Umwelt;55;Natur- und Landschaftspflege;551;Öffentliches Grün / Landschaftsbau;551010;Park- und Gartenanlagen;48;24;Erträge aus internen Leistungsbeziehungen;;;0,00;0;0;0;0;0
5;Gestaltung der Umwelt;55;Natur- und Landschaftspflege;551;Öffentliches Grün / Landschaftsbau;551010;Park- und Gartenanlagen;58;25;Aufwendungen aus internen Leistungsbeziehungen;;;412.600,00;412.600;412.600;420.900;429.300;437.900
5;Gestaltung der Umwelt;55;Natur- und Landschaftspflege;551;Öffentliches Grün / Landschaftsbau;551010;Park- und Gartenanlagen;58;25;Aufwendungen aus internen Leistungsbeziehungen;581110;Aufwendungen Kommunaler Service - Innere Verrechnungen;412.600,00;412.600;412.600;420.900;429.300;437.900
5;Gestaltung der Umwelt;55;Natur- und Landschaftspflege;551;Öffentliches Grün / Landschaftsbau;551010;Park- und Gartenanlagen;;26;Ergebnis;;;-515.663,33;-568.500;-595.000;-612.400;-623.400;-634.700
5;Gestaltung der Umwelt;55;Natur- und Landschaftspflege;552;Öffentliche Gewässer / Wasserbauliche Anlagen;552010;Wasserläufe und Wasserbau;40;1;Steuern und ähnliche Abgaben;;;0,00;0;0;0;0;0
5;Gestaltung der Umwelt;55;Natur- und Landschaftspflege;552;Öffentliche Gewässer / Wasserbauliche Anlagen;552010;Wasserläufe und Wasserbau;41;2;Zuwendungen und allgemeine Umlagen;;;0,00;0;0;0;0;0
5;Gestaltung der Umwelt;55;Natur- und Landschaftspflege;552;Öffentliche Gewässer / Wasserbauliche Anlagen;552010;Wasserläufe und Wasserbau;42;3;sonstige Transfererträge;;;0,00;0;0;0;0;0
5;Gestaltung der Umwelt;55;Natur- und Landschaftspflege;552;Öffentliche Gewässer / Wasserbauliche Anlagen;552010;Wasserläufe und Wasserbau;43;4;öffentlich-rechtliche Leistungsentgelte;;;0,00;0;0;0;0;0
5;Gestaltung der Umwelt;55;Natur- und Landschaftspflege;552;Öffentliche Gewässer / Wasserbauliche Anlagen;552010;Wasserläufe und Wasserbau;441, 442, 446;5;privatrechtliche Leistungsentgelte;;;0,00;0;0;0;0;0
5;Gestaltung der Umwelt;55;Natur- und Landschaftspflege;552;Öffentliche Gewässer / Wasserbauliche Anlagen;552010;Wasserläufe und Wasserbau;448;6;Kostenerstattungen und Kostenumlagen;;;0,00;0;0;0;0;0
5;Gestaltung der Umwelt;55;Natur- und Landschaftspflege;552;Öffentliche Gewässer / Wasserbauliche Anlagen;552010;Wasserläufe und Wasserbau;45;7;sonstige Erträge;;;0,00;0;0;0;0;0
5;Gestaltung der Umwelt;55;Natur- und Landschaftspflege;552;Öffentliche Gewässer / Wasserbauliche Anlagen;552010;Wasserläufe und Wasserbau;471;8;aktivierte Eigenleistungen;;;0,00;0;0;0;0;0
5;Gestaltung der Umwelt;55;Natur- und Landschaftspflege;552;Öffentliche Gewässer / Wasserbauliche Anlagen;552010;Wasserläufe und Wasserbau;472;9;Bestandsveränderungen;;;0,00;0;0;0;0;0
5;Gestaltung der Umwelt;55;Natur- und Landschaftspflege;552;Öffentliche Gewässer / Wasserbauliche Anlagen;552010;Wasserläufe und Wasserbau;;10;Erträge;;;0,00;0;0;0;0;0
5;Gestaltung der Umwelt;55;Natur- und Landschaftspflege;552;Öffentliche Gewässer / Wasserbauliche Anlagen;552010;Wasserläufe und Wasserbau;50;11;Personalaufwendungen;;;0,00;0;0;0;0;0
5;Gestaltung der Umwelt;55;Natur- und Landschaftspflege;552;Öffentliche Gewässer / Wasserbauliche Anlagen;552010;Wasserläufe und Wasserbau;51;12;Versorgungsaufwendungen;;;0,00;0;0;0;0;0
5;Gestaltung der Umwelt;55;Natur- und Landschaftspflege;552;Öffentliche Gewässer / Wasserbauliche Anlagen;552010;Wasserläufe und Wasserbau;52;13;Aufwendungen für Sach- u. Dienstleistungen;;;21.349,68;158.000;43.100;43.300;43.500;43.700
5;Gestaltung der Umwelt;55;Natur- und Landschaftspflege;552;Öffentliche Gewässer / Wasserbauliche Anlagen;552010;Wasserläufe und Wasserbau;52;13;Aufwendungen für Sach- u. Dienstleistungen;521100;Unterhaltung der Grundstücke und baulichen Anlagen;303,91;0;0;0;0;0
5;Gestaltung der Umwelt;55;Natur- und Landschaftspflege;552;Öffentliche Gewässer / Wasserbauliche Anlagen;552010;Wasserläufe und Wasserbau;52;13;Aufwendungen für Sach- u. Dienstleistungen;522100;Unterhaltung Gewässer;19.856,01;155.000;40.000;40.000;40.000;40.000
5;Gestaltung der Umwelt;55;Natur- und Landschaftspflege;552;Öffentliche Gewässer / Wasserbauliche Anlagen;552010;Wasserläufe und Wasserbau;52;13;Aufwendungen für Sach- u. Dienstleistungen;524130;Wasservers., Strom, Abwasser;1.189,76;3.000;3.100;3.300;3.500;3.700
5;Gestaltung der Umwelt;55;Natur- und Landschaftspflege;552;Öffentliche Gewässer / Wasserbauliche Anlagen;552010;Wasserläufe und Wasserbau;57;14;bilanzielle Abschreibungen;;;0,00;0;0;0;0;0
5;Gestaltung der Umwelt;55;Natur- und Landschaftspflege;552;Öffentliche Gewässer / Wasserbauliche Anlagen;552010;Wasserläufe und Wasserbau;53;15;Transferaufwendungen;;;0,00;0;5.000;0;0;0
5;Gestaltung der Umwelt;55;Natur- und Landschaftspflege;552;Öffentliche Gewässer / Wasserbauliche Anlagen;552010;Wasserläufe und Wasserbau;53;15;Transferaufwendungen;531800;Zuschüsse;0,00;0;5.000;0;0;0
5;Gestaltung der Umwelt;55;Natur- und Landschaftspflege;552;Öffentliche Gewässer / Wasserbauliche Anlagen;552010;Wasserläufe und Wasserbau;54;16;sonstige Aufwendungen;;;0,00;0;0;0;0;0
5;Gestaltung der Umwelt;55;Natur- und Landschaftspflege;552;Öffentliche Gewässer / Wasserbauliche Anlagen;552010;Wasserläufe und Wasserbau;;17;davon: Verfügungsmittel;;;0,00;0;0;0;0;0
5;Gestaltung der Umwelt;55;Natur- und Landschaftspflege;552;Öffentliche Gewässer / Wasserbauliche Anlagen;552010;Wasserläufe und Wasserbau;;18;Aufwendungen;;;21.349,68;158.000;48.100;43.300;43.500;43.700
5;Gestaltung der Umwelt;55;Natur- und Landschaftspflege;552;Öffentliche Gewässer / Wasserbauliche Anlagen;552010;Wasserläufe und Wasserbau;;19;Ergebnis der laufenden Verwaltungstätigkeit;;;-21.349,68;-158.000;-48.100;-43.300;-43.500;-43.700
5;Gestaltung der Umwelt;55;Natur- und Landschaftspflege;552;Öffentliche Gewässer / Wasserbauliche Anlagen;552010;Wasserläufe und Wasserbau;46;20;Finanzerträge;;;0,00;0;0;0;0;0
5;Gestaltung der Umwelt;55;Natur- und Landschaftspflege;552;Öffentliche Gewässer / Wasserbauliche Anlagen;552010;Wasserläufe und Wasserbau;55;21;Zinsen und sonstige Finanzaufwendungen;;;0,00;0;0;0;0;0
5;Gestaltung der Umwelt;55;Natur- und Landschaftspflege;552;Öffentliche Gewässer / Wasserbauliche Anlagen;552010;Wasserläufe und Wasserbau;;22;Finanzergebnis;;;0,00;0;0;0;0;0
5;Gestaltung der Umwelt;55;Natur- und Landschaftspflege;552;Öffentliche Gewässer / Wasserbauliche Anlagen;552010;Wasserläufe und Wasserbau;;23;Ergebnis vor Berücksichtigung der internen Leistungsbeziehungen;;;-21.349,68;-158.000;-48.100;-43.300;-43.500;-43.700
5;Gestaltung der Umwelt;55;Natur- und Landschaftspflege;552;Öffentliche Gewässer / Wasserbauliche Anlagen;552010;Wasserläufe und Wasserbau;48;24;Erträge aus internen Leistungsbeziehungen;;;0,00;0;0;0;0;0
5;Gestaltung der Umwelt;55;Natur- und Landschaftspflege;552;Öffentliche Gewässer / Wasserbauliche Anlagen;552010;Wasserläufe und Wasserbau;58;25;Aufwendungen aus internen Leistungsbeziehungen;;;21.600,00;21.600;21.600;22.000;22.400;22.800
5;Gestaltung der Umwelt;55;Natur- und Landschaftspflege;552;Öffentliche Gewässer / Wasserbauliche Anlagen;552010;Wasserläufe und Wasserbau;58;25;Aufwendungen aus internen Leistungsbeziehungen;581110;Aufwendungen Kommunaler Service - Innere Verrechnungen;21.600,00;21.600;21.600;22.000;22.400;22.800
5;Gestaltung der Umwelt;55;Natur- und Landschaftspflege;552;Öffentliche Gewässer / Wasserbauliche Anlagen;552010;Wasserläufe und Wasserbau;;26;Ergebnis;;;-42.949,68;-179.600;-69.700;-65.300;-65.900;-66.500
5;Gestaltung der Umwelt;55;Natur- und Landschaftspflege;552;Öffentliche Gewässer / Wasserbauliche Anlagen;552020;Glückstädter Binnenhafen;40;1;Steuern und ähnliche Abgaben;;;0,00;0;0;0;0;0
5;Gestaltung der Umwelt;55;Natur- und Landschaftspflege;552;Öffentliche Gewässer / Wasserbauliche Anlagen;552020;Glückstädter Binnenhafen;41;2;Zuwendungen und allgemeine Umlagen;;;48.000,00;48.000;48.000;48.000;48.000;48.000
5;Gestaltung der Umwelt;55;Natur- und Landschaftspflege;552;Öffentliche Gewässer / Wasserbauliche Anlagen;552020;Glückstädter Binnenhafen;41;2;Zuwendungen und allgemeine Umlagen;416200;Erträge aus der Auflösung von Sonderposten aus Zuweisungen;48.000,00;48.000;48.000;48.000;48.000;48.000
5;Gestaltung der Umwelt;55;Natur- und Landschaftspflege;552;Öffentliche Gewässer / Wasserbauliche Anlagen;552020;Glückstädter Binnenhafen;42;3;sonstige Transfererträge;;;0,00;0;0;0;0;0
5;Gestaltung der Umwelt;55;Natur- und Landschaftspflege;552;Öffentliche Gewässer / Wasserbauliche Anlagen;552020;Glückstädter Binnenhafen;43;4;öffentlich-rechtliche Leistungsentgelte;;;0,00;0;0;0;0;0
5;Gestaltung der Umwelt;55;Natur- und Landschaftspflege;552;Öffentliche Gewässer / Wasserbauliche Anlagen;552020;Glückstädter Binnenhafen;441, 442, 446;5;privatrechtliche Leistungsentgelte;;;0,00;0;0;0;0;0
5;Gestaltung der Umwelt;55;Natur- und Landschaftspflege;552;Öffentliche Gewässer / Wasserbauliche Anlagen;552020;Glückstädter Binnenhafen;448;6;Kostenerstattungen und Kostenumlagen;;;0,00;0;0;0;0;0
5;Gestaltung der Umwelt;55;Natur- und Landschaftspflege;552;Öffentliche Gewässer / Wasserbauliche Anlagen;552020;Glückstädter Binnenhafen;45;7;sonstige Erträge;;;0,00;0;0;0;0;0
5;Gestaltung der Umwelt;55;Natur- und Landschaftspflege;552;Öffentliche Gewässer / Wasserbauliche Anlagen;552020;Glückstädter Binnenhafen;471;8;aktivierte Eigenleistungen;;;0,00;0;0;0;0;0
5;Gestaltung der Umwelt;55;Natur- und Landschaftspflege;552;Öffentliche Gewässer / Wasserbauliche Anlagen;552020;Glückstädter Binnenhafen;472;9;Bestandsveränderungen;;;0,00;0;0;0;0;0
5;Gestaltung der Umwelt;55;Natur- und Landschaftspflege;552;Öffentliche Gewässer / Wasserbauliche Anlagen;552020;Glückstädter Binnenhafen;;10;Erträge;;;48.000,00;48.000;48.000;48.000;48.000;48.000
5;Gestaltung der Umwelt;55;Natur- und Landschaftspflege;552;Öffentliche Gewässer / Wasserbauliche Anlagen;552020;Glückstädter Binnenhafen;50;11;Personalaufwendungen;;;0,00;0;0;0;0;0
5;Gestaltung der Umwelt;55;Natur- und Landschaftspflege;552;Öffentliche Gewässer / Wasserbauliche Anlagen;552020;Glückstädter Binnenhafen;51;12;Versorgungsaufwendungen;;;0,00;0;0;0;0;0
5;Gestaltung der Umwelt;55;Natur- und Landschaftspflege;552;Öffentliche Gewässer / Wasserbauliche Anlagen;552020;Glückstädter Binnenhafen;52;13;Aufwendungen für Sach- u. Dienstleistungen;;;0,00;0;0;0;0;0
5;Gestaltung der Umwelt;55;Natur- und Landschaftspflege;552;Öffentliche Gewässer / Wasserbauliche Anlagen;552020;Glückstädter Binnenhafen;57;14;bilanzielle Abschreibungen;;;48.000,00;48.000;48.000;48.000;48.000;48.000
5;Gestaltung der Umwelt;55;Natur- und Landschaftspflege;552;Öffentliche Gewässer / Wasserbauliche Anlagen;552020;Glückstädter Binnenhafen;57;14;bilanzielle Abschreibungen;574100;Abschreibungen auf geleistete Zuwendungen;48.000,00;48.000;48.000;48.000;48.000;48.000
5;Gestaltung der Umwelt;55;Natur- und Landschaftspflege;552;Öffentliche Gewässer / Wasserbauliche Anlagen;552020;Glückstädter Binnenhafen;53;15;Transferaufwendungen;;;0,00;0;0;0;0;0
5;Gestaltung der Umwelt;55;Natur- und Landschaftspflege;552;Öffentliche Gewässer / Wasserbauliche Anlagen;552020;Glückstädter Binnenhafen;54;16;sonstige Aufwendungen;;;0,00;0;0;0;0;0
5;Gestaltung der Umwelt;55;Natur- und Landschaftspflege;552;Öffentliche Gewässer / Wasserbauliche Anlagen;552020;Glückstädter Binnenhafen;;17;davon: Verfügungsmittel;;;0,00;0;0;0;0;0
5;Gestaltung der Umwelt;55;Natur- und Landschaftspflege;552;Öffentliche Gewässer / Wasserbauliche Anlagen;552020;Glückstädter Binnenhafen;;18;Aufwendungen;;;48.000,00;48.000;48.000;48.000;48.000;48.000
5;Gestaltung der Umwelt;55;Natur- und Landschaftspflege;552;Öffentliche Gewässer / Wasserbauliche Anlagen;552020;Glückstädter Binnenhafen;;19;Ergebnis der laufenden Verwaltungstätigkeit;;;0,00;0;0;0;0;0
5;Gestaltung der Umwelt;55;Natur- und Landschaftspflege;552;Öffentliche Gewässer / Wasserbauliche Anlagen;552020;Glückstädter Binnenhafen;46;20;Finanzerträge;;;0,00;0;0;0;0;0
5;Gestaltung der Umwelt;55;Natur- und Landschaftspflege;552;Öffentliche Gewässer / Wasserbauliche Anlagen;552020;Glückstädter Binnenhafen;55;21;Zinsen und sonstige Finanzaufwendungen;;;0,00;0;0;0;0;0
5;Gestaltung der Umwelt;55;Natur- und Landschaftspflege;552;Öffentliche Gewässer / Wasserbauliche Anlagen;552020;Glückstädter Binnenhafen;;22;Finanzergebnis;;;0,00;0;0;0;0;0
5;Gestaltung der Umwelt;55;Natur- und Landschaftspflege;552;Öffentliche Gewässer / Wasserbauliche Anlagen;552020;Glückstädter Binnenhafen;;23;Ergebnis vor Berücksichtigung der internen Leistungsbeziehungen;;;0,00;0;0;0;0;0
5;Gestaltung der Umwelt;55;Natur- und Landschaftspflege;552;Öffentliche Gewässer / Wasserbauliche Anlagen;552020;Glückstädter Binnenhafen;48;24;Erträge aus internen Leistungsbeziehungen;;;0,00;0;0;0;0;0
5;Gestaltung der Umwelt;55;Natur- und Landschaftspflege;552;Öffentliche Gewässer / Wasserbauliche Anlagen;552020;Glückstädter Binnenhafen;58;25;Aufwendungen aus internen Leistungsbeziehungen;;;0,00;0;0;0;0;0
5;Gestaltung der Umwelt;55;Natur- und Landschaftspflege;552;Öffentliche Gewässer / Wasserbauliche Anlagen;552020;Glückstädter Binnenhafen;;26;Ergebnis;;;0,00;0;0;0;0;0
5;Gestaltung der Umwelt;56;Umweltschutz;561;Umweltschutzmaßnahmen;561010;Umweltschutzmaßnahmen;40;1;Steuern und ähnliche Abgaben;;;0,00;0;0;0;0;0
5;Gestaltung der Umwelt;56;Umweltschutz;561;Umweltschutzmaßnahmen;561010;Umweltschutzmaßnahmen;41;2;Zuwendungen und allgemeine Umlagen;;;0,00;0;0;0;0;0
5;Gestaltung der Umwelt;56;Umweltschutz;561;Umweltschutzmaßnahmen;561010;Umweltschutzmaßnahmen;42;3;sonstige Transfererträge;;;0,00;0;0;0;0;0
5;Gestaltung der Umwelt;56;Umweltschutz;561;Umweltschutzmaßnahmen;561010;Umweltschutzmaßnahmen;43;4;öffentlich-rechtliche Leistungsentgelte;;;0,00;0;0;0;0;0
5;Gestaltung der Umwelt;56;Umweltschutz;561;Umweltschutzmaßnahmen;561010;Umweltschutzmaßnahmen;441, 442, 446;5;privatrechtliche Leistungsentgelte;;;0,00;0;0;0;0;0
5;Gestaltung der Umwelt;56;Umweltschutz;561;Umweltschutzmaßnahmen;561010;Umweltschutzmaßnahmen;448;6;Kostenerstattungen und Kostenumlagen;;;0,00;0;0;0;0;0
5;Gestaltung der Umwelt;56;Umweltschutz;561;Umweltschutzmaßnahmen;561010;Umweltschutzmaßnahmen;45;7;sonstige Erträge;;;0,00;0;0;0;0;0
5;Gestaltung der Umwelt;56;Umweltschutz;561;Umweltschutzmaßnahmen;561010;Umweltschutzmaßnahmen;471;8;aktivierte Eigenleistungen;;;0,00;0;0;0;0;0
5;Gestaltung der Umwelt;56;Umweltschutz;561;Umweltschutzmaßnahmen;561010;Umweltschutzmaßnahmen;472;9;Bestandsveränderungen;;;0,00;0;0;0;0;0
5;Gestaltung der Umwelt;56;Umweltschutz;561;Umweltschutzmaßnahmen;561010;Umweltschutzmaßnahmen;;10;Erträge;;;0,00;0;0;0;0;0
5;Gestaltung der Umwelt;56;Umweltschutz;561;Umweltschutzmaßnahmen;561010;Umweltschutzmaßnahmen;50;11;Personalaufwendungen;;;0,00;0;0;0;0;0
5;Gestaltung der Umwelt;56;Umweltschutz;561;Umweltschutzmaßnahmen;561010;Umweltschutzmaßnahmen;51;12;Versorgungsaufwendungen;;;0,00;0;0;0;0;0
5;Gestaltung der Umwelt;56;Umweltschutz;561;Umweltschutzmaßnahmen;561010;Umweltschutzmaßnahmen;52;13;Aufwendungen für Sach- u. Dienstleistungen;;;0,00;0;0;0;0;0
5;Gestaltung der Umwelt;56;Umweltschutz;561;Umweltschutzmaßnahmen;561010;Umweltschutzmaßnahmen;57;14;bilanzielle Abschreibungen;;;0,00;0;0;0;0;0
5;Gestaltung der Umwelt;56;Umweltschutz;561;Umweltschutzmaßnahmen;561010;Umweltschutzmaßnahmen;53;15;Transferaufwendungen;;;0,00;0;0;0;0;0
5;Gestaltung der Umwelt;56;Umweltschutz;561;Umweltschutzmaßnahmen;561010;Umweltschutzmaßnahmen;54;16;sonstige Aufwendungen;;;0,00;0;0;0;0;0
5;Gestaltung der Umwelt;56;Umweltschutz;561;Umweltschutzmaßnahmen;561010;Umweltschutzmaßnahmen;;17;davon: Verfügungsmittel;;;0,00;0;0;0;0;0
5;Gestaltung der Umwelt;56;Umweltschutz;561;Umweltschutzmaßnahmen;561010;Umweltschutzmaßnahmen;;18;Aufwendungen;;;0,00;0;0;0;0;0
5;Gestaltung der Umwelt;56;Umweltschutz;561;Umweltschutzmaßnahmen;561010;Umweltschutzmaßnahmen;;19;Ergebnis der laufenden Verwaltungstätigkeit;;;0,00;0;0;0;0;0
5;Gestaltung der Umwelt;56;Umweltschutz;561;Umweltschutzmaßnahmen;561010;Umweltschutzmaßnahmen;46;20;Finanzerträge;;;0,00;0;0;0;0;0
5;Gestaltung der Umwelt;56;Umweltschutz;561;Umweltschutzmaßnahmen;561010;Umweltschutzmaßnahmen;55;21;Zinsen und sonstige Finanzaufwendungen;;;0,00;0;0;0;0;0
5;Gestaltung der Umwelt;56;Umweltschutz;561;Umweltschutzmaßnahmen;561010;Umweltschutzmaßnahmen;;22;Finanzergebnis;;;0,00;0;0;0;0;0
5;Gestaltung der Umwelt;56;Umweltschutz;561;Umweltschutzmaßnahmen;561010;Umweltschutzmaßnahmen;;23;Ergebnis vor Berücksichtigung der internen Leistungsbeziehungen;;;0,00;0;0;0;0;0
5;Gestaltung der Umwelt;56;Umweltschutz;561;Umweltschutzmaßnahmen;561010;Umweltschutzmaßnahmen;48;24;Erträge aus internen Leistungsbeziehungen;;;0,00;0;0;0;0;0
5;Gestaltung der Umwelt;56;Umweltschutz;561;Umweltschutzmaßnahmen;561010;Umweltschutzmaßnahmen;58;25;Aufwendungen aus internen Leistungsbeziehungen;;;0,00;0;0;0;0;0
5;Gestaltung der Umwelt;56;Umweltschutz;561;Umweltschutzmaßnahmen;561010;Umweltschutzmaßnahmen;;26;Ergebnis;;;0,00;0;0;0;0;0
5;Gestaltung der Umwelt;57;Wirtschaft und Tourismus;571;Wirtschaftsförderung;571010;Sonstige Förderung von Wirtschaft und Verkehr;40;1;Steuern und ähnliche Abgaben;;;0,00;0;0;0;0;0
5;Gestaltung der Umwelt;57;Wirtschaft und Tourismus;571;Wirtschaftsförderung;571010;Sonstige Förderung von Wirtschaft und Verkehr;41;2;Zuwendungen und allgemeine Umlagen;;;680,70;11.600;28.900;6.800;6.200;6.200
5;Gestaltung der Umwelt;57;Wirtschaft und Tourismus;571;Wirtschaftsförderung;571010;Sonstige Förderung von Wirtschaft und Verkehr;41;2;Zuwendungen und allgemeine Umlagen;414100;Zuweisung vom Land;0,00;11.000;22.100;0;0;0
5;Gestaltung der Umwelt;57;Wirtschaft und Tourismus;571;Wirtschaftsförderung;571010;Sonstige Förderung von Wirtschaft und Verkehr;41;2;Zuwendungen und allgemeine Umlagen;416200;Erträge aus der Auflösung von Sonderposten aus Zuweisungen;680,70;600;6.800;6.800;6.200;6.200
5;Gestaltung der Umwelt;57;Wirtschaft und Tourismus;571;Wirtschaftsförderung;571010;Sonstige Förderung von Wirtschaft und Verkehr;42;3;sonstige Transfererträge;;;0,00;0;0;0;0;0
5;Gestaltung der Umwelt;57;Wirtschaft und Tourismus;571;Wirtschaftsförderung;571010;Sonstige Förderung von Wirtschaft und Verkehr;43;4;öffentlich-rechtliche Leistungsentgelte;;;0,00;0;0;0;0;0
5;Gestaltung der Umwelt;57;Wirtschaft und Tourismus;571;Wirtschaftsförderung;571010;Sonstige Förderung von Wirtschaft und Verkehr;441, 442, 446;5;privatrechtliche Leistungsentgelte;;;0,00;0;0;0;0;0
5;Gestaltung der Umwelt;57;Wirtschaft und Tourismus;571;Wirtschaftsförderung;571010;Sonstige Förderung von Wirtschaft und Verkehr;448;6;Kostenerstattungen und Kostenumlagen;;;0,00;0;0;0;0;0
5;Gestaltung der Umwelt;57;Wirtschaft und Tourismus;571;Wirtschaftsförderung;571010;Sonstige Förderung von Wirtschaft und Verkehr;45;7;sonstige Erträge;;;0,00;0;0;0;0;0
5;Gestaltung der Umwelt;57;Wirtschaft und Tourismus;571;Wirtschaftsförderung;571010;Sonstige Förderung von Wirtschaft und Verkehr;471;8;aktivierte Eigenleistungen;;;0,00;0;0;0;0;0
5;Gestaltung der Umwelt;57;Wirtschaft und Tourismus;571;Wirtschaftsförderung;571010;Sonstige Förderung von Wirtschaft und Verkehr;472;9;Bestandsveränderungen;;;0,00;0;0;0;0;0
5;Gestaltung der Umwelt;57;Wirtschaft und Tourismus;571;Wirtschaftsförderung;571010;Sonstige Förderung von Wirtschaft und Verkehr;;10;Erträge;;;680,70;11.600;28.900;6.800;6.200;6.200
5;Gestaltung der Umwelt;57;Wirtschaft und Tourismus;571;Wirtschaftsförderung;571010;Sonstige Förderung von Wirtschaft und Verkehr;50;11;Personalaufwendungen;;;57.547,20;62.800;66.300;68.300;70.300;72.300
5;Gestaltung der Umwelt;57;Wirtschaft und Tourismus;571;Wirtschaftsförderung;571010;Sonstige Förderung von Wirtschaft und Verkehr;50;11;Personalaufwendungen;501200;Entgelte an ArbeitnehmerInnen;45.236,00;47.900;51.700;53.300;54.900;56.500
5;Gestaltung der Umwelt;57;Wirtschaft und Tourismus;571;Wirtschaftsförderung;571010;Sonstige Förderung von Wirtschaft und Verkehr;50;11;Personalaufwendungen;502200;Zusatzversicherung ArbeitnehmerInnen;3.087,81;4.500;4.200;4.300;4.400;4.500
5;Gestaltung der Umwelt;57;Wirtschaft und Tourismus;571;Wirtschaftsförderung;571010;Sonstige Förderung von Wirtschaft und Verkehr;50;11;Personalaufwendungen;503200;Beiträge gesetzliche Sozialversicherung ArbeitnehmerInnen;9.223,39;10.400;10.400;10.700;11.000;11.300
5;Gestaltung der Umwelt;57;Wirtschaft und Tourismus;571;Wirtschaftsförderung;571010;Sonstige Förderung von Wirtschaft und Verkehr;51;12;Versorgungsaufwendungen;;;0,00;0;0;0;0;0
5;Gestaltung der Umwelt;57;Wirtschaft und Tourismus;571;Wirtschaftsförderung;571010;Sonstige Förderung von Wirtschaft und Verkehr;52;13;Aufwendungen für Sach- u. Dienstleistungen;;;9.529,78;32.800;51.600;25.600;25.600;25.600
5;Gestaltung der Umwelt;57;Wirtschaft und Tourismus;571;Wirtschaftsförderung;571010;Sonstige Förderung von Wirtschaft und Verkehr;52;13;Aufwendungen für Sach- u. Dienstleistungen;521100;Unterhaltung der Grundstücke und baulichen Anlagen;0,00;900;900;900;900;900
5;Gestaltung der Umwelt;57;Wirtschaft und Tourismus;571;Wirtschaftsförderung;571010;Sonstige Förderung von Wirtschaft und Verkehr;52;13;Aufwendungen für Sach- u. Dienstleistungen;524125;Fremdreinigung;62,29;200;0;0;0;0
5;Gestaltung der Umwelt;57;Wirtschaft und Tourismus;571;Wirtschaftsförderung;571010;Sonstige Förderung von Wirtschaft und Verkehr;52;13;Aufwendungen für Sach- u. Dienstleistungen;529100;Aufwendungen für sonstige Dienstleistungen;9.467,49;17.700;24.700;24.700;24.700;24.700
5;Gestaltung der Umwelt;57;Wirtschaft und Tourismus;571;Wirtschaftsförderung;571010;Sonstige Förderung von Wirtschaft und Verkehr;52;13;Aufwendungen für Sach- u. Dienstleistungen;529110;Aufwendungen für Ausstellungen;0,00;14.000;26.000;0;0;0
5;Gestaltung der Umwelt;57;Wirtschaft und Tourismus;571;Wirtschaftsförderung;571010;Sonstige Förderung von Wirtschaft und Verkehr;57;14;bilanzielle Abschreibungen;;;2.880,55;6.100;11.400;16.600;15.600;15.600
5;Gestaltung der Umwelt;57;Wirtschaft und Tourismus;571;Wirtschaftsförderung;571010;Sonstige Förderung von Wirtschaft und Verkehr;57;14;bilanzielle Abschreibungen;571100;Abschreibungen auf immaterielle Vermögensgegenstände und Sachanlagen;1.707,73;4.900;10.200;15.400;14.400;14.400
5;Gestaltung der Umwelt;57;Wirtschaft und Tourismus;571;Wirtschaftsförderung;571010;Sonstige Förderung von Wirtschaft und Verkehr;57;14;bilanzielle Abschreibungen;574100;Abschreibungen auf geleistete Zuwendungen;1.172,82;1.200;1.200;1.200;1.200;1.200
5;Gestaltung der Umwelt;57;Wirtschaft und Tourismus;571;Wirtschaftsförderung;571010;Sonstige Förderung von Wirtschaft und Verkehr;53;15;Transferaufwendungen;;;3.787,90;3.800;3.800;3.800;3.800;3.800
5;Gestaltung der Umwelt;57;Wirtschaft und Tourismus;571;Wirtschaftsförderung;571010;Sonstige Förderung von Wirtschaft und Verkehr;53;15;Transferaufwendungen;531809;Zuschuss WC-Anlagen am Hafenkopf;3.787,90;3.800;3.800;3.800;3.800;3.800
5;Gestaltung der Umwelt;57;Wirtschaft und Tourismus;571;Wirtschaftsförderung;571010;Sonstige Förderung von Wirtschaft und Verkehr;54;16;sonstige Aufwendungen;;;23.122,36;40.900;61.700;26.100;26.100;26.100
5;Gestaltung der Umwelt;57;Wirtschaft und Tourismus;571;Wirtschaftsförderung;571010;Sonstige Förderung von Wirtschaft und Verkehr;54;16;sonstige Aufwendungen;543140;Reisekosten;0,00;1.000;1.000;1.000;1.000;1.000
5;Gestaltung der Umwelt;57;Wirtschaft und Tourismus;571;Wirtschaftsförderung;571010;Sonstige Förderung von Wirtschaft und Verkehr;54;16;sonstige Aufwendungen;543150;Sachverständigen-, Gerichts- u. ä. Kosten;0,00;15.000;35.600;0;0;0
5;Gestaltung der Umwelt;57;Wirtschaft und Tourismus;571;Wirtschaftsförderung;571010;Sonstige Förderung von Wirtschaft und Verkehr;54;16;sonstige Aufwendungen;545510;Erstattungen von Leistungen Kommunaler Service;23.122,36;24.900;25.100;25.100;25.100;25.100
5;Gestaltung der Umwelt;57;Wirtschaft und Tourismus;571;Wirtschaftsförderung;571010;Sonstige Förderung von Wirtschaft und Verkehr;;17;davon: Verfügungsmittel;;;0,00;0;0;0;0;0
5;Gestaltung der Umwelt;57;Wirtschaft und Tourismus;571;Wirtschaftsförderung;571010;Sonstige Förderung von Wirtschaft und Verkehr;;18;Aufwendungen;;;96.867,79;146.400;194.800;140.400;141.400;143.400
5;Gestaltung der Umwelt;57;Wirtschaft und Tourismus;571;Wirtschaftsförderung;571010;Sonstige Förderung von Wirtschaft und Verkehr;;19;Ergebnis der laufenden Verwaltungstätigkeit;;;-96.187,09;-134.800;-165.900;-133.600;-135.200;-137.200
5;Gestaltung der Umwelt;57;Wirtschaft und Tourismus;571;Wirtschaftsförderung;571010;Sonstige Förderung von Wirtschaft und Verkehr;46;20;Finanzerträge;;;0,00;0;0;0;0;0
5;Gestaltung der Umwelt;57;Wirtschaft und Tourismus;571;Wirtschaftsförderung;571010;Sonstige Förderung von Wirtschaft und Verkehr;55;21;Zinsen und sonstige Finanzaufwendungen;;;0,00;0;0;0;0;0
5;Gestaltung der Umwelt;57;Wirtschaft und Tourismus;571;Wirtschaftsförderung;571010;Sonstige Förderung von Wirtschaft und Verkehr;;22;Finanzergebnis;;;0,00;0;0;0;0;0
5;Gestaltung der Umwelt;57;Wirtschaft und Tourismus;571;Wirtschaftsförderung;571010;Sonstige Förderung von Wirtschaft und Verkehr;;23;Ergebnis vor Berücksichtigung der internen Leistungsbeziehungen;;;-96.187,09;-134.800;-165.900;-133.600;-135.200;-137.200
5;Gestaltung der Umwelt;57;Wirtschaft und Tourismus;571;Wirtschaftsförderung;571010;Sonstige Förderung von Wirtschaft und Verkehr;48;24;Erträge aus internen Leistungsbeziehungen;;;0,00;0;0;0;0;0
5;Gestaltung der Umwelt;57;Wirtschaft und Tourismus;571;Wirtschaftsförderung;571010;Sonstige Förderung von Wirtschaft und Verkehr;58;25;Aufwendungen aus internen Leistungsbeziehungen;;;0,00;0;0;0;0;0
5;Gestaltung der Umwelt;57;Wirtschaft und Tourismus;571;Wirtschaftsförderung;571010;Sonstige Förderung von Wirtschaft und Verkehr;;26;Ergebnis;;;-96.187,09;-134.800;-165.900;-133.600;-135.200;-137.200
5;Gestaltung der Umwelt;57;Wirtschaft und Tourismus;573;Allgemeine Einrichtungen und Unternehmen;573010;Kreditinstitute;40;1;Steuern und ähnliche Abgaben;;;0,00;0;0;0;0;0
5;Gestaltung der Umwelt;57;Wirtschaft und Tourismus;573;Allgemeine Einrichtungen und Unternehmen;573010;Kreditinstitute;41;2;Zuwendungen und allgemeine Umlagen;;;0,00;0;0;0;0;0
5;Gestaltung der Umwelt;57;Wirtschaft und Tourismus;573;Allgemeine Einrichtungen und Unternehmen;573010;Kreditinstitute;42;3;sonstige Transfererträge;;;0,00;0;0;0;0;0
5;Gestaltung der Umwelt;57;Wirtschaft und Tourismus;573;Allgemeine Einrichtungen und Unternehmen;573010;Kreditinstitute;43;4;öffentlich-rechtliche Leistungsentgelte;;;0,00;0;0;0;0;0
5;Gestaltung der Umwelt;57;Wirtschaft und Tourismus;573;Allgemeine Einrichtungen und Unternehmen;573010;Kreditinstitute;441, 442, 446;5;privatrechtliche Leistungsentgelte;;;0,00;0;0;0;0;0
5;Gestaltung der Umwelt;57;Wirtschaft und Tourismus;573;Allgemeine Einrichtungen und Unternehmen;573010;Kreditinstitute;448;6;Kostenerstattungen und Kostenumlagen;;;0,00;0;0;0;0;0
5;Gestaltung der Umwelt;57;Wirtschaft und Tourismus;573;Allgemeine Einrichtungen und Unternehmen;573010;Kreditinstitute;45;7;sonstige Erträge;;;0,00;0;0;0;0;0
5;Gestaltung der Umwelt;57;Wirtschaft und Tourismus;573;Allgemeine Einrichtungen und Unternehmen;573010;Kreditinstitute;471;8;aktivierte Eigenleistungen;;;0,00;0;0;0;0;0
5;Gestaltung der Umwelt;57;Wirtschaft und Tourismus;573;Allgemeine Einrichtungen und Unternehmen;573010;Kreditinstitute;472;9;Bestandsveränderungen;;;0,00;0;0;0;0;0
5;Gestaltung der Umwelt;57;Wirtschaft und Tourismus;573;Allgemeine Einrichtungen und Unternehmen;573010;Kreditinstitute;;10;Erträge;;;0,00;0;0;0;0;0
5;Gestaltung der Umwelt;57;Wirtschaft und Tourismus;573;Allgemeine Einrichtungen und Unternehmen;573010;Kreditinstitute;50;11;Personalaufwendungen;;;0,00;0;0;0;0;0
5;Gestaltung der Umwelt;57;Wirtschaft und Tourismus;573;Allgemeine Einrichtungen und Unternehmen;573010;Kreditinstitute;51;12;Versorgungsaufwendungen;;;0,00;0;0;0;0;0
5;Gestaltung der Umwelt;57;Wirtschaft und Tourismus;573;Allgemeine Einrichtungen und Unternehmen;573010;Kreditinstitute;52;13;Aufwendungen für Sach- u. Dienstleistungen;;;0,00;0;0;0;0;0
5;Gestaltung der Umwelt;57;Wirtschaft und Tourismus;573;Allgemeine Einrichtungen und Unternehmen;573010;Kreditinstitute;57;14;bilanzielle Abschreibungen;;;0,00;0;0;0;0;0
5;Gestaltung der Umwelt;57;Wirtschaft und Tourismus;573;Allgemeine Einrichtungen und Unternehmen;573010;Kreditinstitute;53;15;Transferaufwendungen;;;0,00;0;0;0;0;0
5;Gestaltung der Umwelt;57;Wirtschaft und Tourismus;573;Allgemeine Einrichtungen und Unternehmen;573010;Kreditinstitute;54;16;sonstige Aufwendungen;;;0,00;0;0;0;0;0
5;Gestaltung der Umwelt;57;Wirtschaft und Tourismus;573;Allgemeine Einrichtungen und Unternehmen;573010;Kreditinstitute;;17;davon: Verfügungsmittel;;;0,00;0;0;0;0;0
5;Gestaltung der Umwelt;57;Wirtschaft und Tourismus;573;Allgemeine Einrichtungen und Unternehmen;573010;Kreditinstitute;;18;Aufwendungen;;;0,00;0;0;0;0;0
5;Gestaltung der Umwelt;57;Wirtschaft und Tourismus;573;Allgemeine Einrichtungen und Unternehmen;573010;Kreditinstitute;;19;Ergebnis der laufenden Verwaltungstätigkeit;;;0,00;0;0;0;0;0
5;Gestaltung der Umwelt;57;Wirtschaft und Tourismus;573;Allgemeine Einrichtungen und Unternehmen;573010;Kreditinstitute;46;20;Finanzerträge;;;13,26;100;100;100;100;100
5;Gestaltung der Umwelt;57;Wirtschaft und Tourismus;573;Allgemeine Einrichtungen und Unternehmen;573010;Kreditinstitute;46;20;Finanzerträge;465100;Erträge aus Beteiligungen;13,26;100;100;100;100;100
5;Gestaltung der Umwelt;57;Wirtschaft und Tourismus;573;Allgemeine Einrichtungen und Unternehmen;573010;Kreditinstitute;55;21;Zinsen und sonstige Finanzaufwendungen;;;0,00;0;0;0;0;0
5;Gestaltung der Umwelt;57;Wirtschaft und Tourismus;573;Allgemeine Einrichtungen und Unternehmen;573010;Kreditinstitute;;22;Finanzergebnis;;;13,26;100;100;100;100;100
5;Gestaltung der Umwelt;57;Wirtschaft und Tourismus;573;Allgemeine Einrichtungen und Unternehmen;573010;Kreditinstitute;;23;Ergebnis vor Berücksichtigung der internen Leistungsbeziehungen;;;13,26;100;100;100;100;100
5;Gestaltung der Umwelt;57;Wirtschaft und Tourismus;573;Allgemeine Einrichtungen und Unternehmen;573010;Kreditinstitute;48;24;Erträge aus internen Leistungsbeziehungen;;;0,00;0;0;0;0;0
5;Gestaltung der Umwelt;57;Wirtschaft und Tourismus;573;Allgemeine Einrichtungen und Unternehmen;573010;Kreditinstitute;58;25;Aufwendungen aus internen Leistungsbeziehungen;;;0,00;0;0;0;0;0
5;Gestaltung der Umwelt;57;Wirtschaft und Tourismus;573;Allgemeine Einrichtungen und Unternehmen;573010;Kreditinstitute;;26;Ergebnis;;;13,26;100;100;100;100;100
5;Gestaltung der Umwelt;57;Wirtschaft und Tourismus;573;Allgemeine Einrichtungen und Unternehmen;573020;Ratskeller;40;1;Steuern und ähnliche Abgaben;;;0,00;0;0;0;0;0
5;Gestaltung der Umwelt;57;Wirtschaft und Tourismus;573;Allgemeine Einrichtungen und Unternehmen;573020;Ratskeller;41;2;Zuwendungen und allgemeine Umlagen;;;0,00;0;0;0;0;0
5;Gestaltung der Umwelt;57;Wirtschaft und Tourismus;573;Allgemeine Einrichtungen und Unternehmen;573020;Ratskeller;42;3;sonstige Transfererträge;;;0,00;0;0;0;0;0
5;Gestaltung der Umwelt;57;Wirtschaft und Tourismus;573;Allgemeine Einrichtungen und Unternehmen;573020;Ratskeller;43;4;öffentlich-rechtliche Leistungsentgelte;;;0,00;0;0;0;0;0
5;Gestaltung der Umwelt;57;Wirtschaft und Tourismus;573;Allgemeine Einrichtungen und Unternehmen;573020;Ratskeller;441, 442, 446;5;privatrechtliche Leistungsentgelte;;;0,00;25.600;31.400;31.400;31.400;31.400
5;Gestaltung der Umwelt;57;Wirtschaft und Tourismus;573;Allgemeine Einrichtungen und Unternehmen;573020;Ratskeller;441, 442, 446;5;privatrechtliche Leistungsentgelte;441100;Mieten und Pachten;0,00;25.600;31.400;31.400;31.400;31.400
5;Gestaltung der Umwelt;57;Wirtschaft und Tourismus;573;Allgemeine Einrichtungen und Unternehmen;573020;Ratskeller;448;6;Kostenerstattungen und Kostenumlagen;;;0,00;0;0;0;0;0
5;Gestaltung der Umwelt;57;Wirtschaft und Tourismus;573;Allgemeine Einrichtungen und Unternehmen;573020;Ratskeller;45;7;sonstige Erträge;;;0,00;0;0;0;0;0
5;Gestaltung der Umwelt;57;Wirtschaft und Tourismus;573;Allgemeine Einrichtungen und Unternehmen;573020;Ratskeller;471;8;aktivierte Eigenleistungen;;;0,00;0;0;0;0;0
5;Gestaltung der Umwelt;57;Wirtschaft und Tourismus;573;Allgemeine Einrichtungen und Unternehmen;573020;Ratskeller;472;9;Bestandsveränderungen;;;0,00;0;0;0;0;0
5;Gestaltung der Umwelt;57;Wirtschaft und Tourismus;573;Allgemeine Einrichtungen und Unternehmen;573020;Ratskeller;;10;Erträge;;;0,00;25.600;31.400;31.400;31.400;31.400
5;Gestaltung der Umwelt;57;Wirtschaft und Tourismus;573;Allgemeine Einrichtungen und Unternehmen;573020;Ratskeller;50;11;Personalaufwendungen;;;0,00;0;0;0;0;0
5;Gestaltung der Umwelt;57;Wirtschaft und Tourismus;573;Allgemeine Einrichtungen und Unternehmen;573020;Ratskeller;51;12;Versorgungsaufwendungen;;;0,00;0;0;0;0;0
5;Gestaltung der Umwelt;57;Wirtschaft und Tourismus;573;Allgemeine Einrichtungen und Unternehmen;573020;Ratskeller;52;13;Aufwendungen für Sach- u. Dienstleistungen;;;0,00;3.100;3.200;3.300;3.400;3.500
5;Gestaltung der Umwelt;57;Wirtschaft und Tourismus;573;Allgemeine Einrichtungen und Unternehmen;573020;Ratskeller;52;13;Aufwendungen für Sach- u. Dienstleistungen;521100;Unterhaltung der Grundstücke und bauliche Anlagen;0,00;3.100;3.200;3.300;3.400;3.500
5;Gestaltung der Umwelt;57;Wirtschaft und Tourismus;573;Allgemeine Einrichtungen und Unternehmen;573020;Ratskeller;57;14;bilanzielle Abschreibungen;;;0,00;5.700;5.700;5.700;2.200;2.200
5;Gestaltung der Umwelt;57;Wirtschaft und Tourismus;573;Allgemeine Einrichtungen und Unternehmen;573020;Ratskeller;57;14;bilanzielle Abschreibungen;571100;Abschreibungen auf immaterielle Vermögensgegenstände und Sachanlagen;0,00;5.700;5.700;5.700;2.200;2.200
5;Gestaltung der Umwelt;57;Wirtschaft und Tourismus;573;Allgemeine Einrichtungen und Unternehmen;573020;Ratskeller;53;15;Transferaufwendungen;;;0,00;0;0;0;0;0
5;Gestaltung der Umwelt;57;Wirtschaft und Tourismus;573;Allgemeine Einrichtungen und Unternehmen;573020;Ratskeller;54;16;sonstige Aufwendungen;;;0,00;24.100;8.100;8.100;8.100;8.100
5;Gestaltung der Umwelt;57;Wirtschaft und Tourismus;573;Allgemeine Einrichtungen und Unternehmen;573020;Ratskeller;54;16;sonstige Aufwendungen;543150;Sachverständigen-, Gerichts- u.ä. Kosten;0,00;10.000;3.000;3.000;3.000;3.000
5;Gestaltung der Umwelt;57;Wirtschaft und Tourismus;573;Allgemeine Einrichtungen und Unternehmen;573020;Ratskeller;54;16;sonstige Aufwendungen;544100;Steuern, Versicherungen, Schadensfälle;0,00;12.000;3.000;3.000;3.000;3.000
5;Gestaltung der Umwelt;57;Wirtschaft und Tourismus;573;Allgemeine Einrichtungen und Unternehmen;573020;Ratskeller;54;16;sonstige Aufwendungen;545800;Erstattung von Vorausleistungen Betriebskosten;0,00;2.100;2.100;2.100;2.100;2.100
5;Gestaltung der Umwelt;57;Wirtschaft und Tourismus;573;Allgemeine Einrichtungen und Unternehmen;573020;Ratskeller;;17;davon: Verfügungsmittel;;;0,00;0;0;0;0;0
5;Gestaltung der Umwelt;57;Wirtschaft und Tourismus;573;Allgemeine Einrichtungen und Unternehmen;573020;Ratskeller;;18;Aufwendungen;;;0,00;32.900;17.000;17.100;13.700;13.800
5;Gestaltung der Umwelt;57;Wirtschaft und Tourismus;573;Allgemeine Einrichtungen und Unternehmen;573020;Ratskeller;;19;Ergebnis der laufenden Verwaltungstätigkeit;;;0,00;-7.300;14.400;14.300;17.700;17.600
5;Gestaltung der Umwelt;57;Wirtschaft und Tourismus;573;Allgemeine Einrichtungen und Unternehmen;573020;Ratskeller;46;20;Finanzerträge;;;0,00;0;0;0;0;0
5;Gestaltung der Umwelt;57;Wirtschaft und Tourismus;573;Allgemeine Einrichtungen und Unternehmen;573020;Ratskeller;55;21;Zinsen und sonstige Finanzaufwendungen;;;0,00;3.200;0;0;0;0
5;Gestaltung der Umwelt;57;Wirtschaft und Tourismus;573;Allgemeine Einrichtungen und Unternehmen;573020;Ratskeller;55;21;Zinsen und sonstige Finanzaufwendungen;559200;Verzinsung Steuerforderungen;0,00;3.200;0;0;0;0
5;Gestaltung der Umwelt;57;Wirtschaft und Tourismus;573;Allgemeine Einrichtungen und Unternehmen;573020;Ratskeller;;22;Finanzergebnis;;;0,00;-3.200;0;0;0;0
5;Gestaltung der Umwelt;57;Wirtschaft und Tourismus;573;Allgemeine Einrichtungen und Unternehmen;573020;Ratskeller;;23;Ergebnis vor Berücksichtigung der internen Leistungsbeziehungen;;;0,00;-10.500;14.400;14.300;17.700;17.600
5;Gestaltung der Umwelt;57;Wirtschaft und Tourismus;573;Allgemeine Einrichtungen und Unternehmen;573020;Ratskeller;48;24;Erträge aus internen Leistungsbeziehungen;;;0,00;0;0;0;0;0
5;Gestaltung der Umwelt;57;Wirtschaft und Tourismus;573;Allgemeine Einrichtungen und Unternehmen;573020;Ratskeller;58;25;Aufwendungen aus internen Leistungsbeziehungen;;;0,00;0;0;0;0;0
5;Gestaltung der Umwelt;57;Wirtschaft und Tourismus;573;Allgemeine Einrichtungen und Unternehmen;573020;Ratskeller;;26;Ergebnis;;;0,00;-10.500;14.400;14.300;17.700;17.600
5;Gestaltung der Umwelt;57;Wirtschaft und Tourismus;573;Allgemeine Einrichtungen und Unternehmen;573030;Bürgerzentrum;40;1;Steuern und ähnliche Abgaben;;;0,00;0;0;0;0;0
5;Gestaltung der Umwelt;57;Wirtschaft und Tourismus;573;Allgemeine Einrichtungen und Unternehmen;573030;Bürgerzentrum;41;2;Zuwendungen und allgemeine Umlagen;;;0,00;0;0;0;0;0
5;Gestaltung der Umwelt;57;Wirtschaft und Tourismus;573;Allgemeine Einrichtungen und Unternehmen;573030;Bürgerzentrum;42;3;sonstige Transfererträge;;;0,00;0;0;0;0;0
5;Gestaltung der Umwelt;57;Wirtschaft und Tourismus;573;Allgemeine Einrichtungen und Unternehmen;573030;Bürgerzentrum;43;4;öffentlich-rechtliche Leistungsentgelte;;;0,00;0;0;0;0;0
5;Gestaltung der Umwelt;57;Wirtschaft und Tourismus;573;Allgemeine Einrichtungen und Unternehmen;573030;Bürgerzentrum;441, 442, 446;5;privatrechtliche Leistungsentgelte;;;0,00;0;0;0;0;0
5;Gestaltung der Umwelt;57;Wirtschaft und Tourismus;573;Allgemeine Einrichtungen und Unternehmen;573030;Bürgerzentrum;448;6;Kostenerstattungen und Kostenumlagen;;;0,00;0;0;0;0;0
5;Gestaltung der Umwelt;57;Wirtschaft und Tourismus;573;Allgemeine Einrichtungen und Unternehmen;573030;Bürgerzentrum;45;7;sonstige Erträge;;;0,00;0;0;0;0;0
5;Gestaltung der Umwelt;57;Wirtschaft und Tourismus;573;Allgemeine Einrichtungen und Unternehmen;573030;Bürgerzentrum;471;8;aktivierte Eigenleistungen;;;0,00;0;0;0;0;0
5;Gestaltung der Umwelt;57;Wirtschaft und Tourismus;573;Allgemeine Einrichtungen und Unternehmen;573030;Bürgerzentrum;472;9;Bestandsveränderungen;;;0,00;0;0;0;0;0
5;Gestaltung der Umwelt;57;Wirtschaft und Tourismus;573;Allgemeine Einrichtungen und Unternehmen;573030;Bürgerzentrum;;10;Erträge;;;0,00;0;0;0;0;0
5;Gestaltung der Umwelt;57;Wirtschaft und Tourismus;573;Allgemeine Einrichtungen und Unternehmen;573030;Bürgerzentrum;50;11;Personalaufwendungen;;;0,00;0;0;0;0;0
5;Gestaltung der Umwelt;57;Wirtschaft und Tourismus;573;Allgemeine Einrichtungen und Unternehmen;573030;Bürgerzentrum;51;12;Versorgungsaufwendungen;;;0,00;0;0;0;0;0
5;Gestaltung der Umwelt;57;Wirtschaft und Tourismus;573;Allgemeine Einrichtungen und Unternehmen;573030;Bürgerzentrum;52;13;Aufwendungen für Sach- u. Dienstleistungen;;;0,00;0;0;0;0;0
5;Gestaltung der Umwelt;57;Wirtschaft und Tourismus;573;Allgemeine Einrichtungen und Unternehmen;573030;Bürgerzentrum;57;14;bilanzielle Abschreibungen;;;0,00;0;1.000;1.500;1.500;1.500
5;Gestaltung der Umwelt;57;Wirtschaft und Tourismus;573;Allgemeine Einrichtungen und Unternehmen;573030;Bürgerzentrum;57;14;bilanzielle Abschreibungen;571100;Abschreibungen;0,00;0;1.000;1.500;1.500;1.500
5;Gestaltung der Umwelt;57;Wirtschaft und Tourismus;573;Allgemeine Einrichtungen und Unternehmen;573030;Bürgerzentrum;53;15;Transferaufwendungen;;;0,00;0;0;0;0;0
5;Gestaltung der Umwelt;57;Wirtschaft und Tourismus;573;Allgemeine Einrichtungen und Unternehmen;573030;Bürgerzentrum;54;16;sonstige Aufwendungen;;;0,00;0;0;0;0;0
5;Gestaltung der Umwelt;57;Wirtschaft und Tourismus;573;Allgemeine Einrichtungen und Unternehmen;573030;Bürgerzentrum;;17;davon: Verfügungsmittel;;;0,00;0;0;0;0;0
5;Gestaltung der Umwelt;57;Wirtschaft und Tourismus;573;Allgemeine Einrichtungen und Unternehmen;573030;Bürgerzentrum;;18;Aufwendungen;;;0,00;0;1.000;1.500;1.500;1.500
5;Gestaltung der Umwelt;57;Wirtschaft und Tourismus;573;Allgemeine Einrichtungen und Unternehmen;573030;Bürgerzentrum;;19;Ergebnis der laufenden Verwaltungstätigkeit;;;0,00;0;-1.000;-1.500;-1.500;-1.500
5;Gestaltung der Umwelt;57;Wirtschaft und Tourismus;573;Allgemeine Einrichtungen und Unternehmen;573030;Bürgerzentrum;46;20;Finanzerträge;;;0,00;0;0;0;0;0
5;Gestaltung der Umwelt;57;Wirtschaft und Tourismus;573;Allgemeine Einrichtungen und Unternehmen;573030;Bürgerzentrum;55;21;Zinsen und sonstige Finanzaufwendungen;;;0,00;0;0;0;0;0
5;Gestaltung der Umwelt;57;Wirtschaft und Tourismus;573;Allgemeine Einrichtungen und Unternehmen;573030;Bürgerzentrum;;22;Finanzergebnis;;;0,00;0;0;0;0;0
5;Gestaltung der Umwelt;57;Wirtschaft und Tourismus;573;Allgemeine Einrichtungen und Unternehmen;573030;Bürgerzentrum;;23;Ergebnis vor Berücksichtigung der internen Leistungsbeziehungen;;;0,00;0;-1.000;-1.500;-1.500;-1.500
5;Gestaltung der Umwelt;57;Wirtschaft und Tourismus;573;Allgemeine Einrichtungen und Unternehmen;573030;Bürgerzentrum;48;24;Erträge aus internen Leistungsbeziehungen;;;0,00;0;0;0;0;0
5;Gestaltung der Umwelt;57;Wirtschaft und Tourismus;573;Allgemeine Einrichtungen und Unternehmen;573030;Bürgerzentrum;58;25;Aufwendungen aus internen Leistungsbeziehungen;;;0,00;0;0;0;0;0
5;Gestaltung der Umwelt;57;Wirtschaft und Tourismus;573;Allgemeine Einrichtungen und Unternehmen;573030;Bürgerzentrum;;26;Ergebnis;;;0,00;0;-1.000;-1.500;-1.500;-1.500
5;Gestaltung der Umwelt;57;Wirtschaft und Tourismus;575;Tourismus;575010;Tourismus;40;1;Steuern und ähnliche Abgaben;;;0,00;0;0;0;0;0
5;Gestaltung der Umwelt;57;Wirtschaft und Tourismus;575;Tourismus;575010;Tourismus;41;2;Zuwendungen und allgemeine Umlagen;;;6.714,29;25.500;51.000;0;0;0
5;Gestaltung der Umwelt;57;Wirtschaft und Tourismus;575;Tourismus;575010;Tourismus;41;2;Zuwendungen und allgemeine Umlagen;414100;Zuweisung AktivRegion;6.617,58;25.500;51.000;0;0;0
5;Gestaltung der Umwelt;57;Wirtschaft und Tourismus;575;Tourismus;575010;Tourismus;41;2;Zuwendungen und allgemeine Umlagen;416200;Erträge aus der Auflösung von Sonderposten aus Zuweisungen;96,71;0;0;0;0;0
5;Gestaltung der Umwelt;57;Wirtschaft und Tourismus;575;Tourismus;575010;Tourismus;42;3;sonstige Transfererträge;;;0,00;0;0;0;0;0
5;Gestaltung der Umwelt;57;Wirtschaft und Tourismus;575;Tourismus;575010;Tourismus;43;4;öffentlich-rechtliche Leistungsentgelte;;;0,00;0;0;0;0;0
5;Gestaltung der Umwelt;57;Wirtschaft und Tourismus;575;Tourismus;575010;Tourismus;441, 442, 446;5;privatrechtliche Leistungsentgelte;;;0,00;0;0;0;0;0
5;Gestaltung der Umwelt;57;Wirtschaft und Tourismus;575;Tourismus;575010;Tourismus;448;6;Kostenerstattungen und Kostenumlagen;;;0,00;0;10.000;0;0;0
5;Gestaltung der Umwelt;57;Wirtschaft und Tourismus;575;Tourismus;575010;Tourismus;448;6;Kostenerstattungen und Kostenumlagen;448700;Erstattung für Machbarkeitsstudien;0,00;0;10.000;0;0;0
5;Gestaltung der Umwelt;57;Wirtschaft und Tourismus;575;Tourismus;575010;Tourismus;45;7;sonstige Erträge;;;0,00;0;0;0;0;0
5;Gestaltung der Umwelt;57;Wirtschaft und Tourismus;575;Tourismus;575010;Tourismus;471;8;aktivierte Eigenleistungen;;;0,00;0;0;0;0;0
5;Gestaltung der Umwelt;57;Wirtschaft und Tourismus;575;Tourismus;575010;Tourismus;472;9;Bestandsveränderungen;;;0,00;0;0;0;0;0
5;Gestaltung der Umwelt;57;Wirtschaft und Tourismus;575;Tourismus;575010;Tourismus;;10;Erträge;;;6.714,29;25.500;61.000;0;0;0
5;Gestaltung der Umwelt;57;Wirtschaft und Tourismus;575;Tourismus;575010;Tourismus;50;11;Personalaufwendungen;;;18.064,64;0;0;0;0;0
5;Gestaltung der Umwelt;57;Wirtschaft und Tourismus;575;Tourismus;575010;Tourismus;50;11;Personalaufwendungen;501200;Entgelte an ArbeitnehmerInnen;14.488,16;0;0;0;0;0
5;Gestaltung der Umwelt;57;Wirtschaft und Tourismus;575;Tourismus;575010;Tourismus;50;11;Personalaufwendungen;502200;Zusatzversicherung ArbeitnehmerInnen;969,58;0;0;0;0;0
5;Gestaltung der Umwelt;57;Wirtschaft und Tourismus;575;Tourismus;575010;Tourismus;50;11;Personalaufwendungen;503200;Beiträge gesetzliche Sozialversicherung ArbeitnehmerInnen;2.606,90;0;0;0;0;0
5;Gestaltung der Umwelt;57;Wirtschaft und Tourismus;575;Tourismus;575010;Tourismus;51;12;Versorgungsaufwendungen;;;0,00;0;0;0;0;0
5;Gestaltung der Umwelt;57;Wirtschaft und Tourismus;575;Tourismus;575010;Tourismus;52;13;Aufwendungen für Sach- u. Dienstleistungen;;;0,00;30.000;0;0;0;0
5;Gestaltung der Umwelt;57;Wirtschaft und Tourismus;575;Tourismus;575010;Tourismus;52;13;Aufwendungen für Sach- u. Dienstleistungen;529100;Aufwendungen für sonstige Dienstleistungen;0,00;30.000;0;0;0;0
5;Gestaltung der Umwelt;57;Wirtschaft und Tourismus;575;Tourismus;575010;Tourismus;57;14;bilanzielle Abschreibungen;;;133,52;200;200;200;200;200
5;Gestaltung der Umwelt;57;Wirtschaft und Tourismus;575;Tourismus;575010;Tourismus;57;14;bilanzielle Abschreibungen;571100;Abschreibungen auf immaterielle Vermögensgegenstände und Sachanlagen;133,52;200;200;200;200;200
5;Gestaltung der Umwelt;57;Wirtschaft und Tourismus;575;Tourismus;575010;Tourismus;53;15;Transferaufwendungen;;;247.777,10;262.000;263.600;262.400;263.100;263.100
5;Gestaltung der Umwelt;57;Wirtschaft und Tourismus;575;Tourismus;575010;Tourismus;53;15;Transferaufwendungen;531800;Zuschuss Verkehrsverein;247.777,10;262.000;263.600;262.400;263.100;263.100
5;Gestaltung der Umwelt;57;Wirtschaft und Tourismus;575;Tourismus;575010;Tourismus;54;16;sonstige Aufwendungen;;;19.709,84;8.900;86.700;7.700;7.700;7.700
5;Gestaltung der Umwelt;57;Wirtschaft und Tourismus;575;Tourismus;575010;Tourismus;54;16;sonstige Aufwendungen;542910;Mitgliedsbeiträge;6.650,00;6.700;6.700;6.700;6.700;6.700
5;Gestaltung der Umwelt;57;Wirtschaft und Tourismus;575;Tourismus;575010;Tourismus;54;16;sonstige Aufwendungen;543150;Gutachten;13.059,84;2.200;80.000;1.000;1.000;1.000
5;Gestaltung der Umwelt;57;Wirtschaft und Tourismus;575;Tourismus;575010;Tourismus;;17;davon: Verfügungsmittel;;;0,00;0;0;0;0;0
5;Gestaltung der Umwelt;57;Wirtschaft und Tourismus;575;Tourismus;575010;Tourismus;;18;Aufwendungen;;;285.685,10;301.100;350.500;270.300;271.000;271.000
5;Gestaltung der Umwelt;57;Wirtschaft und Tourismus;575;Tourismus;575010;Tourismus;;19;Ergebnis der laufenden Verwaltungstätigkeit;;;-278.970,81;-275.600;-289.500;-270.300;-271.000;-271.000
5;Gestaltung der Umwelt;57;Wirtschaft und Tourismus;575;Tourismus;575010;Tourismus;46;20;Finanzerträge;;;0,00;0;0;0;0;0
5;Gestaltung der Umwelt;57;Wirtschaft und Tourismus;575;Tourismus;575010;Tourismus;55;21;Zinsen und sonstige Finanzaufwendungen;;;0,00;0;0;0;0;0
5;Gestaltung der Umwelt;57;Wirtschaft und Tourismus;575;Tourismus;575010;Tourismus;;22;Finanzergebnis;;;0,00;0;0;0;0;0
5;Gestaltung der Umwelt;57;Wirtschaft und Tourismus;575;Tourismus;575010;Tourismus;;23;Ergebnis vor Berücksichtigung der internen Leistungsbeziehungen;;;-278.970,81;-275.600;-289.500;-270.300;-271.000;-271.000
5;Gestaltung der Umwelt;57;Wirtschaft und Tourismus;575;Tourismus;575010;Tourismus;48;24;Erträge aus internen Leistungsbeziehungen;;;0,00;0;0;0;0;0
5;Gestaltung der Umwelt;57;Wirtschaft und Tourismus;575;Tourismus;575010;Tourismus;58;25;Aufwendungen aus internen Leistungsbeziehungen;;;0,00;0;0;0;0;0
5;Gestaltung der Umwelt;57;Wirtschaft und Tourismus;575;Tourismus;575010;Tourismus;;26;Ergebnis;;;-278.970,81;-275.600;-289.500;-270.300;-271.000;-271.000
5;Gestaltung der Umwelt;57;Wirtschaft und Tourismus;575;Tourismus;575020;Docke - Glückstadts Fischpark;40;1;Steuern und ähnliche Abgaben;;;0,00;0;0;0;0;0
5;Gestaltung der Umwelt;57;Wirtschaft und Tourismus;575;Tourismus;575020;Docke - Glückstadts Fischpark;41;2;Zuwendungen und allgemeine Umlagen;;;0,00;0;0;0;0;0
5;Gestaltung der Umwelt;57;Wirtschaft und Tourismus;575;Tourismus;575020;Docke - Glückstadts Fischpark;42;3;sonstige Transfererträge;;;0,00;0;0;0;0;0
5;Gestaltung der Umwelt;57;Wirtschaft und Tourismus;575;Tourismus;575020;Docke - Glückstadts Fischpark;43;4;öffentlich-rechtliche Leistungsentgelte;;;0,00;0;0;0;0;0
5;Gestaltung der Umwelt;57;Wirtschaft und Tourismus;575;Tourismus;575020;Docke - Glückstadts Fischpark;441, 442, 446;5;privatrechtliche Leistungsentgelte;;;0,00;0;0;0;0;0
5;Gestaltung der Umwelt;57;Wirtschaft und Tourismus;575;Tourismus;575020;Docke - Glückstadts Fischpark;448;6;Kostenerstattungen und Kostenumlagen;;;21,87;100;0;0;0;0
5;Gestaltung der Umwelt;57;Wirtschaft und Tourismus;575;Tourismus;575020;Docke - Glückstadts Fischpark;448;6;Kostenerstattungen und Kostenumlagen;448500;Erstattung Stadtwerke;21,87;0;0;0;0;0
5;Gestaltung der Umwelt;57;Wirtschaft und Tourismus;575;Tourismus;575020;Docke - Glückstadts Fischpark;448;6;Kostenerstattungen und Kostenumlagen;448800;Erstattung Strom- und Wasserkosten;0,00;100;0;0;0;0
5;Gestaltung der Umwelt;57;Wirtschaft und Tourismus;575;Tourismus;575020;Docke - Glückstadts Fischpark;45;7;sonstige Erträge;;;0,00;0;0;0;0;0
5;Gestaltung der Umwelt;57;Wirtschaft und Tourismus;575;Tourismus;575020;Docke - Glückstadts Fischpark;471;8;aktivierte Eigenleistungen;;;0,00;0;0;0;0;0
5;Gestaltung der Umwelt;57;Wirtschaft und Tourismus;575;Tourismus;575020;Docke - Glückstadts Fischpark;472;9;Bestandsveränderungen;;;0,00;0;0;0;0;0
5;Gestaltung der Umwelt;57;Wirtschaft und Tourismus;575;Tourismus;575020;Docke - Glückstadts Fischpark;;10;Erträge;;;21,87;100;0;0;0;0
5;Gestaltung der Umwelt;57;Wirtschaft und Tourismus;575;Tourismus;575020;Docke - Glückstadts Fischpark;50;11;Personalaufwendungen;;;0,00;0;0;0;0;0
5;Gestaltung der Umwelt;57;Wirtschaft und Tourismus;575;Tourismus;575020;Docke - Glückstadts Fischpark;51;12;Versorgungsaufwendungen;;;0,00;0;0;0;0;0
5;Gestaltung der Umwelt;57;Wirtschaft und Tourismus;575;Tourismus;575020;Docke - Glückstadts Fischpark;52;13;Aufwendungen für Sach- u. Dienstleistungen;;;2.999,07;18.500;22.000;22.100;22.300;22.500
5;Gestaltung der Umwelt;57;Wirtschaft und Tourismus;575;Tourismus;575020;Docke - Glückstadts Fischpark;52;13;Aufwendungen für Sach- u. Dienstleistungen;521100;Unterhaltung der Grundstücke und baulichen Anlagen;569,36;1.500;1.500;1.500;1.500;1.500
5;Gestaltung der Umwelt;57;Wirtschaft und Tourismus;575;Tourismus;575020;Docke - Glückstadts Fischpark;52;13;Aufwendungen für Sach- u. Dienstleistungen;522100;Unterhaltung Kinderspielplätze;1.428,00;2.500;5.000;5.100;5.200;5.300
5;Gestaltung der Umwelt;57;Wirtschaft und Tourismus;575;Tourismus;575020;Docke - Glückstadts Fischpark;52;13;Aufwendungen für Sach- u. Dienstleistungen;522120;Maßnahmen zur Attraktivierung;0,00;10.000;10.000;10.000;10.000;10.000
5;Gestaltung der Umwelt;57;Wirtschaft und Tourismus;575;Tourismus;575020;Docke - Glückstadts Fischpark;52;13;Aufwendungen für Sach- u. Dienstleistungen;524120;Reinigungskosten;173,27;500;500;500;500;500
5;Gestaltung der Umwelt;57;Wirtschaft und Tourismus;575;Tourismus;575020;Docke - Glückstadts Fischpark;52;13;Aufwendungen für Sach- u. Dienstleistungen;524130;Wasserversorgung, Strom, Abwasser;813,02;2.200;3.200;3.200;3.300;3.400
5;Gestaltung der Umwelt;57;Wirtschaft und Tourismus;575;Tourismus;575020;Docke - Glückstadts Fischpark;52;13;Aufwendungen für Sach- u. Dienstleistungen;524140;Gebäudeversicherungen;15,42;100;100;100;100;100
5;Gestaltung der Umwelt;57;Wirtschaft und Tourismus;575;Tourismus;575020;Docke - Glückstadts Fischpark;52;13;Aufwendungen für Sach- u. Dienstleistungen;524160;Sonstige Bewirtschaftungskosten;0,00;1.700;1.700;1.700;1.700;1.700
5;Gestaltung der Umwelt;57;Wirtschaft und Tourismus;575;Tourismus;575020;Docke - Glückstadts Fischpark;57;14;bilanzielle Abschreibungen;;;537,61;7.700;7.100;9.200;9.100;9.100
5;Gestaltung der Umwelt;57;Wirtschaft und Tourismus;575;Tourismus;575020;Docke - Glückstadts Fischpark;57;14;bilanzielle Abschreibungen;571100;Abschreibungen auf immaterielle Vermögensgegenstände und Sachanlagen;537,61;7.700;7.100;9.200;9.100;9.100
5;Gestaltung der Umwelt;57;Wirtschaft und Tourismus;575;Tourismus;575020;Docke - Glückstadts Fischpark;53;15;Transferaufwendungen;;;0,00;4.800;0;0;0;0
5;Gestaltung der Umwelt;57;Wirtschaft und Tourismus;575;Tourismus;575020;Docke - Glückstadts Fischpark;53;15;Transferaufwendungen;531809;Zuschuss WC-Anlage Docke;0,00;4.800;0;0;0;0
5;Gestaltung der Umwelt;57;Wirtschaft und Tourismus;575;Tourismus;575020;Docke - Glückstadts Fischpark;54;16;sonstige Aufwendungen;;;12.603,38;18.000;18.000;18.400;18.800;19.200
5;Gestaltung der Umwelt;57;Wirtschaft und Tourismus;575;Tourismus;575020;Docke - Glückstadts Fischpark;54;16;sonstige Aufwendungen;545510;Erstattungen von Leistungen Kommunaler Service;10.038,45;15.000;15.000;15.300;15.600;15.900
5;Gestaltung der Umwelt;57;Wirtschaft und Tourismus;575;Tourismus;575020;Docke - Glückstadts Fischpark;54;16;sonstige Aufwendungen;545700;Erstattungen übrige Bereiche;2.564,93;3.000;3.000;3.100;3.200;3.300
5;Gestaltung der Umwelt;57;Wirtschaft und Tourismus;575;Tourismus;575020;Docke - Glückstadts Fischpark;;17;davon: Verfügungsmittel;;;0,00;0;0;0;0;0
5;Gestaltung der Umwelt;57;Wirtschaft und Tourismus;575;Tourismus;575020;Docke - Glückstadts Fischpark;;18;Aufwendungen;;;16.140,06;49.000;47.100;49.700;50.200;50.800
5;Gestaltung der Umwelt;57;Wirtschaft und Tourismus;575;Tourismus;575020;Docke - Glückstadts Fischpark;;19;Ergebnis der laufenden Verwaltungstätigkeit;;;-16.118,19;-48.900;-47.100;-49.700;-50.200;-50.800
5;Gestaltung der Umwelt;57;Wirtschaft und Tourismus;575;Tourismus;575020;Docke - Glückstadts Fischpark;46;20;Finanzerträge;;;0,00;0;0;0;0;0
5;Gestaltung der Umwelt;57;Wirtschaft und Tourismus;575;Tourismus;575020;Docke - Glückstadts Fischpark;55;21;Zinsen und sonstige Finanzaufwendungen;;;0,00;0;0;0;0;0
5;Gestaltung der Umwelt;57;Wirtschaft und Tourismus;575;Tourismus;575020;Docke - Glückstadts Fischpark;;22;Finanzergebnis;;;0,00;0;0;0;0;0
5;Gestaltung der Umwelt;57;Wirtschaft und Tourismus;575;Tourismus;575020;Docke - Glückstadts Fischpark;;23;Ergebnis vor Berücksichtigung der internen Leistungsbeziehungen;;;-16.118,19;-48.900;-47.100;-49.700;-50.200;-50.800
5;Gestaltung der Umwelt;57;Wirtschaft und Tourismus;575;Tourismus;575020;Docke - Glückstadts Fischpark;48;24;Erträge aus internen Leistungsbeziehungen;;;0,00;0;0;0;0;0
5;Gestaltung der Umwelt;57;Wirtschaft und Tourismus;575;Tourismus;575020;Docke - Glückstadts Fischpark;58;25;Aufwendungen aus internen Leistungsbeziehungen;;;2.000,00;2.000;1.500;1.500;1.500;1.500
5;Gestaltung der Umwelt;57;Wirtschaft und Tourismus;575;Tourismus;575020;Docke - Glückstadts Fischpark;58;25;Aufwendungen aus internen Leistungsbeziehungen;581100;Aufwendungen für Hausmeisterpool - Innere Verrechnungen;2.000,00;2.000;1.500;1.500;1.500;1.500
5;Gestaltung der Umwelt;57;Wirtschaft und Tourismus;575;Tourismus;575020;Docke - Glückstadts Fischpark;;26;Ergebnis;;;-18.118,19;-50.900;-48.600;-51.200;-51.700;-52.300
6;Zentrale Finanzleistungen;61;Allgemeine Finanzwirtschaft;611;Steuern, allgemeine Zuweisungen, allgemeine Umlagen;611010;Steuern, allgemeine Zuweisungen, allgemeine Umlagen;40;1;Steuern und ähnliche Abgaben;;;12.260.616,54;12.310.400;12.551.600;12.400.600;12.747.600;13.115.600
6;Zentrale Finanzleistungen;61;Allgemeine Finanzwirtschaft;611;Steuern, allgemeine Zuweisungen, allgemeine Umlagen;611010;Steuern, allgemeine Zuweisungen, allgemeine Umlagen;40;1;Steuern und ähnliche Abgaben;401100;Grundsteuer A;7.191,78;7.200;8.000;8.000;8.000;8.000
6;Zentrale Finanzleistungen;61;Allgemeine Finanzwirtschaft;611;Steuern, allgemeine Zuweisungen, allgemeine Umlagen;611010;Steuern, allgemeine Zuweisungen, allgemeine Umlagen;40;1;Steuern und ähnliche Abgaben;401200;Grundsteuer B;1.626.868,06;1.770.600;1.792.800;1.810.700;1.828.800;1.847.100
6;Zentrale Finanzleistungen;61;Allgemeine Finanzwirtschaft;611;Steuern, allgemeine Zuweisungen, allgemeine Umlagen;611010;Steuern, allgemeine Zuweisungen, allgemeine Umlagen;40;1;Steuern und ähnliche Abgaben;401300;Gewerbesteuer;4.611.861,97;4.454.400;4.454.400;4.498.900;4.543.900;4.589.300
6;Zentrale Finanzleistungen;61;Allgemeine Finanzwirtschaft;611;Steuern, allgemeine Zuweisungen, allgemeine Umlagen;611010;Steuern, allgemeine Zuweisungen, allgemeine Umlagen;40;1;Steuern und ähnliche Abgaben;402100;Gemeindeanteil an der Einkommensteuer;4.624.051,00;4.620.700;4.866.000;5.107.900;5.377.100;5.666.800
6;Zentrale Finanzleistungen;61;Allgemeine Finanzwirtschaft;611;Steuern, allgemeine Zuweisungen, allgemeine Umlagen;611010;Steuern, allgemeine Zuweisungen, allgemeine Umlagen;40;1;Steuern und ähnliche Abgaben;402200;Gemeindeanteil an der Umsatzsteuer;733.266,00;799.600;722.600;740.900;755.600;770.200
6;Zentrale Finanzleistungen;61;Allgemeine Finanzwirtschaft;611;Steuern, allgemeine Zuweisungen, allgemeine Umlagen;611010;Steuern, allgemeine Zuweisungen, allgemeine Umlagen;40;1;Steuern und ähnliche Abgaben;403100;Vergnügungssteuer;162.798,09;130.800;130.800;130.800;130.800;130.800
6;Zentrale Finanzleistungen;61;Allgemeine Finanzwirtschaft;611;Steuern, allgemeine Zuweisungen, allgemeine Umlagen;611010;Steuern, allgemeine Zuweisungen, allgemeine Umlagen;40;1;Steuern und ähnliche Abgaben;403200;Hundesteuer;80.471,77;79.700;80.000;80.000;80.000;80.000
6;Zentrale Finanzleistungen;61;Allgemeine Finanzwirtschaft;611;Steuern, allgemeine Zuweisungen, allgemeine Umlagen;611010;Steuern, allgemeine Zuweisungen, allgemeine Umlagen;40;1;Steuern und ähnliche Abgaben;403400;Zweitwohnungssteuer;24.827,87;23.400;23.400;23.400;23.400;23.400
6;Zentrale Finanzleistungen;61;Allgemeine Finanzwirtschaft;611;Steuern, allgemeine Zuweisungen, allgemeine Umlagen;611010;Steuern, allgemeine Zuweisungen, allgemeine Umlagen;40;1;Steuern und ähnliche Abgaben;405100;Ausgleichsleistungen nach dem Familienleistungsausgleich;389.280,00;424.000;473.600;0;0;0
6;Zentrale Finanzleistungen;61;Allgemeine Finanzwirtschaft;611;Steuern, allgemeine Zuweisungen, allgemeine Umlagen;611010;Steuern, allgemeine Zuweisungen, allgemeine Umlagen;41;2;Zuwendungen und allgemeine Umlagen;;;3.430.962,30;3.015.700;3.954.400;4.116.100;4.560.800;4.968.400
6;Zentrale Finanzleistungen;61;Allgemeine Finanzwirtschaft;611;Steuern, allgemeine Zuweisungen, allgemeine Umlagen;611010;Steuern, allgemeine Zuweisungen, allgemeine Umlagen;41;2;Zuwendungen und allgemeine Umlagen;411100;Allgemeine Schlüsselzuweisungen;2.535.204,00;2.079.500;2.997.900;3.180.300;3.599.200;3.980.300
6;Zentrale Finanzleistungen;61;Allgemeine Finanzwirtschaft;611;Steuern, allgemeine Zuweisungen, allgemeine Umlagen;611010;Steuern, allgemeine Zuweisungen, allgemeine Umlagen;41;2;Zuwendungen und allgemeine Umlagen;411200;Zuweisungen für übergemeindliche Aufgaben;776.916,00;821.400;841.700;858.500;884.300;910.800
6;Zentrale Finanzleistungen;61;Allgemeine Finanzwirtschaft;611;Steuern, allgemeine Zuweisungen, allgemeine Umlagen;611010;Steuern, allgemeine Zuweisungen, allgemeine Umlagen;41;2;Zuwendungen und allgemeine Umlagen;413100;Konnexitätsausgleich, Funktionalreform;118.842,30;114.800;114.800;77.300;77.300;77.300
6;Zentrale Finanzleistungen;61;Allgemeine Finanzwirtschaft;611;Steuern, allgemeine Zuweisungen, allgemeine Umlagen;611010;Steuern, allgemeine Zuweisungen, allgemeine Umlagen;42;3;sonstige Transfererträge;;;0,00;0;0;0;0;0
6;Zentrale Finanzleistungen;61;Allgemeine Finanzwirtschaft;611;Steuern, allgemeine Zuweisungen, allgemeine Umlagen;611010;Steuern, allgemeine Zuweisungen, allgemeine Umlagen;43;4;öffentlich-rechtliche Leistungsentgelte;;;0,00;0;0;0;0;0
6;Zentrale Finanzleistungen;61;Allgemeine Finanzwirtschaft;611;Steuern, allgemeine Zuweisungen, allgemeine Umlagen;611010;Steuern, allgemeine Zuweisungen, allgemeine Umlagen;441, 442, 446;5;privatrechtliche Leistungsentgelte;;;0,00;0;0;0;0;0
6;Zentrale Finanzleistungen;61;Allgemeine Finanzwirtschaft;611;Steuern, allgemeine Zuweisungen, allgemeine Umlagen;611010;Steuern, allgemeine Zuweisungen, allgemeine Umlagen;448;6;Kostenerstattungen und Kostenumlagen;;;0,00;0;0;0;0;0
6;Zentrale Finanzleistungen;61;Allgemeine Finanzwirtschaft;611;Steuern, allgemeine Zuweisungen, allgemeine Umlagen;611010;Steuern, allgemeine Zuweisungen, allgemeine Umlagen;45;7;sonstige Erträge;;;21.157,00;25.000;25.000;25.000;25.000;25.000
6;Zentrale Finanzleistungen;61;Allgemeine Finanzwirtschaft;611;Steuern, allgemeine Zuweisungen, allgemeine Umlagen;611010;Steuern, allgemeine Zuweisungen, allgemeine Umlagen;45;7;sonstige Erträge;456500;Verzinsung Gewerbesteuer;21.157,00;25.000;25.000;25.000;25.000;25.000
6;Zentrale Finanzleistungen;61;Allgemeine Finanzwirtschaft;611;Steuern, allgemeine Zuweisungen, allgemeine Umlagen;611010;Steuern, allgemeine Zuweisungen, allgemeine Umlagen;471;8;aktivierte Eigenleistungen;;;0,00;0;0;0;0;0
6;Zentrale Finanzleistungen;61;Allgemeine Finanzwirtschaft;611;Steuern, allgemeine Zuweisungen, allgemeine Umlagen;611010;Steuern, allgemeine Zuweisungen, allgemeine Umlagen;472;9;Bestandsveränderungen;;;0,00;0;0;0;0;0
6;Zentrale Finanzleistungen;61;Allgemeine Finanzwirtschaft;611;Steuern, allgemeine Zuweisungen, allgemeine Umlagen;611010;Steuern, allgemeine Zuweisungen, allgemeine Umlagen;;10;Erträge;;;15.712.735,84;15.351.100;16.531.000;16.541.700;17.333.400;18.109.000
6;Zentrale Finanzleistungen;61;Allgemeine Finanzwirtschaft;611;Steuern, allgemeine Zuweisungen, allgemeine Umlagen;611010;Steuern, allgemeine Zuweisungen, allgemeine Umlagen;50;11;Personalaufwendungen;;;0,00;0;0;0;0;0
6;Zentrale Finanzleistungen;61;Allgemeine Finanzwirtschaft;611;Steuern, allgemeine Zuweisungen, allgemeine Umlagen;611010;Steuern, allgemeine Zuweisungen, allgemeine Umlagen;51;12;Versorgungsaufwendungen;;;0,00;0;0;0;0;0
6;Zentrale Finanzleistungen;61;Allgemeine Finanzwirtschaft;611;Steuern, allgemeine Zuweisungen, allgemeine Umlagen;611010;Steuern, allgemeine Zuweisungen, allgemeine Umlagen;52;13;Aufwendungen für Sach- u. Dienstleistungen;;;0,00;0;0;0;0;0
6;Zentrale Finanzleistungen;61;Allgemeine Finanzwirtschaft;611;Steuern, allgemeine Zuweisungen, allgemeine Umlagen;611010;Steuern, allgemeine Zuweisungen, allgemeine Umlagen;57;14;bilanzielle Abschreibungen;;;35.874,36;0;0;0;0;0
6;Zentrale Finanzleistungen;61;Allgemeine Finanzwirtschaft;611;Steuern, allgemeine Zuweisungen, allgemeine Umlagen;611010;Steuern, allgemeine Zuweisungen, allgemeine Umlagen;57;14;bilanzielle Abschreibungen;573100;Abschreibungen auf das Umlaufvermögen;35.874,36;0;0;0;0;0
6;Zentrale Finanzleistungen;61;Allgemeine Finanzwirtschaft;611;Steuern, allgemeine Zuweisungen, allgemeine Umlagen;611010;Steuern, allgemeine Zuweisungen, allgemeine Umlagen;53;15;Transferaufwendungen;;;4.971.998,65;5.454.000;4.898.700;5.071.500;5.219.600;5.380.800
6;Zentrale Finanzleistungen;61;Allgemeine Finanzwirtschaft;611;Steuern, allgemeine Zuweisungen, allgemeine Umlagen;611010;Steuern, allgemeine Zuweisungen, allgemeine Umlagen;53;15;Transferaufwendungen;534100;Gewerbesteuerumlage;1.050.504,00;800.700;410.300;414.400;418.600;422.700
6;Zentrale Finanzleistungen;61;Allgemeine Finanzwirtschaft;611;Steuern, allgemeine Zuweisungen, allgemeine Umlagen;611010;Steuern, allgemeine Zuweisungen, allgemeine Umlagen;53;15;Transferaufwendungen;537200;Kreisumlage;3.921.494,65;4.653.300;4.488.400;4.657.100;4.801.000;4.958.100
6;Zentrale Finanzleistungen;61;Allgemeine Finanzwirtschaft;611;Steuern, allgemeine Zuweisungen, allgemeine Umlagen;611010;Steuern, allgemeine Zuweisungen, allgemeine Umlagen;54;16;sonstige Aufwendungen;;;0,00;0;0;0;0;0
6;Zentrale Finanzleistungen;61;Allgemeine Finanzwirtschaft;611;Steuern, allgemeine Zuweisungen, allgemeine Umlagen;611010;Steuern, allgemeine Zuweisungen, allgemeine Umlagen;;17;davon: Verfügungsmittel;;;0,00;0;0;0;0;0
6;Zentrale Finanzleistungen;61;Allgemeine Finanzwirtschaft;611;Steuern, allgemeine Zuweisungen, allgemeine Umlagen;611010;Steuern, allgemeine Zuweisungen, allgemeine Umlagen;;18;Aufwendungen;;;5.007.873,01;5.454.000;4.898.700;5.071.500;5.219.600;5.380.800
6;Zentrale Finanzleistungen;61;Allgemeine Finanzwirtschaft;611;Steuern, allgemeine Zuweisungen, allgemeine Umlagen;611010;Steuern, allgemeine Zuweisungen, allgemeine Umlagen;;19;Ergebnis der laufenden Verwaltungstätigkeit;;;10.704.862,83;9.897.100;11.632.300;11.470.200;12.113.800;12.728.200
6;Zentrale Finanzleistungen;61;Allgemeine Finanzwirtschaft;611;Steuern, allgemeine Zuweisungen, allgemeine Umlagen;611010;Steuern, allgemeine Zuweisungen, allgemeine Umlagen;46;20;Finanzerträge;;;0,00;0;0;0;0;0
6;Zentrale Finanzleistungen;61;Allgemeine Finanzwirtschaft;611;Steuern, allgemeine Zuweisungen, allgemeine Umlagen;611010;Steuern, allgemeine Zuweisungen, allgemeine Umlagen;55;21;Zinsen und sonstige Finanzaufwendungen;;;1.997,00;15.600;20.000;20.000;20.000;20.000
6;Zentrale Finanzleistungen;61;Allgemeine Finanzwirtschaft;611;Steuern, allgemeine Zuweisungen, allgemeine Umlagen;611010;Steuern, allgemeine Zuweisungen, allgemeine Umlagen;55;21;Zinsen und sonstige Finanzaufwendungen;559200;Verzinsung Gewerbesteuer;1.997,00;15.600;20.000;20.000;20.000;20.000
6;Zentrale Finanzleistungen;61;Allgemeine Finanzwirtschaft;611;Steuern, allgemeine Zuweisungen, allgemeine Umlagen;611010;Steuern, allgemeine Zuweisungen, allgemeine Umlagen;;22;Finanzergebnis;;;-1.997,00;-15.600;-20.000;-20.000;-20.000;-20.000
6;Zentrale Finanzleistungen;61;Allgemeine Finanzwirtschaft;611;Steuern, allgemeine Zuweisungen, allgemeine Umlagen;611010;Steuern, allgemeine Zuweisungen, allgemeine Umlagen;;23;Ergebnis vor Berücksichtigung der internen Leistungsbeziehungen;;;10.702.865,83;9.881.500;11.612.300;11.450.200;12.093.800;12.708.200
6;Zentrale Finanzleistungen;61;Allgemeine Finanzwirtschaft;611;Steuern, allgemeine Zuweisungen, allgemeine Umlagen;611010;Steuern, allgemeine Zuweisungen, allgemeine Umlagen;48;24;Erträge aus internen Leistungsbeziehungen;;;0,00;0;0;0;0;0
6;Zentrale Finanzleistungen;61;Allgemeine Finanzwirtschaft;611;Steuern, allgemeine Zuweisungen, allgemeine Umlagen;611010;Steuern, allgemeine Zuweisungen, allgemeine Umlagen;58;25;Aufwendungen aus internen Leistungsbeziehungen;;;0,00;0;0;0;0;0
6;Zentrale Finanzleistungen;61;Allgemeine Finanzwirtschaft;611;Steuern, allgemeine Zuweisungen, allgemeine Umlagen;611010;Steuern, allgemeine Zuweisungen, allgemeine Umlagen;;26;Ergebnis;;;10.702.865,83;9.881.500;11.612.300;11.450.200;12.093.800;12.708.200
6;Zentrale Finanzleistungen;61;Allgemeine Finanzwirtschaft;612;Sonstige allgemeine Finanzwirtschaft;612010;Sonstige allgemeine Finanzwirtschaft;40;1;Steuern und ähnliche Abgaben;;;0,00;0;0;0;0;0
6;Zentrale Finanzleistungen;61;Allgemeine Finanzwirtschaft;612;Sonstige allgemeine Finanzwirtschaft;612010;Sonstige allgemeine Finanzwirtschaft;41;2;Zuwendungen und allgemeine Umlagen;;;0,00;0;0;0;0;0
6;Zentrale Finanzleistungen;61;Allgemeine Finanzwirtschaft;612;Sonstige allgemeine Finanzwirtschaft;612010;Sonstige allgemeine Finanzwirtschaft;42;3;sonstige Transfererträge;;;0,00;0;0;0;0;0
6;Zentrale Finanzleistungen;61;Allgemeine Finanzwirtschaft;612;Sonstige allgemeine Finanzwirtschaft;612010;Sonstige allgemeine Finanzwirtschaft;43;4;öffentlich-rechtliche Leistungsentgelte;;;0,00;0;0;0;0;0
6;Zentrale Finanzleistungen;61;Allgemeine Finanzwirtschaft;612;Sonstige allgemeine Finanzwirtschaft;612010;Sonstige allgemeine Finanzwirtschaft;441, 442, 446;5;privatrechtliche Leistungsentgelte;;;0,00;0;0;0;0;0
6;Zentrale Finanzleistungen;61;Allgemeine Finanzwirtschaft;612;Sonstige allgemeine Finanzwirtschaft;612010;Sonstige allgemeine Finanzwirtschaft;448;6;Kostenerstattungen und Kostenumlagen;;;0,00;0;0;0;0;0
6;Zentrale Finanzleistungen;61;Allgemeine Finanzwirtschaft;612;Sonstige allgemeine Finanzwirtschaft;612010;Sonstige allgemeine Finanzwirtschaft;45;7;sonstige Erträge;;;0,00;0;0;0;0;0
6;Zentrale Finanzleistungen;61;Allgemeine Finanzwirtschaft;612;Sonstige allgemeine Finanzwirtschaft;612010;Sonstige allgemeine Finanzwirtschaft;471;8;aktivierte Eigenleistungen;;;0,00;0;0;0;0;0
6;Zentrale Finanzleistungen;61;Allgemeine Finanzwirtschaft;612;Sonstige allgemeine Finanzwirtschaft;612010;Sonstige allgemeine Finanzwirtschaft;472;9;Bestandsveränderungen;;;0,00;0;0;0;0;0
6;Zentrale Finanzleistungen;61;Allgemeine Finanzwirtschaft;612;Sonstige allgemeine Finanzwirtschaft;612010;Sonstige allgemeine Finanzwirtschaft;;10;Erträge;;;0,00;0;0;0;0;0
6;Zentrale Finanzleistungen;61;Allgemeine Finanzwirtschaft;612;Sonstige allgemeine Finanzwirtschaft;612010;Sonstige allgemeine Finanzwirtschaft;50;11;Personalaufwendungen;;;0,00;0;0;0;0;0
6;Zentrale Finanzleistungen;61;Allgemeine Finanzwirtschaft;612;Sonstige allgemeine Finanzwirtschaft;612010;Sonstige allgemeine Finanzwirtschaft;51;12;Versorgungsaufwendungen;;;0,00;0;0;0;0;0
6;Zentrale Finanzleistungen;61;Allgemeine Finanzwirtschaft;612;Sonstige allgemeine Finanzwirtschaft;612010;Sonstige allgemeine Finanzwirtschaft;52;13;Aufwendungen für Sach- u. Dienstleistungen;;;0,00;0;0;0;0;0
6;Zentrale Finanzleistungen;61;Allgemeine Finanzwirtschaft;612;Sonstige allgemeine Finanzwirtschaft;612010;Sonstige allgemeine Finanzwirtschaft;57;14;bilanzielle Abschreibungen;;;0,00;0;0;0;0;0
6;Zentrale Finanzleistungen;61;Allgemeine Finanzwirtschaft;612;Sonstige allgemeine Finanzwirtschaft;612010;Sonstige allgemeine Finanzwirtschaft;53;15;Transferaufwendungen;;;0,00;0;0;0;0;0
6;Zentrale Finanzleistungen;61;Allgemeine Finanzwirtschaft;612;Sonstige allgemeine Finanzwirtschaft;612010;Sonstige allgemeine Finanzwirtschaft;54;16;sonstige Aufwendungen;;;0,00;0;0;0;0;0
6;Zentrale Finanzleistungen;61;Allgemeine Finanzwirtschaft;612;Sonstige allgemeine Finanzwirtschaft;612010;Sonstige allgemeine Finanzwirtschaft;;17;davon: Verfügungsmittel;;;0,00;0;0;0;0;0
6;Zentrale Finanzleistungen;61;Allgemeine Finanzwirtschaft;612;Sonstige allgemeine Finanzwirtschaft;612010;Sonstige allgemeine Finanzwirtschaft;;18;Aufwendungen;;;0,00;0;0;0;0;0
6;Zentrale Finanzleistungen;61;Allgemeine Finanzwirtschaft;612;Sonstige allgemeine Finanzwirtschaft;612010;Sonstige allgemeine Finanzwirtschaft;;19;Ergebnis der laufenden Verwaltungstätigkeit;;;0,00;0;0;0;0;0
6;Zentrale Finanzleistungen;61;Allgemeine Finanzwirtschaft;612;Sonstige allgemeine Finanzwirtschaft;612010;Sonstige allgemeine Finanzwirtschaft;46;20;Finanzerträge;;;0,00;200;200;100;100;100
6;Zentrale Finanzleistungen;61;Allgemeine Finanzwirtschaft;612;Sonstige allgemeine Finanzwirtschaft;612010;Sonstige allgemeine Finanzwirtschaft;46;20;Finanzerträge;461300;Zinsen von Zweckverbänden;0,00;100;100;0;0;0
6;Zentrale Finanzleistungen;61;Allgemeine Finanzwirtschaft;612;Sonstige allgemeine Finanzwirtschaft;612010;Sonstige allgemeine Finanzwirtschaft;46;20;Finanzerträge;461700;Zinsen von öffentlichen-wirtschaftlichen Unternehmen;0,00;100;100;100;100;100
6;Zentrale Finanzleistungen;61;Allgemeine Finanzwirtschaft;612;Sonstige allgemeine Finanzwirtschaft;612010;Sonstige allgemeine Finanzwirtschaft;55;21;Zinsen und sonstige Finanzaufwendungen;;;91.438,21;98.000;84.800;155.200;144.000;135.100
6;Zentrale Finanzleistungen;61;Allgemeine Finanzwirtschaft;612;Sonstige allgemeine Finanzwirtschaft;612010;Sonstige allgemeine Finanzwirtschaft;55;21;Zinsen und sonstige Finanzaufwendungen;551300;Zinsen an Zweckverbände;0,00;100;100;100;100;100
6;Zentrale Finanzleistungen;61;Allgemeine Finanzwirtschaft;612;Sonstige allgemeine Finanzwirtschaft;612010;Sonstige allgemeine Finanzwirtschaft;55;21;Zinsen und sonstige Finanzaufwendungen;551700;Zinsen an Kreditmarkt;91.438,21;97.800;84.600;154.100;142.900;134.000
6;Zentrale Finanzleistungen;61;Allgemeine Finanzwirtschaft;612;Sonstige allgemeine Finanzwirtschaft;612010;Sonstige allgemeine Finanzwirtschaft;55;21;Zinsen und sonstige Finanzaufwendungen;551710;Zinsen an Kreditmarkt - Kassenkredite -;0,00;100;100;1.000;1.000;1.000
6;Zentrale Finanzleistungen;61;Allgemeine Finanzwirtschaft;612;Sonstige allgemeine Finanzwirtschaft;612010;Sonstige allgemeine Finanzwirtschaft;;22;Finanzergebnis;;;-91.438,21;-97.800;-84.600;-155.100;-143.900;-135.000
6;Zentrale Finanzleistungen;61;Allgemeine Finanzwirtschaft;612;Sonstige allgemeine Finanzwirtschaft;612010;Sonstige allgemeine Finanzwirtschaft;;23;Ergebnis vor Berücksichtigung der internen Leistungsbeziehungen;;;-91.438,21;-97.800;-84.600;-155.100;-143.900;-135.000
6;Zentrale Finanzleistungen;61;Allgemeine Finanzwirtschaft;612;Sonstige allgemeine Finanzwirtschaft;612010;Sonstige allgemeine Finanzwirtschaft;48;24;Erträge aus internen Leistungsbeziehungen;;;0,00;0;0;0;0;0
6;Zentrale Finanzleistungen;61;Allgemeine Finanzwirtschaft;612;Sonstige allgemeine Finanzwirtschaft;612010;Sonstige allgemeine Finanzwirtschaft;58;25;Aufwendungen aus internen Leistungsbeziehungen;;;0,00;0;0;0;0;0
6;Zentrale Finanzleistungen;61;Allgemeine Finanzwirtschaft;612;Sonstige allgemeine Finanzwirtschaft;612010;Sonstige allgemeine Finanzwirtschaft;;26;Ergebnis;;;-91.438,21;-97.800;-84.600;-155.100;-143.900;-135.000
