Objektnummer;Kulturdenkmaltyp;Kreis;Gemeinde;Adresse-Lage;Bezeichnung;Beschreibung;Begründung;Schutzumfang;FotoURL
40668;"Sachgesamtheit";"Kreis Ostholstein";"Ahrensbök";"Kirchstraße 16, 18";"Kirche St. Katharinen";"Sachgesamtheit Kirche St. Katharinen; Ensemble aus neuromanischer Backsteinkirche von 1883 mit dem älteren umgebenden Kirchhof und dem zugehörigem Pastorat der 1820er Jahre";"Geschichtlich, Künstlerisch, Städtebaulich";"Kirche St. Katharinen mit Ausstattung, Kirchhof, Pastorat";""
40667;"Sachgesamtheit";"Kreis Ostholstein";"Ahrensbök";"Lübecker Straße";"Kirche St. Marien";"Aktualisierung vorgesehen";"Geschichtlich, Künstlerisch, Kulturlandschaftlich, Städtebaulich";"Kirche St. Marien mit Ausstattung, Kirchhof, Grabmale bis 1870, Mausoleum Pudbres-Schiller, Mausoleum Voss, Gruft Hennings,  Lindenkranz";""
38951;"Sachgesamtheit";"Kreis Ostholstein";"Ahrensbök";"Schwinkenrade 8";"Forstdienstgehöft Schwinkenrade";"Forstdienstgehöft Schwinkenrade; 1845-46; hofartig angelegte Bautengruppe um das ehem. Forsthaus, ein breitgelagerter Backsteinbau mit Mittelzwerchhaus und hartem Halbwalmdach, die zugehörigen Nebengebäude, das ehem. Backhaus und der ehem. Pferdestall in Fachwerk mit Backsteinausfachung, unterschiedliche Dachformen und -Materialien";"Geschichtlich, Kulturlandschaftlich";"ehem. Forsthaus, ehem. Pferdestall, Backhaus";""
7315;"Bauliche Anlage";"Kreis Ostholstein";"Ahrensbök";"An der  B 432";"Meilenstein";"Alteintragung (Aktualisierung vorgesehen)";"Geschichtlich, Kulturlandschaftlich, Wissenschaftlich";"gesamtes Objekt";""
7314;"Bauliche Anlage";"Kreis Ostholstein";"Ahrensbök";"An der B 432";"Meilenstein";"Alteintragung (Aktualisierung vorgesehen)";"Geschichtlich, Kulturlandschaftlich, Wissenschaftlich";"gesamtes Objekt";"https://opendatarepo.lsh.uni-kiel.de/data/denkmalpflege/fotos/7314.jpg"
7316;"Bauliche Anlage";"Kreis Ostholstein";"Ahrensbök";"An der B 432";"Meilenstein";"Alteintragung (Aktualisierung vorgesehen)";"Geschichtlich, Kulturlandschaftlich, Wissenschaftlich";"gesamtes Objekt";"https://opendatarepo.lsh.uni-kiel.de/data/denkmalpflege/fotos/7316.jpg"
573;"Bauliche Anlage";"Kreis Ostholstein";"Ahrensbök";"Birkenhof 1 a";"Birkenhof: Gutshaus";"Alteintragung (Aktualisierung vorgesehen)";"";"Alteintragung (Aktualisierung vorgesehen)";""
574;"Bauliche Anlage";"Kreis Ostholstein";"Ahrensbök";"Birkenhof 1";"Birkenhof: Kuhstall";"Alteintragung (Aktualisierung vorgesehen)";"";"Alteintragung (Aktualisierung vorgesehen)";""
990;"Bauliche Anlage";"Kreis Ostholstein";"Ahrensbök";"Birkenhof 1";"Birkenhof: Pferdestall";"Alteintragung (Aktualisierung vorgesehen)";"";"Alteintragung (Aktualisierung vorgesehen)";""
991;"Bauliche Anlage";"Kreis Ostholstein";"Ahrensbök";"Birkenhof 1";"Birkenhof: Reithalle";"Alteintragung (Aktualisierung vorgesehen)";"";"Alteintragung (Aktualisierung vorgesehen)";""
4237;"Bauliche Anlage";"Kreis Ostholstein";"Ahrensbök";"Dorfallee 7";"Haupthaus";"Alteintragung (Aktualisierung vorgesehen)";"";"Alteintragung (Aktualisierung vorgesehen)";""
4306;"Bauliche Anlage";"Kreis Ostholstein";"Ahrensbök";"Dorfallee 7";"Durchfahrtsscheune";"Alteintragung (Aktualisierung vorgesehen)";"";"Alteintragung (Aktualisierung vorgesehen)";""
9318;"Bauliche Anlage";"Kreis Ostholstein";"Ahrensbök";"Dorfchaussee 11";"Wohn- und Wirtschaftsgebäude";"Alteintragung (Aktualisierung vorgesehen)";"Geschichtlich, Künstlerisch, Kulturlandschaftlich, Städtebaulich";"gesamtes Objekt";""
4838;"Bauliche Anlage";"Kreis Ostholstein";"Ahrensbök";"Dorfchaussee 15";"Fachhallenhaus";"Alteintragung (Aktualisierung vorgesehen)";"Geschichtlich, Künstlerisch, Kulturlandschaftlich, Städtebaulich, Wissenschaftlich";"gesamtes Objekt";""
12359;"Bauliche Anlage";"Kreis Ostholstein";"Ahrensbök";"Flachsröste 16";"Gedenkstätte Ahrensbök (Direktorenvilla)";"Alteintragung (Aktualisierung vorgesehen)";"Geschichtlich";"gesamtes Objekt";"https://opendatarepo.lsh.uni-kiel.de/data/denkmalpflege/fotos/12359.jpg"
1942;"Bauliche Anlage";"Kreis Ostholstein";"Ahrensbök";"Flörkendorfer Mühle";"ehem. Backhaus";"Alteintragung (Aktualisierung vorgesehen)";"";"Alteintragung (Aktualisierung vorgesehen)";""
3869;"Bauliche Anlage";"Kreis Ostholstein";"Ahrensbök";"Flörkendorfer Mühle";"Flörkendorfer Mühle";"Alteintragung (Aktualisierung vorgesehen)";"";"Alteintragung (Aktualisierung vorgesehen)";""
10816;"Bauliche Anlage";"Kreis Ostholstein";"Ahrensbök";"Gnissauer Heckkaten 1";"ehem. Gasthof";"ehem. Gasthof; im Kern Mitte 18. Jahrhundert; ein- bis zweigeschossiger Backsteinbau, mit nach Westen anschließendem eingeschossigem Trakt mit ehem. Ausspann, Walmdach";"Geschichtlich, Städtebaulich";"gesamtes Objekt";"https://opendatarepo.lsh.uni-kiel.de/data/denkmalpflege/fotos/10816.jpg"
3040;"Bauliche Anlage";"Kreis Ostholstein";"Ahrensbök";"Heckkaten 5";"Kate Kiekbusch";"Kate Kiekbusch; 18. Jh.; kleine Fachhallenkate mit reetgedecktem Walmdach, Sackdiele, Utlucht und Stallanbau";"Geschichtlich, Kulturlandschaftlich, Städtebaulich";"gesamtes Objekt";"https://opendatarepo.lsh.uni-kiel.de/data/denkmalpflege/fotos/3040.jpg"
8430;"Bauliche Anlage";"Kreis Ostholstein";"Ahrensbök";"Heuerstubben 4";"Wohnhaus der Hofanlage Heuerstubben";"Wohnhaus; vor 1880, Umbau vor 1936, Rückbau um 1960; eingeschossiger Putzbau in klassizistischen Formen des 19. und klassizisierenden Formen des 20. Jahrhunderts mit Souterrain- und Mezzaningeschoss, mit zweigeschossigem Mittelrisalit und vorgelagerter Terrasse und Freitreppe, Satteldach";"Geschichtlich, Kulturlandschaftlich";"gesamtes Objekt";"https://opendatarepo.lsh.uni-kiel.de/data/denkmalpflege/fotos/8430.jpg"
2965;"Bauliche Anlage";"Kreis Ostholstein";"Ahrensbök";"Hof Glashütte";"Kate";"Alteintragung (Aktualisierung vorgesehen)";"Geschichtlich, Künstlerisch";"gesamtes Objekt";""
9860;"Bauliche Anlage";"Kreis Ostholstein";"Ahrensbök";"Hohenhorst-Nord 2";"Langereihekate";"Langereihe-Kate; vermutlich Anfang 20. Jh.; traufständiges, eingeschossiges Backstein-Doppelhaus mit halbkreisförmigen Mauergiebeln an der Straßenseite, reetgedecktes Vollwalmdach";"Geschichtlich, Kulturlandschaftlich";"gesamtes Objekt";"https://opendatarepo.lsh.uni-kiel.de/data/denkmalpflege/fotos/9860.jpg"
34909;"Bauliche Anlage";"Kreis Ostholstein";"Ahrensbök";"Hohenhorst-Nord 9";"Durchfahrtsscheune";"Durchfahrtsscheune; 19. Jahrhundert; Dreiständerbau, Außenmauern in Fachwerk mit Ziegelausfachung, Vollwalmdach";"Geschichtlich, Kulturlandschaftlich";"gesamtes Objekt";"https://opendatarepo.lsh.uni-kiel.de/data/denkmalpflege/fotos/34909.jpg"
4061;"Bauliche Anlage";"Kreis Ostholstein";"Ahrensbök";"Kirchstraße 16";"Kirche St. Katharinen mit Ausstattung";"Kirche mit Ausstattung; 1883; einschiffige Backsteinkirche in neuromanischen Formen mit eingezogenem Rechteckchor und Westturm über quadratischem Grundriss";"Geschichtlich, Künstlerisch, Städtebaulich";"gesamtes Objekt";"https://opendatarepo.lsh.uni-kiel.de/data/denkmalpflege/fotos/4061.jpg"
34906;"Bauliche Anlage";"Kreis Ostholstein";"Ahrensbök";"Langenschlag 9";"Wohnhaus";"ehem. Wohnhaus; 1901; eingeschossiges, giebelständiges Wohnhaus mit ausgebautem Mansarddach und quadratischem Turm";"Geschichtlich, Städtebaulich";"gesamtes Objekt";"https://opendatarepo.lsh.uni-kiel.de/data/denkmalpflege/fotos/34906.jpg"
31441;"Bauliche Anlage";"Kreis Ostholstein";"Ahrensbök";"Lindenstraße 13";"Realschule (Altbau)";"Alteintragung (Aktualisierung vorgesehen)";"Geschichtlich, Künstlerisch";"gesamtes Objekt";"https://opendatarepo.lsh.uni-kiel.de/data/denkmalpflege/fotos/31441.jpg"
450;"Bauliche Anlage";"Kreis Ostholstein";"Ahrensbök";"Lübecker Straße";"Kirche St. Marien mit Ausstattung";"Alteintragung (Aktualisierung vorgesehen)";"Geschichtlich, Künstlerisch, Städtebaulich";"gesamtes Objekt";"https://opendatarepo.lsh.uni-kiel.de/data/denkmalpflege/fotos/450.jpg"
19409;"Bauliche Anlage";"Kreis Ostholstein";"Ahrensbök";"Plöner Straße";"Denkmal Kaiser Wilhelm I.";"Denkmal Kaiser Wilhelm I; aufgestellt 1891; Bronzebüste auf Granitsteinsockel";"Geschichtlich, Künstlerisch, Städtebaulich";"gesamtes Objekt";"https://opendatarepo.lsh.uni-kiel.de/data/denkmalpflege/fotos/19409.jpg"
46830;"Bauliche Anlage";"Kreis Ostholstein";"Ahrensbök";"Poststraße 1";"Rathaus";"Rathaus; 1983-85, Architektengemeinschaft Jungjohann, Hoffmann und Krug, Außenanlagen Ulrich Siller; zweigeschossiger kubischer Bau über rechteckigem Grundriss, pfannengedeckte Pult- und Walmdächer; mit südlichem und nördlichem „Pavillon“";"Geschichtlich, Künstlerisch, Städtebaulich";"Rathaus, nördlicher 'Pavillon', südlicher 'Pavillon' ";""
19405;"Bauliche Anlage";"Kreis Ostholstein";"Ahrensbök";"Poststraße 3";"ehem. Amtsgericht";"ehem. Amtsgericht; nach 1887; zweigeschossiger Putzbau des Historismus, längserschlossen mit stadttorartigem Mittelrisalit mit Kolossalblende und gestuftem Zinnengiebel, Satteldach";"Geschichtlich, Städtebaulich";"gesamtes Objekt";"https://opendatarepo.lsh.uni-kiel.de/data/denkmalpflege/fotos/19405.jpg"
19406;"Bauliche Anlage";"Kreis Ostholstein";"Ahrensbök";"Poststraße 18";"Dreiständerscheune";"Dreiständerscheune; Anfang 19. Jahrhundert; Fachhallenhaus, Außenwände mit Backsteinausfachungen, mit Längsdurchfahrt und Wagenschauer, Halbwalmdach";"Geschichtlich, Kulturlandschaftlich, Städtebaulich";"gesamtes Objekt";"https://opendatarepo.lsh.uni-kiel.de/data/denkmalpflege/fotos/19406.jpg"
9485;"Bauliche Anlage";"Kreis Ostholstein";"Ahrensbök";"Poststraße";"Schlossplatz (ehem. Amtswiese)";"Alteintragung (Aktualisierung vorgesehen)";"";"Alteintragung (Aktualisierung vorgesehen)";"https://opendatarepo.lsh.uni-kiel.de/data/denkmalpflege/fotos/9485.jpg"
19407;"Bauliche Anlage";"Kreis Ostholstein";"Ahrensbök";"Poststraße";"Schlossbrücke";"Alteintragung (Aktualisierung vorgesehen)";"";"Alteintragung (Aktualisierung vorgesehen)";"https://opendatarepo.lsh.uni-kiel.de/data/denkmalpflege/fotos/19407.jpg"
31349;"Bauliche Anlage";"Kreis Ostholstein";"Ahrensbök";"Schwienkuhlen 18";"Fachwerkkate";"Fachwerkkate; Mitte 19. Jahrhundert; ehem. Doppelkate, Fachwerkaußenwände mit Ziegelausfachung, längsseitige Eingänge, Walmdach mit zwei Schornsteinen";"Geschichtlich, Kulturlandschaftlich";"gesamtes Objekt";"https://opendatarepo.lsh.uni-kiel.de/data/denkmalpflege/fotos/31349.jpg"
19276;"Bauliche Anlage";"Kreis Ostholstein";"Ahrensbök";"Schwinkenrade 3 b";"Alte Forstkate";"Wohnkate; im Kern 18. Jh., später erweitert; kleine eingeschossige Fachwerkkate in Ständerbauweise, reetgedecktes Satteldach, nach Südosten abgewalmt";"Geschichtlich, Kulturlandschaftlich, Wissenschaftlich";"gesamtes Objekt";"https://opendatarepo.lsh.uni-kiel.de/data/denkmalpflege/fotos/19276.jpg"
3788;"Bauliche Anlage";"Kreis Ostholstein";"Ahrensbök";"Sibliner Hof";"Wohnhaus";"Alteintragung (Aktualisierung vorgesehen)";"";"Alteintragung (Aktualisierung vorgesehen)";"https://opendatarepo.lsh.uni-kiel.de/data/denkmalpflege/fotos/3788.jpg"
13616;"Bauliche Anlage";"Kreis Ostholstein";"Ahrensbök";"Steindamm 8";"Wohnhaus";"Alteintragung (Aktualisierung vorgesehen)";"";"Alteintragung (Aktualisierung vorgesehen)";""
13709;"Bauliche Anlage";"Kreis Ostholstein";"Ahrensbök";"Steindamm 8";"Scheune";"Alteintragung (Aktualisierung vorgesehen)";"";"Alteintragung (Aktualisierung vorgesehen)";""
2831;"Bauliche Anlage";"Kreis Ostholstein";"Ahrensbök";"Tankenrade 36";"ehem. Meierei";"ehem. Meierei; 1883; eingeschossiger Backsteinbau über hohem Sockelgeschoss mit Frontispiz und doppelläufiger Freitreppe, Satteldach";"Geschichtlich, Städtebaulich";"gesamtes Objekt";"https://opendatarepo.lsh.uni-kiel.de/data/denkmalpflege/fotos/2831.jpg"
19404;"Gründenkmal";"Kreis Ostholstein";"Ahrensbök";"Lübecker Straße";"Kirchhof";"Alteintragung (Aktualisierung vorgesehen)";"Geschichtlich, Künstlerisch, Kulturlandschaftlich";"Kirchhof, Grabmale bis 1870, Mausoleum Pudbres-Schiller, Mausoleum Voss, Gruft Hennings,  Lindenkranz";"https://opendatarepo.lsh.uni-kiel.de/data/denkmalpflege/fotos/19404.jpg"
19408;"Gründenkmal";"Kreis Ostholstein";"Ahrensbök";"Plöner Straße";"Wallallee (Linden)";"Alteintragung (Aktualisierung vorgesehen)";"Geschichtlich, Städtebaulich";"gesamtes Objekt";"https://opendatarepo.lsh.uni-kiel.de/data/denkmalpflege/fotos/19408.jpg"
20911;"Gründenkmal";"Kreis Ostholstein";"Ahrensbök";"Poststraße";"Gartenallee (Linden)";"Alteintragung (Aktualisierung vorgesehen)";"Geschichtlich, Städtebaulich";"gesamtes Objekt";"https://opendatarepo.lsh.uni-kiel.de/data/denkmalpflege/fotos/20911.jpg"
13710;"Gründenkmal";"Kreis Ostholstein";"Ahrensbök";"Steindamm 8";"Garten";"Alteintragung (Aktualisierung vorgesehen)";"Geschichtlich, Kulturlandschaftlich";"Garten, Eisentor";""
32741;"Sachgesamtheit";"Kreis Ostholstein";"Altenkrempe";"Allee 2, 3, 4, 5, 6, 7, 8, 10, 12, 14, 16, Allee, Stolper Weg 2, Stolper Weg";"Gut Hasselburg";"Idealtypische Gutshofanlage des 18. Jh.; im Kern auf einen befestigten Herrensitz des späten Mittelalters zurückgehend, wechselnde Besitzer; axialsymmetrisch ausgebildet und teilweise von einem Wassergrabensystem umschlossen, Herrenhaus mit bedeutender Innenausstattung und zwei Kavaliershäuser aus dem frühen 18. Jh., repräsentatives Torhaus und Gutsscheune aus dem späteren 18. Jh., ehem. Schafstall von 1881, Kuhhaus von 1924, weitere Gebäude (sog. Armenhaus, Alte Meierei und drei Gutskaten) aus dem 18./19. Jh., Zufahrtsallee, Landschaftspark, Tiergarten und umgebende Gutsländereien";"Geschichtlich, Künstlerisch, Kulturlandschaftlich, Wissenschaftlich";"Herrenhaus, Ehrenhof (Allee 10); nördliches Kavalierhaus mit Birnenspaliere (Allee 8); südliches Kavalierhaus mit Weinhaus (Allee 12); Gutsscheune (Allee 6); ehem. Kuhhaus (Allee 16); Torhaus (Allee 4); Zufahrtsallee; Zufahrtsdamm; Landschaftspark mit Grabenanlagen, zwei Lindenreihen am Hausgraben, nördliche Granitquaderbrücke, südliche Granitquaderbrücke, zwei Toranlagen; Tiergarten mit Eiskeller, Rosskastanienallee, Hasselburggraben; Steinquaderbrücke zwischen Herrenhausinsel und Tiergarten; ehem. Schafstall (Allee 14); Alte Meierei mit Hoffläche zur Meierei, Lindenreihe, ehem. Hausteich, Lindenreihe (Allee 7); Gutskate (Allee 2); Gutskate mit Nebengebäude (Allee 3); Gutskate mit Stallgebäude (Allee 5); Obstgärten mit Backsteinmauern; Wirtschaftshof mit Hofpflaster; Gutsländereien, Kuhhofswiese (Allee); Rosskastanienallee nach Sierhagen; ehem. Armenhaus mit zwei Nebengebäuden (Stolper Weg 2)";"https://opendatarepo.lsh.uni-kiel.de/data/denkmalpflege/fotos/32741.jpg"
40669;"Sachgesamtheit";"Kreis Ostholstein";"Altenkrempe";"Kirchsteig 1";"Kirche Altenkrempe";"Aktualisierung vorgesehen";"Geschichtlich, Künstlerisch, Kulturlandschaftlich, Städtebaulich";"Kirche mit Ausstattung, Kirchhof, Grabmale bis 1870, Feldsteinböschungsmauer";"https://opendatarepo.lsh.uni-kiel.de/data/denkmalpflege/fotos/40669.jpg"
52676;"Sachgesamtheit";"Kreis Ostholstein";"Altenkrempe";"Muuskniepen 2-4";"Hofanlage Muuskniepen";"Hofanlage Muuskniepen; 18./19. Jh.; um einen Hof gruppiertes Ensemble aus Haupthaus und Scheune";"Geschichtlich, Kulturlandschaftlich, Städtebaulich";"Haupthaus, Scheune";""
39938;"Sachgesamtheit";"Kreis Ostholstein";"Altenkrempe";"Zur Hasselburger Mühle 1, 1-2, 2, Zur Hasseldorfer Mühle 2";"Hasselburger Mühle";"Hasselburger Mühle; jahrhundertealter Mühlenstandort, Hauptgebäude des 19. Jahrhunderts, Durchfahrtsscheune im Kern 18./19. Jahrhundert; eindrückliche Mühlenanlage mit Wohn- und Wirtschaftsgebäude mit Walm- und Satteldach, mit innerer Wassermühlentechnik einschließlich des Diesel-Hilfsmotors, sowie mit der zugehörigen Wasserführung, bestehend aus dem Mühlenteich mit dem oberen Wasserzulauf, Staudamm, Stauwehr und Ablaufgraben und der Mühlenscheune, einer Dreiständer-Durchfahrtsscheune mit hartem Walmdach";"Geschichtlich, Kulturlandschaftlich, Technisch";"Hauptgebäude, Mühlenscheune mit Hofpflaster, Wasserführung mit Staudamm, Ablaufgraben, Stauwehr, Mühlenteich und oberen Wasserzulauf";"https://opendatarepo.lsh.uni-kiel.de/data/denkmalpflege/fotos/39938.jpg"
1136;"Bauliche Anlage";"Kreis Ostholstein";"Altenkrempe";"Allee 4";"Torhaus";"Torhaus des Gutes Hasselburg; 1763, Architekt Georg Greggenhofer; eingeschossiger Backsteinbau mit zwei kurzen zum Hof ausgerichteten Seitenflügeln, zweigeschossiger fünfachsiger Mittelpavillon mit Durchfahrt, geschweiftem Mansard-Zeltdach und offener Laterne";"Geschichtlich, Künstlerisch, Kulturlandschaftlich";"gesamtes Objekt";""
4046;"Bauliche Anlage";"Kreis Ostholstein";"Altenkrempe";"Allee 5";"Gutskate";"Arbeiterkate zum Gut Hasselburg; 18./19. Jh.; Fachwerkbau mit reetgedecktem Walmdach, zugehöriges Stallgebäude in gleicher Bauweise.";"Geschichtlich, Kulturlandschaftlich";"Gutskate, Stallgebäude";"https://opendatarepo.lsh.uni-kiel.de/data/denkmalpflege/fotos/4046.jpg"
955;"Bauliche Anlage";"Kreis Ostholstein";"Altenkrempe";"Allee 6";"Gutsscheune";"Kornscheune auf Gut Hasselburg; 1761, Architekt Georg Greggenhofer; gestaffelter Vierständerbau mit Querdurchfahrt, zwei Längsdurchfahrten und Abseiten, das Äußere in Backstein, mächtiges reetgedecktes Schopfwalmdach";"Geschichtlich, Kulturlandschaftlich, Wissenschaftlich";"gesamtes Objekt";"https://opendatarepo.lsh.uni-kiel.de/data/denkmalpflege/fotos/955.jpg"
951;"Bauliche Anlage";"Kreis Ostholstein";"Altenkrempe";"Allee 8";"nördliches Kavalierhaus";"nördliches Kavalierhaus des Gutes Hasselburg; Anfang 18. Jh.; eingeschossiger Backsteinbau mit ziegelgedecktem Walmdach, zweigeschossiger Mittelrisalit mit Pilastern, Giebel und Wappen, an der Südfassade Birnenspaliere";"Geschichtlich, Kulturlandschaftlich";"nördliches Kavalierhaus, Birnenspaliere";""
950;"Bauliche Anlage";"Kreis Ostholstein";"Altenkrempe";"Allee 10";"Herrenhaus";"Herrenhaus des Gutes Hasselburg; Anfang 18. Jh., im Kern älter, klassizistisch überformt; zweigeschossiger verputzter Backsteinbau mit flach übergiebeltem Mittelrisalit und Mansarddach, äußerst qualitätvolle Innenausstattung, u.a. über zwei Geschosse reichende Treppenhalle mit Galerie und illusionistischer Ausmalung von J. G. Simola";"Geschichtlich, Künstlerisch, Kulturlandschaftlich, Wissenschaftlich";"gesamtes Objekt";""
952;"Bauliche Anlage";"Kreis Ostholstein";"Altenkrempe";"Allee 12";"südliches Kavalierhaus";"südliches Kavalierhaus des Gutes Hasselburg; Anfang 18. Jh.; eingeschossiger Backsteinbau mit ziegelgedecktem Walmdach, zweigeschossiger Mittelrisalit mit Pilastern, Giebel und Wappen, an der Südfassade das ehem. Weinhaus";"Geschichtlich, Künstlerisch, Kulturlandschaftlich";"südliches Kavalierhaus, Weinhaus";""
3798;"Bauliche Anlage";"Kreis Ostholstein";"Altenkrempe";"Alte Heerstraße 31";"sog. Weinschenke";"Alteintragung (Aktualisierung vorgesehen)";"";"Alteintragung (Aktualisierung vorgesehen)";""
2072;"Bauliche Anlage";"Kreis Ostholstein";"Altenkrempe";"Alte Heerstraße";"Straßenzug Alte Heerstraße";"Alteintragung (Aktualisierung vorgesehen)";"Geschichtlich, Wissenschaftlich";"gesamtes Objekt";""
3797;"Bauliche Anlage";"Kreis Ostholstein";"Altenkrempe";"Finkbusch 1";"sog. Weberkate";"Alteintragung (Aktualisierung vorgesehen)";"";"Alteintragung (Aktualisierung vorgesehen)";""
29086;"Bauliche Anlage";"Kreis Ostholstein";"Altenkrempe";"Griebeler Holzkatenweg 1 - 3";"Doppelkate";"Doppelkate; 18./ 19. Jahrhundert; quer erschlossenes traufständiges Doppelhaus in Wandständerbauweise, ausgefacht mit gekalkten Backsteinen, reetgedecktes Vollwalmdach";"Geschichtlich, Kulturlandschaftlich, Städtebaulich";"gesamtes Objekt";"https://opendatarepo.lsh.uni-kiel.de/data/denkmalpflege/fotos/29086.jpg"
10924;"Bauliche Anlage";"Kreis Ostholstein";"Altenkrempe";"Heidberg/Sierhagen 1";"Palmenhaus";"Alteintragung (Aktualisierung vorgesehen)";"";"Alteintragung (Aktualisierung vorgesehen)";""
10926;"Bauliche Anlage";"Kreis Ostholstein";"Altenkrempe";"Heidberg/Sierhagen 1";"Geräteschuppen";"Alteintragung (Aktualisierung vorgesehen)";"";"Alteintragung (Aktualisierung vorgesehen)";"https://opendatarepo.lsh.uni-kiel.de/data/denkmalpflege/fotos/10926.jpg"
2400;"Bauliche Anlage";"Kreis Ostholstein";"Altenkrempe";"Kirchsteig 1";"Kirche mit Ausstattung";"Alteintragung (Aktualisierung vorgesehen)";"Geschichtlich, Künstlerisch, Städtebaulich";"gesamtes Objekt";"https://opendatarepo.lsh.uni-kiel.de/data/denkmalpflege/fotos/2400.jpg"
6285;"Bauliche Anlage";"Kreis Ostholstein";"Altenkrempe";"Milchstraße 11";"Lange-Reihe-Kate";"Alteintragung (Aktualisierung vorgesehen)";"";"Alteintragung (Aktualisierung vorgesehen)";""
28082;"Bauliche Anlage";"Kreis Ostholstein";"Altenkrempe";"Milchstraße 11 - 13";"Stallgebäude";"Alteintragung (Aktualisierung vorgesehen)";"";"Alteintragung (Aktualisierung vorgesehen)";""
6286;"Bauliche Anlage";"Kreis Ostholstein";"Altenkrempe";"Milchstraße 13";"Lange-Reihe-Kate";"Alteintragung (Aktualisierung vorgesehen)";"";"Alteintragung (Aktualisierung vorgesehen)";""
6287;"Bauliche Anlage";"Kreis Ostholstein";"Altenkrempe";"Milchstraße 14";"Lange-Reihe-Kate";"Alteintragung (Aktualisierung vorgesehen)";"";"Alteintragung (Aktualisierung vorgesehen)";""
28083;"Bauliche Anlage";"Kreis Ostholstein";"Altenkrempe";"Milchstraße 14 - 16";"Stallgebäude";"Alteintragung (Aktualisierung vorgesehen)";"";"Alteintragung (Aktualisierung vorgesehen)";""
6288;"Bauliche Anlage";"Kreis Ostholstein";"Altenkrempe";"Milchstraße 15";"Lange-Reihe-Kate";"Alteintragung (Aktualisierung vorgesehen)";"";"Alteintragung (Aktualisierung vorgesehen)";""
28084;"Bauliche Anlage";"Kreis Ostholstein";"Altenkrempe";"Milchstraße 15 - 17";"Stallgebäude";"Alteintragung (Aktualisierung vorgesehen)";"";"Alteintragung (Aktualisierung vorgesehen)";""
6289;"Bauliche Anlage";"Kreis Ostholstein";"Altenkrempe";"Milchstraße 16";"Lange-Reihe-Kate";"Alteintragung (Aktualisierung vorgesehen)";"";"Alteintragung (Aktualisierung vorgesehen)";""
6290;"Bauliche Anlage";"Kreis Ostholstein";"Altenkrempe";"Milchstraße 17";"Lange-Reihe-Kate";"Alteintragung (Aktualisierung vorgesehen)";"";"Alteintragung (Aktualisierung vorgesehen)";""
10398;"Bauliche Anlage";"Kreis Ostholstein";"Altenkrempe";"Muuskniepen 2 - 4";"Haupthaus";"Haupthaus; 18./19. Jh.; Fachhallenhaus in Fachwerkbauweise unter Halbwalmdach mit nach Süden gerichtetem Wohnteil";"Geschichtlich, Kulturlandschaftlich, Städtebaulich";"gesamtes Objekt";"https://opendatarepo.lsh.uni-kiel.de/data/denkmalpflege/fotos/10398.jpg"
10452;"Bauliche Anlage";"Kreis Ostholstein";"Altenkrempe";"Muuskniepen 2 - 4";"Scheune";"Scheune; 1. Hälfte 19. Jh.; Fachwerkbau in Dreiständerbauweise mit Längsdurchfahrt und Halbwalmdach";"Geschichtlich, Kulturlandschaftlich";"gesamtes Objekt";"https://opendatarepo.lsh.uni-kiel.de/data/denkmalpflege/fotos/10452.jpg"
30220;"Bauliche Anlage";"Kreis Ostholstein";"Altenkrempe";"Plunkauer Weg 2";"Mehrfamilienkate";"Mehrfamilienkate; 19. Jahrhundert; traufständiger Backsteinbau mit Lisenengliederung, reetgedeckter Vollwalm mit Lukengauben an den Schmalseiten";"Geschichtlich, Kulturlandschaftlich, Städtebaulich";"gesamtes Objekt";"https://opendatarepo.lsh.uni-kiel.de/data/denkmalpflege/fotos/30220.jpg"
27070;"Bauliche Anlage";"Kreis Ostholstein";"Altenkrempe";"Sandfeld 9";"Arbeiterkate";"Kate; 18./19. Jh.; eingeschossiger Fachwerkbau mit reetgedecktem Vollwalmdach";"Geschichtlich, Kulturlandschaftlich";"gesamtes Objekt";""
1002;"Bauliche Anlage";"Kreis Ostholstein";"Altenkrempe";"Schlosshof 1";"Gut Sierhagen: Herrenhaus";"Alteintragung (Aktualisierung vorgesehen)";"Geschichtlich, Künstlerisch, Kulturlandschaftlich";"gesamtes Objekt";""
1003;"Bauliche Anlage";"Kreis Ostholstein";"Altenkrempe";"Schlosshof";"Gut Sierhagen: östliches Torhaus";"Alteintragung (Aktualisierung vorgesehen)";"";"Alteintragung (Aktualisierung vorgesehen)";""
1004;"Bauliche Anlage";"Kreis Ostholstein";"Altenkrempe";"Schlosshof";"Gut Sierhagen: Orangerie";"Alteintragung (Aktualisierung vorgesehen)";"";"Alteintragung (Aktualisierung vorgesehen)";""
8436;"Bauliche Anlage";"Kreis Ostholstein";"Altenkrempe";"Steinklippen 3";"Kate";"Kate; 18./19. Jh.; eingeschossige Fachwerkkate in Wandständerbauweise, reetgedecktes Vollwalmdach, zugehöriges ehem. Stallgebäude";"Geschichtlich, Kulturlandschaftlich";"Kate, ehem. Stall";"https://opendatarepo.lsh.uni-kiel.de/data/denkmalpflege/fotos/8436.jpg"
8518;"Bauliche Anlage";"Kreis Ostholstein";"Altenkrempe";"Zur Hasselburger Mühle 1";"Hauptgebäude";"Wohn- und Wirtschaftsgebäude der Wassermühle; 19. Jh., im Kern älter; der traufständige Wohnteil mit Walmdach und Putzfassade nach 1956 straßenseitig aufgestockt; rückwärtig ein- bis zweigeschossiger Wirtschaftstrakt in Backstein mit komplett erhaltener Mühlentechnik einschließlich eines Diesel-Hilfsmotors";"Geschichtlich, Kulturlandschaftlich, Technisch";"gesamtes Objekt mit innerer Wassermühlentechnik und Diesel-Hilfsmotor";"https://opendatarepo.lsh.uni-kiel.de/data/denkmalpflege/fotos/8518.jpg"
8672;"Bauliche Anlage";"Kreis Ostholstein";"Altenkrempe";"Zur Hasselburger Mühle 2";"Mühlenscheune";"Mühlenscheune; im Kern 18. - 19. Jahrhundert; Durchfahrtsscheune in Dreiständerkonstruktion, hartes Walmdach; mit Hofpflaster";"Geschichtlich, Kulturlandschaftlich";"Mühlenscheune, Hofpflaster";"https://opendatarepo.lsh.uni-kiel.de/data/denkmalpflege/fotos/8672.jpg"
954;"Gründenkmal";"Kreis Ostholstein";"Altenkrempe";"Allee";"Zufahrtsallee";"Zufahrtsallee zum Gut Hasselburg; angelegt im späten 18. Jh.; rund 400 Meter lange Allee aus Holländischen Linden, auf das Torhaus der Gutsanlage zuführend und die Mittelachse des Gutes aufnehmend";"Geschichtlich, Kulturlandschaftlich";"gesamtes Objekt";"https://opendatarepo.lsh.uni-kiel.de/data/denkmalpflege/fotos/954.jpg"
28898;"Gründenkmal";"Kreis Ostholstein";"Altenkrempe";"Allee";"Landschaftspark";"Landschaftspark auf der Herrenhausinsel von Gut Hasselburg; seit dem 18. Jh. als Barockgarten überliefert, im 19. Jh. umgestaltet; von einem Grabensystem umgebene Anlage mit wertvollem historischen Baumbestand, zugehörig zwei Granitquaderbrücken und zwei Lindenreihen am Hausgraben sowie zwei Toranlagen neben dem Herrenhaus";"Geschichtlich, Künstlerisch, Kulturlandschaftlich";"Landschaftspark, Grabenanlagen, zwei Lindenreihen am Hausgraben, nördliche Granitquaderbrücke, südliche Granitquaderbrücke, zwei Toranlagen";""
20954;"Gründenkmal";"Kreis Ostholstein";"Altenkrempe";"Kirchsteig 1";"Kirchhof";"Alteintragung (Aktualisierung vorgesehen)";"Geschichtlich, Kulturlandschaftlich";"Kirchhof, Grabmale bis 1870, Feldsteinböschungsmauer";"https://opendatarepo.lsh.uni-kiel.de/data/denkmalpflege/fotos/20954.jpg"
39786;"Sachgesamtheit";"Kreis Ostholstein";"Bad Schwartau, Stadt";"Alt Rensefeld";"Kirche St. Fabian";"Aktualisierung vorgesehen";"Geschichtlich, Künstlerisch, Kulturlandschaftlich, Städtebaulich, Wissenschaftlich";"Kirche St. Fabian mit Ausstattung, Kirchhof, Grabmale bis 1870, Feldsteinböschungsmauer, Lindenkranz";""
39800;"Sachgesamtheit";"Kreis Ostholstein";"Bad Schwartau, Stadt";"Bahnhofstraße 32-34, Elisabethstraße, Geibelstraße 13";"Bahnhof Bad Schwartau";"Bahnhof Bad Schwartau; 1939-41; Empfangsgebäude, Architekt: Willy Glogner;  Bahnhof mit einem Fahrdienstleiter- und einem Weichenwärterstellwerk, zweigeschossige Backsteinbauten mit hartem, überstehendem Walmdach";"Geschichtlich, Künstlerisch, Städtebaulich, Technisch";"Bahnhofsgebäude (Bahnhofstraße 32-34); Stellwerk 'Sn' (Geibelstraße 13); Stellwerk 'Sf' (Elisabethstraße)";""
39765;"Mehrheit von baulichen Anlagen";"Kreis Ostholstein";"Bad Schwartau, Stadt";"Bahnhofstraße 20, 22, 24, 26, 28";"Wohnhäuser Bahnhofstraße 20-28";"Wohnhäuser Bahnhofstraße 20-28; um 1901; Reihe villenartig gestalteter repräsentativer Wohnhäuser mit Vorgärten, ein- bis zweigeschossige Putzbauten mit weit überstehenden hartgedeckten Dächern";"Geschichtlich, Städtebaulich";"Wohnhaus mit Vorgarten, Einfriedung (Bahnhofstraße 20, 22); Wohnhaus mit Vorgarten (Bahnhofstraße 24, 26, 28)";"https://opendatarepo.lsh.uni-kiel.de/data/denkmalpflege/fotos/39765.jpg"
50982;"Mehrheit von baulichen Anlagen";"Kreis Ostholstein";"Bad Schwartau, Stadt";"Wilhelmstraße 10, 12, 14";"Wohnhäuser Wilhelmstraße 10-14";"Wohnhäuser Wilhelmstraße 10-14; 1910 bis um 1920; Gruppe giebelständiger Wohnhäuser mit zweiachsigen Fassaden und seitlichem Eingang mit Sattel- und Schopfwalmdächern";"Geschichtlich, Städtebaulich";"Wohnhäuser Wilhelmstraße 10, 12, 14";""
4127;"Bauliche Anlage";"Kreis Ostholstein";"Bad Schwartau, Stadt";"Alt Rensefeld";"Kirche St. Fabian mit Ausstattung";"Alteintragung (Aktualisierung vorgesehen)";"Geschichtlich, Künstlerisch, Städtebaulich, Wissenschaftlich";"gesamtes Objekt";"https://opendatarepo.lsh.uni-kiel.de/data/denkmalpflege/fotos/4127.jpg"
38262;"Bauliche Anlage";"Kreis Ostholstein";"Bad Schwartau, Stadt";"Am Petroleumhafen 1";"Reklameturm";"Werbeturm der Schwartauer Werke; 1986/87; sechseckige Betonsäule mit dem 1924 vom Künstler Alfred Mahlau entworfenen Firmenlogo, Höhendominante";"Geschichtlich, Künstlerisch, Städtebaulich";"gesamtes Objekt";"https://opendatarepo.lsh.uni-kiel.de/data/denkmalpflege/fotos/38262.jpg"
30317;"Bauliche Anlage";"Kreis Ostholstein";"Bad Schwartau, Stadt";"Auguststraße 48";"Christuskirche mit Ausstattung";"Christuskirche; 1960/61; Architekten Horst Sandtmann & Friedhelm Grundmann; Stahlbetonbau mit backsteinverkleideter Außenhaut, gestufte Dächer über Kirchensaal und Gemeinderäumen, hoch aufragender Glockenturm, Innenausstattung u.a. von Gerhard Marcks";"Geschichtlich, Künstlerisch, Städtebaulich";"gesamtes Objekt";""
9899;"Bauliche Anlage";"Kreis Ostholstein";"Bad Schwartau, Stadt";"Bahnhofstraße 7";"Villa";"Villa; 1904; repräsentativer zweigeschossiger Putzbau über Sockelgeschoss, Wandstreifengliederung, seitlich angeordneter dreigeschossiger Turm mit Zeltdach, schiefergedecktes Walmdach, Jugendstileinflüsse; Einfriedung mit schmiedeeisernem Gitter";"Geschichtlich, Städtebaulich";"Villa, Einfriedung";"https://opendatarepo.lsh.uni-kiel.de/data/denkmalpflege/fotos/9899.jpg"
30320;"Bauliche Anlage";"Kreis Ostholstein";"Bad Schwartau, Stadt";"Bahnhofstraße 12";"Wohnhaus";"Wohnhaus; letztes Viertel 19. Jahrhundert; zweigeschossiger, würfelförmiger Putzbau in neoklassizistischen Formen, schiefergedecktes Mansardwalmdach mit flachem Walm";"Geschichtlich, Städtebaulich";"gesamtes Objekt";""
30323;"Bauliche Anlage";"Kreis Ostholstein";"Bad Schwartau, Stadt";"Bahnhofstraße 19";"Wohnhaus";"Wohnhaus; um 1910; eingeschossiger Rauputzbau im Reformstil mit giebelständigem Seitenrisalit, Mansardwalmdach, Vorgarten und Einfriedung";"Geschichtlich, Städtebaulich";"Wohnhaus, Vorgarten, Einfriedung";""
30324;"Bauliche Anlage";"Kreis Ostholstein";"Bad Schwartau, Stadt";"Bahnhofstraße 20";"Wohnhaus";"Wohnhaus; um 1901; zweigeschossiger Putzbau mit dreigeschossigem Mittelrisalit mit Schopfwalm und Ecktürmchen mit Zeltdach, Satteldach, mit Vorgarten und Einfriedung";"Geschichtlich, Städtebaulich";"Wohnhaus, Vorgarten, Einfriedung";""
13485;"Bauliche Anlage";"Kreis Ostholstein";"Bad Schwartau, Stadt";"Bahnhofstraße 22";"Wohnhaus";"Wohnhaus; 1901-1902; eingeschossiger, traufständiger Putzbau mit Drempel und hohem giebelständigem Seitenrisalit, vorderseitige Veranda mit filigraner Eisenkonstruktion und seitlicher Verglasung, Satteldächer mit Vorgarten und Einfriedung";"Geschichtlich, Städtebaulich";"Wohnhaus, Vorgarten, Einfriedung";"https://opendatarepo.lsh.uni-kiel.de/data/denkmalpflege/fotos/13485.jpg"
30325;"Bauliche Anlage";"Kreis Ostholstein";"Bad Schwartau, Stadt";"Bahnhofstraße 23";"Wohnhaus";"Wohnhaus; um 1905, Bauherr Otto Fromm; zweigeschossiger, giebelständiger Rauputzbau im Reformstil mit Biberschwanzverkleidung an  Giebel- und Erkerflächen, Satteldach, Vorgarten und Einfriedung";"Geschichtlich, Städtebaulich";"Wohnhaus, Vorgarten, Einfriedung";""
30326;"Bauliche Anlage";"Kreis Ostholstein";"Bad Schwartau, Stadt";"Bahnhofstraße 24";"Wohnhaus";"Wohnhaus; 1901; zweigeschossiger, giebelständiger Putzbau in historistischen Formen mit Drempel und nordseitig mittigem dreigeschossigem Treppenturm mit Zeltdach, auskragendes pfannengedecktes Satteldach, mit Vorgarten";"Geschichtlich, Städtebaulich";"Wohnhaus, Vorgarten";""
30327;"Bauliche Anlage";"Kreis Ostholstein";"Bad Schwartau, Stadt";"Bahnhofstraße 26";"Wohnhaus";"Wohnhaus; 1901; zweigeschossiger, traufständiger reich stuckierter Putzbau des Historismus mit dreigeschossigem Risalit mit Standerker und Altan, Satteldach mit Freigespärre, Schopfwalmdach, mit Vorgarten";"Geschichtlich, Städtebaulich";"Wohnhaus, Vorgarten";""
30328;"Bauliche Anlage";"Kreis Ostholstein";"Bad Schwartau, Stadt";"Bahnhofstraße 28";"Wohnhaus";"Wohnhaus; um 1900; zweigeschossiger Putzbau in historistischen Formen, mit Drempel und giebelständigem Seitenrisalit mit eigenem Schopfwalmdach, Walmdach, mit Vorgarten";"Geschichtlich, Städtebaulich";"Wohnhaus, Vorgarten";""
11336;"Bauliche Anlage";"Kreis Ostholstein";"Bad Schwartau, Stadt";"Bahnhofstraße 32 - 34";"Bahnhofsgebäude";"Bahnhof Bad Schwartau; 1939-41; Empfangsgebäude, Architekt: Willy Glogner; Bahnhof mit einem Fahrdienstleiter- und einem Weichenwärterstellwerk, zweigeschossige Backsteinbauten mit hartem, überstehendem Walmdach";"Geschichtlich, Künstlerisch, Städtebaulich";"gesamtes Objekt";""
624;"Bauliche Anlage";"Kreis Ostholstein";"Bad Schwartau, Stadt";"Berliner Straße";"Wasserturm";"Alteintragung (Aktualisierung vorgesehen)";"Geschichtlich, Städtebaulich";"gesamtes Äußeres";"https://opendatarepo.lsh.uni-kiel.de/data/denkmalpflege/fotos/624.jpg"
30331;"Bauliche Anlage";"Kreis Ostholstein";"Bad Schwartau, Stadt";"Elisabethstraße 16";"Wohnhaus";"Wohnhaus; um 1905; zweigeschossiger Putzbau mit Fachwerk- und Holzschindelschmuck in den Giebeln des vorderen Baukörpers, Walmdach mit Vorgarten und Einfriedung";"Geschichtlich, Städtebaulich";"Wohnhaus, Vorgarten, Einfriedung";""
9699;"Bauliche Anlage";"Kreis Ostholstein";"Bad Schwartau, Stadt";"Elisabethstraße 24";"Villa Frida";"Villa Frida; 1908, Architekt und Zimmermeister A. Burmeister; ein- bis zweigeschossiger Putzbau mit Elementen des Jugendstils und des englischen Cottagestils, Fachwerkgiebel mit geschnitzten Konsolfiguren, Walmdach, mit Garten und Vorgarten.";"Geschichtlich, Künstlerisch, Städtebaulich";"Villa 'Frida', Vorgarten, Garten";"https://opendatarepo.lsh.uni-kiel.de/data/denkmalpflege/fotos/9699.jpg"
3966;"Bauliche Anlage";"Kreis Ostholstein";"Bad Schwartau, Stadt";"Eutiner Straße 18";"Kapelle St. Georg mit Ausstattung";"Alteintragung (Aktualisierung vorgesehen)";"Geschichtlich, Künstlerisch, Städtebaulich, Wissenschaftlich";"gesamtes Objekt";"https://opendatarepo.lsh.uni-kiel.de/data/denkmalpflege/fotos/3966.jpg"
30341;"Bauliche Anlage";"Kreis Ostholstein";"Bad Schwartau, Stadt";"Geibelstraße 7";"Wohnhaus";"Wohnhaus; 1904; zweigeschossiger Putzbau mit giebelständigem Risalit, Giebelfachwerk, Jugendstilformen an  Fenstern und Türen, Walmdach";"Geschichtlich, Städtebaulich";"gesamtes Objekt";""
30342;"Bauliche Anlage";"Kreis Ostholstein";"Bad Schwartau, Stadt";"Geibelstraße 9";"Wohnhaus";"Wohnhaus; um 1890; traufständiger Putzbau des Historismus mit Erd- und Mezzaningeschoss und mittigem giebelständigen Zwerchhaus, flaches Satteldach mit weitem Dachüberstand";"Geschichtlich, Städtebaulich";"gesamtes Objekt";""
9420;"Bauliche Anlage";"Kreis Ostholstein";"Bad Schwartau, Stadt";"Geibelstraße 11 a";"Sommerhaus Klug";"Sommerhaus Klug; 1877, Bauherr Dr. Heinrich Klug; zweigeschossiger, traufständiger Putzbau des Historismus mit Mittelzwerchgiebel, leicht geneigtes Satteldach mit großem Dachüberstand, Garten mit Gartentor, Vorgarten";"Geschichtlich, Städtebaulich";"Sommerhaus Klug, Garten, Gartentor, Vorgarten";"https://opendatarepo.lsh.uni-kiel.de/data/denkmalpflege/fotos/9420.jpg"
33489;"Bauliche Anlage";"Kreis Ostholstein";"Bad Schwartau, Stadt";"Geibelstraße 13";"Stellwerk Sn";"Stellwerk „Sn“; 1941 in Betrieb genommen; mechanisches Weichenwärterstellwerk, zweigeschossiger kubischer Backsteinbau längs der Gleise mit weit überstehendem Walmdach";"Geschichtlich, Städtebaulich, Technisch";"gesamtes Objekt";""
36509;"Bauliche Anlage";"Kreis Ostholstein";"Bad Schwartau, Stadt";"Geibelstraße 20";"Kath. Kirche Maria Königin";"Kirche „Maria Königin“; 1954, Architekt Dr. Georg Lippsmeier, 1967-68 Vorhalle; gelb verklinkerter Betonbau auf parabelähnlichem Grundriss mit flacher Lichtkuppel über dem Altar, flaches Betonschalendach, angegliedertes Pfarrhaus";"Geschichtlich, Künstlerisch, Städtebaulich";"Kath. Kirche 'Maria Königin', Pfarrhaus";""
30345;"Bauliche Anlage";"Kreis Ostholstein";"Bad Schwartau, Stadt";"Hebbelstraße 18";"Wohnhaus Ahlers";"Wohnhaus Ahlers; 1939, Architekt Fritz Höger, Bauherr W. Ahlers; eingeschossiges giebelständiges Backsteinhaus, verbretterter Giebel zweifach auskragend, hartes Schopfwalmdach";"Geschichtlich, Künstlerisch, Städtebaulich";"gesamtes Objekt";""
30346;"Bauliche Anlage";"Kreis Ostholstein";"Bad Schwartau, Stadt";"Kaltenhöfer Straße 71 - 77";"Wohnblock";"Wohnblock Kaltenhöfer Straße 71-77; 1930, Architekten Otto Schweinfurth und Otto Siebert; zwei- bis dreigeschossiger Wohnblock aus fünf Backsteinkuben in alternierender Höhe und Flucht im Stil des Neuen Bauens, Flachdächer, Vorgarten und Einfriedung";"Geschichtlich, Künstlerisch, Städtebaulich";"gesamtes Äußeres, Vorgarten";""
30347;"Bauliche Anlage";"Kreis Ostholstein";"Bad Schwartau, Stadt";"Lübecker Straße 9";"ehem. Sparkassengebäude";"ehem. Sparkassengebäude; 1905, Architekten Willy Glogner und Paul Vermehren; Backsteingebäude mit prägendem Mittelrisalit mit volutenverziertem Treppengiebel, Walmdach";"Geschichtlich, Städtebaulich";"gesamtes Objekt";""
30348;"Bauliche Anlage";"Kreis Ostholstein";"Bad Schwartau, Stadt";"Lübecker Straße 18";"Apotheke";"Apotheke; 1907, Bauherr Alfred Klindwort; zweigeschossiger Putzbau im Jugendstil mit Mittelzwerchhaus, Walmdach";"Geschichtlich, Städtebaulich";"gesamtes Objekt";""
30354;"Bauliche Anlage";"Kreis Ostholstein";"Bad Schwartau, Stadt";"Lübecker Straße 49";"Verwaltungsgebäude";"Verwaltungs- und Empfangsgebäude der Schwartauer Werke; letztes Viertel 19. Jh., später erweitert; zweigeschossiger Putzbau mit breitem Mittelrisalit und vorkragendem flachen Walmdach über Drempelgeschoss, repräsentative Eingangshalle";"Geschichtlich, Städtebaulich";"gesamtes Objekt";""
30145;"Bauliche Anlage";"Kreis Ostholstein";"Bad Schwartau, Stadt";"Lübecker Straße 68";"ehem. Gasthaus am Schlagbaum";"ehem. Gasthaus am Schlagbaum;  Ende 19. Jahrhundert, Putzfassade wohl 1922, Keller von 1837; zweigeschossiges Backsteinhaus mit Pilaster gerahmter Putzfassade, flaches Walmdach";"Geschichtlich, Städtebaulich";"gesamtes Objekt";"https://opendatarepo.lsh.uni-kiel.de/data/denkmalpflege/fotos/30145.jpg"
534;"Bauliche Anlage";"Kreis Ostholstein";"Bad Schwartau, Stadt";"Markt 1";"Amtsgericht";"Alteintragung (Aktualisierung vorgesehen)";"Geschichtlich, Künstlerisch, Städtebaulich";"gesamtes Objekt";"https://opendatarepo.lsh.uni-kiel.de/data/denkmalpflege/fotos/534.jpg"
10745;"Bauliche Anlage";"Kreis Ostholstein";"Bad Schwartau, Stadt";"Pariner Berg";"Bismarcksäule";"Alteintragung (Aktualisierung vorgesehen)";"Geschichtlich, Künstlerisch, Kulturlandschaftlich";"gesamtes Objekt";"https://opendatarepo.lsh.uni-kiel.de/data/denkmalpflege/fotos/10745.jpg"
6313;"Bauliche Anlage";"Kreis Ostholstein";"Bad Schwartau, Stadt";"Riesebusch 7 a";"Wohnhaus";"Wohnhaus; 1916; dreigeschossiger Putzbau mit Walmdach, schmale Straßenfront mit übergiebeltem Seitenrisalit und Balkonen";"Geschichtlich, Städtebaulich";"gesamtes Objekt";"https://opendatarepo.lsh.uni-kiel.de/data/denkmalpflege/fotos/6313.jpg"
30050;"Bauliche Anlage";"Kreis Ostholstein";"Bad Schwartau, Stadt";"Riesebusch 9";"Wohnhaus Ottens";"Wohnhaus Ottens; 1911, Architekt Ernst Meyer; zweigeschossiger, traufständiger Putzbau im Reformstil mit Mittelzwerchhaus und verschindelten Giebeln, Satteldach";"Geschichtlich, Städtebaulich";"gesamtes Objekt";""
9996;"Bauliche Anlage";"Kreis Ostholstein";"Bad Schwartau, Stadt";"Riesebusch 32 - 34";"Matthias und Charlotte Jäde-Stift";"Alteintragung (Aktualisierung vorgesehen)";"Geschichtlich, Künstlerisch, Städtebaulich";"Alteintragung (Aktualisierung vorgesehen)";"https://opendatarepo.lsh.uni-kiel.de/data/denkmalpflege/fotos/9996.jpg"
30376;"Bauliche Anlage";"Kreis Ostholstein";"Bad Schwartau, Stadt";"Ringstraße 5";"Villa Elita";"Villa Elita; 1909; eingeschossiger Putzbau im Reformstil, auf Bruchsteinsockel mit eingezogenem, erhöhtem Eckturm im Nordwesten, Walmdach, nach Süden mit Schopfwalm";"Geschichtlich, Städtebaulich";"gesamtes Objekt";""
30378;"Bauliche Anlage";"Kreis Ostholstein";"Bad Schwartau, Stadt";"Ringstraße 17";"Villa Björnsen";"Villa Björnsen; 1909-1910; eingeschossiger Putzbau über winkelförmigem Grundriss mit halbrundem Treppenturm, im Dachgeschoss Fachwerk, Satteldächer mit Biberschwanz-Kronendeckung, Park";"Geschichtlich, Kulturlandschaftlich, Städtebaulich";"Villa Björnsen, Park";""
9530;"Bauliche Anlage";"Kreis Ostholstein";"Bad Schwartau, Stadt";"Ringstraße 35";"Wohnhaus";"Wohnhaus; um 1911; eingeschossiger, giebelständiger Backsteinbau auf hohem Sockel, Mansarddach mit Schopf";"Geschichtlich, Städtebaulich";"gesamtes Objekt";"https://opendatarepo.lsh.uni-kiel.de/data/denkmalpflege/fotos/9530.jpg"
30379;"Bauliche Anlage";"Kreis Ostholstein";"Bad Schwartau, Stadt";"Ringstraße 49";"Wohnhaus";"Wohnhaus; 1909/10; giebelständiger, eingeschossiger Putzbau mit Fachwerk im Dachgeschoss, Mansardwalmdach mit Schopf";"Geschichtlich, Städtebaulich";"gesamtes Objekt";""
5120;"Bauliche Anlage";"Kreis Ostholstein";"Bad Schwartau, Stadt";"Roonstraße 1";"Wohnhaus Spethmann";"Wohnhaus Spethmann; 1913, Architekt Johannes Duncker, Bauherr Spethmann; eingeschossiger Backsteinbau im Heimatschutzstil mit zweimal gebrochenem Mansarddach mit Biberschwanzziegeln in Kronendeckung, Einfriedung";"Geschichtlich, Künstlerisch, Städtebaulich";"Wohnhaus Spethmann, Einfriedung";"https://opendatarepo.lsh.uni-kiel.de/data/denkmalpflege/fotos/5120.jpg"
20881;"Bauliche Anlage";"Kreis Ostholstein";"Bad Schwartau, Stadt";"Schmiedekoppel 114";"Kirche St. Martin";"Ev. Kirche St. Martin; 1960-1964, Architekten Gerhard und Dieter Langmaack, 1994, Bernd Schmidt;  zeltförmiger Backsteinbau in Hanglage mit Gemeindesaal im Untergeschoss, Kupferdach mit kegelförmigem Dachreiterturm im Osten";"Geschichtlich, Künstlerisch, Städtebaulich";"gesamtes Objekt";""
30370;"Bauliche Anlage";"Kreis Ostholstein";"Bad Schwartau, Stadt";"Schulstraße 8 - 10";"Turnhalle";"Turnhalle; 1927; traufständige Backsteinhalle mit erhöhtem, flachgedecktem Mittelrisalit mit prägender Fensterreihe, mit steilem Satteldach";"Geschichtlich, Künstlerisch, Städtebaulich";"gesamtes Objekt";""
30371;"Bauliche Anlage";"Kreis Ostholstein";"Bad Schwartau, Stadt";"Töpferberg 2 a";"ehem. Friedrich-August-Bad";"ehem. Wohnhaus; 1859, Anfang 20. Jh. Umbau zur Badeanstalt; eingeschossiger Backsteinbau mit rückwärtigem hölzernem Anbau, Satteldach mit breitem Zwerchhaus";"Geschichtlich, Städtebaulich";"gesamtes Objekt";""
30372;"Bauliche Anlage";"Kreis Ostholstein";"Bad Schwartau, Stadt";"Wilhelmstraße 10";"Wohnhaus";"Wohnhaus; um 1920; zweigeschossiges, giebelständiges Backsteinhaus im Heimatschutzstil mit Eckrustika, Satteldach mit Überstand";"Geschichtlich, Städtebaulich";"gesamtes Objekt";""
30373;"Bauliche Anlage";"Kreis Ostholstein";"Bad Schwartau, Stadt";"Wilhelmstraße 12";"Wohnhaus";"Wohnhaus; 1911, Architekt: J.J.G. Kahns, Bauherr J.J.G. Kahns; giebelständiger eingeschossiger Putzbau mit straßenseitiger Veranda und Altan, mit Schopfwalmdach";"Geschichtlich, Städtebaulich";"gesamtes Objekt";""
3364;"Bauliche Anlage";"Kreis Ostholstein";"Bad Schwartau, Stadt";"Wilhelmstraße 14";"Wohnhaus";"Wohnhaus; 1910; Architekten J. Kahns und H. Wilke, Bauherr J. Kahns; giebelständiger zweigeschossiger Putzbau über Sockelgeschoss mit mansardartig heruntergezogenem Satteldach";"Geschichtlich, Städtebaulich";"gesamtes Objekt";"https://opendatarepo.lsh.uni-kiel.de/data/denkmalpflege/fotos/3364.jpg"
20877;"Gründenkmal";"Kreis Ostholstein";"Bad Schwartau, Stadt";"Alt Rensefeld";"Kirchhof";"Alteintragung (Aktualisierung vorgesehen)";"Geschichtlich, Künstlerisch, Städtebaulich";"Kirchhof, Grabmale bis 1870, Feldsteinböschungsmauer, Lindenkranz";""
22786;"Gründenkmal";"Kreis Ostholstein";"Bad Schwartau, Stadt";"Riesebusch";"Ehrenhain Erster Weltkrieg";"Alteintragung (Aktualisierung vorgesehen)";"Geschichtlich, Künstlerisch, Kulturlandschaftlich";"Ehrenhain Erster Weltkrieg, Steinkreuz, Wasserbecken, 140 Ehrengräber";""
46640;"Sachgesamtheit";"Kreis Ostholstein";"Bosau";"Bischof-Vicelin-Damm 3, 5";"Dunkersche Kate";"sog. Dunkersche Kate mit Nebengebäude; reetgedecktes Fachwerkgebäude um 1800 mit nebenstehendem kleinen Wandständerbau, dem sog. Altenteil, wohl. 19. Jh.";"Geschichtlich, Kulturlandschaftlich, Städtebaulich";"Rauchkate (Dunker'sche Kate) (Bischof-Vicelin-Damm 3), Altenteilerkate (Bischof-Vicelin-Damm 5)";""
40676;"Sachgesamtheit";"Kreis Ostholstein";"Bosau";"Pastor-Piening-Weg 4, 10, Helmoldplatz 3, Pastor-Piening-Weg";"Kirche St. Petri";"Kirche St. Petri; Kirche 1151 gegründet, romanische und barocke Hauptbauphasen, Pastorat erbaut 1801, Organistenhaus 1816, Predigerwitwenhaus 1924; Ensemble auf oberer Geländehöhe der in den Plöner See ragenden Halbinsel um die Petrikirche, diese ein gipsgebundener Feldsteinbau mit Langhaus, eingezogenem Chorquadrum und kleiner Apsis, barockem Turm mit geschweifter Haube, umliegend Kirchhof mit Grabmalen, Feldsteinwall und Lindenkranz, südlich des Kirchhofes drei Wohnhäuser von Kirchenbediensteten, das Pastorat, das ehem. Organistenhaus und das ehem. Pfarrwitwenhaus, ausgeführt als eingeschossige Backsteinbauten mit hartem (Halb-) Walmdach";"Geschichtlich, Künstlerisch, Kulturlandschaftlich, Städtebaulich";"Kirche St. Petri mit Ausstattung, Kirchhof mit Grabmalen bis 1870, Feldsteinwall, Lindenkranz (Pastor-Piening-Weg 10), ehem. Organistenhaus (Helmholdplatz 3), Pastorat (Pastor-Piening-Weg 4), ehem. Pfarrwitwenhaus (Pastor-Piening-Weg)";"https://opendatarepo.lsh.uni-kiel.de/data/denkmalpflege/fotos/40676.jpg"
41765;"Bauliche Anlage";"Kreis Ostholstein";"Bosau";"Am Ehrenmal";"Ehrenmal für die Gefallenen beider Weltkriege";"Ehrenmal für die Gefallenen beider Weltkriege; 1928, 1963; trapezförmige Anlage in Grünfläche mit Feldsteinturm in Form eines Obelisken und flankierenden Seitenmauern; vor Birkenreihe; mit Vasenpostamenten und Einfriedung";"Geschichtlich, Städtebaulich";"Ehrenmal für die Gefallenen beider Weltkriege, Ehrenmalanlage, Birkenreihe, Vasenpostamente, Einfriedung";""
35074;"Bauliche Anlage";"Kreis Ostholstein";"Bosau";"Bergstraße 11";"Scheune";"Scheune; 1816; Fachhallenhaus, Außenwände mit Backsteinausfachung, Halbwalmdach";"Geschichtlich, Kulturlandschaftlich";"gesamtes Objekt";""
35075;"Bauliche Anlage";"Kreis Ostholstein";"Bosau";"Bergstraße 15";"Fachhallenhaus";"Fachhallenhaus; 1838; Wohn- und Wirtschaftsgebäude in Zweiständer-Konstruktion, Außenwände mit Backsteinausfachung, Halbwalmdach";"Geschichtlich, Kulturlandschaftlich, Städtebaulich";"gesamtes Objekt";""
572;"Bauliche Anlage";"Kreis Ostholstein";"Bosau";"Bichel 1";"Wohnhaus Ehmke-Kasch";"Alteintragung (Aktualisierung vorgesehen)";"Geschichtlich, Kulturlandschaftlich";"gesamtes Äußeres";"https://opendatarepo.lsh.uni-kiel.de/data/denkmalpflege/fotos/572.jpg"
2859;"Bauliche Anlage";"Kreis Ostholstein";"Bosau";"Bischof-Vicelin-Damm 3";"Rauchkate (Dunker'sche Kate)";"sog. Dunkersche Kate; um 1800; Zweiständer-Sackdielenkate mit reetgedecktem hohen Walmdach";"Geschichtlich, Kulturlandschaftlich, Städtebaulich";"gesamtes Objekt";"https://opendatarepo.lsh.uni-kiel.de/data/denkmalpflege/fotos/2859.jpg"
41763;"Bauliche Anlage";"Kreis Ostholstein";"Bosau";"Dorfstraße";"Ehrenmal für die Gefallenen beider Weltkriege";"Ehrenmal für die Gefallenen beider Weltkriege; um 1920 und nach 1945; in sich abgegrenzte Anlage über längsrechteckigem Grundriss mit rückwärtiger dreiteiliger Mauer aus Feldsteinen mit erhöhtem Mittelteil und Gedenktafel mit den Namen der im Ersten Weltkrieg Gefallenen des Ortes";"Geschichtlich, Städtebaulich";"gesamtes Objekt";""
35062;"Bauliche Anlage";"Kreis Ostholstein";"Bosau";"Hauptstraße 18";"Fachhallenhaus";"Fachhallenhaus; 1835; giebelständiges Wohn- und Wirtschaftsgebäude, Fachwerkaußenwände mit Backsteinausfachung, Halbwalmdach";"Geschichtlich, Kulturlandschaftlich, Städtebaulich";"gesamtes Objekt";""
32026;"Bauliche Anlage";"Kreis Ostholstein";"Bosau";"Helmoldplatz 1";"Bauernhof Brooksches Haus";"Bauernhof „Broocksches Haus“; 1846, im Kern älter; Wohn- und Wirtschaftsgebäude in Fachwerk und gelbem Backsteinmauerwerk, reetgedecktes Halbwalmdach, Wohnteil mit zweigeschossigem übergiebeltem Eingangsrisalit; mit Einfriedung und Lindenreihe";"Geschichtlich, Kulturlandschaftlich, Städtebaulich";"Bauernhof 'Brooksches Haus', Einfriedung, Lindenreihe";""
35053;"Bauliche Anlage";"Kreis Ostholstein";"Bosau";"Helmoldplatz 3";"ehem. Organistenhaus";"ehem. Organistenhaus; 1816; eingeschossiger Backsteinbau des Klassizismus mit übergiebeltem Zwerchhaus, pfannengedecktes Walmdach";"Geschichtlich, Städtebaulich";"gesamtes Objekt";""
10459;"Bauliche Anlage";"Kreis Ostholstein";"Bosau";"Kiekbusch 2";"Gutshaus";"Alteintragung (Aktualisierung vorgesehen)";"Geschichtlich, Künstlerisch";"gesamtes Objekt";"https://opendatarepo.lsh.uni-kiel.de/data/denkmalpflege/fotos/10459.jpg"
2031;"Bauliche Anlage";"Kreis Ostholstein";"Bosau";"Pastor-Piening-Weg 10";"Kirche St. Petri mit Ausstattung";"Alteintragung (Aktualisierung vorgesehen)";"Geschichtlich, Künstlerisch, Städtebaulich";"gesamtes Objekt";"https://opendatarepo.lsh.uni-kiel.de/data/denkmalpflege/fotos/2031.jpg"
2654;"Bauliche Anlage";"Kreis Ostholstein";"Bosau";"Wilhelm-Wisser-Straße 9";"Wilhelm-Wisser-Kate";"Alteintragung (Aktualisierung vorgesehen)";"Geschichtlich, Städtebaulich";"gesamtes Objekt";"https://opendatarepo.lsh.uni-kiel.de/data/denkmalpflege/fotos/2654.jpg"
35076;"Bauliche Anlage";"Kreis Ostholstein";"Bosau";"Wöbs 31";"Scheune";"Scheune; etwa 1920er Jahre; queraufgeschlossene Backsteinscheune mit Spitztonnendach in Pfannendeckung";"Geschichtlich, Künstlerisch, Städtebaulich";"gesamtes Objekt";""
41762;"Gründenkmal";"Kreis Ostholstein";"Bosau";"An der Friedenseiche";"Friedenseiche";"Friedenseiche mit Gedenkstein; 1871; Gedenkbaum zum Ende des Deutsch-Französischen Krieges und zur Reichsgründung";"Geschichtlich, Städtebaulich";"Friedenseiche, Gedenkstein";""
20862;"Gründenkmal";"Kreis Ostholstein";"Bosau";"Pastor-Piening-Weg 10";"Kirchhof";"Alteintragung (Aktualisierung vorgesehen)";"Geschichtlich, Kulturlandschaftlich";"Kirchhof, Grabmale bis 1870, Feldsteinwall, Lindenkranz";"https://opendatarepo.lsh.uni-kiel.de/data/denkmalpflege/fotos/20862.jpg"
48918;"Bauliche Anlage";"Kreis Ostholstein";"Dahme";"An der Allee 21";"Kath. Kirche St. Stephanus";"Katholische Kirche St. Stephanus in Dahme, ein zeltartiger Kirchenraum von 1968 mit bedeutender Buntverglasung von Theo M. Landmann 1971";"Geschichtlich, Künstlerisch, Städtebaulich";"gesamtes Objekt";""
9032;"Bauliche Anlage";"Kreis Ostholstein";"Dahme";"Dahmeshöved 23 a";"Leuchtturm Dahmeshöved mit Wärterhaus";"Alteintragung (Aktualisierung vorgesehen)";"Geschichtlich, Kulturlandschaftlich";"gesamtes Objekt";"https://opendatarepo.lsh.uni-kiel.de/data/denkmalpflege/fotos/9032.jpg"
29309;"Bauliche Anlage";"Kreis Ostholstein";"Dahme";"Dahmeshöved 23 b";"Wachtturm";"Wachtturm; 1939/40, Wasserstraßenamt Ostsee Kiel, Architekt Joachim Restorff; achteckiger Backsteinturm mit umlaufender Galerie und Backsteinbrüstung, pfannengedecktes Zeltdach im Norden angeschlossen ein eingeschossiger Wirtschaftstrakt aus Backstein mit pfannengedecktem Mansarddach; mit Nebengebäude";"Geschichtlich, Kulturlandschaftlich";"Wachtturm, Nebengebäude";""
41430;"Sachgesamtheit";"Kreis Ostholstein";"Damlos";"Sebenter Weg 37";"ehem. Revierförsterei Damlos";"ehem. Revierförsterei; 18.-19. Jahrhundert; das Wohnhaus ein eingeschossiger Backsteinbau mit Mittelzwerchhaus und reetgedecktem Walmdach, Scheune in Zweiständerkonstruktion und reetgedecktem Walmdach, Stall in Wandständerkonstruktion mit reetgedecktem Walmdach und Backhaus mit pfannengedecktem Satteldach";"Geschichtlich, Kulturlandschaftlich";"Wohnhaus, Scheune, Stall, Backhaus";""
29917;"Bauliche Anlage";"Kreis Ostholstein";"Damlos";"Sebenter Weg 37";"Wohnhaus";"Wohnhaus; im Kern 18. Jahrhundert, umgebaut um 1860; eingeschossiger gelber Backsteinbau mit Mittelzwerchhaus, reetgedecktes Walmdach";"Geschichtlich, Kulturlandschaftlich";"gesamtes Objekt";""
29918;"Bauliche Anlage";"Kreis Ostholstein";"Damlos";"Sebenter Weg 37";"Scheune";"Scheune; 1771; Durchfahrtsscheune in Zweiständerkonstruktion mit Abseiten, Außenmauern in Fachwerk mit Backsteinausfachung, reetgedecktes Walmdach";"Geschichtlich, Kulturlandschaftlich";"gesamtes Objekt";""
38200;"Sachgesamtheit";"Kreis Ostholstein";"Eutin, Stadt";"Am Rosengarten 13";"Handelshaus C. F. Janus";"Handelshaus C. F. Janus; 1867-1868, Bauherr Carl Dietrich Jacob Janus; repräsentatives Vorderhaus mit Ladenzone sowie rückwärtiger Hof mit Fachwerknebengebäude, Gartenlaube und Hofpflaster";"Geschichtlich, Künstlerisch, Städtebaulich";"Wohn- und Geschäftshaus 'Handelshaus C. F. Janus', Hofgebäude, Gartenlaube, Hofpflaster";""
34338;"Sachgesamtheit";"Kreis Ostholstein";"Eutin, Stadt";"Am Schlossgarten 4, 9, Am Schlossgarten";"Bauhof Eutin";"Ehemaliger Wirtschaftshof des Eutiner Schlosses; auf das 17. Jh. zurückgehend, ab 1918 Domäne (Staatsgut); platzartige Hofanlage mit Zufahrtsstraße und mehreren Gebäuden des 19. und 20. Jhs., Gruppe von reetgedeckten Fachwerkbauten im Süden, im Norden das Wohnhaus des Gutspächters in Backstein";"Geschichtlich, Städtebaulich";"Vogtkate, Speicher (westlich), Pferdestall (östlich), Waschhaus (Am Schlossgarten 9); Wohnhaus (Pächterhaus) (Am Schlossgarten 4), Zufahrtsstraße mit Kopfsteinpflaster (Am Schloßgarten)";""
35567;"Sachgesamtheit";"Kreis Ostholstein";"Eutin, Stadt";"Auestraße 10, 10a, 10b";"Dreiseithof Fissau";"Hofanlage; 2. Hälfte 19. Jh.; älteres Wohnhaus mit zwei 1920 und 1923 errichteten Wirtschaftsgebäuden, als Dreiseithof gruppierte Ziegelbauten mit Halbwalmdächern";"Geschichtlich, Städtebaulich";"Wohnhaus (Auestraße 10), westliche Scheune (Auestraße 10a), östliche Scheune (Auestraße 10b)";""
35099;"Sachgesamtheit";"Kreis Ostholstein";"Eutin, Stadt";"Beuthiner Hof 4";"Beuthiner Hof";"1823 gebildetes Krongut, Ende der 1940er Jahre aufgesiedelt; platzartige Hofanlage mit Kornscheune in Fachwerkbauweise (um 1823), Wohnhaus des Gutspächters und weiteren Wirtschaftsgebäuden vom Anfang des 20. Jhs., Altbaumbestand";"Geschichtlich, Kulturlandschaftlich";"Wohnhaus mit Nebengebäude, Fachwerkscheune, Kuhstall, Pferdestall, Hoflinden, Lindenrondell";""
39480;"Sachgesamtheit";"Kreis Ostholstein";"Eutin, Stadt";"Braaker Straße 14, 16";"Hofstelle Drückhamer";"ehem. Haupthaus und Altenteil einer Hofanlage; 18./19. Jh.; Fachhallenhaus von 1788 mit jüngerem Anbau in Backstein und Fachwerkkate von 1832";"Geschichtlich, Städtebaulich";"Fachhallenhaus (Braaker Straße 14), Fachhallenkate (Braaker Straße 16)";""
32937;"Sachgesamtheit";"Kreis Ostholstein";"Eutin, Stadt";"Dodau 1";"Forsthof Dodau";"1805 angelegter Forsthof in isolierter Waldlage; Gebäudeensemble des 19. und frühen 20. Jhs. mit Wohnhaus, Scheune, zwei Fachwerk-Nebengebäuden und umgebender Grünanlage sowie Einfriedung in Form einer Hainbuchenhecke";"Geschichtlich, Kulturlandschaftlich";"Wohnhaus, Scheune, Wirtschaftsgebäude, Backhaus, Grünanlage, Einfriedung (Hainbuchenhecke)";"https://opendatarepo.lsh.uni-kiel.de/data/denkmalpflege/fotos/32937.jpg"
32949;"Sachgesamtheit";"Kreis Ostholstein";"Eutin, Stadt";"Jungfernort 2+6, 4+8, Oldenburger Landstraße 18";"Forsthof Eutin";"Um 1800 angelegter Forsthof am Südufer des Großen Eutiner Sees; Gebäudeensemble des frühen 19. Jhs.; Hauptgebäude mit Stall, Umfassungsmauer und Forstgarten, nördlich zwei Langereihe-Katen für Bedienstete mit zugehörigen Stallgebäuden";"Geschichtlich, Städtebaulich";"Hauptgebäude, Stallgebäude, Umfassungsmauer, Forstgarten (Oldenburger Landstraße 18); Langereihe-Kate, Katen-Stallgebäude (Jungfernort 2+6); Langereihe-Kate, Katen-Stallgebäude (Jungfernort 4+8)";""
32873;"Sachgesamtheit";"Kreis Ostholstein";"Eutin, Stadt";"Kirchplatz 1, 2, 3, 4, 5, Kirchplatz, Schloßstraße 2";"Kirche Eutin";"Kirche Eutin; nördlich des Marktplatzes im Kernbereich der historischen Altstadt gelegen, im Zentrum die mittelalterliche Backsteinbasilika St. Michaelis, der Kirchhof von Pastorat (18./19. Jh.), Organistenhaus (1741) und weiteren platzbildprägenden Wohnhäusern umgeben, Fassade des Gemeindehauses";"Geschichtlich, Künstlerisch, Städtebaulich, Wissenschaftlich";"Kirche St. Michaelis mit Ausstattung und Kirchhof (Kirchplatz), Pastorat (Kirchplatz 5), Organistenhaus (Kirchplatz 1), Fassade (Gemeindehaus) (Schloßstraße 2), Küsterhaus (Kirchplatz 2), Wohnhäuser (Kirchplatz 3, 4)";""
37045;"Sachgesamtheit";"Kreis Ostholstein";"Eutin, Stadt";"Lübecker Straße 4";"Wohn- und Geschäftshaus mit Speicher";"Wohn- und Geschäftshaus mit Speicher; kleines zweigeschossiges Fachwerkhaus mit Backsteinfassade, im Kern vermutlich 18. Jh.; dreigeschossiger Speicherbau mit flachem Satteldach im Hof, 2. Hälfte 19. Jh.";"Geschichtlich, Städtebaulich";"Wohn- und Geschäftshaus, Speicher";""
32923;"Sachgesamtheit";"Kreis Ostholstein";"Eutin, Stadt";"Markt 1, 3, 4, 5, 6, 7-8, 9, 10, 11, 12, 12a, 13, 14, 15, 16, 17, 18, 19, 20, Königstraßenpassage 2, Markt, Peterstraße 2";"Marktplatz Eutin";"Marktplatz Eutin mit Ehrenmal und umgebender Bebauung; auf das 12. Jh. zurückgehend; annähernd rechteckiger Platz im Zentrum der mittelalterlichen Stadtanlage, nach allen Seiten mit Bebauung umgeben, Gast-, Wohn- und Geschäftshäuser überwiegend mit Putzfassaden, einige Fachwerkgebäude, im Süden der Rathauskomplex, im Nordwesten der Backsteinbau des Großherzoglichen Palais, teilweise mit rückwärtigen Nebengebäuden, auf dem Platz Ehrenmal in Form eines Obelisken";"Geschichtlich, Künstlerisch, Städtebaulich, Wissenschaftlich";"Marktplatz, Ehrenmal für die Gefallenen des Deutsch-Französischen Krieges (Obelisk) (Markt); Rathaus, Rathaus-Nebengebäude (Markt 1); Großherzogliches Palais (Witwenpalais) (Markt 9), ehem. Küchenhaus (Königstraßenpassage 2), Gasthaus (Markt 11), Gasthaus Hansa (Markt 17), ehem. Hotel „Stumpfe Ecke“ (Markt 18), Wohn- und Geschäftshäuser (Markt 3, 4, 5, 6 (mit Pferdestall), 7-8, 10, 12, 12a, 14, 15, 16, 19); Wohnhaus (Markt 13), Verwaltungsgebäude (Markt 20)";""
38338;"Sachgesamtheit";"Kreis Ostholstein";"Eutin, Stadt";"Plöner Straße 15, Albert-Mahlstedt-Straße 1";"Carl-Maria-von-Weber-Gymnasium";"Carl-Maria-von-Weber-Gymnasium mit mehreren Schulgebäuden des 19. und 20. Jhs.; ehem. Gelehrten- und Bürgerschule, 1831-1833, Architekt Heinrich Nikolaus Börm, mit Erweiterungsbau nach 1900 und Seitenflügel von 1956, Architekt Hanns Rietschel; vor dem Hauptportal Bronzebüste von Johann Heinrich Voß, 1883, geschaffen von Thäger; ehem. Knabenschule von 1876 mit später errichtetem Rückflügel";"Geschichtlich, Künstlerisch, Städtebaulich";"Hauptgebäude, Seitenflügel, Denkmal Johann Heinrich Voß (Plöner Straße 15); Nebengebäude (Albert-Mahlstedt-Straße 1)";""
39281;"Sachgesamtheit";"Kreis Ostholstein";"Eutin, Stadt";"Plöner Straße";"Evangelischer Friedhof";"Evangelischer Friedhof; Kernbereich 1783-1786; Entwurf und Ausführung Daniel Rastedt; auf einer rechteckigen Fläche angelegt und von Lindenbäumen umstanden, Hauptwegekreuz mit Kapelle im Zentrum, Grablegen bedeutender Eutiner Persönlichkeiten, Ziegeleinfriedung";"Geschichtlich, Künstlerisch, Städtebaulich";"Evangelischer Friedhof, Friedhofskapelle, historische Grabmale, Einfriedung";""
32956;"Sachgesamtheit";"Kreis Ostholstein";"Eutin, Stadt";"Robert-Schade-Straße 20, 22, 24";"Finanzamt Eutin";"Finanzamt Eutin mit zwei zugehörigen Beamtenwohnhäusern; 1925-1926; symmetrische Platzanlage mit zurückgesetztem, breit gelagerten Verwaltungsbau im Zentrum und zwei flankierenden eingeschossigen Wohnhäusern, Backsteinbauten, Heimatschutzarchitektur mit expressionistischen Einflüssen";"Geschichtlich, Künstlerisch, Städtebaulich";"Finanzamt (Robert-Schade-Straße 22), Beamtenwohnhäuser (Robert-Schade-Straße 20, 24)";""
32788;"Sachgesamtheit";"Kreis Ostholstein";"Eutin, Stadt";"Schloßplatz 1-3, 2, 4, 5, Fasaneninsel 1, Fasaneninsel, Jungfernstieg 5, Jungfernstieg, Schloßgarten 1, 3, Schloßgarten, Schloßplatz";"Schloss Eutin";"Residenzschloss der Großherzöge von Oldenburg, vormals der Bischöfe von Lübeck, mit Innenhof und Schlossgraben, Vorplatz und Schlossgarten; dreigeschossige Vierflügelanlage des 17./18. Jhs., im Kern älter, prägender Umbau durch R. M. Dallin 1716-27, seit 1918 Museum; Schlossvorhof mit Remise, Marstall und Kavaliershaus ab 1820 klassizistisch neugestaltet; Schlossgarten in der Form eines englischen Landschaftsgartens, seit 1928 mit Ehrenmal für Kriegsgefallene";"Geschichtlich, Künstlerisch, Kulturlandschaftlich, Städtebaulich, Technisch, Wissenschaftlich";"Schloss mit Inventar, Schlosshof, Schlossbrunnen, Schlossgraben, Schlossbrücke, zwei Kanonen, Schlossinsel, 'Eutiner Schlossaffen' (Schloßplatz 5); Gartenknechthaus (Jungfernstieg 5), Jungfernstieg;Schlossgarten (Nordgarten, Mauer des Nordgartens, Küchengarten, Küchengartenmauer, Pforthaus, Monopteros ('Sonnentempel'), Tuffsteinhaus ('Webertempel'), Seetempel, Südbrücke (ehem. barockes Bassin), Umfassungsmauer, Florastatue, Ehrenmal, (Schlossgrabenbrücke), Großer Wasserfall, Kleiner Wasserfall, Gartenteich Duvendiek, Chinesische Bogenbrücke, Brücke am Großen Piependiek, Brücke über den Duvendiek, zwei Brücken am kleinen Wasserfall, drei einfache Brücken, Lindenallee, Lindenbruchgraben, Eiskeller, Parktor, Nordeingang, Südeingang, Großer Piependiek, Kleiner Piependiek, Sonnenuhr) (Schloßgarten); Neuholländerhaus (Schloßgarten 1), Orangerie (Schloßgarten 3), Schlossplatz, Marstall (Schloßplatz 1-3), Remise (Eutiner Landesbibliothek) (Schloßplatz 2), Kavalierhaus (Eutiner Landesbibliothek) (Schloßplatz 4);Fasaneninsel mit Wohnhaus und Verwalterhaus (Fasaneninsel 1)";"https://opendatarepo.lsh.uni-kiel.de/data/denkmalpflege/fotos/32788.jpg"
39487;"Sachgesamtheit";"Kreis Ostholstein";"Eutin, Stadt";"Stolbergstraße 6";"sog. Kapitelhof Stolbergstraße 6";"Adelshof Stolbergstraße 6; 18./19. Jh.; Geschlossene Hofanlage mit weit zurückgesetztem zweigeschossigen Wohnhaus mit Anbau, langgestrecktem Nebengebäude im Süden und kleiner Backsteinremise im Norden sowie Hofpflaster und Einfriedung, Gesamtanlage in Anlehnung an die Kapitelhöfe im Norden der Stolbergstraße gestaltet";"Geschichtlich, Künstlerisch, Städtebaulich";"Wohnhaus mit Hofpflaster, zwei Nebengebäude, Einfriedung";""
39489;"Sachgesamtheit";"Kreis Ostholstein";"Eutin, Stadt";"Stolbergstraße 8, 8-10, 10";"Stolberghaus";"Stolberghaus; spätes 18. Jh., im Kern älter; palaisartiges, zweigeschossiges Wohngebäude in der Art einer Dreiflügelanlage unter Einbezug älterer Vorgängerbauten, Straßenfront mit Mittelrisalit in Backstein, rückwärtig zwei eingeschossige Fachwerknebengebäuden des 18./19. Jhs. mit Mansard- bzw. Walmdach";"Geschichtlich, Künstlerisch, Städtebaulich";"Stolberghaus, zwei Nebengebäude";""
39490;"Sachgesamtheit";"Kreis Ostholstein";"Eutin, Stadt";"Stolbergstraße 12";"sog. Kapitelhof Stolbergstraße 12";"Adelshof Stolbergstraße 12; um 1835; um einen kleinen Ehrenhof gruppiertes spätklassizistisches Gebäudeensemble mit zurückgesetztem zweigeschossigen Backsteinwohnhaus und zwei kleinen Fachwerknebengebäuden";"Geschichtlich, Künstlerisch, Städtebaulich";"Wohnhaus, zwei Nebengebäude";""
39527;"Sachgesamtheit";"Kreis Ostholstein";"Eutin, Stadt";"Stolbergstraße 16";"Kapitelhof Stolbergstraße 16";"ehem. Kapitelhof Stolbergstraße 16; um 1775; um einen kleinen Hof gruppiertes Ensemble aus Backsteinbauten mit Walmdächern, im Einzelnen bestehend aus einem zweigeschossigen Wohnhaus, zwei giebelständigen, eingeschossigen Nebengebäuden von 1817 sowie der straßenseitigen Einfriedung";"Geschichtlich, Künstlerisch, Städtebaulich";"Wohnhaus, zwei Nebengebäude, Einfriedung";""
39536;"Sachgesamtheit";"Kreis Ostholstein";"Eutin, Stadt";"Stolbergstraße 18";"Kapitelhof Stolbergstraße 18";"ehem. Kapitelhof Stolbergstraße 18; 2. Hälfte 18. Jh.; Hofanlage mit zurückgesetztem, dreiflügeligen Wohngebäude mit klassizistischer Putzfassade („Haus Rastleben“), giebelständigem Fachwerknebengebäude mit Mansarddach (Remise) und straßenseitiger Einfriedung";"Geschichtlich, Künstlerisch, Städtebaulich";"Wohnhaus 'Haus Rastleben', Remise, Einfriedung";""
39434;"Sachgesamtheit";"Kreis Ostholstein";"Eutin, Stadt";"Weberhain";"Weberhain";"Weberhain; 1890; ehem. Eichenhain mit Altbaumbestand, geschwungenes Wegesystem und kleine Schmuckanlage mit Denkmal für Carl Maria von Weber";"Geschichtlich, Künstlerisch, Städtebaulich";"Carl-Maria-von-Weber-Denkmal, Bruchsteinmauer mit Bronzerelief, Weberhain";""
36208;"Sachgesamtheit";"Kreis Ostholstein";"Eutin, Stadt";"Wilhelmstraße 2";"Wasserturm Eutin mit Grünanlage";"Wasserturm Eutin mit ehem. Schmuckplatz; 1909/1910, Fa. Carl Francke; 39 Meter hoher Wasserturm mit Ziegelfassade in historisierender Gestaltung, zugehörige Grünanlage mit Feldsteineinfriedung, Eingangstreppe, historischen Ziersträuchern und Friedenseiche";"Geschichtlich, Künstlerisch, Städtebaulich, Technisch";"Wasserturm, Grünanlage mit Einfriedung, Friedenseiche";""
39482;"Sachgesamtheit";"Kreis Ostholstein";"Eutin, Stadt";"Zum Ukleisee 15";"Jagdpavillon mit Lustholz";"Lustschlösschen mit umgebender Garten- und Parkanlage; 2. Hälfte 18. Jh., Jagdpavillon von 1776, Architekt Georg Greggenhofer, Bauherr Fürstbischof Friedrich August; spätbarockes Ensemble aus eingeschossigem holzverschalten Fachwerkbau und zugehörigem Lustholz für Jagdgesellschaften des Eutiner Hofes, gärtnerische Gestaltung u. a. mit Lindenreihe und Anglerbrücke";"Geschichtlich, Künstlerisch, Kulturlandschaftlich";"Jagdpavillon, Lustholz, Lindenreihe, Anglerbrücke";""
32935;"Mehrheit von baulichen Anlagen";"Kreis Ostholstein";"Eutin, Stadt";"Albert-Mahlstedt-Straße 11, 13, 15, 17, 19, 21, Peterstraße 30";"Straßenzeile Albert-Mahlstedt-Straße 11-21/Peterstraße 30";"Reihe von sieben Wohnhäusern; 1870 bis 80; zweigeschossige, meist traufständige Putzbauten in geschlossener und halboffener Bebauung mit historistisch-spätklassizistischer Fassadengestaltung";"Geschichtlich, Künstlerisch, Städtebaulich";"Wohnhäuser Albert-Mahlstedt-Straße 11, 13, 15, 17, 19, 21, Peterstraße 30";""
38489;"Mehrheit von baulichen Anlagen";"Kreis Ostholstein";"Eutin, Stadt";"Albert-Mahlstedt-Straße 25, 29, 29a, 31, 33, 35, 35a";"Straßenzeile Albert-Mahlstedt-Straße 25-35a";"Reihe von sieben Wohnhäusern; ca. 1870 bis 1900; zweigeschossige, meist traufständige und verputze Baukörper in geschlossener und halboffener Bebauung, historistische Fassaden teilweise mit spätklassizistischen Formen";"Geschichtlich, Künstlerisch, Städtebaulich";"Wohnhäuser Albert-Mahlstedt-Straße 25, 29, 29a, 31, 33, 35, 35a";""
32938;"Mehrheit von baulichen Anlagen";"Kreis Ostholstein";"Eutin, Stadt";"Albert-Mahlstedt-Straße 30, 32, 34, 36, 38, 42";"Straßenzeile Albert-Mahlstedt-Straße 30-38, 42";"Reihe von sechs Wohnhäusern; ca. 1860 bis 1890; zweigeschossige, traufständige und verputze Baukörper in offener Bebauung, Fassadengestaltungen in spätklassizistischen und historistischen Formen";"Geschichtlich, Künstlerisch, Städtebaulich";"Wohnhäuser Albert-Mahlstedt-Straße 30, 32, 34, 36, 38 (mit Einfriedung), 42";""
32939;"Mehrheit von baulichen Anlagen";"Kreis Ostholstein";"Eutin, Stadt";"Bahnhofstraße 10, 12, 14, 16, 18";"Straßenzeile Bahnhofstraße 10-18";"Reihe von fünf Wohnhäusern; um 1880/90; zweigeschossige, traufständige Putzbauten in geschlossener und halboffener Bebauung, historistische Fassaden mit spätklassizistischen Elementen";"Geschichtlich, Künstlerisch, Städtebaulich";"Wohnhäuser Bahnhofstraße 10, 12, 14, 16, 18";""
38724;"Mehrheit von baulichen Anlagen";"Kreis Ostholstein";"Eutin, Stadt";"Bismarckstraße 1, 3, 7, 9, 11, 13";"Straßenzeile Bismarckstraße 1-13";"Reihe von sechs Wohnhäusern; um 1900/1910, Architekten Oskar Fischer, Christian Klücher u. a.; zweigeschossige Putzbauten in offener Bebauung mit Sattel- und Walmdächern, villen- und landhausartige Gebäude";"Geschichtlich, Städtebaulich";"Wohnhäuser Bismarckstraße 1, 3, 7, 9, 11, 13";""
32947;"Mehrheit von baulichen Anlagen";"Kreis Ostholstein";"Eutin, Stadt";"Bismarckstraße 16, 18, 20";"Wohnhäuser Bismarckstraße 16, 18, 20";"Reihe von drei Wohnhäusern; 1911; Architekt Oskar Fischer; giebelständige, eingeschossige Landhäuser in offener Bebauung mit Sattel- oder Mansarddach, Putzfassaden mit Giebelfachwerk, Einfriedungen mit Torbögen";"Geschichtlich, Künstlerisch, Städtebaulich";"Wohnhäuser Bismarckstraße 16, 18 (mit Einfriedung und Torbogen), 20 (mit Einfriedung und Pforte)";""
38731;"Mehrheit von baulichen Anlagen";"Kreis Ostholstein";"Eutin, Stadt";"Böhmckersweg 1, 2, 3";"Wohnhäuser Böhmckersweg 1, 2, 3";"Reihe von drei Wohnhäusern für „Herrn Böhmcker und Genossen“; 1902-1903, Ausführung Hinrich Steenbock; ein- bis zweigeschossige, giebelständige Putzbauten am Übergang zwischen Späthistorismus und Jugendstil, villen- und landhausartig, in offener Bebauung mit historischen Gittereinfriedungen, geschlossene städtebauliche Situation";"Geschichtlich, Städtebaulich";"Wohnhäuser Böhmckersweg 1 (mit Nebengebäude und Einfriedung), 2 (mit Einfriedung), 3 (mit Einfriedung)";""
37412;"Mehrheit von baulichen Anlagen";"Kreis Ostholstein";"Eutin, Stadt";"Carl-Maria-von-Weber-Straße 9, 11, 13, 15, 17";"Wohnhäuser Carl-Maria-von-Weber-Straße 9, 11, 13, 15, 17";"Reihe von fünf Wohnhäusern; 1910-1912; Architekten Oskar Fischer und Albert Klücher; eingeschossige giebelständige Putzbauten in offener Bebauung, zeittypische landhausartige Gebäude mit ähnlicher formaler und stilistischer Gestaltung";"Geschichtlich, Städtebaulich";"Wohnhäuser Carl-Maria-von-Weber-Straße 9, 11, 13, 15, 17";""
38802;"Mehrheit von baulichen Anlagen";"Kreis Ostholstein";"Eutin, Stadt";"Holstenweg 2, 4, 5";"Wohnhäuser Holstenweg 2, 4, 5";"Baugruppe von drei Wohnhäusern; um 1920/30; ein- und zweigeschossige Ziegelbauten mit Sattel- oder Walmdach, Bruchsteinsockel, anspruchsvoll gestaltete Fassaden mit expressionistischen Details, Bruchsteineinfriedungen";"Geschichtlich, Künstlerisch, Städtebaulich";"Wohnhäuser mit Einfriedungen Holstenweg 2, 4, 5";"https://opendatarepo.lsh.uni-kiel.de/data/denkmalpflege/fotos/38802.jpg"
39067;"Mehrheit von baulichen Anlagen";"Kreis Ostholstein";"Eutin, Stadt";"Lübecker Landstraße 8, 10";"Wohnhäuser Lübecker Landstraße 8, 10";"Zwei Wohnhäuser; um 1900/1905; eingeschossige landhausartige Wohngebäude in offener Bebauung, Fassaden im Stil des späten Historismus";"Geschichtlich, Städtebaulich";"Wohnhäuser Lübecker Landstraße 8, 10 (mit Einfriedung)";""
32951;"Mehrheit von baulichen Anlagen";"Kreis Ostholstein";"Eutin, Stadt";"Lübecker Straße 17, 19, 21, Baurat-Klücher-Weg";"Baugruppe Lübecker Straße 17, 19, 21";"ehem. St.-Georg-Hospital mit Nebengebäude und ehemaliger Hofzufahrt sowie zwei benachbarten Wohnhäusern; 2. Hälfte 18. Jh. bis frühes 19. Jh.; zweigeschossige, traufständige Bebauung, Backsteinfassaden in spätbarocken und klassizistischen Formen, die Wohnhäuser im Kern Fachwerkbauten; eingeschossiges Nebengebäude im Hof des St.-Georg-Hospitals, 2. Hälfte 19. Jh.";"Geschichtlich, Künstlerisch, Städtebaulich";"St.-Georg-Hospital mit Nebengebäude (Lübecker Straße 17), Straßenpflaster (ehem. Hofzufahrt St.-Georg-Hospital, Baurat-Klücher-Weg), Wohnhäuser Lübecker Straße 19, 21";""
32952;"Mehrheit von baulichen Anlagen";"Kreis Ostholstein";"Eutin, Stadt";"Lübecker Straße 38, 40, 42";"Straßenzeile Lübecker Straße 38, 40, 42";"Reihe von drei Wohn- und Geschäftshäusern; 2. Hälfte 18. bis Anfang 19. Jh.; zweigeschossige Fachwerkbauten mit straßenseitigen Backsteinfassaden in ähnlicher formaler Gestaltung, flach vorspringende, dreigeschossige Mittelrisalite mit Dreiecksgiebel";"Geschichtlich, Künstlerisch, Städtebaulich";"Wohn- und Geschäftshäuser Lübecker Straße 38, 40, 42";""
39138;"Mehrheit von baulichen Anlagen";"Kreis Ostholstein";"Eutin, Stadt";"Oldenburger Landstraße 4, 5, 6, 7, 8, 9";"Wohnhäuser Oldenburger Landstraße 4-9";"Reihe von Wohnhäusern; 1905 bis 1912; Architekten Oskar Fischer, Christian Klücher, Heidenreich + Weichel u.a.; ein- bis zweigeschossige, repräsentative Stadtvillen in offener Bebauung, überwiegend Putzbauten, geschlossene städtebauliche Situation";"Geschichtlich, Künstlerisch, Städtebaulich";"Wohnhäuser Oldenburger Landstraße 4 (mit Einfriedung), 5, 6, 7, 8 (mit Einfriedung), 9 (mit Einfriedung)";""
34505;"Mehrheit von baulichen Anlagen";"Kreis Ostholstein";"Eutin, Stadt";"Plöner Straße 20, 22, 24-26, 28";"Wohn- und Geschäftshäuser Plöner Straße 20-28";"Reihe von vier Wohn- und Geschäftshäusern; 1873 bis 1911; zwei- bis dreigeschossige Wohnbauten in geschlossener und halboffener Bebauung, repräsentativ gestaltete Fassaden, überwiegend geputzt, teilweise mit Geschäftsnutzung im Erdgeschoss";"Geschichtlich, Künstlerisch, Städtebaulich";"Wohn- und Geschäftshäuser Plöner Straße 20, 22, 24-26, 28";""
32953;"Mehrheit von baulichen Anlagen";"Kreis Ostholstein";"Eutin, Stadt";"Plöner Straße 50, 52, 54, 56";"Straßenzeile Plöner Straße 50-56";"Reihe von vier Wohnhäusern; um 1870; zweigeschossige repräsentative Wohnbauten mit ähnlicher formaler und stilistischer Gestaltung, rustizierte Putzfassaden in spätklassizistischen Formen, geschlossene städtebauliche Situation";"Geschichtlich, Künstlerisch, Städtebaulich";"Wohnhäuser Plöner Straße 50, 52, 54, 56";""
32954;"Mehrheit von baulichen Anlagen";"Kreis Ostholstein";"Eutin, Stadt";"Plöner Straße 62, 64, 66, 68, 72, 74, 76, 76a, 78, 80";"Straßenzeile Plöner Straße 62-80";"Reihe von zehn Villen und Wohnhäusern; letztes Drittel 19. Jh.; zweigeschossige repräsentative Wohngebäude in offener Bebauung, Fassaden überwiegend verputzt, spätklassizistische Formen, geschlossene städtebauliche Situation, teilweise mit historischen Einfriedungen";"Geschichtlich, Künstlerisch, Städtebaulich";"Wohnhäuser Plöner Straße 62, 64, 66, 68, 72, 74, 76, 76a, 78, 80";""
32955;"Mehrheit von baulichen Anlagen";"Kreis Ostholstein";"Eutin, Stadt";"Riemannstraße 94, 96";"Wohnhäuser Riemannstraße 94, 96";"Zwei benachbarte Wohnhäuser; um 1910, Architekt Christian Klücher; eingeschossige landhausartige Putzbauten, giebelständig bzw. mit übergiebeltem Seitenrisalit zur Straße, ausgebaute Dächer, zeittypische Fassadengestaltung, offene Bebauung";"Geschichtlich, Städtebaulich";"Wohnhäuser Riemannstraße 94, 96";""
32875;"Mehrheit von baulichen Anlagen";"Kreis Ostholstein";"Eutin, Stadt";"Stolbergstraße 1, 3, 5, 5a, 7, 9, 11, 13, 15, 17, 19, Lübecker Straße 1, Markt 18";"Straßenzeile Stolbergstraße (Westseite)";"Reihe von Bürgerhäusern; 18./19. Jh., im Kern zum Teil auch älter; zweigeschossige, meist traufständige Fachwerkbauten in dichter Bebauung, die Straßenfassaden teilweise in Backstein, überwiegend mit Geschäftsnutzung in den Erdgeschossen, geschlossene städtebauliche Situation";"Geschichtlich, Künstlerisch, Städtebaulich";"Wohnhäuser Lübecker Straße 1, Markt 18 (Rückflügel), Wohn- und Geschäftshäuser Stolbergstraße 1, 3, 5, 5a, 7, 9, 11, 13, 15, 17, 19";""
32936;"Mehrheit von baulichen Anlagen";"Kreis Ostholstein";"Eutin, Stadt";"Voßplatz 2, 4";"Baugruppe Voßplatz 2, 4";"Zwei Wohn- und Geschäftshäuser; 18. Jh.; Fachwerkbauten in offener Bebauung mit zweigeschossigen straßenseitigen Fassaden in Backstein bzw. Putz, mit aufgesetzten Zwerchhäusern";"Geschichtlich, Städtebaulich";"Wohn- und Geschäftshäuser Voßplatz 2, 4";""
32969;"Mehrheit von baulichen Anlagen";"Kreis Ostholstein";"Eutin, Stadt";"Voßplatz 5, 7, 9";"Baugruppe Voßplatz 5, 7, 9";"ehem. Gasthaus „Voßeck“ und zwei benachbarte Wohnhäuser; 18. Jh.; ein- bis zweigeschossige Gebäude in Fachwerkbauweise oder mit Fachwerkkern, Fassaden teilweise massiv in Backstein, platzbildende Gebäudegruppe in offener Bebauung";"Geschichtlich, Städtebaulich";"Wohn- und Geschäftshäuser Voßplatz 5, 7, 9";"https://opendatarepo.lsh.uni-kiel.de/data/denkmalpflege/fotos/32969.jpg"
32970;"Mehrheit von baulichen Anlagen";"Kreis Ostholstein";"Eutin, Stadt";"Weidestraße 24, 26, 28";"Straßenzeile Weidestraße 24, 26, 28";"Reihe von drei Fachwerkgebäuden; 18./19. Jh.; zwei eingeschossige Wohnhäuser sowie ein Fachhallenhaus in offener Bebauung, Fachwerkbauweise, geschlossene städtebauliche Situation";"Geschichtlich, Städtebaulich";"Fachwerkgebäude Weidestraße 24, 26, 28";""
443;"Bauliche Anlage";"Kreis Ostholstein";"Eutin, Stadt";"Albert-Mahlstedt-Straße 1";"Carl-Maria-von-Weber-Gymnasium: Nebengebäude";"Alteintragung (Aktualisierung vorgesehen)";"Geschichtlich, Künstlerisch, Städtebaulich";"gesamtes Äußeres";"https://opendatarepo.lsh.uni-kiel.de/data/denkmalpflege/fotos/443.jpg"
1735;"Bauliche Anlage";"Kreis Ostholstein";"Eutin, Stadt";"Albert-Mahlstedt-Straße 11";"Wohnhaus";"Alteintragung (Aktualisierung vorgesehen)";"Geschichtlich, Künstlerisch, Städtebaulich";"gesamtes Äußeres";"https://opendatarepo.lsh.uni-kiel.de/data/denkmalpflege/fotos/1735.jpg"
1736;"Bauliche Anlage";"Kreis Ostholstein";"Eutin, Stadt";"Albert-Mahlstedt-Straße 13";"Wohnhaus";"Alteintragung (Aktualisierung vorgesehen)";"Geschichtlich, Künstlerisch, Städtebaulich";"gesamtes Äußeres";"https://opendatarepo.lsh.uni-kiel.de/data/denkmalpflege/fotos/1736.jpg"
1737;"Bauliche Anlage";"Kreis Ostholstein";"Eutin, Stadt";"Albert-Mahlstedt-Straße 15";"Wohnhaus";"Alteintragung (Aktualisierung vorgesehen)";"Geschichtlich, Künstlerisch, Städtebaulich";"gesamtes Äußeres";"https://opendatarepo.lsh.uni-kiel.de/data/denkmalpflege/fotos/1737.jpg"
10100;"Bauliche Anlage";"Kreis Ostholstein";"Eutin, Stadt";"Albert-Mahlstedt-Straße 16";"Wohnhaus";"Wohnhaus; Mitte 19. Jh.; zweigeschossiger, traufständiger Backsteinbau mit Halbwalmdach, Balkon über Löwenkopfkonsolen, Einfriedung";"Geschichtlich, Städtebaulich";"Wohnhaus, Einfriedung";"https://opendatarepo.lsh.uni-kiel.de/data/denkmalpflege/fotos/10100.jpg"
2769;"Bauliche Anlage";"Kreis Ostholstein";"Eutin, Stadt";"Albert-Mahlstedt-Straße 17";"Wohnhaus";"Alteintragung (Aktualisierung vorgesehen)";"Geschichtlich, Städtebaulich";"gesamtes Äußeres";"https://opendatarepo.lsh.uni-kiel.de/data/denkmalpflege/fotos/2769.jpg"
2770;"Bauliche Anlage";"Kreis Ostholstein";"Eutin, Stadt";"Albert-Mahlstedt-Straße 19";"Wohnhaus";"Alteintragung (Aktualisierung vorgesehen)";"Geschichtlich, Städtebaulich";"gesamtes Äußeres";"https://opendatarepo.lsh.uni-kiel.de/data/denkmalpflege/fotos/2770.jpg"
1740;"Bauliche Anlage";"Kreis Ostholstein";"Eutin, Stadt";"Albert-Mahlstedt-Straße 21";"Wohnhaus";"Alteintragung (Aktualisierung vorgesehen)";"Geschichtlich, Städtebaulich";"gesamtes Äußeres";"https://opendatarepo.lsh.uni-kiel.de/data/denkmalpflege/fotos/1740.jpg"
901;"Bauliche Anlage";"Kreis Ostholstein";"Eutin, Stadt";"Albert-Mahlstedt-Straße 24";"Wohnhaus";"Alteintragung (Aktualisierung vorgesehen)";"Geschichtlich, Künstlerisch, Städtebaulich";"gesamtes Objekt";"https://opendatarepo.lsh.uni-kiel.de/data/denkmalpflege/fotos/901.jpg"
6709;"Bauliche Anlage";"Kreis Ostholstein";"Eutin, Stadt";"Albert-Mahlstedt-Straße 25";"Wohnhaus";"Alteintragung (Aktualisierung vorgesehen)";"Geschichtlich, Städtebaulich";"gesamtes Objekt";"https://opendatarepo.lsh.uni-kiel.de/data/denkmalpflege/fotos/6709.jpg"
66;"Bauliche Anlage";"Kreis Ostholstein";"Eutin, Stadt";"Albert-Mahlstedt-Straße 26";"Wohnhaus";"Alteintragung (Aktualisierung vorgesehen)";"Geschichtlich, Künstlerisch, Städtebaulich";"gesamtes Objekt";"https://opendatarepo.lsh.uni-kiel.de/data/denkmalpflege/fotos/66.jpg"
1741;"Bauliche Anlage";"Kreis Ostholstein";"Eutin, Stadt";"Albert-Mahlstedt-Straße 28";"Albert-Mahlstedt-Schule";"Alteintragung (Aktualisierung vorgesehen)";"Geschichtlich, Künstlerisch, Städtebaulich";"gesamtes Äußeres";"https://opendatarepo.lsh.uni-kiel.de/data/denkmalpflege/fotos/1741.jpg"
8953;"Bauliche Anlage";"Kreis Ostholstein";"Eutin, Stadt";"Albert-Mahlstedt-Straße 29";"Wohnhaus";"Alteintragung (Aktualisierung vorgesehen)";"Geschichtlich, Städtebaulich";"gesamtes Objekt";"https://opendatarepo.lsh.uni-kiel.de/data/denkmalpflege/fotos/8953.jpg"
8954;"Bauliche Anlage";"Kreis Ostholstein";"Eutin, Stadt";"Albert-Mahlstedt-Straße 29 a";"Wohnhaus";"Alteintragung (Aktualisierung vorgesehen)";"Geschichtlich, Städtebaulich";"gesamtes Objekt";"https://opendatarepo.lsh.uni-kiel.de/data/denkmalpflege/fotos/8954.jpg"
1742;"Bauliche Anlage";"Kreis Ostholstein";"Eutin, Stadt";"Albert-Mahlstedt-Straße 30";"Wohnhaus";"Alteintragung (Aktualisierung vorgesehen)";"Geschichtlich, Städtebaulich";"gesamtes Äußeres";"https://opendatarepo.lsh.uni-kiel.de/data/denkmalpflege/fotos/1742.jpg"
8955;"Bauliche Anlage";"Kreis Ostholstein";"Eutin, Stadt";"Albert-Mahlstedt-Straße 31";"Wohnhaus";"Alteintragung (Aktualisierung vorgesehen)";"Geschichtlich, Städtebaulich";"gesamtes Objekt";"https://opendatarepo.lsh.uni-kiel.de/data/denkmalpflege/fotos/8955.jpg"
1743;"Bauliche Anlage";"Kreis Ostholstein";"Eutin, Stadt";"Albert-Mahlstedt-Straße 32";"Wohnhaus";"Alteintragung (Aktualisierung vorgesehen)";"Geschichtlich, Städtebaulich";"gesamtes Äußeres";"https://opendatarepo.lsh.uni-kiel.de/data/denkmalpflege/fotos/1743.jpg"
8956;"Bauliche Anlage";"Kreis Ostholstein";"Eutin, Stadt";"Albert-Mahlstedt-Straße 33";"Wohnhaus";"Alteintragung (Aktualisierung vorgesehen)";"Geschichtlich, Städtebaulich";"gesamtes Objekt";"https://opendatarepo.lsh.uni-kiel.de/data/denkmalpflege/fotos/8956.jpg"
1744;"Bauliche Anlage";"Kreis Ostholstein";"Eutin, Stadt";"Albert-Mahlstedt-Straße 34";"Wohnhaus";"Alteintragung (Aktualisierung vorgesehen)";"Geschichtlich, Städtebaulich";"gesamtes Äußeres";"https://opendatarepo.lsh.uni-kiel.de/data/denkmalpflege/fotos/1744.jpg"
1745;"Bauliche Anlage";"Kreis Ostholstein";"Eutin, Stadt";"Albert-Mahlstedt-Straße 36";"Wohnhaus";"Alteintragung (Aktualisierung vorgesehen)";"Geschichtlich, Städtebaulich";"gesamtes Äußeres";"https://opendatarepo.lsh.uni-kiel.de/data/denkmalpflege/fotos/1745.jpg"
1746;"Bauliche Anlage";"Kreis Ostholstein";"Eutin, Stadt";"Albert-Mahlstedt-Straße 38";"Wohnhaus";"Alteintragung (Aktualisierung vorgesehen)";"Geschichtlich, Künstlerisch, Städtebaulich";"gesamtes Äußeres, Einfriedung (Gitter)";"https://opendatarepo.lsh.uni-kiel.de/data/denkmalpflege/fotos/1746.jpg"
8957;"Bauliche Anlage";"Kreis Ostholstein";"Eutin, Stadt";"Albert-Mahlstedt-Straße 41";"Wohnhaus";"Alteintragung (Aktualisierung vorgesehen)";"Geschichtlich, Künstlerisch, Städtebaulich";"gesamtes Objekt";"https://opendatarepo.lsh.uni-kiel.de/data/denkmalpflege/fotos/8957.jpg"
1747;"Bauliche Anlage";"Kreis Ostholstein";"Eutin, Stadt";"Albert-Mahlstedt-Straße 42";"Wohnhaus";"Alteintragung (Aktualisierung vorgesehen)";"Geschichtlich, Städtebaulich";"gesamtes Äußeres";"https://opendatarepo.lsh.uni-kiel.de/data/denkmalpflege/fotos/1747.jpg"
33187;"Bauliche Anlage";"Kreis Ostholstein";"Eutin, Stadt";"Albert-Mahlstedt-Straße 59";"Wohnhaus";"Wohnhaus; um 1900; zweigeschossiger Ziegelbau mit Putzfassade in spätklassizistischen Formen, zweigeschossiger Wintergarten";"Geschichtlich, Städtebaulich";"gesamtes Objekt";"https://opendatarepo.lsh.uni-kiel.de/data/denkmalpflege/fotos/33187.jpg"
33543;"Bauliche Anlage";"Kreis Ostholstein";"Eutin, Stadt";"Am Kleinen See 4 a";"Wohnhaus";"Mehrfamilienhaus; 1976, Architekt Heinrich Kleinschmidt; traufständiger, zweigeschossiger Wohnbau mit Satteldach, Ziegelfassade mit Sichtbetonelementen, Balkone";"Geschichtlich, Künstlerisch, Städtebaulich";"gesamtes Objekt";""
13374;"Bauliche Anlage";"Kreis Ostholstein";"Eutin, Stadt";"Am Rosengarten 1";"Wohn- und Geschäftshaus";"Wohn- und Geschäftshaus; 19. Jh., im Kern älter; zweigeschossiger Fachwerkbau mit Satteldach, Auslucht und Querflügel, Hauptfassade in Backstein";"Geschichtlich, Städtebaulich";"gesamtes Objekt";"https://opendatarepo.lsh.uni-kiel.de/data/denkmalpflege/fotos/13374.jpg"
1748;"Bauliche Anlage";"Kreis Ostholstein";"Eutin, Stadt";"Am Rosengarten 2";"Wohn- und Geschäftshaus";"Alteintragung (Aktualisierung vorgesehen)";"Geschichtlich, Städtebaulich";"gesamtes Äußeres";"https://opendatarepo.lsh.uni-kiel.de/data/denkmalpflege/fotos/1748.jpg"
13375;"Bauliche Anlage";"Kreis Ostholstein";"Eutin, Stadt";"Am Rosengarten 3";"Kreissparkasse";"ehem. Filiale der Oldenburgischen Landesbank; 1910-1911, Baurat Heinrich Früstück; dreigeschossig, Mansardwalmdach, Klinkerfassade mit Natursteingliederung, drei szenische Reliefs";"Geschichtlich, Künstlerisch, Städtebaulich";"gesamtes Objekt";"https://opendatarepo.lsh.uni-kiel.de/data/denkmalpflege/fotos/13375.jpg"
13376;"Bauliche Anlage";"Kreis Ostholstein";"Eutin, Stadt";"Am Rosengarten 6";"Geschäftshaus";"Geschäftshaus; 1899, Bauherr Rudolph Karstadt; zweigeschossiger Putzbau mit Satteldach mit bauzeitlichen Dachgauben, historisierende Fassade";"Geschichtlich, Städtebaulich";"gesamtes Objekt";"https://opendatarepo.lsh.uni-kiel.de/data/denkmalpflege/fotos/13376.jpg"
13377;"Bauliche Anlage";"Kreis Ostholstein";"Eutin, Stadt";"Am Rosengarten 7";"Wohn- und Geschäftshaus";"Wohn- und Geschäftshaus; 2. Hälfte 18. Jh.; zweigeschossiger Fachwerkbau mit Satteldach, Putzgiebel Anfang 20. Jh.";"Geschichtlich, Städtebaulich";"gesamtes Objekt";"https://opendatarepo.lsh.uni-kiel.de/data/denkmalpflege/fotos/13377.jpg"
13379;"Bauliche Anlage";"Kreis Ostholstein";"Eutin, Stadt";"Am Rosengarten 11";"Wohn- und Geschäftshaus";"Wohnhaus; 1826; zweigeschossiger Backsteinbau mit Walmdach und übergiebeltem Mittelrisalit";"Geschichtlich, Städtebaulich";"gesamtes Objekt";"https://opendatarepo.lsh.uni-kiel.de/data/denkmalpflege/fotos/13379.jpg"
9575;"Bauliche Anlage";"Kreis Ostholstein";"Eutin, Stadt";"Am Rosengarten 13";"Wohn- und Geschäftshaus Handelshaus C. F. Janus";"Wohn- und Geschäftshaus; 1867-1868, Bauherr Carl Dietrich Jacob Janus, südlicher Anbau 1910; dreigeschossiger Putzbau mit schiefergedecktem Satteldach, Fassadengestaltung in spätklassizistischen Formen, große, rundbogige Schaufenster im Erdgeschoss.";"Geschichtlich, Künstlerisch, Städtebaulich";"gesamtes Objekt";"https://opendatarepo.lsh.uni-kiel.de/data/denkmalpflege/fotos/9575.jpg"
9882;"Bauliche Anlage";"Kreis Ostholstein";"Eutin, Stadt";"Am Schlossgarten 4";"Bauhof: Wohnhaus (Pächterhaus)";"Wohnhaus des Gutspächters; vermutlich 1836; eingeschossiger Backsteinbau mit Halbwalmdach und mittigem Zwerchhaus";"Geschichtlich, Städtebaulich";"gesamtes Objekt";"https://opendatarepo.lsh.uni-kiel.de/data/denkmalpflege/fotos/9882.jpg"
1645;"Bauliche Anlage";"Kreis Ostholstein";"Eutin, Stadt";"Am Schlossgarten 9";"Bauhof: Speicher (westlich)";"Alteintragung (Aktualisierung vorgesehen)";"Geschichtlich, Städtebaulich";"Alteintragung (Aktualisierung vorgesehen)";"https://opendatarepo.lsh.uni-kiel.de/data/denkmalpflege/fotos/1645.jpg"
1653;"Bauliche Anlage";"Kreis Ostholstein";"Eutin, Stadt";"Am Schlossgarten 9";"Bauhof: Pferdestall (östlich)";"Alteintragung (Aktualisierung vorgesehen)";"Geschichtlich, Städtebaulich";"Alteintragung (Aktualisierung vorgesehen)";"https://opendatarepo.lsh.uni-kiel.de/data/denkmalpflege/fotos/1653.jpg"
1654;"Bauliche Anlage";"Kreis Ostholstein";"Eutin, Stadt";"Am Schlossgarten 9";"Bauhof: Vogtkate";"Alteintragung (Aktualisierung vorgesehen)";"Geschichtlich, Städtebaulich";"Alteintragung (Aktualisierung vorgesehen)";"https://opendatarepo.lsh.uni-kiel.de/data/denkmalpflege/fotos/1654.jpg"
9881;"Bauliche Anlage";"Kreis Ostholstein";"Eutin, Stadt";"Am Schlossgarten";"Bauhof: Zufahrtsstraße mit Kopfsteinpflaster";"Zufahrtsstraße mit historischem Kopfsteinpflaster aus farbigen Feldsteinen";"Geschichtlich, Städtebaulich";"gesamtes Objekt";"https://opendatarepo.lsh.uni-kiel.de/data/denkmalpflege/fotos/9881.jpg"
31370;"Bauliche Anlage";"Kreis Ostholstein";"Eutin, Stadt";"Am See 1";"Bootshaus";"Boots- und Vereinshaus; 1933-1934, Architekt Karl Schöning; kubischer Putzbau mit Klinkergliederung und flachen Walmdächern";"Geschichtlich, Künstlerisch, Städtebaulich";"gesamtes Objekt";""
13427;"Bauliche Anlage";"Kreis Ostholstein";"Eutin, Stadt";"Auestraße 10";"Dreiseithof:  Wohnhaus";"Wohnhaus; um 1870; steinsichtiger Ziegelbau mit Halbwalmdach und breitem Zwerchhaus, traufständig";"Geschichtlich, Städtebaulich";"gesamtes Objekt";"https://opendatarepo.lsh.uni-kiel.de/data/denkmalpflege/fotos/13427.jpg"
13426;"Bauliche Anlage";"Kreis Ostholstein";"Eutin, Stadt";"Auestraße 11";"Alte Schule";"Alte Schule; 19. Jh.; traufständiger Rotsteinbau mit reetgedecktem Vollwalmdach, Zwerchhaus, zweigeschossiger Anbau Ende 19. Jh.";"Geschichtlich, Städtebaulich";"gesamtes Objekt";"https://opendatarepo.lsh.uni-kiel.de/data/denkmalpflege/fotos/13426.jpg"
6556;"Bauliche Anlage";"Kreis Ostholstein";"Eutin, Stadt";"Bahnhofstraße 2";"Wohn- und Geschäftshaus";"Alteintragung (Aktualisierung vorgesehen)";"Geschichtlich, Künstlerisch, Städtebaulich";"gesamtes Objekt";"https://opendatarepo.lsh.uni-kiel.de/data/denkmalpflege/fotos/6556.jpg"
8952;"Bauliche Anlage";"Kreis Ostholstein";"Eutin, Stadt";"Bahnhofstraße 4";"Wohn- und Geschäftshaus";"Alteintragung (Aktualisierung vorgesehen)";"Geschichtlich, Künstlerisch, Städtebaulich";"gesamtes Objekt";"https://opendatarepo.lsh.uni-kiel.de/data/denkmalpflege/fotos/8952.jpg"
13308;"Bauliche Anlage";"Kreis Ostholstein";"Eutin, Stadt";"Bahnhofstraße 7";"Wohnhaus";"Wohnhaus; um 1870/80; zweigeschossiger, traufständiger Putzbau mit flachem Walmdach und rustiziertem Erdgeschoss";"Geschichtlich, Städtebaulich";"gesamtes Objekt";"https://opendatarepo.lsh.uni-kiel.de/data/denkmalpflege/fotos/13308.jpg"
1749;"Bauliche Anlage";"Kreis Ostholstein";"Eutin, Stadt";"Bahnhofstraße 10";"Wohnhaus";"Alteintragung (Aktualisierung vorgesehen)";"Geschichtlich, Künstlerisch, Städtebaulich";"gesamtes Äußeres";"https://opendatarepo.lsh.uni-kiel.de/data/denkmalpflege/fotos/1749.jpg"
1750;"Bauliche Anlage";"Kreis Ostholstein";"Eutin, Stadt";"Bahnhofstraße 12";"Wohnhaus";"Alteintragung (Aktualisierung vorgesehen)";"Geschichtlich, Städtebaulich";"gesamtes Äußeres";"https://opendatarepo.lsh.uni-kiel.de/data/denkmalpflege/fotos/1750.jpg"
1751;"Bauliche Anlage";"Kreis Ostholstein";"Eutin, Stadt";"Bahnhofstraße 14";"Wohnhaus";"Alteintragung (Aktualisierung vorgesehen)";"Geschichtlich, Städtebaulich";"gesamtes Äußeres";"https://opendatarepo.lsh.uni-kiel.de/data/denkmalpflege/fotos/1751.jpg"
1752;"Bauliche Anlage";"Kreis Ostholstein";"Eutin, Stadt";"Bahnhofstraße 16";"Wohnhaus";"Alteintragung (Aktualisierung vorgesehen)";"Geschichtlich, Künstlerisch, Städtebaulich";"gesamtes Äußeres";"https://opendatarepo.lsh.uni-kiel.de/data/denkmalpflege/fotos/1752.jpg"
3123;"Bauliche Anlage";"Kreis Ostholstein";"Eutin, Stadt";"Bahnhofstraße 17";"Bahnhof Eutin";"Alteintragung (Aktualisierung vorgesehen)";"Geschichtlich, Künstlerisch, Städtebaulich";"gesamtes Äußeres";"https://opendatarepo.lsh.uni-kiel.de/data/denkmalpflege/fotos/3123.jpg"
1753;"Bauliche Anlage";"Kreis Ostholstein";"Eutin, Stadt";"Bahnhofstraße 18";"Wohnhaus";"Alteintragung (Aktualisierung vorgesehen)";"Geschichtlich, Städtebaulich";"gesamtes Äußeres";"https://opendatarepo.lsh.uni-kiel.de/data/denkmalpflege/fotos/1753.jpg"
32121;"Bauliche Anlage";"Kreis Ostholstein";"Eutin, Stadt";"Bahnhofstraße 20";"Wohnhaus";"Wohnhaus; 1925, Architekt Dipl.-Ing. Wilhelm; Bauherr Arno Horn; eingeschossiger Ziegelbau mit hohem Walmdach, Veranda im Erdgeschoss, darüber Zwerchhaus und Balkon, Einfriedung";"Geschichtlich, Künstlerisch, Städtebaulich";"Wohnhaus, Einfriedung";""
8656;"Bauliche Anlage";"Kreis Ostholstein";"Eutin, Stadt";"Bahnhofstraße 26";"Wohnhaus mit Gewerbe";"Wohnhaus mit Gewerbe; 2. Hälfte 19. Jh.; zweigeschossiger Backsteinbau mit Putzfassade, zweiachsiger Anbau mit Pilastergliederung und Laden im Erdgeschoss Ende 19. Jh.";"Geschichtlich, Städtebaulich";"gesamtes Objekt";"https://opendatarepo.lsh.uni-kiel.de/data/denkmalpflege/fotos/8656.jpg"
475;"Bauliche Anlage";"Kreis Ostholstein";"Eutin, Stadt";"Bahnhofstraße 36";"Wohnhaus";"Wohnhaus; um 1890; eingeschossiger Bau mit Drempel und Sattel, historistische Putzfassade, Verandaanbau";"Geschichtlich, Städtebaulich";"gesamtes Objekt";"https://opendatarepo.lsh.uni-kiel.de/data/denkmalpflege/fotos/475.jpg"
32124;"Bauliche Anlage";"Kreis Ostholstein";"Eutin, Stadt";"Bahnhofstraße 38 - 40";"Wohnhaus";"Wohnhaus; 2. Hälfte 19. Jh.; zweigeschossiger Backsteinbau mit Putzfassade, übergiebelter Mittelrisalit, historistisch-spätklassizistische Formensprache";"Geschichtlich, Städtebaulich";"gesamtes Objekt";""
1755;"Bauliche Anlage";"Kreis Ostholstein";"Eutin, Stadt";"Bebensundweg";"Freibadeanstalt";"Alteintragung (Aktualisierung vorgesehen)";"Geschichtlich, Kulturlandschaftlich, Wissenschaftlich";"gesamtes Objekt";"https://opendatarepo.lsh.uni-kiel.de/data/denkmalpflege/fotos/1755.jpg"
13357;"Bauliche Anlage";"Kreis Ostholstein";"Eutin, Stadt";"Beuthiner Hof 4";"Beuthiner Hof: Fachwerkscheune";"Durchfahrtsscheune; um 1823; Fachwerkbau mit Halbwalmdach";"Geschichtlich, Kulturlandschaftlich";"gesamtes Objekt";"https://opendatarepo.lsh.uni-kiel.de/data/denkmalpflege/fotos/13357.jpg"
1652;"Bauliche Anlage";"Kreis Ostholstein";"Eutin, Stadt";"Bismarckstraße 14";"Johann-Heinrich-Voß-Gymnasium";"Alteintragung (Aktualisierung vorgesehen)";"Geschichtlich, Künstlerisch, Städtebaulich";"Johann-Heinrich-Voß-Gymnasium, Einfriedung";"https://opendatarepo.lsh.uni-kiel.de/data/denkmalpflege/fotos/1652.jpg"
2538;"Bauliche Anlage";"Kreis Ostholstein";"Eutin, Stadt";"Bismarckstraße 16";"Wohnhaus";"Wohnhaus; 1911; Architekt Oskar Fischer; Bauherr Wilhelm Harders; eingeschossiger Putzbau auf hohem Klinkersockel, Standerker, Mansarddach mit zwei ausgebauten Geschossen, Zierfachwerk im Giebel";"Geschichtlich, Künstlerisch, Städtebaulich";"gesamtes Objekt";"https://opendatarepo.lsh.uni-kiel.de/data/denkmalpflege/fotos/2538.jpg"
13311;"Bauliche Anlage";"Kreis Ostholstein";"Eutin, Stadt";"Bismarckstraße 18";"Wohnhaus";"Wohnhaus; 1911; Architekt Oskar Fischer, Bauherr Bürgermeister Albert Mahlstedt; eingeschossiger Putzbau auf hohem Klinkersockel, Satteldach, Zierfachwerk in den Giebeln, Einfriedung mit gemauertem Torbogen";"Geschichtlich, Künstlerisch, Städtebaulich";"Wohnhaus, Einfriedung mit Torbogen";"https://opendatarepo.lsh.uni-kiel.de/data/denkmalpflege/fotos/13311.jpg"
10031;"Bauliche Anlage";"Kreis Ostholstein";"Eutin, Stadt";"Bismarckstraße 22";"Wohnhaus";"Wohnhaus; 1924, Architekt Janssen, Bauherr Wilhelm Harders; repräsentativer zweigeschossiger Backsteinbau, traufständig mit Walmdach, Einfriedung";"Geschichtlich, Künstlerisch, Städtebaulich";"Wohnhaus, Einfriedung";"https://opendatarepo.lsh.uni-kiel.de/data/denkmalpflege/fotos/10031.jpg"
4812;"Bauliche Anlage";"Kreis Ostholstein";"Eutin, Stadt";"Bismarckstraße 24";"Wohnhaus";"Wohnhaus; 1926, Architekt Klücher; eingeschossiger Rotsteinbau, ausgebautes Mansarddach mit Schopf und mittigem Zwerchhaus, plastische Fassadengliederung, Einfriedung";"Geschichtlich, Städtebaulich";"Wohnhaus, Einfriedung";"https://opendatarepo.lsh.uni-kiel.de/data/denkmalpflege/fotos/4812.jpg"
33914;"Bauliche Anlage";"Kreis Ostholstein";"Eutin, Stadt";"Bismarckstraße 27";"Wohnhaus";"Wohnhaus; um 1910; eingeschossiger Putzbau mit hohem Mansarddach, beidseitig firsthohe Zwerchhäuser, straßenseitiger Erker";"Geschichtlich, Städtebaulich";"gesamtes Objekt";""
33907;"Bauliche Anlage";"Kreis Ostholstein";"Eutin, Stadt";"Bismarckstraße";"Straßenpflaster";"Straßenpflaster; um 1910; unregelmäßig verlegte Pflasterung aus farbigen Feldsteinen";"Geschichtlich, Städtebaulich";"gesamtes Objekt";""
32226;"Bauliche Anlage";"Kreis Ostholstein";"Eutin, Stadt";"Braaker Straße 14";"Fachhallenhaus";"Fachhallenhaus; 1788; ehem. Haupthaus der Hofstelle Drückhamer, mit Sackdiele von sechs und Wohnteil von zwei Fach, reetgedecktes Halbwalmdach, Backsteinanbau Ende 19. Jh.";"Geschichtlich, Städtebaulich";"gesamtes Objekt";""
7990;"Bauliche Anlage";"Kreis Ostholstein";"Eutin, Stadt";"Böhmckersweg 1";"Wohnhaus";"Wohnhaus; 1903; zweigeschossiger, villenartiger Putzbau mit Halbwalmdach, Klinkergliederung und Stuckdetails; Nebengebäude mit Satteldach; historische Gittereinfriedung";"Geschichtlich, Städtebaulich";"Wohnhaus, Nebengebäude, Einfriedung";"https://opendatarepo.lsh.uni-kiel.de/data/denkmalpflege/fotos/7990.jpg"
34424;"Bauliche Anlage";"Kreis Ostholstein";"Eutin, Stadt";"Böhmckersweg 8";"Wohnhaus";"Wohnhaus; 1937, Architekt A. Runge, Bauherr Dr. med. Wittern; zweigeschossiger Rotsteinbau unter Vollwalmdach mit eingeschossigen Anbauten, hochwertige architektonische Gestaltung mit straffer Gliederung und bauzeitlichen Details (u.a. Fenster, Haustür mit Oberlicht), Fledermausgauben";"Geschichtlich, Künstlerisch, Städtebaulich";"gesamtes Objekt";""
13313;"Bauliche Anlage";"Kreis Ostholstein";"Eutin, Stadt";"Bürgerstraße 5";"Bürgerheim";"Heim für Bedürftige; 1908; zweigeschossiger Backsteinbau mit Walmdach, Fassade mit Staffelgiebeln und Putzfeldern";"Geschichtlich, Städtebaulich";"gesamtes Objekt";"https://opendatarepo.lsh.uni-kiel.de/data/denkmalpflege/fotos/13313.jpg"
1816;"Bauliche Anlage";"Kreis Ostholstein";"Eutin, Stadt";"Carl-Maria-von-Weber-Straße 10";"Wohnhaus P. Richter";"Alteintragung (Aktualisierung vorgesehen)";"Geschichtlich, Künstlerisch, Städtebaulich";"gesamtes Objekt";"https://opendatarepo.lsh.uni-kiel.de/data/denkmalpflege/fotos/1816.jpg"
6311;"Bauliche Anlage";"Kreis Ostholstein";"Eutin, Stadt";"Carl-Maria-von-Weber-Straße 12";"Wohnhaus";"Wohnhaus;  Ende 18. Jh.; eingeschossiger, traufständiger Fachwerkbau mit Halbwalmdach und zweigeschossigem Mittelrisalit, langgestreckter Rückflügel, Treppenhausanbau Ende 19. Jh.";"Geschichtlich, Städtebaulich";"gesamtes Objekt";"https://opendatarepo.lsh.uni-kiel.de/data/denkmalpflege/fotos/6311.jpg"
32220;"Bauliche Anlage";"Kreis Ostholstein";"Eutin, Stadt";"Carl-Maria-von-Weber-Straße 20";"Wohnhaus";"ehem. Wohnhaus, später Katasteramt; 1934; zweigeschossiger Rotsteinbau mit schlichter Fassadengliederung, Walmdach mit niedrigen Gauben";"Geschichtlich, Städtebaulich";"gesamtes Objekt";""
29261;"Bauliche Anlage";"Kreis Ostholstein";"Eutin, Stadt";"Charlottenstraße 4";"ehem. Armenhaus";"Armenhaus der Stadt Eutin; 1882; zweigeschossiger Ziegelbau über T-förmigem Grundriss mit Drempel und flachem Satteldach, Eckquaderung und Geschossband";"Geschichtlich, Städtebaulich";"gesamtes Objekt";""
1672;"Bauliche Anlage";"Kreis Ostholstein";"Eutin, Stadt";"Dodau 1";"Forsthof Dodau: Wirtschaftsgebäude";"Alteintragung (Aktualisierung vorgesehen)";"Geschichtlich, Kulturlandschaftlich";"gesamtes Äußeres";"https://opendatarepo.lsh.uni-kiel.de/data/denkmalpflege/fotos/1672.jpg"
1674;"Bauliche Anlage";"Kreis Ostholstein";"Eutin, Stadt";"Dodau 1";"Forsthof Dodau: Backhaus";"Alteintragung (Aktualisierung vorgesehen)";"Geschichtlich, Kulturlandschaftlich";"gesamtes Äußeres";"https://opendatarepo.lsh.uni-kiel.de/data/denkmalpflege/fotos/1674.jpg"
2765;"Bauliche Anlage";"Kreis Ostholstein";"Eutin, Stadt";"Dodau 1";"Forsthof Dodau: Wohnhaus";"Alteintragung (Aktualisierung vorgesehen)";"Geschichtlich, Kulturlandschaftlich";"gesamtes Äußeres";"https://opendatarepo.lsh.uni-kiel.de/data/denkmalpflege/fotos/2765.jpg"
2766;"Bauliche Anlage";"Kreis Ostholstein";"Eutin, Stadt";"Dodau 1";"Forsthof Dodau: Scheune";"Alteintragung (Aktualisierung vorgesehen)";"Geschichtlich, Kulturlandschaftlich";"gesamtes Äußeres";"https://opendatarepo.lsh.uni-kiel.de/data/denkmalpflege/fotos/2766.jpg"
35230;"Bauliche Anlage";"Kreis Ostholstein";"Eutin, Stadt";"Dorfstraße";"Spritzenhaus mit Inventar";"Spritzenhaus der freiwilligen Feuerwehr Fissau-Sibbersdorf; 1909; schlichter heller Ziegelbau mit viergeschossigem holzverschalten Schlauchturm, historische Handdruckspritze (Modell „Rendsburg“)";"Geschichtlich, Städtebaulich, Technisch";"Spritzenhaus mit Inventar, Handdruckspritze Modell 'Rendsburg'";""
33193;"Bauliche Anlage";"Kreis Ostholstein";"Eutin, Stadt";"Elisabethstraße 47";"ehem. Logenhaus des Guttempler-Ordens";"ehem. Logenhaus des Guttempler-Ordens; Anfang 20. Jh.; zweigeschossiger Putzbau mit abgewalmtem Flachdach, Mittelachse mit Eingangsportal zwischen ionischen Halbsäulen und Reliefdarstellung des barmherzigen Samariters";"Geschichtlich, Künstlerisch, Städtebaulich";"gesamtes Objekt";"https://opendatarepo.lsh.uni-kiel.de/data/denkmalpflege/fotos/33193.jpg"
33194;"Bauliche Anlage";"Kreis Ostholstein";"Eutin, Stadt";"Elisabethstraße 48";"Wohnhaus";"Wohnhaus; um 1900; zweigeschossiger Klinkerbau, abgewalmtes Flachdach mit bauzeitlichen Gauben, späthistoristische Formensprache, Ecktürmchen mit Bezug zur städtebaulichen Situation";"Geschichtlich, Städtebaulich";"gesamtes Objekt";"https://opendatarepo.lsh.uni-kiel.de/data/denkmalpflege/fotos/33194.jpg"
33202;"Bauliche Anlage";"Kreis Ostholstein";"Eutin, Stadt";"Elisabethstraße 59";"Wilhelm-Wisser-Schule";"Schulgebäude; 1898 bis 1899; zweigeschossiger traufständiger Putzbau mit flachem Walmdach, strenge Fassadengliederung in spätklassizistischen Formen, Segmentbogenfenster";"Geschichtlich, Städtebaulich";"gesamtes Objekt";"https://opendatarepo.lsh.uni-kiel.de/data/denkmalpflege/fotos/33202.jpg"
13439;"Bauliche Anlage";"Kreis Ostholstein";"Eutin, Stadt";"Eutiner Straße 2";"Haus Waldfrieden";"ehem. „Erholungsheim Waldfrieden“; 1913/14; repräsentativer zweigeschossiger Putzbau, traufständig mit hohem Vollwalmdach und Zwerchhaus, symmetrische Fassade";"Geschichtlich, Kulturlandschaftlich";"gesamtes Objekt";"https://opendatarepo.lsh.uni-kiel.de/data/denkmalpflege/fotos/13439.jpg"
13437;"Bauliche Anlage";"Kreis Ostholstein";"Eutin, Stadt";"Eutiner Straße 15";"ehem. Sanatorium Haus Sielbeck";"ehem. Sanatorium; 1899 für den Major Joachim von Levetzow erbaut; repräsentatives zweigeschossiges Gebäude mit reich gegliederter Rotsteinfassade, späthistoristische Villenarchitektur mit hohem Anspruch, qualitätvolle Innenausstattung";"Geschichtlich, Künstlerisch, Kulturlandschaftlich";"gesamtes Objekt";"https://opendatarepo.lsh.uni-kiel.de/data/denkmalpflege/fotos/13437.jpg"
31295;"Bauliche Anlage";"Kreis Ostholstein";"Eutin, Stadt";"Fasaneninsel 1";"Wohnhaus";"sog. Wohnhaus, ursprünglich wohl ehem. Wirtschaftsgebäude; Mitte 19. Jh., Umbau Mitte der 1960er Jahre; eingeschossiger Fachwerkbau mit reetgedecktem Halbwalmdach";"Geschichtlich, Kulturlandschaftlich";"gesamtes Objekt";""
31296;"Bauliche Anlage";"Kreis Ostholstein";"Eutin, Stadt";"Fasaneninsel 1";"Verwalterhaus";"Verwalterwohnhaus; Mitte 19. Jh.; kleiner, eingeschossiger Fachwerkbau mit reetgedecktem Vollwalmdach";"Geschichtlich, Kulturlandschaftlich";"gesamtes Objekt";""
33942;"Bauliche Anlage";"Kreis Ostholstein";"Eutin, Stadt";"Holstenweg 2";"Wohnhaus";"Wohnhaus; um 1925/30; zweigeschossiger Ziegelbau mit Bruchsteinsockel und Vollwalmdach, Standerker mit Balkon und seitlicher Anbau, expressionistische Fassadengestaltung, Einfriedung";"Geschichtlich, Künstlerisch, Städtebaulich";"Wohnhaus, Einfriedung";""
33943;"Bauliche Anlage";"Kreis Ostholstein";"Eutin, Stadt";"Holstenweg 4";"Wohnhaus";"Wohnhaus; um 1925/30; zweigeschossiger Ziegelbau auf Bruchsteinsockel, Vollwalmdach, seitlicher Anbau, reiche plastische Fassadengliederung, Einfriedung";"Geschichtlich, Künstlerisch, Städtebaulich";"Wohnhaus, Einfriedung";""
33944;"Bauliche Anlage";"Kreis Ostholstein";"Eutin, Stadt";"Holstenweg 5";"Wohnhaus";"Wohnhaus; um 1920/30; eingeschossiger, giebelständiger Ziegelbau mit hohem, bauzeitlich ausgebautem Satteldach, Einfriedung";"Geschichtlich, Künstlerisch, Städtebaulich";"Wohnhaus, Einfriedung";""
32113;"Bauliche Anlage";"Kreis Ostholstein";"Eutin, Stadt";"Ihlpool 10";"Wohnhaus";"Wohnhaus; 1773; eingeschossiges, giebelständiges Fachwerkhaus";"Geschichtlich, Städtebaulich";"gesamtes Objekt";""
5505;"Bauliche Anlage";"Kreis Ostholstein";"Eutin, Stadt";"Jahnhöhe 3";"ehem. Jugendheim";"ehem. Jugendheim; 1952-1954; Architekt Richard Burmeister; langgestrecktes, zwei- bis dreigeschossiges Rotsteingebäude in Hanglage, Saal mit Kassettendecke im Erdgeschoss, Vollwalmdach, eingeschossiger Seitenflügel";"Geschichtlich, Städtebaulich";"gesamtes Objekt";"https://opendatarepo.lsh.uni-kiel.de/data/denkmalpflege/fotos/5505.jpg"
33547;"Bauliche Anlage";"Kreis Ostholstein";"Eutin, Stadt";"Janusstraße 2 b";"ehem. Neuapostolische Kirche";"ehem. Kirche der Neuapostolischen Gemeinde Eutin; 1955; giebelständiger Putzbau mit Satteldach, Rechteckchor im Westen, stützenloser Saal mit Empore, gestuftes Eingangsportal";"Geschichtlich, Künstlerisch, Städtebaulich";"gesamtes Objekt";""
31415;"Bauliche Anlage";"Kreis Ostholstein";"Eutin, Stadt";"Janusstraße 4";"Wohnhaus";"Wohnhaus; um 1880; zweigeschossiger Ziegelbau mit Putzfassade und Satteldach, dreigeschossiger Treppenhausturm, zweigeschossiger Wintergarten, historistische Formensprache mit spätklassizistischen Elementen, Einfriedung";"Geschichtlich, Künstlerisch, Städtebaulich";"Wohnhaus, Einfriedung";""
7279;"Bauliche Anlage";"Kreis Ostholstein";"Eutin, Stadt";"Jungfernort 2 +  6";"Langereihe-Kate";"Alteintragung (Aktualisierung vorgesehen)";"Geschichtlich, Städtebaulich";"Alteintragung (Aktualisierung vorgesehen)";"https://opendatarepo.lsh.uni-kiel.de/data/denkmalpflege/fotos/7279.jpg"
28804;"Bauliche Anlage";"Kreis Ostholstein";"Eutin, Stadt";"Jungfernort 2 +  6";"Katen-Stallgebäude";"Alteintragung (Aktualisierung vorgesehen)";"Geschichtlich, Städtebaulich";"Alteintragung (Aktualisierung vorgesehen)";"https://opendatarepo.lsh.uni-kiel.de/data/denkmalpflege/fotos/28804.jpg"
9512;"Bauliche Anlage";"Kreis Ostholstein";"Eutin, Stadt";"Jungfernort 4 +  8";"Langereihe-Kate";"Alteintragung (Aktualisierung vorgesehen)";"Geschichtlich, Städtebaulich";"Alteintragung (Aktualisierung vorgesehen)";"https://opendatarepo.lsh.uni-kiel.de/data/denkmalpflege/fotos/9512.jpg"
28803;"Bauliche Anlage";"Kreis Ostholstein";"Eutin, Stadt";"Jungfernort 4 +  8";"Katen-Stallgebäude";"Alteintragung (Aktualisierung vorgesehen)";"Geschichtlich, Städtebaulich";"Alteintragung (Aktualisierung vorgesehen)";"https://opendatarepo.lsh.uni-kiel.de/data/denkmalpflege/fotos/28803.jpg"
1756;"Bauliche Anlage";"Kreis Ostholstein";"Eutin, Stadt";"Jungfernstieg 5";"Gartenknechtshaus";"Alteintragung (Aktualisierung vorgesehen)";"Geschichtlich, Städtebaulich";"Alteintragung (Aktualisierung vorgesehen)";"https://opendatarepo.lsh.uni-kiel.de/data/denkmalpflege/fotos/1756.jpg"
9279;"Bauliche Anlage";"Kreis Ostholstein";"Eutin, Stadt";"Jungfernstieg";"Jungfernstieg";"Alteintragung (Aktualisierung vorgesehen)";"Geschichtlich, Städtebaulich";"Alteintragung (Aktualisierung vorgesehen)";""
1758;"Bauliche Anlage";"Kreis Ostholstein";"Eutin, Stadt";"Kirchplatz 1";"Organistenhaus";"Alteintragung (Aktualisierung vorgesehen)";"Geschichtlich, Städtebaulich";"gesamtes Äußeres";"https://opendatarepo.lsh.uni-kiel.de/data/denkmalpflege/fotos/1758.jpg"
1693;"Bauliche Anlage";"Kreis Ostholstein";"Eutin, Stadt";"Kirchplatz 5";"Pastorat";"Alteintragung (Aktualisierung vorgesehen)";"Geschichtlich, Städtebaulich";"gesamtes Äußeres";"https://opendatarepo.lsh.uni-kiel.de/data/denkmalpflege/fotos/1693.jpg"
2872;"Bauliche Anlage";"Kreis Ostholstein";"Eutin, Stadt";"Kirchplatz";"Kirche St. Michaelis mit Ausstattung";"Alteintragung (Aktualisierung vorgesehen)";"Geschichtlich, Künstlerisch, Städtebaulich, Wissenschaftlich";"Kirche St. Michaelis mit Ausstattung, Kirchhof";"https://opendatarepo.lsh.uni-kiel.de/data/denkmalpflege/fotos/2872.jpg"
1754;"Bauliche Anlage";"Kreis Ostholstein";"Eutin, Stadt";"Krete 6";"Fachhallenhaus (Wichhof)";"Fachhallenhaus; 1793; Zweiständerbau mit reetgedecktem Halbwalmdach";"Geschichtlich, Städtebaulich";"gesamtes Objekt";"https://opendatarepo.lsh.uni-kiel.de/data/denkmalpflege/fotos/1754.jpg"
13428;"Bauliche Anlage";"Kreis Ostholstein";"Eutin, Stadt";"Krete 12 a";"Fachhallenkate";"Fachhallenkate; 1764; Durchgangsdielenkate von vier Fach mit reetgedecktem Halbwalmdach, Zweiständergerüst";"Geschichtlich, Städtebaulich";"gesamtes Objekt";"https://opendatarepo.lsh.uni-kiel.de/data/denkmalpflege/fotos/13428.jpg"
13429;"Bauliche Anlage";"Kreis Ostholstein";"Eutin, Stadt";"Krete 14";"Fachhallenhaus";"Fachhallenhaus; 1746; ehem. Haupthaus der Hofstelle Mansfeldt, eingeschossiger Fachwerkbau mit reetgedecktem Halbwalmdach, Zweiständergerüst";"Geschichtlich, Städtebaulich";"gesamtes Objekt";"https://opendatarepo.lsh.uni-kiel.de/data/denkmalpflege/fotos/13429.jpg"
26512;"Bauliche Anlage";"Kreis Ostholstein";"Eutin, Stadt";"Krete 16";"ehem. Fachhallenkate";"Fachhallenkate; 17. Jh.; Zweiständerbau von vier Fach, Reetdach, mit Bohlen verschalter Wirtschaftsgiebel";"Geschichtlich, Städtebaulich";"gesamtes Objekt";""
13430;"Bauliche Anlage";"Kreis Ostholstein";"Eutin, Stadt";"Krete 22";"Fachhallenhaus";"Fachhallenhaus; 1763; ehem. Haupthaus mit Sackdiele und Halbwalmdach, Zweiständergerüst";"Geschichtlich, Städtebaulich";"gesamtes Objekt";"https://opendatarepo.lsh.uni-kiel.de/data/denkmalpflege/fotos/13430.jpg"
31859;"Bauliche Anlage";"Kreis Ostholstein";"Eutin, Stadt";"Königstraße 3";"Wohn- und Geschäftshaus";"Wohn- und Geschäftshaus; 1876; zweigeschossiger Putzbau mit Satteldach, Fassade in Formen der Neurenaissance";"Geschichtlich, Städtebaulich";"gesamtes Objekt";""
1734;"Bauliche Anlage";"Kreis Ostholstein";"Eutin, Stadt";"Königstraße 13";"ehem. Hofapotheke";"Alteintragung (Aktualisierung vorgesehen)";"Geschichtlich, Städtebaulich, Wissenschaftlich";"gesamtes Objekt";"https://opendatarepo.lsh.uni-kiel.de/data/denkmalpflege/fotos/1734.jpg"
32127;"Bauliche Anlage";"Kreis Ostholstein";"Eutin, Stadt";"Königstraße 14";"Wohn- und Geschäftshaus";"Wohn- und Geschäftshaus; im Kern Mitte 18. Jh., 1875 erweitert; zweigeschossiger Backsteinbau mit spätklassizistischer Putzfassade, Ecklage durch Turmaufbau betont";"Geschichtlich, Städtebaulich";"gesamtes Objekt";""
1556;"Bauliche Anlage";"Kreis Ostholstein";"Eutin, Stadt";"Königstraßenpassage 2";"ehem. Küchenhaus";"Alteintragung (Aktualisierung vorgesehen)";"Geschichtlich, Städtebaulich";"gesamtes Objekt";"https://opendatarepo.lsh.uni-kiel.de/data/denkmalpflege/fotos/1556.jpg"
10032;"Bauliche Anlage";"Kreis Ostholstein";"Eutin, Stadt";"Langer Königsberg 4";"ehem. Gastwirtschaft Zur Bergquelle";"ehem. Gastwirtschaft; Mitte 19. Jh., im Kern vermutlich älter; zweigeschossiger, traufständiger Fachwerkbau, Satteldach, mit eingeschossigem rückwärtigen Anbau";"Geschichtlich, Städtebaulich";"gesamtes Objekt";"https://opendatarepo.lsh.uni-kiel.de/data/denkmalpflege/fotos/10032.jpg"
6314;"Bauliche Anlage";"Kreis Ostholstein";"Eutin, Stadt";"Langer Königsberg 7";"Wohnhaus";"Wohnhaus; 1. Hälfte 18. Jh.; eingeschossiger Backsteinbau, ursprünglich Fachwerk, Satteldach mit firsthohem Zwerchhaus, nach Westen erweitert";"Geschichtlich, Städtebaulich";"gesamtes Objekt";"https://opendatarepo.lsh.uni-kiel.de/data/denkmalpflege/fotos/6314.jpg"
7398;"Bauliche Anlage";"Kreis Ostholstein";"Eutin, Stadt";"Langer Königsberg 11";"Wohnhaus";"Wohnhaus; 1884; ein- bis zweigeschossiger, traufständiger Ziegelbau mit Drempel unter Satteldach, übergiebelter Eingangsbereich";"Geschichtlich, Städtebaulich";"gesamtes Objekt";"https://opendatarepo.lsh.uni-kiel.de/data/denkmalpflege/fotos/7398.jpg"
7399;"Bauliche Anlage";"Kreis Ostholstein";"Eutin, Stadt";"Langer Königsberg 14";"Wohnhaus";"Wohnhaus; Ende 19. Jh.; zweigeschossiger, traufständiger Ziegelbau mit flachem Satteldach und Putzgliederung, Mittelachse übergiebelt";"Geschichtlich, Städtebaulich";"gesamtes Objekt";"https://opendatarepo.lsh.uni-kiel.de/data/denkmalpflege/fotos/7399.jpg"
33556;"Bauliche Anlage";"Kreis Ostholstein";"Eutin, Stadt";"Leonhard-Boldt-Straße 6";"Wochenendhaus Leonhard Boldt";"Atelier- und Wochenendhaus des Malers Leonhard Boldt; 1933-34, Architekt: Alfred Schulze; kleines eingeschossiges Holzhaus mit Walmdach auf einem älteren, terrassenartigen Unterbau mit expressionistisch gestalteten Ziegelpfeilern";"Geschichtlich, Künstlerisch, Städtebaulich";"gesamtes Objekt";""
1760;"Bauliche Anlage";"Kreis Ostholstein";"Eutin, Stadt";"Lübecker Straße 1";"Wohnhaus";"Alteintragung (Aktualisierung vorgesehen)";"Geschichtlich, Städtebaulich";"gesamtes Äußeres";"https://opendatarepo.lsh.uni-kiel.de/data/denkmalpflege/fotos/1760.jpg"
13321;"Bauliche Anlage";"Kreis Ostholstein";"Eutin, Stadt";"Lübecker Straße 2";"Wohn- und Geschäftshaus";"Wohn- und Geschäftshaus; um 1867; dreigeschossiger Ziegelbau über trapezförmigem Grundriss, Putzfassade in repräsentativen spätklassizistischen Formen, Hauptfront mit flachem Dreiecksgiebel";"Geschichtlich, Städtebaulich";"gesamtes Objekt";"https://opendatarepo.lsh.uni-kiel.de/data/denkmalpflege/fotos/13321.jpg"
29774;"Bauliche Anlage";"Kreis Ostholstein";"Eutin, Stadt";"Lübecker Straße 4";"Wohn- und Geschäftshaus";"Wohn- und Geschäftshaus; im Kern vermutlich 18. Jh.; kleines zweigeschossiges Fachwerkhaus mit Backsteinfassade, Satteldach";"Geschichtlich, Städtebaulich";"gesamtes Objekt";""
34826;"Bauliche Anlage";"Kreis Ostholstein";"Eutin, Stadt";"Lübecker Straße 4";"Speicher";"Speicher; 2. Hälfte 19. Jh.; dreigeschossiger Ziegelbau mit seitlicher Durchfahrt und flachem Satteldach, Putzfassade";"Geschichtlich, Städtebaulich";"gesamtes Objekt";"https://opendatarepo.lsh.uni-kiel.de/data/denkmalpflege/fotos/34826.jpg"
1761;"Bauliche Anlage";"Kreis Ostholstein";"Eutin, Stadt";"Lübecker Straße 5";"Wohnhaus";"Alteintragung (Aktualisierung vorgesehen)";"Geschichtlich, Städtebaulich";"gesamtes Äußeres";"https://opendatarepo.lsh.uni-kiel.de/data/denkmalpflege/fotos/1761.jpg"
1762;"Bauliche Anlage";"Kreis Ostholstein";"Eutin, Stadt";"Lübecker Straße 8";"Wohnhaus";"Alteintragung (Aktualisierung vorgesehen)";"Geschichtlich, Städtebaulich";"gesamtes Äußeres, Einfriedung";"https://opendatarepo.lsh.uni-kiel.de/data/denkmalpflege/fotos/1762.jpg"
1763;"Bauliche Anlage";"Kreis Ostholstein";"Eutin, Stadt";"Lübecker Straße 11";"Wohnhaus";"Alteintragung (Aktualisierung vorgesehen)";"Geschichtlich, Künstlerisch, Städtebaulich";"gesamtes Äußeres, Nebengebäude";"https://opendatarepo.lsh.uni-kiel.de/data/denkmalpflege/fotos/1763.jpg"
32134;"Bauliche Anlage";"Kreis Ostholstein";"Eutin, Stadt";"Lübecker Straße 13 - 15";"ehem. Kino";"ehem. Wohnhaus, später Kino; 1903; zweigeschossiger, villenartiger Putzbau in neobarocken Formen unter Mansardwalmdach, turmartige Seitenrisalite";"Geschichtlich, Städtebaulich";"gesamtes Objekt";""
12448;"Bauliche Anlage";"Kreis Ostholstein";"Eutin, Stadt";"Lübecker Straße 14";"Wohn- und Geschäftshaus";"Wohn- und Geschäftshaus; im Kern 18. Jh., Fassade Mitte 19. Jh.; zweigeschossiger Fachwerkbau mit Walmdach, vorgeblendete Putzfassade in schlichten spätklassizistischen Formen";"Geschichtlich, Städtebaulich";"gesamtes Objekt";"https://opendatarepo.lsh.uni-kiel.de/data/denkmalpflege/fotos/12448.jpg"
1764;"Bauliche Anlage";"Kreis Ostholstein";"Eutin, Stadt";"Lübecker Straße 17";"St.-Georg-Hospital";"Alteintragung (Aktualisierung vorgesehen)";"Geschichtlich, Künstlerisch, Städtebaulich";"St.-Georg-Hospital, Straßenpflaster (ehem. Hofzufahrt St.-Georg-Hospital)";"https://opendatarepo.lsh.uni-kiel.de/data/denkmalpflege/fotos/1764.jpg"
1738;"Bauliche Anlage";"Kreis Ostholstein";"Eutin, Stadt";"Lübecker Straße 19";"Wohnhaus (ehem. Herberge zur Heimat)";"Alteintragung (Aktualisierung vorgesehen)";"Geschichtlich, Städtebaulich";"gesamtes Äußeres";"https://opendatarepo.lsh.uni-kiel.de/data/denkmalpflege/fotos/1738.jpg"
1739;"Bauliche Anlage";"Kreis Ostholstein";"Eutin, Stadt";"Lübecker Straße 21";"Wohnhaus";"Alteintragung (Aktualisierung vorgesehen)";"Geschichtlich, Städtebaulich";"gesamtes Äußeres";"https://opendatarepo.lsh.uni-kiel.de/data/denkmalpflege/fotos/1739.jpg"
12446;"Bauliche Anlage";"Kreis Ostholstein";"Eutin, Stadt";"Lübecker Straße 22";"Wohn- und Geschäftshaus";"Wohn- und Geschäftshaus; 1820, Umbau Mitte 19. Jh.; im Kern zweigeschossiger Fachwerkbau, straßenseitig dreigeschossig ausgebaut, mit Putzfassade in spätklassizistischen Formen";"Geschichtlich, Städtebaulich";"gesamtes Objekt";"https://opendatarepo.lsh.uni-kiel.de/data/denkmalpflege/fotos/12446.jpg"
32138;"Bauliche Anlage";"Kreis Ostholstein";"Eutin, Stadt";"Lübecker Straße 24";"Wohn- und Geschäftshaus";"Wohn- und Geschäftshaus; im Kern Ende 18. Jh.; zweigeschossiger Fachwerkbau mit Backsteinfassade, hohes Satteldach, zur Straße als Walm ausgebildet, kleiner Dreiecksgiebel";"Geschichtlich, Städtebaulich";"gesamtes Objekt";"https://opendatarepo.lsh.uni-kiel.de/data/denkmalpflege/fotos/32138.jpg"
13324;"Bauliche Anlage";"Kreis Ostholstein";"Eutin, Stadt";"Lübecker Straße 27 - 31";"Wohn- und Geschäftshaus";"Wohn- und Geschäftshaus; 1857; traufständiger, zweigeschossiger Fachwerkbau mit Satteldach, zehnachsige Backsteinfassade mit reicher Lisenengliederung";"Geschichtlich, Städtebaulich";"gesamtes Objekt";"https://opendatarepo.lsh.uni-kiel.de/data/denkmalpflege/fotos/13324.jpg"
32139;"Bauliche Anlage";"Kreis Ostholstein";"Eutin, Stadt";"Lübecker Straße 34";"Wohn- und Geschäftshaus";"Wohn- und Geschäftshaus; im Kern 1785, um 1870 umgebaut; im Kern zweigeschossiger Fachwerkbau, straßenseitig ein drittes Geschoss aufgesetzt, Putzfassade in spätklassizistischen Formen mit flachem Dreiecksgiebel als Abschluss";"Geschichtlich, Städtebaulich";"gesamtes Objekt";""
13325;"Bauliche Anlage";"Kreis Ostholstein";"Eutin, Stadt";"Lübecker Straße 36";"Wohn- und Geschäftshaus";"Wohn- und Geschäftshaus; 17./18. Jh., Fassade 1906; zweigeschossiges Traufenhaus mit Halbwalmdach, Rotsteinfassade mit Putzgliederung in Jugendstil- und neobarocken Formen";"Geschichtlich, Städtebaulich";"gesamtes Objekt";"https://opendatarepo.lsh.uni-kiel.de/data/denkmalpflege/fotos/13325.jpg"
1759;"Bauliche Anlage";"Kreis Ostholstein";"Eutin, Stadt";"Lübecker Straße 37 - 41";"Kreishaus";"Alteintragung (Aktualisierung vorgesehen)";"Geschichtlich, Städtebaulich";"gesamtes Objekt";"https://opendatarepo.lsh.uni-kiel.de/data/denkmalpflege/fotos/1759.jpg"
1767;"Bauliche Anlage";"Kreis Ostholstein";"Eutin, Stadt";"Lübecker Straße 38";"Wohn- und Geschäftshaus";"Alteintragung (Aktualisierung vorgesehen)";"Geschichtlich, Städtebaulich";"gesamtes Objekt";"https://opendatarepo.lsh.uni-kiel.de/data/denkmalpflege/fotos/1767.jpg"
1768;"Bauliche Anlage";"Kreis Ostholstein";"Eutin, Stadt";"Lübecker Straße 40";"Wohn- und Geschäftshaus";"Alteintragung (Aktualisierung vorgesehen)";"Geschichtlich, Künstlerisch, Städtebaulich";"gesamtes Äußeres";"https://opendatarepo.lsh.uni-kiel.de/data/denkmalpflege/fotos/1768.jpg"
1769;"Bauliche Anlage";"Kreis Ostholstein";"Eutin, Stadt";"Lübecker Straße 42";"Wohn- und Geschäftshaus";"Alteintragung (Aktualisierung vorgesehen)";"Geschichtlich, Städtebaulich";"gesamtes Äußeres";"https://opendatarepo.lsh.uni-kiel.de/data/denkmalpflege/fotos/1769.jpg"
1765;"Bauliche Anlage";"Kreis Ostholstein";"Eutin, Stadt";"Lübecker Straße 48";"Wohnhaus (Geburtshaus Carl Maria von Weber)";"Alteintragung (Aktualisierung vorgesehen)";"Geschichtlich, Städtebaulich";"gesamtes Äußeres";"https://opendatarepo.lsh.uni-kiel.de/data/denkmalpflege/fotos/1765.jpg"
7973;"Bauliche Anlage";"Kreis Ostholstein";"Eutin, Stadt";"Malenter Landstraße";"Kaiser-Wilhelm-Turm";"Alteintragung (Aktualisierung vorgesehen)";"Geschichtlich, Städtebaulich";"gesamtes Objekt";"https://opendatarepo.lsh.uni-kiel.de/data/denkmalpflege/fotos/7973.jpg"
1775;"Bauliche Anlage";"Kreis Ostholstein";"Eutin, Stadt";"Markt 1";"Rathaus-Nebengebäude";"Alteintragung (Aktualisierung vorgesehen)";"Geschichtlich, Künstlerisch, Städtebaulich";"gesamtes Äußeres";"https://opendatarepo.lsh.uni-kiel.de/data/denkmalpflege/fotos/1775.jpg"
2694;"Bauliche Anlage";"Kreis Ostholstein";"Eutin, Stadt";"Markt 1";"Rathaus";"Alteintragung (Aktualisierung vorgesehen)";"Geschichtlich, Künstlerisch, Städtebaulich";"gesamtes Objekt";"https://opendatarepo.lsh.uni-kiel.de/data/denkmalpflege/fotos/2694.jpg"
6302;"Bauliche Anlage";"Kreis Ostholstein";"Eutin, Stadt";"Markt 3";"Wohn- und Geschäftshaus";"Alteintragung (Aktualisierung vorgesehen)";"Geschichtlich, Städtebaulich";"gesamtes Äußeres";"https://opendatarepo.lsh.uni-kiel.de/data/denkmalpflege/fotos/6302.jpg"
13328;"Bauliche Anlage";"Kreis Ostholstein";"Eutin, Stadt";"Markt 4";"Wohn- und Geschäftshaus";"Wohn- und Geschäftshaus; um 1860; dreigeschossiger Putzbau mit Satteldach, Fassade mit Pilastergliederung und anderen spätklassizistischen Elementen";"Geschichtlich, Städtebaulich";"gesamtes Objekt (Markt 4, Peterstraße 2)";"https://opendatarepo.lsh.uni-kiel.de/data/denkmalpflege/fotos/13328.jpg"
1776;"Bauliche Anlage";"Kreis Ostholstein";"Eutin, Stadt";"Markt 9";"Großherzogliches Palais (Witwenpalais)";"Alteintragung (Aktualisierung vorgesehen)";"Geschichtlich, Künstlerisch, Städtebaulich";"gesamtes Objekt";"https://opendatarepo.lsh.uni-kiel.de/data/denkmalpflege/fotos/1776.jpg"
2771;"Bauliche Anlage";"Kreis Ostholstein";"Eutin, Stadt";"Markt 10";"Wohn- und Geschäftshaus";"Alteintragung (Aktualisierung vorgesehen)";"Geschichtlich, Städtebaulich, Wissenschaftlich";"gesamtes Äußeres";"https://opendatarepo.lsh.uni-kiel.de/data/denkmalpflege/fotos/2771.jpg"
1777;"Bauliche Anlage";"Kreis Ostholstein";"Eutin, Stadt";"Markt 11";"Gasthaus";"Alteintragung (Aktualisierung vorgesehen)";"Geschichtlich, Städtebaulich";"gesamtes Äußeres";"https://opendatarepo.lsh.uni-kiel.de/data/denkmalpflege/fotos/1777.jpg"
2772;"Bauliche Anlage";"Kreis Ostholstein";"Eutin, Stadt";"Markt 13";"Wohnhaus";"Alteintragung (Aktualisierung vorgesehen)";"Geschichtlich, Städtebaulich";"gesamtes Äußeres";"https://opendatarepo.lsh.uni-kiel.de/data/denkmalpflege/fotos/2772.jpg"
2773;"Bauliche Anlage";"Kreis Ostholstein";"Eutin, Stadt";"Markt 14";"Wohn- und Geschäftshaus";"Alteintragung (Aktualisierung vorgesehen)";"Geschichtlich, Städtebaulich";"gesamtes Äußeres";"https://opendatarepo.lsh.uni-kiel.de/data/denkmalpflege/fotos/2773.jpg"
1779;"Bauliche Anlage";"Kreis Ostholstein";"Eutin, Stadt";"Markt 15";"Wohn- und Geschäftshaus";"Alteintragung (Aktualisierung vorgesehen)";"Geschichtlich, Städtebaulich";"gesamtes Äußeres";"https://opendatarepo.lsh.uni-kiel.de/data/denkmalpflege/fotos/1779.jpg"
1778;"Bauliche Anlage";"Kreis Ostholstein";"Eutin, Stadt";"Markt 16";"Wohn- und Geschäftshaus";"Alteintragung (Aktualisierung vorgesehen)";"Geschichtlich, Städtebaulich";"gesamtes Äußeres";"https://opendatarepo.lsh.uni-kiel.de/data/denkmalpflege/fotos/1778.jpg"
595;"Bauliche Anlage";"Kreis Ostholstein";"Eutin, Stadt";"Markt 17";"Gasthaus Hansa";"Alteintragung (Aktualisierung vorgesehen)";"Geschichtlich, Städtebaulich";"Alteintragung (Aktualisierung vorgesehen)";"https://opendatarepo.lsh.uni-kiel.de/data/denkmalpflege/fotos/595.jpg"
1796;"Bauliche Anlage";"Kreis Ostholstein";"Eutin, Stadt";"Markt 18";"ehem. Hotel (Rückflügel Markt 18)";"Alteintragung (Aktualisierung vorgesehen)";"Geschichtlich, Städtebaulich";"gesamtes Äußeres";"https://opendatarepo.lsh.uni-kiel.de/data/denkmalpflege/fotos/1796.jpg"
2774;"Bauliche Anlage";"Kreis Ostholstein";"Eutin, Stadt";"Markt 18";"ehem. Hotel Stumpfe Ecke";"Alteintragung (Aktualisierung vorgesehen)";"Geschichtlich, Städtebaulich";"gesamtes Äußeres";"https://opendatarepo.lsh.uni-kiel.de/data/denkmalpflege/fotos/2774.jpg"
6303;"Bauliche Anlage";"Kreis Ostholstein";"Eutin, Stadt";"Markt 19";"Wohn- und Geschäftshaus";"Alteintragung (Aktualisierung vorgesehen)";"Geschichtlich, Städtebaulich";"Alteintragung (Aktualisierung vorgesehen)";"https://opendatarepo.lsh.uni-kiel.de/data/denkmalpflege/fotos/6303.jpg"
6304;"Bauliche Anlage";"Kreis Ostholstein";"Eutin, Stadt";"Markt 20";"Verwaltungsgebäude";"Alteintragung (Aktualisierung vorgesehen)";"Geschichtlich, Städtebaulich";"Alteintragung (Aktualisierung vorgesehen)";"https://opendatarepo.lsh.uni-kiel.de/data/denkmalpflege/fotos/6304.jpg"
8617;"Bauliche Anlage";"Kreis Ostholstein";"Eutin, Stadt";"Markt";"Ehrenmal für die Gefallenen des Deutsch-Französischen Krieges (Obelisk)";"Alteintragung (Aktualisierung vorgesehen)";"Geschichtlich, Städtebaulich";"gesamtes Objekt";"https://opendatarepo.lsh.uni-kiel.de/data/denkmalpflege/fotos/8617.jpg"
2651;"Bauliche Anlage";"Kreis Ostholstein";"Eutin, Stadt";"Mühlenweg 5";"Windmühle Moder Grau";"Alteintragung (Aktualisierung vorgesehen)";"Geschichtlich, Städtebaulich, Technisch";"gesamtes Äußeres";"https://opendatarepo.lsh.uni-kiel.de/data/denkmalpflege/fotos/2651.jpg"
13332;"Bauliche Anlage";"Kreis Ostholstein";"Eutin, Stadt";"Oldenburger Landstraße 4";"Villa";"Villa; 1912; Architekt und Bauherr Oskar Fischer; eingeschossiger, traufständiger Backsteinbau, hohes Vollwalmdach, übergiebelter zweigeschossiger Mittelrisalit mit vorgelagerter halbrunder Säulenhalle und Balkon, Einfriedung";"Geschichtlich, Künstlerisch, Städtebaulich";"Villa, Einfriedung";"https://opendatarepo.lsh.uni-kiel.de/data/denkmalpflege/fotos/13332.jpg"
9141;"Bauliche Anlage";"Kreis Ostholstein";"Eutin, Stadt";"Oldenburger Landstraße 5";"Villa";"Villa; um 1912,  Entwurf Oskar Fischer; zweigeschossiger, traufständiger Putzbau mit Vollwalmdach, Fassadengliederung durch Kolossalpilaster, Mittenbetonung durch Standerker und Zwerchhaus";"Geschichtlich, Künstlerisch, Städtebaulich";"gesamtes Objekt";"https://opendatarepo.lsh.uni-kiel.de/data/denkmalpflege/fotos/9141.jpg"
9528;"Bauliche Anlage";"Kreis Ostholstein";"Eutin, Stadt";"Oldenburger Landstraße 7";"Villa";"Villa; 1908; Architekt Oskar Fischer; zweigeschossiger giebelständiger Putzbau unter Sattel- und Mansarddach, Straßenfront mit zweigeschossigem Standerker und zwei Loggien";"Geschichtlich, Künstlerisch, Städtebaulich";"gesamtes Objekt";"https://opendatarepo.lsh.uni-kiel.de/data/denkmalpflege/fotos/9528.jpg"
13335;"Bauliche Anlage";"Kreis Ostholstein";"Eutin, Stadt";"Oldenburger Landstraße 11";"Villa";"Villa; 1903, Bauherr Regierungsrat Ruhstrat; eingeschossiger Putzbau mit hohem Sockel, Drempel und Satteldach, Fassade in Anlehnung an spätklassizistische Formen";"Geschichtlich, Städtebaulich";"gesamtes Objekt";"https://opendatarepo.lsh.uni-kiel.de/data/denkmalpflege/fotos/13335.jpg"
24448;"Bauliche Anlage";"Kreis Ostholstein";"Eutin, Stadt";"Oldenburger Landstraße 12";"Rettberg-Kaserne: Offiziersheim";"Alteintragung (Aktualisierung vorgesehen)";"Geschichtlich, Städtebaulich";"gesamtes Objekt";""
28695;"Bauliche Anlage";"Kreis Ostholstein";"Eutin, Stadt";"Oldenburger Landstraße 18";"Hauptgebäude";"Alteintragung (Aktualisierung vorgesehen)";"Geschichtlich, Städtebaulich";"Alteintragung (Aktualisierung vorgesehen)";"https://opendatarepo.lsh.uni-kiel.de/data/denkmalpflege/fotos/28695.jpg"
28696;"Bauliche Anlage";"Kreis Ostholstein";"Eutin, Stadt";"Oldenburger Landstraße 18";"Stallgebäude";"Alteintragung (Aktualisierung vorgesehen)";"Geschichtlich, Städtebaulich";"Alteintragung (Aktualisierung vorgesehen)";"https://opendatarepo.lsh.uni-kiel.de/data/denkmalpflege/fotos/28696.jpg"
28697;"Bauliche Anlage";"Kreis Ostholstein";"Eutin, Stadt";"Oldenburger Landstraße 18";"Umfassungsmauer";"Alteintragung (Aktualisierung vorgesehen)";"Geschichtlich, Städtebaulich";"Alteintragung (Aktualisierung vorgesehen)";"https://opendatarepo.lsh.uni-kiel.de/data/denkmalpflege/fotos/28697.jpg"
13336;"Bauliche Anlage";"Kreis Ostholstein";"Eutin, Stadt";"Peterstraße 1";"Wohn- und Geschäftshaus";"Wohn- und Geschäftshaus; um 1900; dreigeschossiger Putzbau, Fassade in historistisch-spätklassizistischer Formensprache, Balkon";"Geschichtlich, Städtebaulich";"gesamtes Objekt";"https://opendatarepo.lsh.uni-kiel.de/data/denkmalpflege/fotos/13336.jpg"
1781;"Bauliche Anlage";"Kreis Ostholstein";"Eutin, Stadt";"Peterstraße 7";"Wohn- und Geschäftshaus";"Alteintragung (Aktualisierung vorgesehen)";"Geschichtlich, Künstlerisch, Städtebaulich";"gesamtes Äußeres";"https://opendatarepo.lsh.uni-kiel.de/data/denkmalpflege/fotos/1781.jpg"
13339;"Bauliche Anlage";"Kreis Ostholstein";"Eutin, Stadt";"Peterstraße 14";"Wohn- und Geschäftshaus";"ehem. Lichtspielhaus; 1912; Architekt Oskar Fischer; repräsentativer dreigeschossiger Putzbau mit Einflüssen des Jugendstils und der Reformbaukunst";"Geschichtlich, Künstlerisch, Städtebaulich";"gesamtes Objekt";"https://opendatarepo.lsh.uni-kiel.de/data/denkmalpflege/fotos/13339.jpg"
2858;"Bauliche Anlage";"Kreis Ostholstein";"Eutin, Stadt";"Peterstraße 16";"Wohn- und Geschäftshaus";"Wohn- und Geschäftshaus; um 1860; zweigeschossiger Bau mit Drempel und Dreiecksgiebel, Backsteinfassade, rückwärtig Fachwerk";"Geschichtlich, Städtebaulich";"gesamtes Objekt";"https://opendatarepo.lsh.uni-kiel.de/data/denkmalpflege/fotos/2858.jpg"
13340;"Bauliche Anlage";"Kreis Ostholstein";"Eutin, Stadt";"Peterstraße 17";"Wohn- und Geschäftshaus";"ehem. Bankgebäude (Spar- und Leihkasse für das Fürstentum Lübeck); 1880; repräsentativer zweigeschossiger Ziegelbau in reichen Neorenaissanceformen";"Geschichtlich, Städtebaulich";"gesamtes Objekt";"https://opendatarepo.lsh.uni-kiel.de/data/denkmalpflege/fotos/13340.jpg"
1782;"Bauliche Anlage";"Kreis Ostholstein";"Eutin, Stadt";"Peterstraße 30";"Wohn- und Geschäftshaus";"Alteintragung (Aktualisierung vorgesehen)";"Geschichtlich, Städtebaulich";"gesamtes Äußeres";"https://opendatarepo.lsh.uni-kiel.de/data/denkmalpflege/fotos/1782.jpg"
1783;"Bauliche Anlage";"Kreis Ostholstein";"Eutin, Stadt";"Plöner Straße 15";"Carl-Maria-von-Weber-Gymnasium: Hauptgebäude";"Alteintragung (Aktualisierung vorgesehen)";"Geschichtlich, Künstlerisch, Städtebaulich";"gesamtes Objekt";"https://opendatarepo.lsh.uni-kiel.de/data/denkmalpflege/fotos/1783.jpg"
1784;"Bauliche Anlage";"Kreis Ostholstein";"Eutin, Stadt";"Plöner Straße 15";"Denkmal Johann Heinrich Voß";"Alteintragung (Aktualisierung vorgesehen)";"Geschichtlich, Künstlerisch, Städtebaulich";"gesamtes Objekt";"https://opendatarepo.lsh.uni-kiel.de/data/denkmalpflege/fotos/1784.jpg"
1787;"Bauliche Anlage";"Kreis Ostholstein";"Eutin, Stadt";"Plöner Straße 19";"Alte Kaserne";"Alteintragung (Aktualisierung vorgesehen)";"Geschichtlich, Künstlerisch, Städtebaulich";"gesamtes Äußeres";"https://opendatarepo.lsh.uni-kiel.de/data/denkmalpflege/fotos/1787.jpg"
33562;"Bauliche Anlage";"Kreis Ostholstein";"Eutin, Stadt";"Plöner Straße 20";"Wohn- und Geschäftshaus";"Wohn- und Geschäftshaus; 1873; zweigeschossiges Doppelhaus, Backsteinbau mit Stuckgliederung in spätklassizistischen Formen, im Erdgeschoss Ladenzone mit Schaufenstern in Ädikularahmungen";"Geschichtlich, Städtebaulich";"gesamtes Objekt";""
13383;"Bauliche Anlage";"Kreis Ostholstein";"Eutin, Stadt";"Plöner Straße 24 - 26";"Wohnhaus";"Doppelwohnhaus; 1878; dreigeschossiger, traufständiger Ziegelbau mit Satteldach, symmetrische Putzfassade in spätklassizistischen Formen, reiche Lisenengliederung";"Geschichtlich, Künstlerisch, Städtebaulich";"gesamtes Objekt";"https://opendatarepo.lsh.uni-kiel.de/data/denkmalpflege/fotos/13383.jpg"
13384;"Bauliche Anlage";"Kreis Ostholstein";"Eutin, Stadt";"Plöner Straße 28";"Wohn- und Geschäftshaus";"Wohn- und Geschäftshaus; 1906, Bauherr Leonhard Boldt; dreigeschossiger Jugendstilbau mit Putzfassade und Ziergiebeln, zweigeschossige Erker, bauzeitliche Innenausstattung";"Geschichtlich, Künstlerisch, Städtebaulich";"gesamtes Objekt";"https://opendatarepo.lsh.uni-kiel.de/data/denkmalpflege/fotos/13384.jpg"
32119;"Bauliche Anlage";"Kreis Ostholstein";"Eutin, Stadt";"Plöner Straße 33";"Wohnhaus";"Wohnhaus; um 1870; zweigeschossiger Putzbau, Fassadengestaltung mit reichem Stuckdekor in Formen des Spätklassizismus";"Geschichtlich, Städtebaulich";"gesamtes Objekt";""
13385;"Bauliche Anlage";"Kreis Ostholstein";"Eutin, Stadt";"Plöner Straße 36";"Wohnhaus";"Wohnhaus; um 1890; dreigeschossiger Backsteinbau mit repräsentativer Putzfassade in historistischen Formen, Satteldach";"Geschichtlich, Städtebaulich";"gesamtes Objekt";"https://opendatarepo.lsh.uni-kiel.de/data/denkmalpflege/fotos/13385.jpg"
13386;"Bauliche Anlage";"Kreis Ostholstein";"Eutin, Stadt";"Plöner Straße 42";"Kath. Kirche St. Marien";"Katholische Kirche St. Marien; 1888-1889, Architekt A. Bornatsch, Erweiterung 1912/1913; neugotischer Kirchenbau in Backstein, Turm mit Hauptportal und hohem spitzen Helm, Umgestaltung im Inneren 1972/1973";"Geschichtlich, Künstlerisch, Städtebaulich";"gesamtes Objekt";"https://opendatarepo.lsh.uni-kiel.de/data/denkmalpflege/fotos/13386.jpg"
13387;"Bauliche Anlage";"Kreis Ostholstein";"Eutin, Stadt";"Plöner Straße 48";"Villa";"Villa; 1900; Architekt Walter Martens, Bauherr ehem. Oberlandjägermeister Hegge; zwei- bis dreigeschossiger Putzbau, Dachgeschoss mit Zierfachwerk, Schieferdeckung, Balkone";"Geschichtlich, Künstlerisch, Städtebaulich";"gesamtes Objekt";"https://opendatarepo.lsh.uni-kiel.de/data/denkmalpflege/fotos/13387.jpg"
28304;"Bauliche Anlage";"Kreis Ostholstein";"Eutin, Stadt";"Plöner Straße 49";"Wohnhaus";"Wohnhaus; um 1910; eingeschossiger landhausartiger Putzbau über Klinkersockel, hohes ausgebautes Satteldach, seitlicher Hauseingang, Erker, Einfriedung";"Geschichtlich, Städtebaulich";"Wohnhaus, Einfriedung";""
1780;"Bauliche Anlage";"Kreis Ostholstein";"Eutin, Stadt";"Plöner Straße 50";"Wohnhaus";"Alteintragung (Aktualisierung vorgesehen)";"Geschichtlich, Künstlerisch, Städtebaulich";"gesamtes Objekt";"https://opendatarepo.lsh.uni-kiel.de/data/denkmalpflege/fotos/1780.jpg"
9696;"Bauliche Anlage";"Kreis Ostholstein";"Eutin, Stadt";"Plöner Straße 51";"Wohnhaus";"Wohnhaus für einen Schuldirektor; 1927; zweigeschossiger Backsteinbau mit hohem Walmdach, strenge, die Horizontale betonende Fassadengliederung, Einfriedung";"Geschichtlich, Künstlerisch, Städtebaulich";"Wohnhaus, Einfriedung";"https://opendatarepo.lsh.uni-kiel.de/data/denkmalpflege/fotos/9696.jpg"
1788;"Bauliche Anlage";"Kreis Ostholstein";"Eutin, Stadt";"Plöner Straße 52";"Wohnhaus";"Alteintragung (Aktualisierung vorgesehen)";"Geschichtlich, Künstlerisch, Städtebaulich";"gesamtes Objekt";"https://opendatarepo.lsh.uni-kiel.de/data/denkmalpflege/fotos/1788.jpg"
1789;"Bauliche Anlage";"Kreis Ostholstein";"Eutin, Stadt";"Plöner Straße 54";"Wohnhaus";"Alteintragung (Aktualisierung vorgesehen)";"Geschichtlich, Künstlerisch, Städtebaulich";"gesamtes Objekt";"https://opendatarepo.lsh.uni-kiel.de/data/denkmalpflege/fotos/1789.jpg"
1790;"Bauliche Anlage";"Kreis Ostholstein";"Eutin, Stadt";"Plöner Straße 56";"Wohnhaus";"Alteintragung (Aktualisierung vorgesehen)";"Geschichtlich, Künstlerisch, Städtebaulich";"gesamtes Äußeres";"https://opendatarepo.lsh.uni-kiel.de/data/denkmalpflege/fotos/1790.jpg"
2775;"Bauliche Anlage";"Kreis Ostholstein";"Eutin, Stadt";"Plöner Straße 62";"Villa";"Alteintragung (Aktualisierung vorgesehen)";"Geschichtlich, Künstlerisch, Städtebaulich";"gesamtes Objekt";"https://opendatarepo.lsh.uni-kiel.de/data/denkmalpflege/fotos/2775.jpg"
1791;"Bauliche Anlage";"Kreis Ostholstein";"Eutin, Stadt";"Plöner Straße 64";"Villa";"Alteintragung (Aktualisierung vorgesehen)";"Geschichtlich, Künstlerisch, Städtebaulich";"gesamtes Objekt";"https://opendatarepo.lsh.uni-kiel.de/data/denkmalpflege/fotos/1791.jpg"
1792;"Bauliche Anlage";"Kreis Ostholstein";"Eutin, Stadt";"Plöner Straße 66";"Villa";"Alteintragung (Aktualisierung vorgesehen)";"Geschichtlich, Künstlerisch, Städtebaulich";"gesamtes Objekt";"https://opendatarepo.lsh.uni-kiel.de/data/denkmalpflege/fotos/1792.jpg"
1793;"Bauliche Anlage";"Kreis Ostholstein";"Eutin, Stadt";"Plöner Straße 68";"Villa";"Alteintragung (Aktualisierung vorgesehen)";"Geschichtlich, Künstlerisch, Städtebaulich";"gesamtes Objekt";"https://opendatarepo.lsh.uni-kiel.de/data/denkmalpflege/fotos/1793.jpg"
10129;"Bauliche Anlage";"Kreis Ostholstein";"Eutin, Stadt";"Plöner Straße 73";"Wohnhaus";"Wohnhaus; um 1870; zweigeschossiger, giebelständiger Putzbau mit flachem Satteldach, Fassadengestaltung mit Anlehnung an spätklassizistische Formen";"Geschichtlich, Städtebaulich";"gesamtes Objekt";"https://opendatarepo.lsh.uni-kiel.de/data/denkmalpflege/fotos/10129.jpg"
1794;"Bauliche Anlage";"Kreis Ostholstein";"Eutin, Stadt";"Plöner Straße 74";"Villa";"Alteintragung (Aktualisierung vorgesehen)";"Geschichtlich, Künstlerisch, Städtebaulich";"gesamtes Objekt";"https://opendatarepo.lsh.uni-kiel.de/data/denkmalpflege/fotos/1794.jpg"
1795;"Bauliche Anlage";"Kreis Ostholstein";"Eutin, Stadt";"Plöner Straße 76";"Villa";"Alteintragung (Aktualisierung vorgesehen)";"Geschichtlich, Künstlerisch, Städtebaulich";"gesamtes Objekt";"https://opendatarepo.lsh.uni-kiel.de/data/denkmalpflege/fotos/1795.jpg"
2776;"Bauliche Anlage";"Kreis Ostholstein";"Eutin, Stadt";"Plöner Straße 80";"Villa";"Alteintragung (Aktualisierung vorgesehen)";"Geschichtlich, Künstlerisch, Städtebaulich";"gesamtes Objekt";"https://opendatarepo.lsh.uni-kiel.de/data/denkmalpflege/fotos/2776.jpg"
33576;"Bauliche Anlage";"Kreis Ostholstein";"Eutin, Stadt";"Plöner Straße 122";"Wohnhaus";"Wohnhaus; 1927, Bauherrin Frau Pastor Decker; eingeschossiger, giebelständiger Ziegelbau mit hohem Satteldach, expressionistische Gestaltung";"Geschichtlich, Künstlerisch, Städtebaulich";"gesamtes Objekt";""
33905;"Bauliche Anlage";"Kreis Ostholstein";"Eutin, Stadt";"Plöner Straße";"Friedhofskapelle";"Friedhofskapelle; 1950er Jahre; Ziegelbau über Bruchsteinsockel mit Apsis im Südosten, Satteldach, offener Dachreiter mit Glocke";"Geschichtlich, Künstlerisch, Städtebaulich";"gesamtes Objekt";"https://opendatarepo.lsh.uni-kiel.de/data/denkmalpflege/fotos/33905.jpg"
10402;"Bauliche Anlage";"Kreis Ostholstein";"Eutin, Stadt";"Prinzenholzweg 6";"Wohnhaus";"Alteintragung (Aktualisierung vorgesehen)";"Künstlerisch, Wissenschaftlich";"gesamtes Objekt";"https://opendatarepo.lsh.uni-kiel.de/data/denkmalpflege/fotos/10402.jpg"
13390;"Bauliche Anlage";"Kreis Ostholstein";"Eutin, Stadt";"Riemannstraße 2";"Hellwag-Haus";"Wohnhaus; 1781/82; zweigeschossiger, traufständiger Putzbau, Halbwalmdach beidseitig mit mittigem Zwerchhaus, Pilastergliederung";"Geschichtlich, Städtebaulich";"gesamtes Objekt";"https://opendatarepo.lsh.uni-kiel.de/data/denkmalpflege/fotos/13390.jpg"
10154;"Bauliche Anlage";"Kreis Ostholstein";"Eutin, Stadt";"Riemannstraße 3 - 5";"Wohnhaus";"Wohnhaus; 1787/1812, im 19. Jh. umgebaut; eingeschossiges, traufständiges Fachwerkhaus mit Straßenfront in Backstein, Zwerchhäuser über den beiden Hauseingängen";"Geschichtlich, Städtebaulich";"gesamtes Objekt";"https://opendatarepo.lsh.uni-kiel.de/data/denkmalpflege/fotos/10154.jpg"
13393;"Bauliche Anlage";"Kreis Ostholstein";"Eutin, Stadt";"Riemannstraße 18";"Wohnhaus";"Wohnhaus; um 1820; eingeschossiger Fachwerkbau mit Halbwalmdach, straßenseitige Giebelfront in Backstein";"Geschichtlich, Städtebaulich";"gesamtes Objekt";"https://opendatarepo.lsh.uni-kiel.de/data/denkmalpflege/fotos/13393.jpg"
13394;"Bauliche Anlage";"Kreis Ostholstein";"Eutin, Stadt";"Riemannstraße 22";"Wohn- und Geschäftshaus";"Wohnhaus; 1855; zweigeschossiger, traufständiger Backsteinbau mit Walmdach, im Obergeschoss teilweise noch Fachwerk";"Geschichtlich, Städtebaulich";"gesamtes Objekt";"https://opendatarepo.lsh.uni-kiel.de/data/denkmalpflege/fotos/13394.jpg"
13398;"Bauliche Anlage";"Kreis Ostholstein";"Eutin, Stadt";"Riemannstraße 83";"Wohnhaus";"Wohnhaus; um 1910; eingeschossiger Putzbau in offener Bebauung, hohes Satteldach, seitliche angesetztes Türmchen, Zierfachwerk im Giebel";"Geschichtlich, Städtebaulich";"gesamtes Objekt";"https://opendatarepo.lsh.uni-kiel.de/data/denkmalpflege/fotos/13398.jpg"
10220;"Bauliche Anlage";"Kreis Ostholstein";"Eutin, Stadt";"Riemannstraße 96";"Wohnhaus";"Wohnhaus; um 1910, Architekt Christian Klücher; eingeschossiger landhausartiger Putzbau mit hohem Satteldach, seitlicher Treppenhausturm, geputzte Eckquader, im Giebel Zierfachwerk";"Geschichtlich, Städtebaulich";"gesamtes Objekt";"https://opendatarepo.lsh.uni-kiel.de/data/denkmalpflege/fotos/10220.jpg"
13400;"Bauliche Anlage";"Kreis Ostholstein";"Eutin, Stadt";"Robert-Schade-Straße 1";"Wohnhaus";"Wohnhaus; 1914; eingeschossiger Putzbau mit hohem Satteldach, zwei Standerker, Zierfachwerk im Giebel";"Geschichtlich, Städtebaulich";"gesamtes Objekt";"https://opendatarepo.lsh.uni-kiel.de/data/denkmalpflege/fotos/13400.jpg"
10219;"Bauliche Anlage";"Kreis Ostholstein";"Eutin, Stadt";"Robert-Schade-Straße 2";"Wohnhaus";"Wohnhaus; 1933; eingeschossiger Backsteinbau mit Satteldach, eingeschobene Mittelrisalite an den Traufseiten, dekorativ gestaltete Fassade mit expressionistischen Anklängen";"Geschichtlich, Künstlerisch, Städtebaulich";"gesamtes Objekt";"https://opendatarepo.lsh.uni-kiel.de/data/denkmalpflege/fotos/10219.jpg"
13401;"Bauliche Anlage";"Kreis Ostholstein";"Eutin, Stadt";"Robert-Schade-Straße 3";"Wohnhaus";"Wohnhaus; 1914; eingeschossiger Putzbau mit hohem Satteldach, straßenseitiger Standerker, seitlicher Anbau mit Hauseingang";"Geschichtlich, Städtebaulich";"gesamtes Objekt";"https://opendatarepo.lsh.uni-kiel.de/data/denkmalpflege/fotos/13401.jpg"
10218;"Bauliche Anlage";"Kreis Ostholstein";"Eutin, Stadt";"Robert-Schade-Straße 5";"Wohnhaus";"Wohnhaus; frühe 1930er Jahre; eingeschossiger Backsteinbau mit Satteldach, eingeschobene Mittelrisalite an den Traufseiten, an den Gebäudeecken Erker mit vorkragenden Flachdächern, dekorativ gestaltete Fassade mit expressionistischen Anklängen";"Geschichtlich, Künstlerisch, Städtebaulich";"gesamtes Objekt";"https://opendatarepo.lsh.uni-kiel.de/data/denkmalpflege/fotos/10218.jpg"
12575;"Bauliche Anlage";"Kreis Ostholstein";"Eutin, Stadt";"Robert-Schade-Straße 7";"Wohnhaus";"Wohnhaus; 1928; Architekt Alfred Schulze; eingeschossiger Backsteinbau mit Mansardwalmdach, straßenseitig Standerker mit Dachgeschossbalkon vor übergiebeltem Zwerchhaus";"Geschichtlich, Städtebaulich";"gesamtes Objekt";"https://opendatarepo.lsh.uni-kiel.de/data/denkmalpflege/fotos/12575.jpg"
13402;"Bauliche Anlage";"Kreis Ostholstein";"Eutin, Stadt";"Robert-Schade-Straße 13";"Rentnervereinshaus";"Mehrparteien-Wohnhaus; 1929; Architekt Alfred Schulze; Winkelbau aus Rotsteinen, zweigeschossig, Hauptfassade mit zwei Giebelhäusern und traufständigem Verbindungsbau, Ostseite traufständig, drei Gauben mit Treppengiebeln";"Geschichtlich, Städtebaulich";"gesamtes Objekt";"https://opendatarepo.lsh.uni-kiel.de/data/denkmalpflege/fotos/13402.jpg"
7975;"Bauliche Anlage";"Kreis Ostholstein";"Eutin, Stadt";"Robert-Schade-Straße 20";"Beamtenwohnhaus";"Alteintragung (Aktualisierung vorgesehen)";"Geschichtlich, Künstlerisch, Städtebaulich";"gesamtes Objekt";"https://opendatarepo.lsh.uni-kiel.de/data/denkmalpflege/fotos/7975.jpg"
7974;"Bauliche Anlage";"Kreis Ostholstein";"Eutin, Stadt";"Robert-Schade-Straße 22";"Finanzamt";"Alteintragung (Aktualisierung vorgesehen)";"Geschichtlich, Künstlerisch, Städtebaulich";"gesamtes Objekt";"https://opendatarepo.lsh.uni-kiel.de/data/denkmalpflege/fotos/7974.jpg"
7976;"Bauliche Anlage";"Kreis Ostholstein";"Eutin, Stadt";"Robert-Schade-Straße 24";"Beamtenwohnhaus";"Alteintragung (Aktualisierung vorgesehen)";"Geschichtlich, Künstlerisch, Städtebaulich";"gesamtes Objekt";"https://opendatarepo.lsh.uni-kiel.de/data/denkmalpflege/fotos/7976.jpg"
34409;"Bauliche Anlage";"Kreis Ostholstein";"Eutin, Stadt";"Robert-Schade-Straße";"Straßenpflaster";"Straßenpflaster; um 1900; unregelmäßig verlegte Pflasterung aus farbigen Feldsteinen";"Geschichtlich, Städtebaulich";"gesamtes Objekt";""
35098;"Bauliche Anlage";"Kreis Ostholstein";"Eutin, Stadt";"Runder Königsberg 8";"Wohnhaus";"Wohnhaus; 1934; Architekt Karl Schöning; eingeschossiges Wohnhaus mit hohem Walmdach, Putzfassade mit Klinkergliederung";"Geschichtlich, Städtebaulich";"gesamtes Objekt";""
9500;"Bauliche Anlage";"Kreis Ostholstein";"Eutin, Stadt";"Schloßgarten 1";"Neuholländerhaus";"Alteintragung (Aktualisierung vorgesehen)";"Geschichtlich, Künstlerisch";"Alteintragung (Aktualisierung vorgesehen)";"https://opendatarepo.lsh.uni-kiel.de/data/denkmalpflege/fotos/9500.jpg"
941;"Bauliche Anlage";"Kreis Ostholstein";"Eutin, Stadt";"Schloßgarten 3";"Orangerie";"Alteintragung (Aktualisierung vorgesehen)";"Geschichtlich, Künstlerisch";"Alteintragung (Aktualisierung vorgesehen)";"https://opendatarepo.lsh.uni-kiel.de/data/denkmalpflege/fotos/941.jpg"
942;"Bauliche Anlage";"Kreis Ostholstein";"Eutin, Stadt";"Schloßgarten";"Monopteros (Sonnentempel)";"Alteintragung (Aktualisierung vorgesehen)";"Geschichtlich, Künstlerisch";"Alteintragung (Aktualisierung vorgesehen)";"https://opendatarepo.lsh.uni-kiel.de/data/denkmalpflege/fotos/942.jpg"
943;"Bauliche Anlage";"Kreis Ostholstein";"Eutin, Stadt";"Schloßgarten";"Tuffsteinhaus (Webertempel)";"Alteintragung (Aktualisierung vorgesehen)";"Geschichtlich, Künstlerisch";"Alteintragung (Aktualisierung vorgesehen)";"https://opendatarepo.lsh.uni-kiel.de/data/denkmalpflege/fotos/943.jpg"
944;"Bauliche Anlage";"Kreis Ostholstein";"Eutin, Stadt";"Schloßgarten";"Seetempel";"Alteintragung (Aktualisierung vorgesehen)";"Geschichtlich, Künstlerisch, Kulturlandschaftlich";"Alteintragung (Aktualisierung vorgesehen)";"https://opendatarepo.lsh.uni-kiel.de/data/denkmalpflege/fotos/944.jpg"
9276;"Bauliche Anlage";"Kreis Ostholstein";"Eutin, Stadt";"Schloßgarten";"Ehrenmal";"Alteintragung (Aktualisierung vorgesehen)";"Geschichtlich, Künstlerisch, Städtebaulich";"Alteintragung (Aktualisierung vorgesehen)";"https://opendatarepo.lsh.uni-kiel.de/data/denkmalpflege/fotos/9276.jpg"
9499;"Bauliche Anlage";"Kreis Ostholstein";"Eutin, Stadt";"Schloßgarten";"Pforthaus";"Alteintragung (Aktualisierung vorgesehen)";"Geschichtlich";"Alteintragung (Aktualisierung vorgesehen)";"https://opendatarepo.lsh.uni-kiel.de/data/denkmalpflege/fotos/9499.jpg"
9502;"Bauliche Anlage";"Kreis Ostholstein";"Eutin, Stadt";"Schloßgarten";"Großer Wasserfall";"Alteintragung (Aktualisierung vorgesehen)";"Geschichtlich, Künstlerisch";"Alteintragung (Aktualisierung vorgesehen)";"https://opendatarepo.lsh.uni-kiel.de/data/denkmalpflege/fotos/9502.jpg"
9505;"Bauliche Anlage";"Kreis Ostholstein";"Eutin, Stadt";"Schloßgarten";"Florastatue";"Alteintragung (Aktualisierung vorgesehen)";"Geschichtlich, Künstlerisch";"Alteintragung (Aktualisierung vorgesehen)";"https://opendatarepo.lsh.uni-kiel.de/data/denkmalpflege/fotos/9505.jpg"
28424;"Bauliche Anlage";"Kreis Ostholstein";"Eutin, Stadt";"Schloßgarten";"Chinesische Bogenbrücke";"Alteintragung (Aktualisierung vorgesehen)";"Geschichtlich, Künstlerisch";"Alteintragung (Aktualisierung vorgesehen)";"https://opendatarepo.lsh.uni-kiel.de/data/denkmalpflege/fotos/28424.jpg"
29605;"Bauliche Anlage";"Kreis Ostholstein";"Eutin, Stadt";"Schloßgarten";"Eiskeller";"Alteintragung (Aktualisierung vorgesehen)";"Geschichtlich";"Alteintragung (Aktualisierung vorgesehen)";"https://opendatarepo.lsh.uni-kiel.de/data/denkmalpflege/fotos/29605.jpg"
30251;"Bauliche Anlage";"Kreis Ostholstein";"Eutin, Stadt";"Schloßgarten";"Sonnenuhr";"Alteintragung (Aktualisierung vorgesehen)";"Geschichtlich, Wissenschaftlich";"Alteintragung (Aktualisierung vorgesehen)";"https://opendatarepo.lsh.uni-kiel.de/data/denkmalpflege/fotos/30251.jpg"
613;"Bauliche Anlage";"Kreis Ostholstein";"Eutin, Stadt";"Schloßplatz 1 - 3";"Marstall";"Alteintragung (Aktualisierung vorgesehen)";"Geschichtlich, Künstlerisch, Städtebaulich";"gesamtes Objekt";"https://opendatarepo.lsh.uni-kiel.de/data/denkmalpflege/fotos/613.jpg"
881;"Bauliche Anlage";"Kreis Ostholstein";"Eutin, Stadt";"Schloßplatz 2";"Remise (Eutiner Landesbibliothek)";"Alteintragung (Aktualisierung vorgesehen)";"Geschichtlich, Künstlerisch, Städtebaulich";"gesamtes Objekt";""
939;"Bauliche Anlage";"Kreis Ostholstein";"Eutin, Stadt";"Schloßplatz 4";"Kavalierhaus (Eutiner Landesbibliothek)";"Alteintragung (Aktualisierung vorgesehen)";"Geschichtlich, Künstlerisch, Städtebaulich";"gesamtes Objekt";""
612;"Bauliche Anlage";"Kreis Ostholstein";"Eutin, Stadt";"Schloßplatz 5";"Schlossbrücke";"Alteintragung (Aktualisierung vorgesehen)";"Geschichtlich, Künstlerisch, Städtebaulich";"Alteintragung (Aktualisierung vorgesehen)";"https://opendatarepo.lsh.uni-kiel.de/data/denkmalpflege/fotos/612.jpg"
685;"Bauliche Anlage";"Kreis Ostholstein";"Eutin, Stadt";"Schloßplatz 5";"Schloss mit Ausstattung";"Alteintragung (Aktualisierung vorgesehen)";"Geschichtlich, Künstlerisch, Kulturlandschaftlich, Städtebaulich, Wissenschaftlich";"Schloss mit Ausstattung, Schlossbrunnen";"https://opendatarepo.lsh.uni-kiel.de/data/denkmalpflege/fotos/685.jpg"
9497;"Bauliche Anlage";"Kreis Ostholstein";"Eutin, Stadt";"Schloßplatz 5";"Inventar Schloss Eutin";"Alteintragung (Aktualisierung vorgesehen)";"Geschichtlich, Künstlerisch, Wissenschaftlich";"Alteintragung (Aktualisierung vorgesehen)";""
38828;"Bauliche Anlage";"Kreis Ostholstein";"Eutin, Stadt";"Schloßplatz 5";"Eutiner Schlossaffen";"Eutiner Schlossaffen; um 1896; Auftraggeber Großherzog Nikolaus Friedrich Peter; zwei Steinskulpturen in der Gestalt sitzender Paviane nach antikem ägyptischen Vorbild";"Geschichtlich, Künstlerisch";"gesamtes Objekt";"https://opendatarepo.lsh.uni-kiel.de/data/denkmalpflege/fotos/38828.jpg"
29598;"Bauliche Anlage";"Kreis Ostholstein";"Eutin, Stadt";"Schloßplatz";"Schlossplatz";"Alteintragung (Aktualisierung vorgesehen)";"Geschichtlich, Künstlerisch, Städtebaulich";"Alteintragung (Aktualisierung vorgesehen)";""
13403;"Bauliche Anlage";"Kreis Ostholstein";"Eutin, Stadt";"Schloßstraße 1";"Wohn- und Geschäftshaus";"Wohn- und Geschäftshaus; 18./19. Jh.; zweigeschossiges Fachwerkhaus mit Laden im Erdgeschoss, Giebelfront in Backstein, Halbwalmdach mit Zwerchhäusern und Gauben.";"Geschichtlich, Städtebaulich";"gesamtes Objekt";"https://opendatarepo.lsh.uni-kiel.de/data/denkmalpflege/fotos/13403.jpg"
13405;"Bauliche Anlage";"Kreis Ostholstein";"Eutin, Stadt";"Schloßstraße 9";"ehem. Stadtschule";"ehem. Stadtschule; 1836; zweigeschossiges Backsteintraufenhaus mit rustizierender Putzgliederung, Mittelteil dreigeschossig";"Geschichtlich, Städtebaulich";"gesamtes Objekt";"https://opendatarepo.lsh.uni-kiel.de/data/denkmalpflege/fotos/13405.jpg"
13404;"Bauliche Anlage";"Kreis Ostholstein";"Eutin, Stadt";"Schloßstraße 11";"Superintendentur";"Superintendentur; im Kern 18. Jh.; zweigeschossiger Backsteinbau mit Mansarddach, traufständig, dreigeschossiger Mittelrisalit";"Geschichtlich, Städtebaulich";"gesamtes Objekt";"https://opendatarepo.lsh.uni-kiel.de/data/denkmalpflege/fotos/13404.jpg"
32126;"Bauliche Anlage";"Kreis Ostholstein";"Eutin, Stadt";"Schloßstraße 13";"Pastorat";"Pastorat; 1911; Architekt Oskar Fischer; zweigeschossiger Rotsteinbau im Stil der Heimatschutzarchitektur, Mansarddach, Balkon im Erdgeschoss, Zwerchhaus mit geschwungenem Giebel";"Geschichtlich, Künstlerisch, Städtebaulich";"gesamtes Objekt";""
34832;"Bauliche Anlage";"Kreis Ostholstein";"Eutin, Stadt";"Seestraße 1 a";"Ev.-Luth. Friedenskirche mit Ausstattung";"Ev.-Luth. Friedenskirche; 1971-1973, Architekt Otto Andersen; sog. Nurdachkirche ohne Seitenwände, die Giebelseiten vollständig verglast, frei stehender Glockenturm, bauzeitliche Ausstattung";"Geschichtlich, Künstlerisch, Städtebaulich";"Ev.-Luth. Friedenskirche mit Ausstattung, Glockenturm";""
9184;"Bauliche Anlage";"Kreis Ostholstein";"Eutin, Stadt";"Sielbecker Landstraße 65";"Wohnhaus mit Atelier";"Alteintragung (Aktualisierung vorgesehen)";"Künstlerisch, Wissenschaftlich";"gesamtes Objekt";"https://opendatarepo.lsh.uni-kiel.de/data/denkmalpflege/fotos/9184.jpg"
2777;"Bauliche Anlage";"Kreis Ostholstein";"Eutin, Stadt";"Stolbergstraße 1";"Gasthaus Hansa";"Alteintragung (Aktualisierung vorgesehen)";"Geschichtlich, Städtebaulich";"gesamtes Äußeres";"https://opendatarepo.lsh.uni-kiel.de/data/denkmalpflege/fotos/2777.jpg"
1797;"Bauliche Anlage";"Kreis Ostholstein";"Eutin, Stadt";"Stolbergstraße 2";"Wohnhaus";"Wohnhaus; 18./19. Jh., im Kern älter; zweigeschossiger Fachwerkbau mit Walmdach, Straßenfront und Erdgeschoss auf der Südseite in Backstein, eingeschossiges Fachwerknebengebäude";"Geschichtlich, Städtebaulich";"Wohnhaus, Nebengebäude";"https://opendatarepo.lsh.uni-kiel.de/data/denkmalpflege/fotos/1797.jpg"
1798;"Bauliche Anlage";"Kreis Ostholstein";"Eutin, Stadt";"Stolbergstraße 3";"Wohn- und Geschäftshaus";"Alteintragung (Aktualisierung vorgesehen)";"Geschichtlich, Städtebaulich";"gesamtes Äußeres";"https://opendatarepo.lsh.uni-kiel.de/data/denkmalpflege/fotos/1798.jpg"
1799;"Bauliche Anlage";"Kreis Ostholstein";"Eutin, Stadt";"Stolbergstraße 4";"Wohnhaus";"Wohnhaus; im Kern 17. Jh., Fassade mittleres 19. Jh.; zweigeschossiger Fachwerkbau mit Vollwalmdach, Putzfassade in spätklassizistischen Formen";"Geschichtlich, Städtebaulich";"gesamtes Objekt";"https://opendatarepo.lsh.uni-kiel.de/data/denkmalpflege/fotos/1799.jpg"
1800;"Bauliche Anlage";"Kreis Ostholstein";"Eutin, Stadt";"Stolbergstraße 5";"Wohn- und Geschäftshaus";"Alteintragung (Aktualisierung vorgesehen)";"Geschichtlich, Städtebaulich";"gesamtes Äußeres";"https://opendatarepo.lsh.uni-kiel.de/data/denkmalpflege/fotos/1800.jpg"
1802;"Bauliche Anlage";"Kreis Ostholstein";"Eutin, Stadt";"Stolbergstraße 6";"Wohnhaus";"Alteintragung (Aktualisierung vorgesehen)";"Geschichtlich, Städtebaulich";"Wohnhaus, Hofpflaster";"https://opendatarepo.lsh.uni-kiel.de/data/denkmalpflege/fotos/1802.jpg"
1803;"Bauliche Anlage";"Kreis Ostholstein";"Eutin, Stadt";"Stolbergstraße 7";"Wohnhaus";"Alteintragung (Aktualisierung vorgesehen)";"Geschichtlich, Städtebaulich";"gesamtes Äußeres";"https://opendatarepo.lsh.uni-kiel.de/data/denkmalpflege/fotos/1803.jpg"
39488;"Bauliche Anlage";"Kreis Ostholstein";"Eutin, Stadt";"Stolbergstraße 8 - 10";"Stolberghaus";"Stolberghaus; spätes 18. Jh., im Kern älter, Architekt Peter Richter; zweigeschossiger, zur Rückseite hin offener Dreiflügelbau mit Walmdächern, zum Teil in Fachwerk ausgeführt, Straßenfront in Backstein, Mittelrisalit mit Toreinfahrt";"Geschichtlich, Künstlerisch, Städtebaulich";"gesamtes Objekt";""
1805;"Bauliche Anlage";"Kreis Ostholstein";"Eutin, Stadt";"Stolbergstraße 9";"Wohnhaus";"Alteintragung (Aktualisierung vorgesehen)";"Geschichtlich, Städtebaulich";"gesamtes Äußeres";"https://opendatarepo.lsh.uni-kiel.de/data/denkmalpflege/fotos/1805.jpg"
1806;"Bauliche Anlage";"Kreis Ostholstein";"Eutin, Stadt";"Stolbergstraße 11";"Wohnhaus";"Alteintragung (Aktualisierung vorgesehen)";"Geschichtlich, Städtebaulich";"gesamtes Äußeres";"https://opendatarepo.lsh.uni-kiel.de/data/denkmalpflege/fotos/1806.jpg"
1807;"Bauliche Anlage";"Kreis Ostholstein";"Eutin, Stadt";"Stolbergstraße 12";"Wohnhaus";"Alteintragung (Aktualisierung vorgesehen)";"Geschichtlich, Künstlerisch, Städtebaulich";"gesamtes Äußeres";"https://opendatarepo.lsh.uni-kiel.de/data/denkmalpflege/fotos/1807.jpg"
1808;"Bauliche Anlage";"Kreis Ostholstein";"Eutin, Stadt";"Stolbergstraße 13";"Wohn- und Geschäftshaus";"Alteintragung (Aktualisierung vorgesehen)";"Geschichtlich, Städtebaulich";"gesamtes Objekt";"https://opendatarepo.lsh.uni-kiel.de/data/denkmalpflege/fotos/1808.jpg"
1809;"Bauliche Anlage";"Kreis Ostholstein";"Eutin, Stadt";"Stolbergstraße 14";"ehem. Kapitelhof";"Wohnhaus; Mitte 19. Jh., im Kern älter; zweigeschossiges, giebelständiges Wohnhaus mit Halbwalmdach, im Kern Fachwerkbau, Straßenfront in Backstein";"Geschichtlich, Städtebaulich";"gesamtes Objekt";"https://opendatarepo.lsh.uni-kiel.de/data/denkmalpflege/fotos/1809.jpg"
1363;"Bauliche Anlage";"Kreis Ostholstein";"Eutin, Stadt";"Stolbergstraße 15";"Wohnhaus";"Alteintragung (Aktualisierung vorgesehen)";"Geschichtlich, Städtebaulich, Wissenschaftlich";"gesamtes Äußeres";"https://opendatarepo.lsh.uni-kiel.de/data/denkmalpflege/fotos/1363.jpg"
1811;"Bauliche Anlage";"Kreis Ostholstein";"Eutin, Stadt";"Stolbergstraße 16";"Wohnhaus";"Wohnhaus; um 1775; zweigeschossiger und steinsichtiger Backsteinbau mit Walmdach, breit gelagerter Baukörper mit streng symmetrischer Fassadengliederung, Rückseite eingeschossig mit Mansarde und aufgesetztem Zwerchhaus";"Geschichtlich, Künstlerisch, Städtebaulich";"gesamtes Objekt";"https://opendatarepo.lsh.uni-kiel.de/data/denkmalpflege/fotos/1811.jpg"
1810;"Bauliche Anlage";"Kreis Ostholstein";"Eutin, Stadt";"Stolbergstraße 17";"Wohnhaus";"Alteintragung (Aktualisierung vorgesehen)";"Geschichtlich, Städtebaulich";"gesamtes Äußeres";"https://opendatarepo.lsh.uni-kiel.de/data/denkmalpflege/fotos/1810.jpg"
1362;"Bauliche Anlage";"Kreis Ostholstein";"Eutin, Stadt";"Stolbergstraße 18";"Wohnhaus Haus Rastleben";"Haus Rastleben; 1752, um 1800 verändert; eingeschossige Dreiflügelanlage in der Art eines kleinen Herrenhauses, der traufständige Hauptbaukörper auf beiden Seiten mit einem zweigeschossigen Mittelrisalit zu je drei Achsen, klassizistische Putzfassade, Walmdächer.";"Geschichtlich, Künstlerisch, Städtebaulich";"gesamtes Objekt";"https://opendatarepo.lsh.uni-kiel.de/data/denkmalpflege/fotos/1362.jpg"
1812;"Bauliche Anlage";"Kreis Ostholstein";"Eutin, Stadt";"Stolbergstraße 19";"Wohnhaus";"Alteintragung (Aktualisierung vorgesehen)";"Geschichtlich, Städtebaulich";"gesamtes Äußeres";"https://opendatarepo.lsh.uni-kiel.de/data/denkmalpflege/fotos/1812.jpg"
1813;"Bauliche Anlage";"Kreis Ostholstein";"Eutin, Stadt";"Teichstraße";"Fachhallenkate";"Alteintragung (Aktualisierung vorgesehen)";"Geschichtlich, Städtebaulich, Wissenschaftlich";"gesamtes Äußeres";"https://opendatarepo.lsh.uni-kiel.de/data/denkmalpflege/fotos/1813.jpg"
34425;"Bauliche Anlage";"Kreis Ostholstein";"Eutin, Stadt";"Vahldiekstraße 1";"Wohnhaus";"Wohnhaus; 1905; Bauherr Geometer Stephan; Entwurf H. Steenbock; eingeschossiges Wohnhaus mit Putzfassade und reich gegliederter Dachlandschaft, runder Eckturm, zweigeschossiger Seitenrisalit, Zierfachwerk, Gittereinfriedung";"Geschichtlich, Städtebaulich";"Wohnhaus, Einfriedung";""
13407;"Bauliche Anlage";"Kreis Ostholstein";"Eutin, Stadt";"Vahldiekstraße 7";"Wohnhaus";"Wohnhaus; 1929; traufständiges, eingeschossiges Gebäude mit Satteldach und dreiseitigem Standerker, reich gestaltete Klinkerfassade mit flächiger Ornamentik";"Geschichtlich, Künstlerisch, Städtebaulich";"gesamtes Objekt";"https://opendatarepo.lsh.uni-kiel.de/data/denkmalpflege/fotos/13407.jpg"
13408;"Bauliche Anlage";"Kreis Ostholstein";"Eutin, Stadt";"Vahldiekstraße 12";"Wohnhaus";"Wohnhaus; um 1924; Architekt Janssen; repräsentativer zweigeschossiger Putzbau, traufständig mit Walmdach, Einfriedung";"Geschichtlich, Künstlerisch, Städtebaulich";"Wohnhaus, Einfriedung";"https://opendatarepo.lsh.uni-kiel.de/data/denkmalpflege/fotos/13408.jpg"
10104;"Bauliche Anlage";"Kreis Ostholstein";"Eutin, Stadt";"Vahldiekstraße";"Straßenpflaster";"Straßenpflaster; frühes 20. Jh.; unregelmäßig verlegte Pflasterung aus farbigen Feldsteinen (Granit)";"Geschichtlich, Städtebaulich";"gesamtes Objekt";"https://opendatarepo.lsh.uni-kiel.de/data/denkmalpflege/fotos/10104.jpg"
314;"Bauliche Anlage";"Kreis Ostholstein";"Eutin, Stadt";"Voßplatz 2";"Wohn- und Geschäftshaus";"Alteintragung (Aktualisierung vorgesehen)";"Geschichtlich, Städtebaulich";"gesamtes Äußeres";"https://opendatarepo.lsh.uni-kiel.de/data/denkmalpflege/fotos/314.jpg"
2779;"Bauliche Anlage";"Kreis Ostholstein";"Eutin, Stadt";"Voßplatz 4";"Wohn- und Geschäftshaus";"Alteintragung (Aktualisierung vorgesehen)";"Geschichtlich, Städtebaulich";"gesamtes Äußeres";"https://opendatarepo.lsh.uni-kiel.de/data/denkmalpflege/fotos/2779.jpg"
1548;"Bauliche Anlage";"Kreis Ostholstein";"Eutin, Stadt";"Voßplatz 5";"Wohn- und Geschäftshaus";"Alteintragung (Aktualisierung vorgesehen)";"Geschichtlich, Städtebaulich";"gesamtes Äußeres";"https://opendatarepo.lsh.uni-kiel.de/data/denkmalpflege/fotos/1548.jpg"
1815;"Bauliche Anlage";"Kreis Ostholstein";"Eutin, Stadt";"Voßplatz 7";"Wohnhaus";"Alteintragung (Aktualisierung vorgesehen)";"Geschichtlich, Städtebaulich";"gesamtes Äußeres";"https://opendatarepo.lsh.uni-kiel.de/data/denkmalpflege/fotos/1815.jpg"
1298;"Bauliche Anlage";"Kreis Ostholstein";"Eutin, Stadt";"Voßplatz 9";"ehem. Gasthaus Voßeck'";"Alteintragung (Aktualisierung vorgesehen)";"Geschichtlich, Städtebaulich";"gesamtes Äußeres";"https://opendatarepo.lsh.uni-kiel.de/data/denkmalpflege/fotos/1298.jpg"
13409;"Bauliche Anlage";"Kreis Ostholstein";"Eutin, Stadt";"Waldstraße 1";"Villa";"Villa; um 1880/85; zweigeschossiger Ziegelbau mit Schieferdach, gelbe Klinkerfassade mit rot abgesetzten Zierfriesen, zahlreiche bauzeitliche Details, Wintergarten";"Geschichtlich, Künstlerisch, Städtebaulich";"gesamtes Objekt";"https://opendatarepo.lsh.uni-kiel.de/data/denkmalpflege/fotos/13409.jpg"
13420;"Bauliche Anlage";"Kreis Ostholstein";"Eutin, Stadt";"Waldstraße 6";"ehem. Biedermann-Villa";"Villa; um 1900, Bauherr Dr. Richard Biedermann; repräsentative zweigeschossige Villa mit Putzfassade, in Anlehnung an klassizistische Formen";"Geschichtlich, Städtebaulich";"gesamtes Objekt";"https://opendatarepo.lsh.uni-kiel.de/data/denkmalpflege/fotos/13420.jpg"
34426;"Bauliche Anlage";"Kreis Ostholstein";"Eutin, Stadt";"Waldstraße 6 - 10";"Einfriedung";"Einfriedung am Grundstück der ehem. Biedermann-Villa; um 1900; Gitterfelder zwischen verputzten Pfeilern mit kugelartigen Aufsätzen";"Geschichtlich, Städtebaulich";"gesamtes Objekt";""
1757;"Bauliche Anlage";"Kreis Ostholstein";"Eutin, Stadt";"Weberhain";"Carl-Maria-von-Weber-Denkmal";"Alteintragung (Aktualisierung vorgesehen)";"Geschichtlich, Künstlerisch";"Carl-Maria-von-Weber-Denkmal, Bruchsteinmauer mit Bronzerelief";"https://opendatarepo.lsh.uni-kiel.de/data/denkmalpflege/fotos/1757.jpg"
13422;"Bauliche Anlage";"Kreis Ostholstein";"Eutin, Stadt";"Weidestraße 12";"Wohnhaus";"Wohnhaus; um 1830; zweigeschossiger Backsteinbau mit Walmdach, straßenseitig breites und flach übergiebeltes Zwerchhaus";"Geschichtlich, Städtebaulich";"gesamtes Objekt";"https://opendatarepo.lsh.uni-kiel.de/data/denkmalpflege/fotos/13422.jpg"
13423;"Bauliche Anlage";"Kreis Ostholstein";"Eutin, Stadt";"Weidestraße 24";"Wohnhaus";"Wohnhaus; im Kern um 1765, Umbau Mitte 19. Jh.; eingeschossiger Fachwerkbau mit zwei firsthohen Zwerchhäusern, ziegelgedecktes Walmdach";"Geschichtlich, Städtebaulich";"gesamtes Objekt";"https://opendatarepo.lsh.uni-kiel.de/data/denkmalpflege/fotos/13423.jpg"
2780;"Bauliche Anlage";"Kreis Ostholstein";"Eutin, Stadt";"Wilhelmstraße 2";"Wasserturm";"Alteintragung (Aktualisierung vorgesehen)";"Geschichtlich, Künstlerisch, Städtebaulich, Technisch";"gesamtes Äußeres";"https://opendatarepo.lsh.uni-kiel.de/data/denkmalpflege/fotos/2780.jpg"
26836;"Bauliche Anlage";"Kreis Ostholstein";"Eutin, Stadt";"Zum Ukleisee 9";"Wohnhaus";"Alteintragung (Aktualisierung vorgesehen)";"Geschichtlich, Künstlerisch, Kulturlandschaftlich";"gesamtes Objekt";""
2737;"Bauliche Anlage";"Kreis Ostholstein";"Eutin, Stadt";"Zum Ukleisee 15";"Jagdpavillon";"Alteintragung (Aktualisierung vorgesehen)";"Geschichtlich, Künstlerisch, Kulturlandschaftlich";"Alteintragung (Aktualisierung vorgesehen)";"https://opendatarepo.lsh.uni-kiel.de/data/denkmalpflege/fotos/2737.jpg"
13438;"Bauliche Anlage";"Kreis Ostholstein";"Eutin, Stadt";"Zum Ukleisee";"Neues Forsthaus Wüstenfelde";"Wohn- und Wirtschaftsgebäude; 1938; langgestreckter, eingeschossiger Ziegelbau mit reetgedecktem Halbwalmdach, Schleppgauben, Querdurchfahrt, Heimatschutzarchitektur";"Geschichtlich, Kulturlandschaftlich";"gesamtes Objekt";"https://opendatarepo.lsh.uni-kiel.de/data/denkmalpflege/fotos/13438.jpg"
27480;"Teil einer baulichen Anlage";"Kreis Ostholstein";"Eutin, Stadt";"Schloßstraße 2";"Fassade (Gemeindehaus)";"Klinkerfassade mit Reliefplatten; um 1970; künstlerisch gestaltete Nordfassade des Gemeindehauses mit plastisch hervortretenden Klinkern und drei szenischen Reliefdarstellungen";"Geschichtlich, Künstlerisch, Städtebaulich";"gesamtes Objekt";""
13382;"Gründenkmal";"Kreis Ostholstein";"Eutin, Stadt";"Am Kleinen See";"Jüdischer Friedhof";"Jüdischer Friedhof; 1886 angelegt; kleine Anlage am Nordufer des Kleinen Eutiner Sees mit Toranlage und acht Familiengrabstätten";"Geschichtlich, Städtebaulich";"gesamtes Objekt";"https://opendatarepo.lsh.uni-kiel.de/data/denkmalpflege/fotos/13382.jpg"
20920;"Gründenkmal";"Kreis Ostholstein";"Eutin, Stadt";"Am Walde";"Hof Rachut: Südliche Zufahrtsallee (Linden)";"Südliche Zufahrtsallee zum Hof Rachut; um 1900 angelegt; Linden ohne Kappungshorizont";"Geschichtlich, Kulturlandschaftlich";"gesamtes Objekt";"https://opendatarepo.lsh.uni-kiel.de/data/denkmalpflege/fotos/20920.jpg"
9278;"Gründenkmal";"Kreis Ostholstein";"Eutin, Stadt";"Fasaneninsel";"Fasaneninsel";"Alteintragung (Aktualisierung vorgesehen)";"Geschichtlich, Kulturlandschaftlich, Wissenschaftlich";"gesamtes Objekt";""
28802;"Gründenkmal";"Kreis Ostholstein";"Eutin, Stadt";"Oldenburger Landstraße 18";"Forstgarten";"Alteintragung (Aktualisierung vorgesehen)";"Geschichtlich, Städtebaulich";"gesamtes Objekt";""
13435;"Gründenkmal";"Kreis Ostholstein";"Eutin, Stadt";"Oldenburger Landstraße";"Grünfläche mit Gedenkstein Heimburgs Ruh";"Grünfläche mit Gedenkstein; Mitte 19. Jh.; Denkmal aus Findlingen mit der Inschrift „Heimburgs Ruh“ für den Oberforstmeister August Friedrich Paul von Heimburg, mit umgebender Grünfläche in der Art eines Haines";"Geschichtlich, Kulturlandschaftlich, Wissenschaftlich";"gesamtes Objekt";"https://opendatarepo.lsh.uni-kiel.de/data/denkmalpflege/fotos/13435.jpg"
13381;"Gründenkmal";"Kreis Ostholstein";"Eutin, Stadt";"Plöner Straße";"Evangelischer Friedhof";"Evangelischer Friedhof; 1783-1786; Entwurf und Ausführung Daniel Rastedt; rechteckiges Areal mit Wegekreuz und Lindenbaumreihen, Grablegen bedeutender Eutiner Persönlichkeiten, Ziegeleinfriedung";"Geschichtlich, Künstlerisch, Städtebaulich";"Evangelischer Friedhof, historische Grabmale, Einfriedung";"https://opendatarepo.lsh.uni-kiel.de/data/denkmalpflege/fotos/13381.jpg"
940;"Gründenkmal";"Kreis Ostholstein";"Eutin, Stadt";"Schloßgarten";"Schlossgarten";"Alteintragung (Aktualisierung vorgesehen)";"Geschichtlich, Künstlerisch, Kulturlandschaftlich, Städtebaulich, Technisch, Wissenschaftlich";"Schlossgarten, Umfassungsmauer, Nordgarten mit Mauer, Kleiner Wasserfall, Kleiner Piependiek, Duvendiek, Gartenteich (ehem. barockes Bassin), Lindenbruchgraben, Brücke am Großen Piependiek, Brücke über den Duvendiek, zwei Brücken am kleinen Wasserfall, drei einfache Brücken, Südbrücke (Schlossgrabenbrücke), Parktor, Nordeingang, Südeingang";"https://opendatarepo.lsh.uni-kiel.de/data/denkmalpflege/fotos/940.jpg"
9498;"Gründenkmal";"Kreis Ostholstein";"Eutin, Stadt";"Schloßgarten";"Küchengarten";"Alteintragung (Aktualisierung vorgesehen)";"Geschichtlich, Kulturlandschaftlich";"Küchengarten, Küchengartenmauer";""
29602;"Gründenkmal";"Kreis Ostholstein";"Eutin, Stadt";"Schloßgarten";"Lindenallee";"Alteintragung (Aktualisierung vorgesehen)";"Geschichtlich, Künstlerisch, Kulturlandschaftlich";"gesamtes Objekt";"https://opendatarepo.lsh.uni-kiel.de/data/denkmalpflege/fotos/29602.jpg"
13208;"Sachgesamtheit";"Kreis Ostholstein";"Fehmarn, Stadt";"Am Hafen 3, 4, Am Hafen, Seestraße 24";"Hafen Orth";"Hafen Orth; 1881 in Betrieb genommen, Königliches Kreisbauamt Plön; zangenförmige Hafenanlage mit granitgepflasterter Verkehrsfläche und Gleisen, einem ehem. Bahnhofsgebäude (sog. Hafenkontor), zwei Backsteinspeichern des ausgehenden 19. Jahrhunderts und einem Wohn- und Geschäftshaus vom Beginn des 20. Jahrhundert";"Geschichtlich, Künstlerisch, Städtebaulich";"Hafenanlage mit Granitpflaster und Gleisen, Denkmal Kaiser Wilhelm I., ehem. Bahnhofsgebäude (sog. Hafenkontor) (Am Hafen); Speicher (Am Hafen 3, Seestraße 24); Wohnhaus und Café (Am Hafen 4)";"https://opendatarepo.lsh.uni-kiel.de/data/denkmalpflege/fotos/13208.jpg"
40683;"Sachgesamtheit";"Kreis Ostholstein";"Fehmarn, Stadt";"An der Kirche 2-4, 6, An der Kirche, An der Kirche, Bei St. Johannis, Lüttstraad";"Kirche St. Johannis";"Kirche St. Johannis; 13. bis 19. Jahrhundert; kirchlicher Siedlungskern Petersdorfs mit dem kreisrunden Kirchhof um den zentralen Kirchenbau, umlaufend Lindenkranz und Granitböschungsmauer, mit dem umliegenden Straßenraum und der nördlich anschließenden Bebauung mit dem Pastorat und Kompastorat, beides Backsteinbauten aus der Mitte des 19. Jahrhunderts, ihren Nebengebäuden, den Gärten und der Einfriedung sowie mit dem nördlichen Wohnhaus, einem Putzbau des 19. Jahrhunderts, mit seiner straßenseitigen Einfriedung";"Geschichtlich, Künstlerisch, Kulturlandschaftlich, Städtebaulich";"Kirche St. Johannis mit Ausstattung; Kirchhof mit Granitböschungsmauer, Lindenkranz, historische Grabmale; Pastorat mit Nebengebäude, Einfriedung, Pastoratsgarten  (An der Kirche); Wohnhaus mit Einfriedung, Hof (An der Kirche 2-4); ehem. Kompastorat mit Nebengebäude, Einfriedung, Kompastoratsgarten (An der Kirche 6); Straßenraum (An der Kirche, Priesterstraße, Schlagsdorfer Straße)";"https://opendatarepo.lsh.uni-kiel.de/data/denkmalpflege/fotos/40683.jpg"
51400;"Sachgesamtheit";"Kreis Ostholstein";"Fehmarn, Stadt";"Austraße 1";"Hof Detlef";"Hof Detlef; um 1800 – Ende 19. Jahrhundert; Ensemble aus Wohnhaus und zwei Scheunen mit dem Hofpflaster, giebelständige Backsteinbauten in einer Reihe mit Fassaden des Historismus, die Scheunen mit Dreiständergerüst der Zeit um 1800, Fassaden Ende 19. Jahrhundert, Krüppelwalmdächer, Wohnhaus aus dem letzten Viertel des 19. Jahrhunderts, eingeschossig mit Drempel, Satteldach";"Geschichtlich, Kulturlandschaftlich, Städtebaulich";"Scheune 1884, Scheune, Wohnhaus, Hofpflaster";""
36279;"Sachgesamtheit";"Kreis Ostholstein";"Fehmarn, Stadt";"Breite Straße 2, 8, 10, 12, 14, 16, 18-20, 22, 26, 28, 30, 32";"Wohn- und Geschäftshäuser Breite Straße 2-32";"Wohn- und Geschäftshäuser Breite Straße; 17. – 20. Jahrhundert; prägende Straßenzeilenbebauung ein- bis zweigeschossiger Bauten mit harten Dächern auf tradierter Parzellenstruktur der historischen Altstadt";"Geschichtlich, Künstlerisch, Städtebaulich";"Wohn- und Geschäftshäuser (Breite Straße 2, 8, 14, 16, 22); Gasthaus mit Firsturne (Breite Straße 10); Wohnhäuser (Breite Straße 12, 26 mit Nebengebäude, 30); ehem. Wohnhaus N. Mildenstein (Breite Straße  32); Gasthaus (Breite Straße 18-20); ehem. Kapitänswohnhaus (Breite Straße 28)";"https://opendatarepo.lsh.uni-kiel.de/data/denkmalpflege/fotos/36279.jpg"
40539;"Sachgesamtheit";"Kreis Ostholstein";"Fehmarn, Stadt";"Breite Straße";"Kirche St. Nikolai";"Aktualisierung vorgesehen";"Geschichtlich, Künstlerisch, Kulturlandschaftlich, Städtebaulich";"Kirche St. Nikolai mit Ausstattung, Kirchhof, Grabmale bis 1870, Granitböschungsmauer, Lindenkranz";""
13195;"Sachgesamtheit";"Kreis Ostholstein";"Fehmarn, Stadt";"Dänschendorfer Straße, Am Großsoll";"Dorfanger Petersdorf";"Dorfanger Petersdorf; Anlage vermutlich auf mittelalterlichen „Leger“ (Dingplatz) zurückgehend, Gestaltung um 1920, nach 1945; parkartige Platzanlage mit reichem Altbaumbestand, Teich und aufwändigen Ehrenmalen";"Geschichtlich, Städtebaulich";"Dorfanger mit Teich, Ehrenmal für die Gefallenen der beiden Weltkriege mit Eichenhain, 'Kreuz des Ostens'";"https://opendatarepo.lsh.uni-kiel.de/data/denkmalpflege/fotos/13195.jpg"
51542;"Sachgesamtheit";"Kreis Ostholstein";"Fehmarn, Stadt";"Dörpdiek 8";"Hofanlage Dörpdiek 8";"Hofanlage Dörpdiek 8; 1863-1924; giebelständiges Ensemble aus Backsteinwohnhaus mit Satteldach und Großscheune aus Backstein mit Mansarddach am historischen Dorfplatz";"Geschichtlich, Kulturlandschaftlich, Städtebaulich";"Wohnhaus Kruse mit vier Hausbäumen, Scheune";""
45962;"Sachgesamtheit";"Kreis Ostholstein";"Fehmarn, Stadt";"Flügger Leuchtturm 1a, 1, 2, Flügger Leuchtturm, Strukkamp Huk";"Leuchtturm Flügge";"Leuchtturm Flügge; 1872–1935; der Leuchtturm Strukkamphuk, mit Brüstungsmauer und ehem. Gasgeräteschuppen, der Flügger Leuchtturm und seine umgebende Bebauung mit dem Alten Wärterwohnhaus, dem Neuen Wärterwohnhaus sowie dem ehem. Wirtschaftsgebäude im Heimatschutzstil";"Geschichtlich, Kulturlandschaftlich, Technisch";"Leuchtturm Flügge (Flügger Leuchtturm 1a), Neues Wärterwohnhaus (Flügger Leuchtturm 1), Altes Wärterwohnhaus (Flügger Leuchtturm 2), ehem. Wirtschaftsgebäude (Flügger Leuchtturm); Leuchtturm Strukkamphuk mit ehem. Gasgeräteschuppen, Brüstungsmauer (Strukkamp Huk)";""
40681;"Sachgesamtheit";"Kreis Ostholstein";"Fehmarn, Stadt";"Hauptstraße";"Kirche St. Petri";"Aktualisierung vorgesehen";"Geschichtlich, Künstlerisch, Kulturlandschaftlich, Städtebaulich";"Kirche St. Petri mit Ausstattung, Glockenturm, Kirchhof, Grabmale bis 1870, Granitböschungsmauer, Lindenreihe";""
44559;"Sachgesamtheit";"Kreis Ostholstein";"Fehmarn, Stadt";"Kapellenweg 13a-b, 13, 13c";"St.-Jürgen-Stift";"St.-Jürgen-Stift; auf 14. Jh. zurückgehend, Wohnhäuser 1935 u. 1950; ehem. als Siechenhaus errichtete Anlage aus kleiner turmloser Backsteinkapelle und zwei Stiftwohnhäusern, Backsteinbauten mit Walmdächern";"Geschichtlich, Künstlerisch, Kulturlandschaftlich, Städtebaulich";"St.-Jürgen-Kapelle, Stiftswohnhaus (Kapellenweg 13 a-b), Stiftswohnhaus (Kapellenweg 13 c)";""
40679;"Sachgesamtheit";"Kreis Ostholstein";"Fehmarn, Stadt";"Kirchenstieg";"Kirche St. Johannis";"Aktualisierung vorgesehen";"Geschichtlich, Künstlerisch, Kulturlandschaftlich, Städtebaulich";"Kirche St. Johannis mit Ausstattung, Kirchhof, Grabmale bis 1870, Feldsteinwall, Hauptpforte";""
38607;"Sachgesamtheit";"Kreis Ostholstein";"Fehmarn, Stadt";"Marienleuchte 1";"Marienleuchte";"Sachgesamtheit Marienleuchte; Leuchtturm bez. 1832, Wirtschaftsgebäude wohl 1900, Stall bez. 1925; bestehend aus: Leuchtturm, viergeschossiger quadratischer Turm mit Plattform und Laterne mit eingeschossigen Halbwalmdachflügelbauten und Flachdachvorhaus, mit Backsteinfassaden; abgesetztes Wirtschaftsgebäude, eingeschossiger Satteldachbau; Stall, eingeschossiger Walmdachbau mit Giebelrisalit, in Formen der Heimatschutzarchitektur; umgebende Außenanlage mit Windschutzbepflanzung.";"Geschichtlich, Kulturlandschaftlich, Technisch";"Leuchtturm mit Flügelbauten, Wirtschaftsgebäude, Stall, Außenanlage mit Windschutzbepflanzung";""
40274;"Sachgesamtheit";"Kreis Ostholstein";"Fehmarn, Stadt";"Meeschendorf 17";"Hof Mackeprang";"Hof Mackeprang; 1786 und Anfang 20. Jahrhundert; stattliche Hofanlage mit Fachhallenwohnhaus in Zweiständerbauweise und Nebengebäude des ausgehenden 18. Jahrhunderts sowie Großscheune aus Backstein im Heimatschutzstil, mit vier Hausbäumen";"Geschichtlich, Kulturlandschaftlich, Städtebaulich";"Wohnhaus mit vier Hausbäumen, Scheune, Nebengebäude";""
37376;"Sachgesamtheit";"Kreis Ostholstein";"Fehmarn, Stadt";"Sahrensdorfer Straße 13";"Wohnhaus mit Hofgebäude";"Hofstelle; 18./19. Jh.; giebelständiges Wohnhaus mit rückwärtigem Wirtschaftsgebäude, beide in Fachwerk";"Geschichtlich, Städtebaulich";"Wohnhaus, Speicher";""
5042;"Sachgesamtheit";"Kreis Ostholstein";"Fehmarn, Stadt";"Am Burggraben 2, Dünenweg 1-13, 14-26, 27-32, 33-43, 44-53, 54-60, Stranddistelweg 1, 2, 3, 4, 5, 6, 7, 8, 9, Strandhaferweg 1, 2, 3, 4, 5, 6, 7, 8, 9, Südstrandpromenade, Zur Strandpromenade 1, 5,";"Ostseeheilbad Burgtiefe";"Ostseeheilbad Burgtiefe; 1965-1973, Architekt Arne Jacobsen/Otto Weitling; einheitlich entworfene Ferienanlage auf der Halbinsel Burgtiefe entlang der südlichen Strandlinie, organischer städtebaulicher Duktus und sachliche, zu Teilen typisierte Detailformen, bestehend aus Kurzentrum, Hotelbereich sowie Bungalow- und Appartementsiedlung.";"Geschichtlich, Künstlerisch, Kulturlandschaftlich, Städtebaulich, Wissenschaftlich";"Burgruine Glambek mit Burggraben und Böschung; Haus des Kurgastes mit umgebenden Plateau, Pergola und Mauern (Am Burggraben 2);  Meerwasserwellenbad mit plattformartigen Unterbau, Bronzeplastik 'Mädchen am Südstrand' (Südstrandpromenade); Bungalowreihen (Dünenweg 1-13, 14-26, 27-32, 33-43, 44-53, 54-60), Appartementhäuser (Stranddistelweg 1, 2, 3, 4, 5, 6, 7, 8, 9; Strandhaferweg 1, 2, 3, 4, 5, 6, 7, 8, 9), drei IFA-Hochhäuser mit zwei bauzeitlichen Pavillons (Zur Strandpromenade 1), Appartementhaus 'Vitamar' (Strandpromenade 5)";"https://opendatarepo.lsh.uni-kiel.de/data/denkmalpflege/fotos/5042.jpg"
38205;"Sachgesamtheit";"Kreis Ostholstein";"Fehmarn, Stadt";"Fehmarnsund, Heinrichsruh";"Fehmarnsundbrücke";"Fehmarnsundbrücke; 1959-1963; Ensemble aus der Netzwerkbogenbrücke über den Fehmarnsund und dem Sperrmittelhaus in Großenbrode";"Geschichtlich, Künstlerisch, Kulturlandschaftlich, Städtebaulich, Technisch";"Fehmarnsundbrücke (Fehmarn, Großenbrode), Sperrmittelhaus (Heinrichsruh Großenbrode)";""
34189;"Bauliche Anlage";"Kreis Ostholstein";"Fehmarn, Stadt";"Albertsdorf 13";"Scheune Mackeprang";"Scheune Mackeprang; 1932; monumentaler, giebelständiger Backsteinbau mit Drempelgeschoss, flaches Satteldach";"Geschichtlich, Kulturlandschaftlich";"gesamtes Objekt";"https://opendatarepo.lsh.uni-kiel.de/data/denkmalpflege/fotos/34189.jpg"
13171;"Bauliche Anlage";"Kreis Ostholstein";"Fehmarn, Stadt";"Albertsdorf 17";"Fachhallenhaus";"Fachhallenhaus; im Kern 1750, Straßenfassade 1880; Fachwerkhaus mit Backsteinausfachung, Westgiebel in Fachwerk mit über Karniesknaggen vorkragendem Giebel, Ostgiebel 1880 in Formen des Historismus neu aufgeführt, Traufseiten massiv erneuert; mit Stallgebäude von 1880 und Einfriedung";"Geschichtlich, Kulturlandschaftlich, Städtebaulich";"Fachhallenhaus, Stallgebäude";"https://opendatarepo.lsh.uni-kiel.de/data/denkmalpflege/fotos/13171.jpg"
34188;"Bauliche Anlage";"Kreis Ostholstein";"Fehmarn, Stadt";"Albertsdorf 19";"Scheune";"Scheune; 1900; monumentaler zweigeschossiger Backsteinbau von vier Achsen in Formen des Historismus, flaches Satteldach";"Geschichtlich, Kulturlandschaftlich";"gesamtes Objekt";"https://opendatarepo.lsh.uni-kiel.de/data/denkmalpflege/fotos/34188.jpg"
13465;"Bauliche Anlage";"Kreis Ostholstein";"Fehmarn, Stadt";"Am Burggraben 2";"Haus des Kurgastes";"Haus des Kurgastes; 1968, Architekt A. Jacobsen; zweigeschossiger weitgehend verglaster Stahlbetonskelettbau, Terrasse mit Pergola";"Geschichtlich, Künstlerisch, Städtebaulich";"Haus des Kurgastes, umgebendes Plateau mit Pergola und Mauern";"https://opendatarepo.lsh.uni-kiel.de/data/denkmalpflege/fotos/13465.jpg"
51237;"Bauliche Anlage";"Kreis Ostholstein";"Fehmarn, Stadt";"Am Hafen 3";"Speicher";"Speicher; nach 1890; viergeschossiger Backsteinbau mit Mittelrisalit mit Ladeluken, flaches Satteldach";"Geschichtlich, Städtebaulich";"gesamtes Objekt";""
51257;"Bauliche Anlage";"Kreis Ostholstein";"Fehmarn, Stadt";"Am Hafen 4";"Wohnhaus und Café";"Wohnhaus und Café; vor 1905; eingeschossiges Backsteinhaus, schindelverkleidet, traufständig mit  giebelständigen Risaliten, schiefergedecktes Satteldach";"Geschichtlich, Städtebaulich";"gesamtes Objekt";""
13206;"Bauliche Anlage";"Kreis Ostholstein";"Fehmarn, Stadt";"Am Hafen";"Denkmal Kaiser Wilhelm I.";"Denkmal Kaiser Wilhelm I.; 1890, E. March und Söhne, Berlin-Charlottenburg; weiß gefasste Terrakottabüste Kaiser Wilhelms I. auf stumpfem Obelisken über quadratischem Postament, umzäunt durch ein umlaufendes schmiedeeisernes Gitter";"Geschichtlich, Künstlerisch, Städtebaulich";"gesamtes Objekt";"https://opendatarepo.lsh.uni-kiel.de/data/denkmalpflege/fotos/13206.jpg"
1554;"Bauliche Anlage";"Kreis Ostholstein";"Fehmarn, Stadt";"Am Markt 1";"Rathaus";"Alteintragung (Aktualisierung vorgesehen)";"Geschichtlich, Künstlerisch, Städtebaulich";"gesamtes Objekt";"https://opendatarepo.lsh.uni-kiel.de/data/denkmalpflege/fotos/1554.jpg"
1517;"Bauliche Anlage";"Kreis Ostholstein";"Fehmarn, Stadt";"Am Markt 21";"Wissers Hotel";"Hotel; 1909, im Kern älter; zweigeschossiger Putzbau mit Halbwalmdach, giebelständig, Gebäudeecken und Erdgeschoss rustiziert";"Geschichtlich, Städtebaulich";"gesamtes Äußeres";"https://opendatarepo.lsh.uni-kiel.de/data/denkmalpflege/fotos/1517.jpg"
1520;"Bauliche Anlage";"Kreis Ostholstein";"Fehmarn, Stadt";"Am Markt 25";"Wohnhaus";"Wohnhaus; 1898; zweigeschossiger traufständiger Backsteinbau mit historistischer Putzfassade, Kieler Dach mit Schieferdeckung und Firstbekrönung";"Geschichtlich, Städtebaulich";"gesamtes Objekt";"https://opendatarepo.lsh.uni-kiel.de/data/denkmalpflege/fotos/1520.jpg"
1531;"Bauliche Anlage";"Kreis Ostholstein";"Fehmarn, Stadt";"Am Markt 28";"Wohn- und Geschäftshaus";"Wohn- und Geschäftshaus; 1879; zweigeschossiger gelber Backsteinbau des Historismus mit geputzter Giebelfassade, mit rückwärtigem Hofflügel, Satteldächer";"Geschichtlich, Städtebaulich";"gesamtes Objekt";"https://opendatarepo.lsh.uni-kiel.de/data/denkmalpflege/fotos/1531.jpg"
42878;"Bauliche Anlage";"Kreis Ostholstein";"Fehmarn, Stadt";"Am Markt 30";"Wohn- und Geschäftshaus";"Wohn- und Geschäftshaus; Anfang 20. Jahrhundert; zweigeschossiger Backsteinbau mit aufwändiger Putzgliederung, Kieler Dach mit schiefergedecktem Mansardbereich";"Geschichtlich, Städtebaulich";"gesamtes Objekt";""
1553;"Bauliche Anlage";"Kreis Ostholstein";"Fehmarn, Stadt";"Am Markt";"Marktplatz (Straßenraum)";"Alteintragung (Aktualisierung vorgesehen)";"Geschichtlich, Städtebaulich";"Marktplatz (Straßenraum), Pflasterung, Baumreihen";"https://opendatarepo.lsh.uni-kiel.de/data/denkmalpflege/fotos/1553.jpg"
456;"Bauliche Anlage";"Kreis Ostholstein";"Fehmarn, Stadt";"An der Kirche";"Kirche St. Johannis mit Ausstattung";"Alteintragung (Aktualisierung vorgesehen)";"Geschichtlich, Künstlerisch, Städtebaulich";"Kirche St. Johannis mit Ausstattung, Petersdorfer Altar";"https://opendatarepo.lsh.uni-kiel.de/data/denkmalpflege/fotos/456.jpg"
456;"Bauliche Anlage";"Kreis Ostholstein";"Fehmarn, Stadt";"An der Kirche";"Kirche St. Johannis mit Ausstattung";"Kirche St. Johannis mit Ausstattung; 13. bis 19. Jahrhundert; gewölbte Backsteinhalle von vier Jochen, im 13. Jahrhundert zweischiffig von vier Jochen Länge, im 15. Jahrhundert um ein südliches Schiff verbreitert, Chor nach 1300 mit Vorjoch und 5/8 Polygon, nördlich liegender Sakristeianbau, Westturm des 16. Jahrhunderts, Spitzhelm von 1567, nördlicher Kapellenanbau 1856; Ausstattung mit Petersdorfer Altar";"Geschichtlich, Künstlerisch, Städtebaulich";"gesamtes Objekt";"https://opendatarepo.lsh.uni-kiel.de/data/denkmalpflege/fotos/456.jpg"
5157;"Bauliche Anlage";"Kreis Ostholstein";"Fehmarn, Stadt";"An der Kirche";"Pastorat";"Pastorat; Mitte 19. Jahrhundert; eingeschossiger Backsteinbau mit Schopfwalmdach; mit Nebengebäude, Pastoratsgarten, Einfriedung";"Geschichtlich, Städtebaulich";"Pastorat, Nebengebäude, Pastoratsgarten, Einfriedung";"https://opendatarepo.lsh.uni-kiel.de/data/denkmalpflege/fotos/5157.jpg"
13213;"Bauliche Anlage";"Kreis Ostholstein";"Fehmarn, Stadt";"Austraße 1";"Scheune 1884";"Scheune 1884; im Kern wohl um 1800, Fassade 1884; giebelständiger Backsteinbau mit Dreiständerkonstruktion, Halbwalmdach";"Geschichtlich, Kulturlandschaftlich, Städtebaulich";"gesamtes Objekt";"https://opendatarepo.lsh.uni-kiel.de/data/denkmalpflege/fotos/13213.jpg"
13214;"Bauliche Anlage";"Kreis Ostholstein";"Fehmarn, Stadt";"Austraße 1";"Wohnhaus";"Wohnhaus; viertes Viertel 19. Jahrhundert; giebelständiges, eingeschossiges Backsteinhaus des Historismus mit Drempel, Satteldach";"Geschichtlich, Kulturlandschaftlich, Städtebaulich";"gesamtes Objekt";"https://opendatarepo.lsh.uni-kiel.de/data/denkmalpflege/fotos/13214.jpg"
51398;"Bauliche Anlage";"Kreis Ostholstein";"Fehmarn, Stadt";"Austraße 1";"Scheune";"Scheune; im Kern wohl um 1800, Fassade um 1884; giebelständiger Backsteinbau mit innerer Dreiständerkonstruktion, Halbwalmdach";"Geschichtlich, Kulturlandschaftlich, Städtebaulich";"gesamtes Objekt";""
42899;"Bauliche Anlage";"Kreis Ostholstein";"Fehmarn, Stadt";"Bahnhofstraße 2";"Wohn- und Geschäftshaus";"Wohn- und Geschäftshaus; Anfang 20. Jahrhundert; zweigeschossiger Putzbau mit Schmuckformen des Jugendstils, Mansarddach";"Geschichtlich, Städtebaulich";"gesamtes Objekt";""
13261;"Bauliche Anlage";"Kreis Ostholstein";"Fehmarn, Stadt";"Bahnhofstraße 7";"Wohn- und Geschäftshaus";"Wohn- und Geschäftshaus; 1899, Architekt C. Voß; dreigeschossiger Backsteinbau mit flachem Seitenrisalit, steiles Walmdach, ornamentale Gliederung im Heimatstil";"Geschichtlich, Städtebaulich";"gesamtes Objekt";"https://opendatarepo.lsh.uni-kiel.de/data/denkmalpflege/fotos/13261.jpg"
13259;"Bauliche Anlage";"Kreis Ostholstein";"Fehmarn, Stadt";"Bahnhofstraße 21";"Wohnhaus";"Wohnhaus; 1902; zweigeschossiger Putzbau mit flachem Walmdach von 1902, Fassade in Formen der Neorenaissance";"Geschichtlich, Städtebaulich";"gesamtes Objekt";"https://opendatarepo.lsh.uni-kiel.de/data/denkmalpflege/fotos/13259.jpg"
13257;"Bauliche Anlage";"Kreis Ostholstein";"Fehmarn, Stadt";"Bahnhofstraße 31";"Wohnhaus";"Wohnhaus; Ende 19. Jahrhundert; zweigeschossiger traufständiger Putzbau des Historismus, Halbwalmdach";"Geschichtlich, Städtebaulich";"gesamtes Objekt";"https://opendatarepo.lsh.uni-kiel.de/data/denkmalpflege/fotos/13257.jpg"
1557;"Bauliche Anlage";"Kreis Ostholstein";"Fehmarn, Stadt";"Bahnhofstraße 36";"Wohnhaus";"Wohnhaus Witte; 1902-03, Architekt Carl Hahn, Bauherr Jacob A.P.W. Witte;  eingeschossiges Wohnhaus mit reicher Dachgeschossgestaltung im Cottage-Stil, Sattel- und Halbwalmdächer";"Geschichtlich, Städtebaulich";"gesamtes Objekt";"https://opendatarepo.lsh.uni-kiel.de/data/denkmalpflege/fotos/1557.jpg"
1561;"Bauliche Anlage";"Kreis Ostholstein";"Fehmarn, Stadt";"Bahnhofstraße 43";"Wohnhaus Wisser";"Wohnhaus Wisser; 1898, Bauherr Apotheker Anton B. Wisser; zweigeschossiger Putzbau des Neoklassizismus, schiefergedecktes Walmdach";"Geschichtlich, Städtebaulich";"gesamtes Objekt";"https://opendatarepo.lsh.uni-kiel.de/data/denkmalpflege/fotos/1561.jpg"
30;"Bauliche Anlage";"Kreis Ostholstein";"Fehmarn, Stadt";"Bahnhofstraße 45";"ehem. Amtshaus";"ehem. Amtshaus; 1853; eingeschossiger, weiß geschlämmter Backsteinbau des Spätklassizismus, Satteldach";"Geschichtlich, Städtebaulich";"gesamtes Objekt";"https://opendatarepo.lsh.uni-kiel.de/data/denkmalpflege/fotos/30.jpg"
1564;"Bauliche Anlage";"Kreis Ostholstein";"Fehmarn, Stadt";"Bahnhofstraße 54";"Wohnhaus";"Wohnhaus; 1897; zweigeschossiger kubischer Putzbau, schiefergedecktes Walmdach; mit Remise und Einfriedung";"Geschichtlich, Städtebaulich";"Wohnhaus, ehem. Remise, Einfriedung";"https://opendatarepo.lsh.uni-kiel.de/data/denkmalpflege/fotos/1564.jpg"
13166;"Bauliche Anlage";"Kreis Ostholstein";"Fehmarn, Stadt";"Bisdorf 8";"Scheune";"Scheune; 1923, Zimmermeister Pott; mächtiger giebelständiger Backsteinbau mit Wandstreifengliederung, Mansarddach";"Geschichtlich, Kulturlandschaftlich, Städtebaulich";"gesamtes Objekt";"https://opendatarepo.lsh.uni-kiel.de/data/denkmalpflege/fotos/13166.jpg"
42811;"Bauliche Anlage";"Kreis Ostholstein";"Fehmarn, Stadt";"Bisdorf 47";"Scheune";"Scheune; 1911; giebelständiger Backsteinbau, zweigeschossig mit Drempel, flaches Satteldach";"Geschichtlich, Kulturlandschaftlich, Städtebaulich";"gesamtes Objekt";""
38436;"Bauliche Anlage";"Kreis Ostholstein";"Fehmarn, Stadt";"Blieschendorf 1";"Wohnhaus";"Wohnhaus; um 1900; eingeschossiger, traufständiger Backsteinbau mit Mittelzwerchhaus, Schopfwalmdach mit Schieferdeckung; mit vier Hausbäumen";"Geschichtlich, Kulturlandschaftlich, Städtebaulich";"Wohnhaus, vier Hausbäume";""
1568;"Bauliche Anlage";"Kreis Ostholstein";"Fehmarn, Stadt";"Breite Straße 10";"Gasthaus mit Firsturne";"Gasthaus mit Firsturne; 1644; stattlicher giebelständiger, zweigeschossiger Fachwerkbau mit Backsteinausfachung, Krüppelwalmdach";"Geschichtlich, Städtebaulich";"gesamtes Objekt";"https://opendatarepo.lsh.uni-kiel.de/data/denkmalpflege/fotos/1568.jpg"
1572;"Bauliche Anlage";"Kreis Ostholstein";"Fehmarn, Stadt";"Breite Straße 26";"Wohnhaus";"Wohnhaus; zweite Hälfte 19. Jahrhundert; traufständiges, zweigeschossiges Backsteingebäude des Historismus mit hohem Sockel, Satteldach; mit Nebengebäude";"Geschichtlich, Städtebaulich";"Wohnhaus, Nebengebäude";"https://opendatarepo.lsh.uni-kiel.de/data/denkmalpflege/fotos/1572.jpg"
1574;"Bauliche Anlage";"Kreis Ostholstein";"Fehmarn, Stadt";"Breite Straße 28";"ehem. Kapitänswohnhaus";"ehem. Kapitänswohnhaus; 1783, Bauherren Jürgen und Anna Wohler; eingeschossiges Fachwerktraufenhaus mit Backsteinausfachung und zweiachsigem Mittelzwerchhaus mit Satteldach, Schopfwalmdach";"Geschichtlich, Künstlerisch, Städtebaulich";"gesamtes Objekt";"https://opendatarepo.lsh.uni-kiel.de/data/denkmalpflege/fotos/1574.jpg"
1575;"Bauliche Anlage";"Kreis Ostholstein";"Fehmarn, Stadt";"Breite Straße 29";"Wohn- und Geschäftshaus";"Alteintragung (Aktualisierung vorgesehen)";"Geschichtlich, Städtebaulich";"gesamtes Äußeres";"https://opendatarepo.lsh.uni-kiel.de/data/denkmalpflege/fotos/1575.jpg"
1576;"Bauliche Anlage";"Kreis Ostholstein";"Fehmarn, Stadt";"Breite Straße 30";"Wohnhaus";"Wohnhaus; Ende 19. Jahrhundert; eingeschossiges Giebelhaus des Historismus aus Backstein, Halbwalmdach";"Geschichtlich, Städtebaulich";"gesamtes Objekt";"https://opendatarepo.lsh.uni-kiel.de/data/denkmalpflege/fotos/1576.jpg"
1577;"Bauliche Anlage";"Kreis Ostholstein";"Fehmarn, Stadt";"Breite Straße 32";"ehem. Wohnhaus N. Mildenstein";"ehem. Wohnhaus N. Mildenstein; 1920, Architekt D. Willbrandt; eingeschossiger Backsteinbau des Heimatschutzstils mit zweigeschossigem Mittelrisalit an der Traufseite, Schopfwalmdach mit Biberschwanz-Kronendeckung";"Geschichtlich, Künstlerisch, Städtebaulich";"gesamtes Objekt";"https://opendatarepo.lsh.uni-kiel.de/data/denkmalpflege/fotos/1577.jpg"
1578;"Bauliche Anlage";"Kreis Ostholstein";"Fehmarn, Stadt";"Breite Straße 42";"Wohnhaus";"Alteintragung (Aktualisierung vorgesehen)";"Geschichtlich, Städtebaulich";"gesamtes Äußeres";"https://opendatarepo.lsh.uni-kiel.de/data/denkmalpflege/fotos/1578.jpg"
1581;"Bauliche Anlage";"Kreis Ostholstein";"Fehmarn, Stadt";"Breite Straße 45";"Wohn- und Geschäftshaus";"Alteintragung (Aktualisierung vorgesehen)";"Geschichtlich, Städtebaulich";"gesamtes Objekt";"https://opendatarepo.lsh.uni-kiel.de/data/denkmalpflege/fotos/1581.jpg"
1586;"Bauliche Anlage";"Kreis Ostholstein";"Fehmarn, Stadt";"Breite Straße 49";"Museum, ehem. Schulhaus";"Alteintragung (Aktualisierung vorgesehen)";"";"Alteintragung (Aktualisierung vorgesehen)";"https://opendatarepo.lsh.uni-kiel.de/data/denkmalpflege/fotos/1586.jpg"
1585;"Bauliche Anlage";"Kreis Ostholstein";"Fehmarn, Stadt";"Breite Straße 51";"Museum, ehem. Cantorwohnhaus";"Alteintragung (Aktualisierung vorgesehen)";"";"Alteintragung (Aktualisierung vorgesehen)";""
1584;"Bauliche Anlage";"Kreis Ostholstein";"Fehmarn, Stadt";"Breite Straße 53";"Museum, ehem. Predigerwitwenhaus";"Alteintragung (Aktualisierung vorgesehen)";"";"Alteintragung (Aktualisierung vorgesehen)";"https://opendatarepo.lsh.uni-kiel.de/data/denkmalpflege/fotos/1584.jpg"
1565;"Bauliche Anlage";"Kreis Ostholstein";"Fehmarn, Stadt";"Breite Straße";"Straßenraum";"Alteintragung (Aktualisierung vorgesehen)";"Geschichtlich, Städtebaulich";"Straßenraum, Pflasterung";"https://opendatarepo.lsh.uni-kiel.de/data/denkmalpflege/fotos/1565.jpg"
1608;"Bauliche Anlage";"Kreis Ostholstein";"Fehmarn, Stadt";"Breite Straße";"Kirche St. Nikolai mit Ausstattung";"Alteintragung (Aktualisierung vorgesehen)";"Geschichtlich, Künstlerisch, Städtebaulich";"gesamtes Objekt";"https://opendatarepo.lsh.uni-kiel.de/data/denkmalpflege/fotos/1608.jpg"
27638;"Bauliche Anlage";"Kreis Ostholstein";"Fehmarn, Stadt";"Breite Straße";"Baumreihen";"Alteintragung (Aktualisierung vorgesehen)";"";"Alteintragung (Aktualisierung vorgesehen)";""
773;"Bauliche Anlage";"Kreis Ostholstein";"Fehmarn, Stadt";"Burgstaaken";"Mansardspeicher Engel";"Mansardspeicher Engel; um 1780, Bauherr Hertz Engel; eingeschossiger Backsteinbau mit mittigem Zwerchhaus mit Ladeluken, Mansarddach";"Geschichtlich, Städtebaulich";"gesamtes Objekt";"https://opendatarepo.lsh.uni-kiel.de/data/denkmalpflege/fotos/773.jpg"
13180;"Bauliche Anlage";"Kreis Ostholstein";"Fehmarn, Stadt";"Dörpdiek 8";"Wohnhaus Kruse";"Wohnhaus; 1863; eingeschossiges, giebelständiges Backsteinhaus mit historistischen und spätklassizistischen Schmuckelementen, Schopfwalmdach; mit vier Hausbäumen";"Geschichtlich, Städtebaulich";"Wohnhaus Kruse, vier Hausbäume";"https://opendatarepo.lsh.uni-kiel.de/data/denkmalpflege/fotos/13180.jpg"
41817;"Bauliche Anlage";"Kreis Ostholstein";"Fehmarn, Stadt";"Dörpdiek 8";"Scheune";"Scheune; 1924; giebelständige Großscheune aus Backstein, Mansarddach";"Geschichtlich, Kulturlandschaftlich, Städtebaulich";"gesamtes Objekt";""
10279;"Bauliche Anlage";"Kreis Ostholstein";"Fehmarn, Stadt";"Fehmarnsund";"Fehmarnsundbrücke";"Fehmarnsundbrücke; Wettbewerb 1959, Ausführung 1960-1963, Entwurf des Bogentragwerks Gutehoffnungshütte AG, beratender Architekt Gerd Lohmer; Netzwerkbogenbrücke mit stählernem Bogentragwerk, zweistreifiger Fahrbahn für den Autoverkehr sowie Gleisstrecke für den Zugverkehr und Hohlkastenpfeilern aus Beton";"Geschichtlich, Künstlerisch, Kulturlandschaftlich, Städtebaulich, Technisch";"gesamtes Objekt";"https://opendatarepo.lsh.uni-kiel.de/data/denkmalpflege/fotos/10279.jpg"
13048;"Bauliche Anlage";"Kreis Ostholstein";"Fehmarn, Stadt";"Flügger Leuchtturm 1 a";"Leuchtturm Flügge";"Leuchtturm Flügge; 1914-16; schlanker, sich über oktogonalem Grundriss nach oben verjüngender Backsteinturm mit stählernem Laternenaufsatz mit zwei umlaufenden Galerien";"Geschichtlich, Kulturlandschaftlich, Technisch";"gesamtes Objekt";"https://opendatarepo.lsh.uni-kiel.de/data/denkmalpflege/fotos/13048.jpg"
3336;"Bauliche Anlage";"Kreis Ostholstein";"Fehmarn, Stadt";"Hauptstraße 39 a";"Scheune Goessel";"Alteintragung (Aktualisierung vorgesehen)";"Geschichtlich, Städtebaulich";"gesamtes Objekt";"https://opendatarepo.lsh.uni-kiel.de/data/denkmalpflege/fotos/3336.jpg"
3153;"Bauliche Anlage";"Kreis Ostholstein";"Fehmarn, Stadt";"Hauptstraße";"Kirche St. Petri mit Ausstattung";"Alteintragung (Aktualisierung vorgesehen)";"Geschichtlich, Künstlerisch, Städtebaulich";"Kirche St. Petri mit Ausstattung, Glockenturm";"https://opendatarepo.lsh.uni-kiel.de/data/denkmalpflege/fotos/3153.jpg"
2657;"Bauliche Anlage";"Kreis Ostholstein";"Fehmarn, Stadt";"Hohendörp 1";"Wohnhaus";"Alteintragung (Aktualisierung vorgesehen)";"Geschichtlich, Städtebaulich";"gesamtes Äußeres";"https://opendatarepo.lsh.uni-kiel.de/data/denkmalpflege/fotos/2657.jpg"
13251;"Bauliche Anlage";"Kreis Ostholstein";"Fehmarn, Stadt";"Kantstraße 1";"Bronzeplastik Knabe mit Fohlen von Karlheinz Goedtke";"Bronzeplastik „Knabe mit Fohlen“; 1965, Bildhauer Karlheinz Goedtke; lebensgroße Skulpturengruppe auf Grünfläche vor der Inselschule";"Geschichtlich, Künstlerisch, Städtebaulich";"gesamtes Objekt";"https://opendatarepo.lsh.uni-kiel.de/data/denkmalpflege/fotos/13251.jpg"
42903;"Bauliche Anlage";"Kreis Ostholstein";"Fehmarn, Stadt";"Kantstraße 1";"Zwei Schwimmer von Karlheinz Goedtke";"Bronzeplastik „Zwei Schwimmer“; 1970, Bildhauer Karlheinz Goedtke (1915-1995); Bronzeplastik auf Betonpostament eingebettet in eine kleine Grünanlage vor der Inselschule";"Geschichtlich, Künstlerisch, Städtebaulich";"gesamtes Objekt";""
1607;"Bauliche Anlage";"Kreis Ostholstein";"Fehmarn, Stadt";"Kapellenweg 13";"St.-Jürgen-Kapelle";"St.-Jürgen-Kapelle; wohl 1507, Restaurierung 1907; dreiseitig geschlossener, kleiner Backsteinsaalbau mit hölzerner Segmentbogentonne, Spitzbogenfenster, spätgotische figürliche- und Rankenmalerei u. mittelalterliche Ausstattung";"Geschichtlich, Künstlerisch, Städtebaulich";"gesamtes Objekt";"https://opendatarepo.lsh.uni-kiel.de/data/denkmalpflege/fotos/1607.jpg"
42814;"Bauliche Anlage";"Kreis Ostholstein";"Fehmarn, Stadt";"Katharinenhof";"Wartehäuschen Bushaltestelle";"Wartehäuschen; um 1963 aufgestellt, 1962 Entwurf Paul Cadovius; muschelförmiger Schalenbau aus GFK";"Geschichtlich, Künstlerisch, Städtebaulich";"gesamtes Objekt";""
3965;"Bauliche Anlage";"Kreis Ostholstein";"Fehmarn, Stadt";"Kirchenstieg";"Kirche St. Johannis mit Ausstattung";"Alteintragung (Aktualisierung vorgesehen)";"Geschichtlich, Künstlerisch, Städtebaulich";"gesamtes Objekt";"https://opendatarepo.lsh.uni-kiel.de/data/denkmalpflege/fotos/3965.jpg"
1650;"Bauliche Anlage";"Kreis Ostholstein";"Fehmarn, Stadt";"Marienleuchte 1";"Leuchtturm mit Flügelbauten";"Alteintragung (Aktualisierung vorgesehen)";"Geschichtlich, Kulturlandschaftlich, Technisch";"Alteintragung (Aktualisierung vorgesehen)";"https://opendatarepo.lsh.uni-kiel.de/data/denkmalpflege/fotos/1650.jpg"
1159;"Bauliche Anlage";"Kreis Ostholstein";"Fehmarn, Stadt";"Meeschendorf 17";"Wohnhaus";"Wohnhaus; 1786, Bauherr Nikolas Hieronymus Mackeprang; giebelständiges Fachhallenhaus in Zweiständerbauweise, Fachwerkaußenwände mit ausgemauerten Gefachen, pfannengedecktes Schopfwalmdach; mit vier Hausbäumen";"Geschichtlich, Kulturlandschaftlich, Städtebaulich";"Wohnhaus, vier Hausbäume";"https://opendatarepo.lsh.uni-kiel.de/data/denkmalpflege/fotos/1159.jpg"
40276;"Bauliche Anlage";"Kreis Ostholstein";"Fehmarn, Stadt";"Meeschendorf 17";"Scheune";"Scheune; Anfang 20. Jahrhundert; Großscheune aus Backstein im Heimatschutzstil, flaches Satteldach";"Geschichtlich, Kulturlandschaftlich, Städtebaulich";"gesamtes Objekt";""
3518;"Bauliche Anlage";"Kreis Ostholstein";"Fehmarn, Stadt";"Mühlenweg 3";"Windmühle Südermühle";"Alteintragung (Aktualisierung vorgesehen)";"Geschichtlich, Kulturlandschaftlich, Technisch";"gesamtes Objekt";"https://opendatarepo.lsh.uni-kiel.de/data/denkmalpflege/fotos/3518.jpg"
13210;"Bauliche Anlage";"Kreis Ostholstein";"Fehmarn, Stadt";"Mühlenweg/Lemkenhafen 43";"Müllerwohnhaus";"Alteintragung (Aktualisierung vorgesehen)";"";"Alteintragung (Aktualisierung vorgesehen)";"https://opendatarepo.lsh.uni-kiel.de/data/denkmalpflege/fotos/13210.jpg"
3374;"Bauliche Anlage";"Kreis Ostholstein";"Fehmarn, Stadt";"Mühlenweg/Lemkenhafen 45";"Segel-Windmühle mit Wirtschaftsgebäude";"Alteintragung (Aktualisierung vorgesehen)";"";"Alteintragung (Aktualisierung vorgesehen)";"https://opendatarepo.lsh.uni-kiel.de/data/denkmalpflege/fotos/3374.jpg"
9419;"Bauliche Anlage";"Kreis Ostholstein";"Fehmarn, Stadt";"Niendorfer Straße 12";"Wohnhaus";"Wohnhaus; 1789, Umbau 1888; im Kern giebelständiges Fachwerkhaus, nach Brand im Jahr 1888 Drempelgeschoss aufgestockt und neue in Formen des Historismus ausgeführt, Satteldach, mit rückwärtiger Werkstatt";"Geschichtlich, Städtebaulich";"Wohnhaus, Werkstatt";"https://opendatarepo.lsh.uni-kiel.de/data/denkmalpflege/fotos/9419.jpg"
1609;"Bauliche Anlage";"Kreis Ostholstein";"Fehmarn, Stadt";"Niendorfer Weg 5";"Realschule";"Alteintragung (Aktualisierung vorgesehen)";"Geschichtlich, Künstlerisch, Städtebaulich";"gesamtes Objekt";"https://opendatarepo.lsh.uni-kiel.de/data/denkmalpflege/fotos/1609.jpg"
13076;"Bauliche Anlage";"Kreis Ostholstein";"Fehmarn, Stadt";"Op de Wei 17";"Kate";"Kate; 18./ 19. Jahrhundert; Fachwerkkate mit verputztem Straßengiebel und reetgedecktem Halbwalmdach";"Geschichtlich, Kulturlandschaftlich, Städtebaulich";"gesamtes Objekt";"https://opendatarepo.lsh.uni-kiel.de/data/denkmalpflege/fotos/13076.jpg"
2759;"Bauliche Anlage";"Kreis Ostholstein";"Fehmarn, Stadt";"Priesterstraße 5";"Wohnhaus";"Wohnhaus; prägendes Gesamtbild erstes Drittel 20. Jahrhundert, im Kern älter; zweigeschossiger, breitgelagerter Backsteinkubus, Walmdach";"Geschichtlich, Städtebaulich";"gesamtes Objekt";"https://opendatarepo.lsh.uni-kiel.de/data/denkmalpflege/fotos/2759.jpg"
2760;"Bauliche Anlage";"Kreis Ostholstein";"Fehmarn, Stadt";"Sahrensdorfer Straße 13";"Wohnhaus";"Fachwerkgebäude; 18./19. Jh.; eingeschossiger Zweiständerbau mit Durchgangsdiele, Abseiten und Walmdach, Fachwerk unter Putz";"Geschichtlich, Städtebaulich";"gesamtes Objekt";"https://opendatarepo.lsh.uni-kiel.de/data/denkmalpflege/fotos/2760.jpg"
2761;"Bauliche Anlage";"Kreis Ostholstein";"Fehmarn, Stadt";"Sahrensdorfer Straße 13";"Speicher";"Wirtschaftsgebäude; 19.Jh.; Fachwerkbau in Ständerbauweise mit Halbwalmdach und seitlicher Toreinfahrt";"Geschichtlich, Städtebaulich";"gesamtes Objekt";"https://opendatarepo.lsh.uni-kiel.de/data/denkmalpflege/fotos/2761.jpg"
1594;"Bauliche Anlage";"Kreis Ostholstein";"Fehmarn, Stadt";"Sahrensdorfer Straße 16";"Wohnhaus";"Wohnhaus; im Kern 18. Jahrhundert; eingeschossiges Fachwerkhaus weitgehend verputzt, Nordseite mit sichtbarem Fachwerk, giebelständig mit Feldsteinsockel und seitlichem Eingang, Halbwalmdach, mit Traufenpflaster";"Geschichtlich, Städtebaulich";"Wohnhaus, Traufenpflaster";"https://opendatarepo.lsh.uni-kiel.de/data/denkmalpflege/fotos/1594.jpg"
1552;"Bauliche Anlage";"Kreis Ostholstein";"Fehmarn, Stadt";"Sahrensdorfer Straße 62";"Friedhofskapelle";"Friedhofskapelle; 1923, Architekt Otto Siebert; giebelständiger Backstein-Saalbau über Bruchsteinsockel mit jüngerem Chorbereich, Glockenturm an der Eingangsfront dachreiterartig vorkragend, Satteldach, mit Vorplatz";"Geschichtlich, Städtebaulich";"Friedhofskapelle, Vorplatz";"https://opendatarepo.lsh.uni-kiel.de/data/denkmalpflege/fotos/1552.jpg"
13185;"Bauliche Anlage";"Kreis Ostholstein";"Fehmarn, Stadt";"Schlagsdorf 1";"Scheune";"Scheune; 1811; Vierständerscheune mit Längsdurchfahrt, Fachwerkaußenwände mit Backstein- und Lehmausfachung, Walmdach";"Geschichtlich, Kulturlandschaftlich, Städtebaulich";"gesamtes Objekt";"https://opendatarepo.lsh.uni-kiel.de/data/denkmalpflege/fotos/13185.jpg"
30233;"Bauliche Anlage";"Kreis Ostholstein";"Fehmarn, Stadt";"Seestraße 24";"Speicher";"Speicher; 1890; eingeschossiger Backsteinspeicher des Historismus mit hohem Drempelgeschoss, flaches Satteldach";"Geschichtlich, Städtebaulich";"gesamtes Objekt";""
42788;"Bauliche Anlage";"Kreis Ostholstein";"Fehmarn, Stadt";"Siedendörp 24";"Scheune";"Scheune; 1929; mächtiger Backsteinbau, doppelgeschossig mit Drempel, flaches Satteldach";"Geschichtlich, Kulturlandschaftlich, Städtebaulich";"gesamtes Objekt";""
970;"Bauliche Anlage";"Kreis Ostholstein";"Fehmarn, Stadt";"Staberhof 4";"Gut Staberhof: Herrenhaus";"Alteintragung (Aktualisierung vorgesehen)";"";"Alteintragung (Aktualisierung vorgesehen)";"https://opendatarepo.lsh.uni-kiel.de/data/denkmalpflege/fotos/970.jpg"
971;"Bauliche Anlage";"Kreis Ostholstein";"Fehmarn, Stadt";"Staberhof 4";"Gut Staberhof: Scheune";"Alteintragung (Aktualisierung vorgesehen)";"";"Alteintragung (Aktualisierung vorgesehen)";"https://opendatarepo.lsh.uni-kiel.de/data/denkmalpflege/fotos/971.jpg"
7978;"Bauliche Anlage";"Kreis Ostholstein";"Fehmarn, Stadt";"Staberhuk";"Leuchtturm Staberhuk";"Alteintragung (Aktualisierung vorgesehen)";"Geschichtlich, Kulturlandschaftlich";"gesamtes Objekt";"https://opendatarepo.lsh.uni-kiel.de/data/denkmalpflege/fotos/7978.jpg"
32512;"Bauliche Anlage";"Kreis Ostholstein";"Fehmarn, Stadt";"Strukkamp";"Reichsautobahn-Brücke";"Reichsautobahn-Brücke; 1941, Architekt Heinrich Bartmann für die Organisation Todt; backsteinsichtige Bogenbrücke auf der B 207 über die Straße Strukkamp";"Geschichtlich, Technisch";"gesamtes Objekt";"https://opendatarepo.lsh.uni-kiel.de/data/denkmalpflege/fotos/32512.jpg"
13049;"Bauliche Anlage";"Kreis Ostholstein";"Fehmarn, Stadt";"Strukkamp Huk";"Leuchtturm Strukkamphuk";"Alteintragung (Aktualisierung vorgesehen)";"Geschichtlich, Kulturlandschaftlich, Technisch";"gesamtes Objekt";"https://opendatarepo.lsh.uni-kiel.de/data/denkmalpflege/fotos/13049.jpg"
13049;"Bauliche Anlage";"Kreis Ostholstein";"Fehmarn, Stadt";"Strukkamp Huk";"Leuchtturm Strukkamphuk";"Leuchtturm Strukkamphuk; 1934-35; zylindrischer Betonleuchtturm mit stählernem Leuchtfeueraufsatz, flach geneigtes Kegeldach; mit Brüstungsmauer und ehem. Gasgeräteschuppen";"Geschichtlich, Kulturlandschaftlich, Technisch";"Leuchtturm Strukkamphuk, ehem. Gasgeräteschuppen, Brüstungsmauer";"https://opendatarepo.lsh.uni-kiel.de/data/denkmalpflege/fotos/13049.jpg"
1596;"Bauliche Anlage";"Kreis Ostholstein";"Fehmarn, Stadt";"Süderstraße 7";"Wohnhaus";"Wohnhaus Mildenstein; 1884, Bauherr M.E. Mildenstein; zweigeschossiger Putzbau des Historismus, traufenständig mit zentralem Schmuckgiebel, schiefergedecktes Satteldach, vier Hauslinden";"Geschichtlich, Städtebaulich";"Wohnhaus, vier Hauslinden";"https://opendatarepo.lsh.uni-kiel.de/data/denkmalpflege/fotos/1596.jpg"
1597;"Bauliche Anlage";"Kreis Ostholstein";"Fehmarn, Stadt";"Süderstraße 9";"Wohnhaus";"Wohnhaus; 1897; zweigeschossiges neoklassizistischer Putzbau über hohem Sockel, zur Straße abgewalmtes Satteldach mit Mittelzwerchhaus";"Geschichtlich, Städtebaulich";"gesamtes Objekt";"https://opendatarepo.lsh.uni-kiel.de/data/denkmalpflege/fotos/1597.jpg"
1598;"Bauliche Anlage";"Kreis Ostholstein";"Fehmarn, Stadt";"Süderstraße 15";"Wohnhaus";"Wohnhaus, um 1900, eingeschossiger Backsteinbau mit Rückflügel, Drempel, zweigeschossigem Mittelteil und Satteldach";"Geschichtlich, Städtebaulich";"gesamtes Objekt";"https://opendatarepo.lsh.uni-kiel.de/data/denkmalpflege/fotos/1598.jpg"
1602;"Bauliche Anlage";"Kreis Ostholstein";"Fehmarn, Stadt";"Süderstraße 36";"Wohnhaus";"Wohnhaus; 2. Hälfte 19. Jh.; eingeschossiger Putzbau mit dreiachsigem  Zwerchhaus und Halbwalmdach, traufständig";"Geschichtlich, Städtebaulich";"gesamtes Objekt";"https://opendatarepo.lsh.uni-kiel.de/data/denkmalpflege/fotos/1602.jpg"
6413;"Bauliche Anlage";"Kreis Ostholstein";"Fehmarn, Stadt";"Südstrandpromenade";"Meereswellenbad";"Meerwasserwellenbad; 1971-72, Architekt A. Jacobsen; im Kontext des Ostseeheilbades Burgtiefe errichtet,Bau auf podestartigem Unterbau, monumentales Außengerüst aus sieben, zum Meer schräg abfallenden Betonbindern, filigranes verglastes Stahlgehäuse eingehängt";"Geschichtlich, Künstlerisch, Städtebaulich";"Meereswellenbad, plattformartiger Unterbau";"https://opendatarepo.lsh.uni-kiel.de/data/denkmalpflege/fotos/6413.jpg"
37748;"Bauliche Anlage";"Kreis Ostholstein";"Fehmarn, Stadt";"Südstrandpromenade";"Bronzeplastik Mädchen vom Südstrand von Karlheinz Goedtke";"Bronzeplastik 'Mädchen am Strand'; 1975, Karlheinz Goedtke; etwa lebensgroße Bronzegruppe, zwei junge Frauen in wehender Strandkleidung";"Geschichtlich, Künstlerisch, Städtebaulich";"gesamtes Objekt";""
13065;"Bauliche Anlage";"Kreis Ostholstein";"Fehmarn, Stadt";"Todendorf 50";"Scheune";"Scheune; im Kern 1781; Fachwerkbau in Dreiständerkonstruktion, Westgiebel in Backstein erneuert, Walmdach";"Geschichtlich, Kulturlandschaftlich, Städtebaulich";"gesamtes Objekt";"https://opendatarepo.lsh.uni-kiel.de/data/denkmalpflege/fotos/13065.jpg"
13057;"Bauliche Anlage";"Kreis Ostholstein";"Fehmarn, Stadt";"Vitzdorf 13";"Fachhallenhaus";"Fachhallenhaus; im Kern von 1723; Fachhallenhaus von fünf Fach, Außenwände mit Backsteinausfachung, südlich Vollgiebel, nördlich Halbwalm";"Geschichtlich, Kulturlandschaftlich, Städtebaulich";"gesamtes Objekt";"https://opendatarepo.lsh.uni-kiel.de/data/denkmalpflege/fotos/13057.jpg"
42795;"Bauliche Anlage";"Kreis Ostholstein";"Fehmarn, Stadt";"Westerdor 5";"Scheune Wulf";"Scheune Wulf; 1908; giebelständiger Backsteinbau, zweigeschossig mit Drempel, flaches Satteldach; mit Hofpflaster";"Geschichtlich, Kulturlandschaftlich, Städtebaulich";"Scheune Wulf, Hofpflaster";""
9031;"Bauliche Anlage";"Kreis Ostholstein";"Fehmarn, Stadt";"Westermarkelsdorf";"Leuchtturm Westermarkelsdorf mit Wärterhaus";"Alteintragung (Aktualisierung vorgesehen)";"Geschichtlich, Kulturlandschaftlich, Technisch";"gesamtes Objekt";"https://opendatarepo.lsh.uni-kiel.de/data/denkmalpflege/fotos/9031.jpg"
1604;"Bauliche Anlage";"Kreis Ostholstein";"Fehmarn, Stadt";"Wilhelmstraße 40";"Wohnhaus";"Wohnhaus; 1875; traufständiger, symmetrischer zweigeschossiger Putzbau des Historismus mit Drempel und dreigeschossigem Mittelrisalit, Satteldach";"Geschichtlich, Städtebaulich";"gesamtes Äußeres";"https://opendatarepo.lsh.uni-kiel.de/data/denkmalpflege/fotos/1604.jpg"
1606;"Bauliche Anlage";"Kreis Ostholstein";"Fehmarn, Stadt";"";"Burgruine Glambek";"Burgruine Glambek; 13. Jh., 1627 zerstört, 1908 freigelegt; rechteckige, von einem breiten Burggraben umzogene Anlage, ca. 1 m hohe Backsteinmauern auf Feldsteinfundamenten";"Geschichtlich, Städtebaulich, Wissenschaftlich";"Burgruine Glambek, Burgruine, Burggraben";"https://opendatarepo.lsh.uni-kiel.de/data/denkmalpflege/fotos/1606.jpg"
13205;"Gründenkmal";"Kreis Ostholstein";"Fehmarn, Stadt";"An der Kirche";"Kirchhof";"Kirchhof; vermutlich mit dem Kirchenbau im 13. Jahrhundert angelegt; um die Kirche St. Johannis umlaufender Friedhof; mit Lindenkranz und umlaufender Böschungsmauer aus Granitsteinen";"Geschichtlich, Kulturlandschaftlich";"Kirchhof, Granitböschungsmauer, Lindenkranz, historische Grabmale";"https://opendatarepo.lsh.uni-kiel.de/data/denkmalpflege/fotos/13205.jpg"
10791;"Gründenkmal";"Kreis Ostholstein";"Fehmarn, Stadt";"Breite Straße";"Kirchhof";"Alteintragung (Aktualisierung vorgesehen)";"Geschichtlich, Kulturlandschaftlich";"Kirchhof, Grabmale bis 1870, Granitböschungsmauer, Lindenkranz";"https://opendatarepo.lsh.uni-kiel.de/data/denkmalpflege/fotos/10791.jpg"
42902;"Gründenkmal";"Kreis Ostholstein";"Fehmarn, Stadt";"Breite Straße";"Doppeleiche mit Gedenkstein";"Doppeleiche mit Gedenkstein; gepflanzt 1898; landestypische Sonderzüchtung zum Gedenken an die  Schleswig-Holsteinische Erhebung von 1848 gepflanzt";"Geschichtlich, Städtebaulich";"gesamtes Objekt";""
12512;"Gründenkmal";"Kreis Ostholstein";"Fehmarn, Stadt";"Burgstaakenweg, Staakensweg";"Sorbus-Allee mit Granitpflaster";"Sorbus-Allee mit Granitpflaster; angelegt in den 1930er Jahren; etwa 1 km lange Allee aus Schwedischen Mehlbeeren, in historischem Querschnitt aus flankierenden Baumreihen und Fußwegen um Straße aus Granitpflaster";"Geschichtlich, Städtebaulich";"gesamtes Objekt";"https://opendatarepo.lsh.uni-kiel.de/data/denkmalpflege/fotos/12512.jpg"
13155;"Gründenkmal";"Kreis Ostholstein";"Fehmarn, Stadt";"Hauptstraße";"Kirchhof";"Alteintragung (Aktualisierung vorgesehen)";"Geschichtlich, Kulturlandschaftlich";"Kirchhof, Grabmale bis 1870, Granitböschungsmauer, Lindenreihe";"https://opendatarepo.lsh.uni-kiel.de/data/denkmalpflege/fotos/13155.jpg"
13105;"Gründenkmal";"Kreis Ostholstein";"Fehmarn, Stadt";"Kirchenstieg";"Kirchhof";"Alteintragung (Aktualisierung vorgesehen)";"Geschichtlich, Kulturlandschaftlich";"Kirchhof, Grabmale bis 1870, Feldsteinwall, Hauptpforte";"https://opendatarepo.lsh.uni-kiel.de/data/denkmalpflege/fotos/13105.jpg"
13148;"Gründenkmal";"Kreis Ostholstein";"Fehmarn, Stadt";"Ortsteil Vadersdorf";"Lindenallee";"Lindenallee; in der Anlage mittelalterlich, 1863 Ausbau der Dorfstraße, 1888 Pflanzung der Linden; die Allee flankiert die Hauptverkehrsachse Vadersdorfs auf der gesamten Dorflänge; mit dem Dorfteich";"Geschichtlich, Kulturlandschaftlich, Städtebaulich";"Lindenallee, Dorfteich ";"https://opendatarepo.lsh.uni-kiel.de/data/denkmalpflege/fotos/13148.jpg"
29010;"Gründenkmal";"Kreis Ostholstein";"Fehmarn, Stadt";"Sundchaussee";"Jüdischer Friedhof";"Jüdischer Friedhof; 1800 angelegt, letzte Bestattung 1879; dreieeckige Friedhofsfläche, seit 1958 mit zentralem heckenumsäumten Rasenplatz mit 2007 erneuertem Gedenkstein versehen";"Geschichtlich";"Jüdischer Friedhof, Gedenkstein";""
37073;"Sachgesamtheit";"Kreis Ostholstein";"Gremersdorf";"Am Lindenplatz 6";"Bauernhof Am Lindenplatz 6";"Hofstelle; 19. Jh.; breit gelagertes Querdielenhaus in Backstein und Lehm (um 1830) sowie Nebengebäude in Backstein (ehem. Schafstall, 19. Jh.)";"Geschichtlich, Kulturlandschaftlich, Wissenschaftlich";"Wohn- und Wirtschaftsgebäude, Schafstall";""
30033;"Bauliche Anlage";"Kreis Ostholstein";"Gremersdorf";"Am Lindenplatz 6";"Wohn- und Wirtschaftsgebäude";"Wohnstallhaus; um 1830; eingeschossiger Bau mit Quererschließung und reetgedecktem Halbwalmdach, Stallteil in Backstein, Wohnteil mit Stampflehmwänden und Ziegelverblendung";"Geschichtlich, Kulturlandschaftlich, Wissenschaftlich";"gesamtes Objekt";""
585;"Bauliche Anlage";"Kreis Ostholstein";"Gremersdorf";"An der Rundscheune 6";"Gut Bollbrügge: Rundscheune";"Alteintragung (Aktualisierung vorgesehen)";"";"Alteintragung (Aktualisierung vorgesehen)";"https://opendatarepo.lsh.uni-kiel.de/data/denkmalpflege/fotos/585.jpg"
985;"Bauliche Anlage";"Kreis Ostholstein";"Gremersdorf";"Friedrichstal";"Gut Friedrichstal: Herrenhaus";"Alteintragung (Aktualisierung vorgesehen)";"";"Alteintragung (Aktualisierung vorgesehen)";""
986;"Bauliche Anlage";"Kreis Ostholstein";"Gremersdorf";"Friedrichstal";"Gut Friedrichstal: Verwalterhaus / Meierei";"Alteintragung (Aktualisierung vorgesehen)";"";"Alteintragung (Aktualisierung vorgesehen)";""
987;"Bauliche Anlage";"Kreis Ostholstein";"Gremersdorf";"Friedrichstal";"Gut Friedrichstal: Scheune";"Alteintragung (Aktualisierung vorgesehen)";"";"Alteintragung (Aktualisierung vorgesehen)";""
30020;"Bauliche Anlage";"Kreis Ostholstein";"Gremersdorf";"Hufenweg 13";"Wohnhaus";"Wohnhaus; 1848; traufständiger eingeschossiger Backsteinbau mit Mittelzwerchhaus und vorgestellter offener Eingangsvorhalle mit Altan, flaches Satteldach";"Geschichtlich, Künstlerisch, Städtebaulich";"gesamtes Objekt";""
19400;"Bauliche Anlage";"Kreis Ostholstein";"Gremersdorf";"Meierhof 1";"Wohnhaus";"Wohnhaus; wohl nach 1842, 1920er Jahre ergänzt; eingeschossiger, traufständiger Backsteinbreitbau mit Mittelrisaliten, pfannengedecktes Schopfwalmdach";"Geschichtlich, Kulturlandschaftlich, Städtebaulich";"gesamtes Objekt";"https://opendatarepo.lsh.uni-kiel.de/data/denkmalpflege/fotos/19400.jpg"
19403;"Bauliche Anlage";"Kreis Ostholstein";"Gremersdorf";"Meierhof 1";"Taubenhaus";"Taubenhaus; Anfang 20. Jahrhundert; massives Backsteingebäude, dreiteilig mit mittigem zweistöckigem Turm mit Fachwerkobergeschoss und Mansarddach mit Schopf und seitlich zurücktretenden Annexen mit Walmdächern";"Geschichtlich, Künstlerisch, Kulturlandschaftlich";"gesamtes Objekt";"https://opendatarepo.lsh.uni-kiel.de/data/denkmalpflege/fotos/19403.jpg"
30014;"Bauliche Anlage";"Kreis Ostholstein";"Gremersdorf";"Meierhof 7";"Wirtschaftsgebäude";"Wirtschaftsgebäude; 1922, Architekt Johann Boller; Backsteinbreitbau in den Formen des Heimatschutzstils, pfannengedecktes Mansarddach";"Geschichtlich, Künstlerisch, Städtebaulich";"gesamtes Objekt";""
966;"Bauliche Anlage";"Kreis Ostholstein";"Gremersdorf";"Seegalendorf 30";"Gut Seegalendorf: Herrenhaus";"Alteintragung (Aktualisierung vorgesehen)";"";"Alteintragung (Aktualisierung vorgesehen)";""
968;"Bauliche Anlage";"Kreis Ostholstein";"Gremersdorf";"Seegalendorf 30";"Gut Seegalendorf: Torhaus";"Alteintragung (Aktualisierung vorgesehen)";"";"Alteintragung (Aktualisierung vorgesehen)";""
969;"Bauliche Anlage";"Kreis Ostholstein";"Gremersdorf";"Seegalendorf 30";"Gut Seegalendorf: Scheune";"Alteintragung (Aktualisierung vorgesehen)";"";"Alteintragung (Aktualisierung vorgesehen)";"https://opendatarepo.lsh.uni-kiel.de/data/denkmalpflege/fotos/969.jpg"
967;"Gründenkmal";"Kreis Ostholstein";"Gremersdorf";"Seegalendorf 30";"Gut Seegalendorf: Zufahrtsallee";"Alteintragung (Aktualisierung vorgesehen)";"Geschichtlich, Kulturlandschaftlich";"gesamtes Objekt";""
29933;"Sachgesamtheit";"Kreis Ostholstein";"Großenbrode";"Mühlenkamp 1-5, 2-4, 6 -8, 7-13, 10-12, 15-19";"ehem. Wehrmachtssiedlung";"Siedlung für Angehörige der Wehrmacht (Luftwaffe); 1939-1942; sechs Zwei-, Drei- und Vierfamilienhäuser in einheitlicher architektonischer Gestaltung, eingeschossige Rotsteinbauten mit Halbwalmdächern in offener Bebauung, geschlossene städtebauliche Situation";"Geschichtlich, Städtebaulich";"Siedlungshäuser Mühlenkamp 1, 2, 3, 4, 5, 6, 7, 8, 9,10, 11, 12, 15, 17, 19";""
40088;"Sachgesamtheit";"Kreis Ostholstein";"Großenbrode";"Pomosin-Werk";"ehem. Seefliegerhorst";"ehem. Seefliegerhorst der Luftwaffe; 1938-1942; bauliche Zeugnisse des ehem. Seefliegerhorstes mit Stabsgebäude, einem zweigeschossigen Backsteinbau mit Satteldach und Eingangsrisalit, ferner die Wache mit gegenüberliegendem Teilstück der ehem. Einfriedung und einer Pflasterstraße aus Großgranit";"Geschichtlich, Kulturlandschaftlich";"Stabsgebäude; Wache mit Einfriedung, Pflasterstraße";""
40705;"Sachgesamtheit";"Kreis Ostholstein";"Großenbrode";"Teichstraße";"Kirche St. Katharinen";"Aktualisierung vorgesehen";"Geschichtlich, Künstlerisch, Kulturlandschaftlich, Städtebaulich";"Kirche St. Katharinen mit Ausstattung, Kirchhof, Grabmale bis 1870, Hauptpforte, Lindenkranz, Feldsteinböschungsmauer";"https://opendatarepo.lsh.uni-kiel.de/data/denkmalpflege/fotos/40705.jpg"
29932;"Bauliche Anlage";"Kreis Ostholstein";"Großenbrode";"Bäderstraße";"Fernmeldeturm (Ocean Tower)";"Fernmeldeturm; 1965-1968; Fernmeldesektorturm A der Bundesluftwaffe zur elektronischen Aufklärung, etwa 75 m hoher Stahlbetonturm mit Radom aus wellendurchlässigem Polyurethan";"Geschichtlich, Kulturlandschaftlich, Technisch";"gesamtes Objekt";"https://opendatarepo.lsh.uni-kiel.de/data/denkmalpflege/fotos/29932.jpg"
29926;"Bauliche Anlage";"Kreis Ostholstein";"Großenbrode";"Fehmarnsund";"Fehmarnsundbrücke";"Fehmarnsundbrücke; Wettbewerb 1959, Ausführung 1960-1963, Entwurf des Bogentragwerks Gutehoffnungshütte AG, beratender Architekt Gerd Lohmer; Netzwerkbogenbrücke mit stählernem Bogentragwerk, zweistreifiger Fahrbahn für den Autoverkehr sowie eingleisiger Strecke für den Zugverkehr und Hohlkastenpfeilern aus Beton";"Geschichtlich, Künstlerisch, Kulturlandschaftlich, Technisch";"gesamtes Objekt";"https://opendatarepo.lsh.uni-kiel.de/data/denkmalpflege/fotos/29926.jpg"
40089;"Bauliche Anlage";"Kreis Ostholstein";"Großenbrode";"Pomosin-Werk";"Stabsgebäude";"Stabsgebäude des ehem. Seefliegerhorstes der Luftwaffe; 1938-1942; stattlicher zweigeschossiger Backsteinbau mit Satteldach und Eingangsrisalit";"Geschichtlich, Kulturlandschaftlich";"gesamtes Objekt";""
29929;"Bauliche Anlage";"Kreis Ostholstein";"Großenbrode";"Teichstraße 25";"Fachwerkkate";"Fachwerkkate; Katenstelle seit 1700; Außenmauern teilweise in Fachwerk, teilweise massiv in Backstein erneuert, reetgedecktes Walmdach";"Geschichtlich, Kulturlandschaftlich";"gesamtes Objekt";""
4064;"Bauliche Anlage";"Kreis Ostholstein";"Großenbrode";"Teichstraße";"Kirche St. Katharinen mit Ausstattung";"Alteintragung (Aktualisierung vorgesehen)";"Geschichtlich, Künstlerisch, Städtebaulich";"gesamtes Objekt";"https://opendatarepo.lsh.uni-kiel.de/data/denkmalpflege/fotos/4064.jpg"
21192;"Gründenkmal";"Kreis Ostholstein";"Großenbrode";"Teichstraße";"Kirchhof";"Alteintragung (Aktualisierung vorgesehen)";"Geschichtlich, Kulturlandschaftlich";"Kirchhof, Grabmale bis 1870, Hauptpforte, Lindenkranz, Feldsteinböschungsmauer";""
40716;"Sachgesamtheit";"Kreis Ostholstein";"Grube";"Bei der Kirche 16";"Kirche St. Jürgen";"Aktualisierung vorgesehen";"Geschichtlich, Künstlerisch, Kulturlandschaftlich, Städtebaulich";"Kirche St. Jürgen mit Ausstattung, Kirchhof, Grabmale bis 1870, Feldsteinböschung, Lindenkranz";""
38526;"Bauliche Anlage";"Kreis Ostholstein";"Grube";"Bei der Kirche 2";"ehem. Hotel Deutsches Haus";"ehem. Hotel „Deutsches Haus“; 1904, Baumeister Heinrich Grimm; dreigeschossiger Backsteinbau mit Putzgliederung, Seitenrisalit mit repräsentativem Schweifgiebel, Walmdach";"Geschichtlich, Städtebaulich";"gesamtes Objekt";""
4067;"Bauliche Anlage";"Kreis Ostholstein";"Grube";"Bei der Kirche 16";"Kirche St. Jürgen mit Ausstattung";"Alteintragung (Aktualisierung vorgesehen)";"Geschichtlich, Künstlerisch, Städtebaulich";"gesamtes Objekt";"https://opendatarepo.lsh.uni-kiel.de/data/denkmalpflege/fotos/4067.jpg"
4697;"Bauliche Anlage";"Kreis Ostholstein";"Grube";"Bei der Kirche 21";"ehem. Küsterhaus";"Alteintragung (Aktualisierung vorgesehen)";"Geschichtlich, Städtebaulich, Wissenschaftlich";"gesamtes Objekt";"https://opendatarepo.lsh.uni-kiel.de/data/denkmalpflege/fotos/4697.jpg"
37683;"Bauliche Anlage";"Kreis Ostholstein";"Grube";"Hauptstraße 18";"Wohnhaus (Dorfmuseum Grube)";"Wohnhaus (Dorfmuseum Grube); 1890; eingeschossiges Backsteingebäude mit zweigeschossigem, übergiebeltem Mittelrisalit, Halbwalmdach";"Geschichtlich, Städtebaulich";"gesamtes Objekt";""
5231;"Bauliche Anlage";"Kreis Ostholstein";"Grube";"Siggeneben 4";"Kate  Kloster";"Alteintragung (Aktualisierung vorgesehen)";"";"Alteintragung (Aktualisierung vorgesehen)";""
5230;"Bauliche Anlage";"Kreis Ostholstein";"Grube";"Siggeneben 6";"Kate Grüner Jäger";"Alteintragung (Aktualisierung vorgesehen)";"";"Alteintragung (Aktualisierung vorgesehen)";""
27636;"Bauliche Anlage";"Kreis Ostholstein";"Grube";"Siggeneben 6";"Kate: Schuppen";"Alteintragung (Aktualisierung vorgesehen)";"";"Alteintragung (Aktualisierung vorgesehen)";""
3792;"Bauliche Anlage";"Kreis Ostholstein";"Grube";"Siggeneben 7";"Kate Stövmöhl";"Alteintragung (Aktualisierung vorgesehen)";"";"Alteintragung (Aktualisierung vorgesehen)";""
27628;"Bauliche Anlage";"Kreis Ostholstein";"Grube";"Siggeneben 7";"Kate: Schuppen";"Alteintragung (Aktualisierung vorgesehen)";"";"Alteintragung (Aktualisierung vorgesehen)";""
5229;"Bauliche Anlage";"Kreis Ostholstein";"Grube";"Siggeneben 8 - 10";"Kate";"Alteintragung (Aktualisierung vorgesehen)";"";"Alteintragung (Aktualisierung vorgesehen)";""
27634;"Bauliche Anlage";"Kreis Ostholstein";"Grube";"Siggeneben 8 - 10";"Kate: Schuppen 1";"Alteintragung (Aktualisierung vorgesehen)";"";"Alteintragung (Aktualisierung vorgesehen)";""
27635;"Bauliche Anlage";"Kreis Ostholstein";"Grube";"Siggeneben 8 - 10";"Kate: Schuppen 2";"Alteintragung (Aktualisierung vorgesehen)";"";"Alteintragung (Aktualisierung vorgesehen)";""
5223;"Bauliche Anlage";"Kreis Ostholstein";"Grube";"Siggeneben 9";"Fachhallenhaus Wöddelkrog";"Alteintragung (Aktualisierung vorgesehen)";"";"Alteintragung (Aktualisierung vorgesehen)";""
5224;"Bauliche Anlage";"Kreis Ostholstein";"Grube";"Siggeneben 11";"Kate Wöddelkrog";"Alteintragung (Aktualisierung vorgesehen)";"";"Alteintragung (Aktualisierung vorgesehen)";""
27629;"Bauliche Anlage";"Kreis Ostholstein";"Grube";"Siggeneben 11";"Kate: Schuppen";"Alteintragung (Aktualisierung vorgesehen)";"";"Alteintragung (Aktualisierung vorgesehen)";""
5228;"Bauliche Anlage";"Kreis Ostholstein";"Grube";"Siggeneben 12";"Kate Op de Wei";"Alteintragung (Aktualisierung vorgesehen)";"";"Alteintragung (Aktualisierung vorgesehen)";""
27633;"Bauliche Anlage";"Kreis Ostholstein";"Grube";"Siggeneben 12";"Kate: Schuppen";"Alteintragung (Aktualisierung vorgesehen)";"";"Alteintragung (Aktualisierung vorgesehen)";""
5226;"Bauliche Anlage";"Kreis Ostholstein";"Grube";"Siggeneben 13";"Kate Kuckuckshaus";"Alteintragung (Aktualisierung vorgesehen)";"";"Alteintragung (Aktualisierung vorgesehen)";""
27630;"Bauliche Anlage";"Kreis Ostholstein";"Grube";"Siggeneben 13";"Kate: Stallgebäude";"Alteintragung (Aktualisierung vorgesehen)";"";"Alteintragung (Aktualisierung vorgesehen)";""
5227;"Bauliche Anlage";"Kreis Ostholstein";"Grube";"Siggeneben 15";"Kate Op de Wisch";"Alteintragung (Aktualisierung vorgesehen)";"";"Alteintragung (Aktualisierung vorgesehen)";""
27631;"Bauliche Anlage";"Kreis Ostholstein";"Grube";"Siggeneben 15";"Kate: Schuppen 1";"Alteintragung (Aktualisierung vorgesehen)";"";"Alteintragung (Aktualisierung vorgesehen)";""
27632;"Bauliche Anlage";"Kreis Ostholstein";"Grube";"Siggeneben 15";"Kate: Schuppen 2";"Alteintragung (Aktualisierung vorgesehen)";"";"Alteintragung (Aktualisierung vorgesehen)";""
20990;"Gründenkmal";"Kreis Ostholstein";"Grube";"Bei der Kirche 16";"Kirchhof";"Alteintragung (Aktualisierung vorgesehen)";"Geschichtlich, Kulturlandschaftlich";"Kirchhof, Grabmale bis 1870, Feldsteinböschung, Lindenkranz";"https://opendatarepo.lsh.uni-kiel.de/data/denkmalpflege/fotos/20990.jpg"
40702;"Sachgesamtheit";"Kreis Ostholstein";"Grömitz";"Kirchenstraße, Schulweg 1, 2";"Kirche St. Nikolai";"Sachgesamtheit Kirche St. Nikolai; Feldsteinkirche des 13. Jhs. mit eingezogenem quadratischen Chor und gedrungenem, vermutlich spätgotischem Westturm, zugehörig der umgebende Kirchhof und der südwestlich anschließende Pfarrhof mit den Backsteinbauten des Pastorats von 1852 und der Pastoratsscheune von 1894";"Geschichtlich, Künstlerisch, Kulturlandschaftlich, Städtebaulich";"Kirche St. Nikolai mit Ausstattung, Kirchhof, Grabmale bis 1870, Gruft Pfannenstiel, Böschungsmauern, Treppenaufgang mit Pforte, Altes Pastorat, Pastoratsscheune";"https://opendatarepo.lsh.uni-kiel.de/data/denkmalpflege/fotos/40702.jpg"
38432;"Bauliche Anlage";"Kreis Ostholstein";"Grömitz";"Am Markt 4";"Wohnhaus";"Wohnhaus; wohl Anfang 19. Jahrhundert; eingeschossiger, traufständiger Backsteinbau mit zweigeschossigem, übergiebeltem Mittelrisalit, Halbwalmdach";"Geschichtlich, Städtebaulich";"gesamtes Objekt";"https://opendatarepo.lsh.uni-kiel.de/data/denkmalpflege/fotos/38432.jpg"
30940;"Bauliche Anlage";"Kreis Ostholstein";"Grömitz";"Bäderstraße 23";"ehem. Pastorat";"ehem. Pastorat; nach 1911; eingeschossiges Backsteingebäude mit vierachsigem übergiebeltem Zwerchhaus, Mansarddach mit Schopf";"Geschichtlich, Städtebaulich";"gesamtes Objekt";"https://opendatarepo.lsh.uni-kiel.de/data/denkmalpflege/fotos/30940.jpg"
38428;"Bauliche Anlage";"Kreis Ostholstein";"Grömitz";"Bäderstraße 27";"Wohnhaus";"Wohnhaus; 1913 erbaut, 1938 erweitert; eingeschossiger, traufständiger Backsteinbau mit zweigeschossigem, übergiebeltem Eingangsrisalit in Fachwerk, reetgedecktes Halbwalmdach";"Geschichtlich, Städtebaulich";"gesamtes Objekt";"https://opendatarepo.lsh.uni-kiel.de/data/denkmalpflege/fotos/38428.jpg"
38423;"Bauliche Anlage";"Kreis Ostholstein";"Grömitz";"Bäderstraße 31";"Wohnhaus";"Wohnhaus; vor 1909; zweigeschossiges Backsteinwohnhaus mit eingeschossigen Seitenflügeln mit Drempel Satteldach, hartes Walmdach";"Geschichtlich, Städtebaulich";"gesamtes Objekt";"https://opendatarepo.lsh.uni-kiel.de/data/denkmalpflege/fotos/38423.jpg"
38429;"Bauliche Anlage";"Kreis Ostholstein";"Grömitz";"Bäderstraße 34";"ehem. Spar- und Leihkasse";"ehem. Spar- und Leihkasse; 1910; traufständiger, zweigeschossiger Backsteinbau mit repräsentativem Seitenrisalit mit getrepptem Dreiecksgiebel, Walmdach";"Geschichtlich, Städtebaulich";"gesamtes Objekt";"https://opendatarepo.lsh.uni-kiel.de/data/denkmalpflege/fotos/38429.jpg"
1664;"Bauliche Anlage";"Kreis Ostholstein";"Grömitz";"Bäderstraße";"Kloster: Klosterkirche mit Ausstattung";"Alteintragung (Aktualisierung vorgesehen)";"Geschichtlich, Städtebaulich";"Alteintragung (Aktualisierung vorgesehen)";"https://opendatarepo.lsh.uni-kiel.de/data/denkmalpflege/fotos/1664.jpg"
1941;"Bauliche Anlage";"Kreis Ostholstein";"Grömitz";"Bäderstraße";"Kloster: ehem. Klausur (Ostflügel)";"Alteintragung (Aktualisierung vorgesehen)";"";"Alteintragung (Aktualisierung vorgesehen)";"https://opendatarepo.lsh.uni-kiel.de/data/denkmalpflege/fotos/1941.jpg"
1943;"Bauliche Anlage";"Kreis Ostholstein";"Grömitz";"Bäderstraße";"Kloster: ehem. Refektorium (Südflügel)";"Alteintragung (Aktualisierung vorgesehen)";"";"Alteintragung (Aktualisierung vorgesehen)";"https://opendatarepo.lsh.uni-kiel.de/data/denkmalpflege/fotos/1943.jpg"
1944;"Bauliche Anlage";"Kreis Ostholstein";"Grömitz";"Bäderstraße";"Kloster: Weißes Haus";"Alteintragung (Aktualisierung vorgesehen)";"";"Alteintragung (Aktualisierung vorgesehen)";"https://opendatarepo.lsh.uni-kiel.de/data/denkmalpflege/fotos/1944.jpg"
1945;"Bauliche Anlage";"Kreis Ostholstein";"Grömitz";"Bäderstraße";"Kloster: innerer Klostergraben";"Alteintragung (Aktualisierung vorgesehen)";"";"Alteintragung (Aktualisierung vorgesehen)";"https://opendatarepo.lsh.uni-kiel.de/data/denkmalpflege/fotos/1945.jpg"
12496;"Bauliche Anlage";"Kreis Ostholstein";"Grömitz";"Bäderstraße";"Kloster: Umfassungsmauern des ehem. Kreuzgangs";"Alteintragung (Aktualisierung vorgesehen)";"";"Alteintragung (Aktualisierung vorgesehen)";"https://opendatarepo.lsh.uni-kiel.de/data/denkmalpflege/fotos/12496.jpg"
12497;"Bauliche Anlage";"Kreis Ostholstein";"Grömitz";"Bäderstraße";"Kloster: Wall am inneren Klostergraben";"Alteintragung (Aktualisierung vorgesehen)";"";"Alteintragung (Aktualisierung vorgesehen)";"https://opendatarepo.lsh.uni-kiel.de/data/denkmalpflege/fotos/12497.jpg"
1659;"Bauliche Anlage";"Kreis Ostholstein";"Grömitz";"Bäderstraße, Lensahner Straße";"Wallanlage mit Graben";"Alteintragung (Aktualisierung vorgesehen)";"Geschichtlich, Kulturlandschaftlich";"gesamtes Objekt";"https://opendatarepo.lsh.uni-kiel.de/data/denkmalpflege/fotos/1659.jpg"
38447;"Bauliche Anlage";"Kreis Ostholstein";"Grömitz";"Dorfstraße 34";"ehem. Schule";"ehem. Schule; 1913; traufenständiger, eingeschossiger Backsteinbau im Heimatschutzstil mit zweigeschossigem übergiebeltem Mittelrisalit, Walmdach";"Geschichtlich, Städtebaulich";"ehem. Schule, ehem. Toilettenhaus";"https://opendatarepo.lsh.uni-kiel.de/data/denkmalpflege/fotos/38447.jpg"
38430;"Bauliche Anlage";"Kreis Ostholstein";"Grömitz";"Henriettenhof 5";"sog. Herrenhaus";"Wohnhaus; Mitte 19. Jh.; repräsentativer, traufständiger Putzbau von sieben Achsen, zweigeschossig mit Drempel und flachem Walmdach, rustiziertes Erdgeschoss, straßenseitig die Mittelachse ursprünglich als Risalit ausgebildet und durch Staffelgiebel betont, klassizistische Formensprache, Ecktürmchen";"Geschichtlich, Künstlerisch, Kulturlandschaftlich, Städtebaulich";"gesamtes Objekt";"https://opendatarepo.lsh.uni-kiel.de/data/denkmalpflege/fotos/38430.jpg"
38448;"Bauliche Anlage";"Kreis Ostholstein";"Grömitz";"Hof Körnick 1";"Wohnhaus";"Wohnhaus; Anfang 20. Jahrhundert, 1920er Jahre; symmetrisches zweigeschossiges Backsteingebäude von neun Achsen in Wandstreifengliederung, mit erhöhtem dreiachsigem Mittelrisalit, Flachdach";"Geschichtlich, Künstlerisch, Kulturlandschaftlich";"gesamtes Objekt";"https://opendatarepo.lsh.uni-kiel.de/data/denkmalpflege/fotos/38448.jpg"
4063;"Bauliche Anlage";"Kreis Ostholstein";"Grömitz";"Kirchenstraße";"Kirche St. Nikolai mit Ausstattung";"Kirche mit Ausstattung; 13. Jh.; Feldsteinkirche mit eingezogenem quadratischen Chor und gedrungenem, vermutlich spätgotischem Westturm, flachgedeckte Halle mit Ausstattung überwiegend des 18. Jhs.";"Geschichtlich, Künstlerisch, Städtebaulich";"gesamtes Objekt";"https://opendatarepo.lsh.uni-kiel.de/data/denkmalpflege/fotos/4063.jpg"
4305;"Bauliche Anlage";"Kreis Ostholstein";"Grömitz";"Mühlenstraße 2";"Wohnhaus";"Alteintragung (Aktualisierung vorgesehen)";"Geschichtlich, Städtebaulich";"gesamtes Objekt";"https://opendatarepo.lsh.uni-kiel.de/data/denkmalpflege/fotos/4305.jpg"
38435;"Bauliche Anlage";"Kreis Ostholstein";"Grömitz";"Neustädter Straße 15";"Wohnhaus";"Wohnhaus; Fassade um 1800, im Kern eventuell älter; zweigeschossiges Traufenhaus in Fachwerk mit Backsteinausfachung, Walmdach, rückwärtig als Halbwalm abgeschleppt";"Geschichtlich, Städtebaulich";"gesamtes Objekt";"https://opendatarepo.lsh.uni-kiel.de/data/denkmalpflege/fotos/38435.jpg"
37284;"Bauliche Anlage";"Kreis Ostholstein";"Grömitz";"Ostlandweg 27";"ehem. Schule";"ehem. Dorfschule; um 1920; giebelständiger Kopfbau mit traufständiger Erweiterung der 1930er Jahre, eingeschossiges Rotsteingebäude mit Satteldach, genutete Ecklisenen und andere qualitätvolle Gestaltungsdetails, Heimatschutzarchitektur";"Geschichtlich, Städtebaulich";"gesamtes Objekt";"https://opendatarepo.lsh.uni-kiel.de/data/denkmalpflege/fotos/37284.jpg"
38459;"Bauliche Anlage";"Kreis Ostholstein";"Grömitz";"Suxdorf 34";"Wohnhaus";"Wohnhaus; wohl 1806; Wandständerbau mit mittigem Zwerchgiebel, Ausfachungen in Backstein, Halbwalmdach";"Geschichtlich, Städtebaulich";"gesamtes Objekt";"https://opendatarepo.lsh.uni-kiel.de/data/denkmalpflege/fotos/38459.jpg"
37474;"Bauliche Anlage";"Kreis Ostholstein";"Grömitz";"Uhlenhorst 5";"Scheune";"Durchfahrtsscheune; 1. Hälfte 19. Jh.; schlichter Ständerbau mit Durchfahrt, Grundfach und zwei Abseiten, die Giebelseiten jeweils mit einseitigem Vorschauer";"Geschichtlich, Kulturlandschaftlich, Städtebaulich";"gesamtes Objekt";"https://opendatarepo.lsh.uni-kiel.de/data/denkmalpflege/fotos/37474.jpg"
6759;"Bauliche Anlage";"Kreis Ostholstein";"Grömitz";"Waldstraße 1";"ehem. Apotheke";"Alteintragung (Aktualisierung vorgesehen)";"Geschichtlich, Kulturlandschaftlich, Städtebaulich";"gesamtes Objekt";"https://opendatarepo.lsh.uni-kiel.de/data/denkmalpflege/fotos/6759.jpg"
12499;"Gründenkmal";"Kreis Ostholstein";"Grömitz";"Bäderstraße";"Kloster: Außenräume";"Alteintragung (Aktualisierung vorgesehen)";"Geschichtlich, Kulturlandschaftlich";"gesamtes Objekt";"https://opendatarepo.lsh.uni-kiel.de/data/denkmalpflege/fotos/12499.jpg"
38426;"Gründenkmal";"Kreis Ostholstein";"Grömitz";"Bäderstraße";"Friedenseiche";"Friedenseiche; nach 26. Februar 1871 gepflanzt; Gedenkbaum; mit Gedenkstein mit der Inschrift „Friedens Eiche 1870/ 71“";"Geschichtlich, Städtebaulich";"Friedenseiche, Gedenkstein";"https://opendatarepo.lsh.uni-kiel.de/data/denkmalpflege/fotos/38426.jpg"
20985;"Gründenkmal";"Kreis Ostholstein";"Grömitz";"Kirchenstraße";"Kirchhof";"Kirchhof; im Ursprung 13. Jh.; ehemaliger Begräbnisplatz der Kirche St. Nikolai, Treppenaufgang mit gusseiserner Pforte, in weiten Teilen mit Böschungsmauer aus Natursteinen umgeben, historische Grabmale und Gruft Pfannenstiel";"Geschichtlich, Kulturlandschaftlich";"Kirchhof, Grabmale bis 1870, Gruft Pfannenstiel, Böschungsmauern, Treppenaufgang mit Pforte";"https://opendatarepo.lsh.uni-kiel.de/data/denkmalpflege/fotos/20985.jpg"
2041;"Bauliche Anlage";"Kreis Ostholstein";"Göhl";"Kremsdorf 11";"Gut Kremsdorf: Torhaus 1804";"Alteintragung (Aktualisierung vorgesehen)";"";"Alteintragung (Aktualisierung vorgesehen)";"https://opendatarepo.lsh.uni-kiel.de/data/denkmalpflege/fotos/2041.jpg"
908;"Bauliche Anlage";"Kreis Ostholstein";"Göhl";"Ortsteil Gaarz 50";"Gut Gaarz: Speicher (um 1690)";"Alteintragung (Aktualisierung vorgesehen)";"";"Alteintragung (Aktualisierung vorgesehen)";""
1920;"Bauliche Anlage";"Kreis Ostholstein";"Göhl";"Ortsteil Gaarz 50";"Gut Gaarz: Herrenhaus";"Alteintragung (Aktualisierung vorgesehen)";"";"Alteintragung (Aktualisierung vorgesehen)";"https://opendatarepo.lsh.uni-kiel.de/data/denkmalpflege/fotos/1920.jpg"
1929;"Bauliche Anlage";"Kreis Ostholstein";"Harmsdorf";"Güldenstein 14 - 20";"Gut Güldenstein: ehem. Meierei";"Alteintragung (Aktualisierung vorgesehen)";"";"Alteintragung (Aktualisierung vorgesehen)";""
1928;"Bauliche Anlage";"Kreis Ostholstein";"Harmsdorf";"Güldenstein 23";"Gut Güldenstein: Verwalterhaus";"Alteintragung (Aktualisierung vorgesehen)";"";"Alteintragung (Aktualisierung vorgesehen)";""
1332;"Bauliche Anlage";"Kreis Ostholstein";"Harmsdorf";"Güldenstein";"Gut Güldenstein: Herrenhaus";"Alteintragung (Aktualisierung vorgesehen)";"";"Alteintragung (Aktualisierung vorgesehen)";""
1924;"Bauliche Anlage";"Kreis Ostholstein";"Harmsdorf";"Güldenstein";"Gut Güldenstein: Torhaus";"Alteintragung (Aktualisierung vorgesehen)";"";"Alteintragung (Aktualisierung vorgesehen)";""
1925;"Bauliche Anlage";"Kreis Ostholstein";"Harmsdorf";"Güldenstein";"Gut Güldenstein: Kavalierhaus";"Alteintragung (Aktualisierung vorgesehen)";"";"Alteintragung (Aktualisierung vorgesehen)";""
1926;"Bauliche Anlage";"Kreis Ostholstein";"Harmsdorf";"Güldenstein";"Gut Güldenstein: Remise";"Alteintragung (Aktualisierung vorgesehen)";"";"Alteintragung (Aktualisierung vorgesehen)";""
1932;"Bauliche Anlage";"Kreis Ostholstein";"Harmsdorf";"Güldenstein";"Gut Güldenstein: Fachwerkscheune";"Alteintragung (Aktualisierung vorgesehen)";"";"Alteintragung (Aktualisierung vorgesehen)";""
24778;"Bauliche Anlage";"Kreis Ostholstein";"Harmsdorf";"Güldenstein";"Gut Güldenstein: Zufahrtsdamm am Torhaus";"Alteintragung (Aktualisierung vorgesehen)";"";"Alteintragung (Aktualisierung vorgesehen)";""
38308;"Bauliche Anlage";"Kreis Ostholstein";"Harmsdorf";"Hauptstraße 21 - 23";"ehem. Instenkate Wilhelminenhöhe";"ehem. Instenkate „Wilhelminenhöhe“; vor 1801; traufständiger Fachwerkbau, Außenwände mit Backsteinausfachung, reetgedecktes Walmdach";"Geschichtlich, Städtebaulich";"gesamtes Objekt";"https://opendatarepo.lsh.uni-kiel.de/data/denkmalpflege/fotos/38308.jpg"
38305;"Bauliche Anlage";"Kreis Ostholstein";"Harmsdorf";"Hauptstraße";"Böttcherkate";"Böttcherkate; 1663; Räucherkate, Außenmauern größtenteils in Fachwerk mit Backsteinausfachung, im Grootdörsturz datiert, reetgedecktes Walmdach mit Lukengauben über der Grootdör";"Geschichtlich, Kulturlandschaftlich, Städtebaulich";"gesamtes Objekt";"https://opendatarepo.lsh.uni-kiel.de/data/denkmalpflege/fotos/38305.jpg"
38311;"Bauliche Anlage";"Kreis Ostholstein";"Harmsdorf";"Rantzaufelde";"ehem. Meierhof";"ehem. Meierhof; um 1800; eingeschossiges Wohnhaus in Wandständerbauweise mit Backsteinausfachung, pfannengedecktes Halbwalmdach; mit Zufahrtsallee";"Geschichtlich, Kulturlandschaftlich";"ehem. Meierhof, Zufahrtsallee";"https://opendatarepo.lsh.uni-kiel.de/data/denkmalpflege/fotos/38311.jpg"
51067;"Sachgesamtheit";"Kreis Ostholstein";"Heiligenhafen, Stadt";"Am Strande 4, 7a, 10-15, Achterstraße 31, 48, Brückstraße 36, Fischerstraße 30-36, Schlamerstraße 27";"Flutmauer";"Flutmauer; vor 1882; seeseitig geböschte Mauer aus 2 bis 4 lagig vermauerten Feldsteinen als Uferschutz";"Geschichtlich, Städtebaulich";"Flutmauer Achterstraße 31, 48; Am Strande 4, 7a, 10-15; Brückstraße 36; Fischerstraße 30-36; Schlamerstraße 27";""
2182;"Sachgesamtheit";"Kreis Ostholstein";"Heiligenhafen, Stadt";"Friedrich-Ebert-Straße 100, Eichholzweg 65, Eichholzweg, Fachklinik 1, 2, 3, 4, 5, 6, 7, 8, 9, 10, 11, 12, 13, 14, 15, 16, 17, 18, 19, 20, 21, 22, 23, 24, 25, 26, 27, 29, 30, 33, 34, Niobestraße 17";"ehem. Luftwaffenkaserne";"ehem. Luftwaffenkaserne; 1936-1938, Dipl. Ing. Architekt Störmer; Anlage mit Backsteinbauten im Heimatschutzstil in achsensymmetrischer Erschließung, Zugang in Ost-West-Richtung über die Hauptwachen, die ehem. Kommandantur an zentralem Rondell, von dem ausgehend eine V-förmige doppelte Straßenführung mit den ehem. Unterkunftsgebäuden der Mannschaften, im Westen am ehem. Exerzierplatz die ehem. Exerzierhalle, quer verlaufende Nord-Süd Achse exponiert in großzügiger Grünanlage mit historischer Wegeführung, in ihr befinden sich das ehem. Unteroffiziersheim und das ehem. Lehrsaal- und Offizierskasinogebäude in repräsentativer Ausrichtung auf die Ostsee. Technische Gebäude wie das Heizkraftwerk, das Garagen- und Werkstattgebäude in Randbereichen der Anlage, an der nördlichen Einfriedung die hölzerne Nebenwache, nordöstlich der Anlage das ehem. Wohnhaus des Kommandanten";"Geschichtlich, Künstlerisch, Städtebaulich";"Unterkunftsgebäude (Fachklinik 1, 2, 3, 4, 5, 6, 7, 8, 9, 10, 11, 12, 13, 14, 15, 16, 17, 18, 19, 20, 21, 22), ehem. Kommandantur (Fachklinik 23), ehem. Lehrsaalgebäude und Offizierskasino (Fachklinik 24), ehem. Unteroffiziersheim (Wirtschaftsgebäude Süd) (Fachklinik 25), Hauptwache Nord (Fachklinik 26), Hauptwache Süd (Fachklinik 27), Heizwerk (Fachklinik 29), ehem. Exerzierhalle (Fachklinik 30), Garagengebäude (Fachklinik 33), Werkstattgebäude (Fachklinik 34), Nebenwache (Eichholzweg 65), Außenanlagen (Friedrich-Ebert-Straße 100), Wohnhaus (Niobestraße 17), Einfriedung (Eichholzweg)";"https://opendatarepo.lsh.uni-kiel.de/data/denkmalpflege/fotos/2182.jpg"
40722;"Sachgesamtheit";"Kreis Ostholstein";"Heiligenhafen, Stadt";"Kirchenstraße 5, Hafenstraße, Thulboden 13a, Thulboden, Poststraße";"Stadtkirche Heiligenhafen";"Stadtkirche Heiligenhafen; im Zentrum der historischen Altstadt gelegenes Ensemble aus der im Kern gotischen Stadtkirche mit hochwertiger Ausstattung, dem umgebenden Kirchhof mit den Grabmalen bis 1870, der Familiengruft Kock mit Obelisk, dem backsteinernen Kirchhofstor aus dem 18. Jahrhundert, der nördlichen Treppe zum Kirchhof wie auch dem Lindenkranz und der nordwestlichen Feldsteinböschungsmauer sowie dem ehem. Pfarrhaus von 1840 und der südöstlichen Einfriedung";"Geschichtlich, Künstlerisch, Städtebaulich";"Stadtkirche mit Ausstattung, Kirchhof mit Kirchhofstor, Grabmalen bis 1870, Gruft Kock mit Obelisk, Lindenkranz, Feldsteinböschungsmauer (Kirchenstraße 5), Treppe zum Kirchhof (Hafenstraße); ehem. Pfarrhaus (Thulboden 13 a); Einfriedung (Thulboden, Poststraße)";"https://opendatarepo.lsh.uni-kiel.de/data/denkmalpflege/fotos/40722.jpg"
51062;"Mehrheit von baulichen Anlagen";"Kreis Ostholstein";"Heiligenhafen, Stadt";"Achterstraße 5, 7, 9, 14-16, 18";"Baugruppe Achterstraße";"Baugruppe Achterstraße, Heiligenhafen; 18. / 19. Jahrhundert; Ensemble eingeschossiger Bauten mit Backsteinfassaden des 19. Jahrhunderts";"Geschichtlich, Städtebaulich";"Wohnhäuser Achterstraße 7, 9, 14-16, 18; ehem. Wohn- und Wirtschaftsgebäude Achterstraße 5";""
50974;"Mehrheit von baulichen Anlagen";"Kreis Ostholstein";"Heiligenhafen, Stadt";"Bergstraße 29, 31, 33";"Wohnhäuser Bergstraße 29-31";"Wohnhäuser Bergstraße 29-31; 19. Jahrhundert; Ensemble zweier Backsteingebäude mit Backsteinfassaden des Historismus, unterschiedliche Dachformen";"Geschichtlich, Städtebaulich";"Wohnhäuser Bergstraße 29, 31";""
24199;"Mehrheit von baulichen Anlagen";"Kreis Ostholstein";"Heiligenhafen, Stadt";"Graswarder 4, 5, 7, 8, 9, 11, 12, 13, 14, 15, 16, 17, 18, 19, Graswarder";"Strandhaus-Gruppe Graswarder";"Aktualisierung vorgesehen";"Geschichtlich, Künstlerisch, Kulturlandschaftlich, Städtebaulich";"Strandhäuser Graswarder 4, 5, 7, 8, 9, 11, 12, 13, 14, 15, 16, 17, 18, 19; Sandweg";""
50973;"Mehrheit von baulichen Anlagen";"Kreis Ostholstein";"Heiligenhafen, Stadt";"Thulboden 11a, 11";"Baugruppe Thulboden 11-11a";"Baugruppe Thulboden 11-11a; Mitte 19. Jahrhundert und 1904; kleines Ensemble zweier Gebäude am Thulboden südlich der Kirche, die den nordwestlichen Aufgang zum Kirchhof querenden Weg flankieren, beide mit breiter Front der Straße Thulboden zugewandt";"Geschichtlich, Städtebaulich";"Wohnhaus (Thulboden 11), ehem. Sparkasse (Heimatmuseum) (Thulboden 11a)";""
50994;"Mehrheit von baulichen Anlagen";"Kreis Ostholstein";"Heiligenhafen, Stadt";"Thulboden 17, 19";"Bürgerhäuser Thulboden 17-19";"Bürgerhäuser Thulboden 17-19; 18. /19. Jahrhundert; Ensemble zweier repräsentativer Bürgerhäuser, vom Bürgersteig durch kleine Vorgartenstreifen abgesetzt und erhöht gelegen, beide mit Schweifgiebeln, unterschiedliche Dachformen";"Geschichtlich, Städtebaulich";"Wohnhäuser Thulboden 17, 19";""
37415;"Mehrheit von baulichen Anlagen";"Kreis Ostholstein";"Heiligenhafen, Stadt";"Am Gallenkamp 1, 1a, 3, 3a, 5, 6, Friedrich-Ebert-Straße 44, 46, 48, 50, Niobestraße 10, 12, Wildkoppelweg 5, 7, 9";"Rote Siedlung";"13 Mehrfamilienhäuser mit jeweils vier Wohneinheiten, sog. „Rote Siedlung“, 1938 bis 1939 errichtet";"Geschichtlich, Städtebaulich";"Wohnhäuser Am Gallenkamp 1, 1a, 3, 3a, 5, 6, Friedrich-Ebert-Straße 44, 46, 48, 50, Niobestraße 10, 12, Wildkoppelweg 5, 7, 9";""
50970;"Bauliche Anlage";"Kreis Ostholstein";"Heiligenhafen, Stadt";"Achterstraße";"Straßenpflaster";"Straßenpflaster; Straßenbild prägende Pflasterung aus Granit-Großpflaster auf der Fahrbahn und Pflasterung mit Lesesteinen auf den Gehwegen";"Geschichtlich, Städtebaulich";"gesamtes Objekt";""
39333;"Bauliche Anlage";"Kreis Ostholstein";"Heiligenhafen, Stadt";"Am Hafen";"ehem. Seenot-Rettungsstation";"ehem. Seenot-Rettungsstation; 1900, Bauherr Deutsche Gesellschaft zur Rettung Schiffbrüchiger; eingeschossiger Ziegelbau mit Satteldach, zwei große Tore mit Segmentbogen auf der Giebelseite, Lisenengliederung und verschiedene Zierfriese";"Geschichtlich, Städtebaulich";"gesamtes Objekt";""
40786;"Bauliche Anlage";"Kreis Ostholstein";"Heiligenhafen, Stadt";"Am Hafen";"ehem. Marinearsenal";"Speichergebäude; Ende 19. Jh., seit dem frühen 20. Jh. als kaiserliches Marinearsenal genutzt; schlichter, eingeschossiger Ziegelbau mit hohem Drempel unter flachem Satteldach, zweiflügelige Tore in Nord- und Südfassade sowie an der abgeschrägten nordwestlichen Gebäudeecke, im Süden eine über die Trauflinie hinausreichende und übergiebelte Ladeluke, Wandvorlagen im Drempelgeschoss und umlaufendes Kaffgesims mit Zierfries in Geschosshöhe";"Geschichtlich, Städtebaulich";"gesamtes Objekt";""
369;"Bauliche Anlage";"Kreis Ostholstein";"Heiligenhafen, Stadt";"Am Ufer 2";"Villa Petersen";"Villa Petersen; 1902-03; prächtiger eingeschossiger Putzbau des Späthistorismus mit zweigeschossigem Schaugiebel über der westlichen Fassadenhälfte, schiefergedecktes Mansardwalmdach; Einfriedung";"Geschichtlich, Städtebaulich";"Villa Petersen, Einfriedung";"https://opendatarepo.lsh.uni-kiel.de/data/denkmalpflege/fotos/369.jpg"
31699;"Bauliche Anlage";"Kreis Ostholstein";"Heiligenhafen, Stadt";"Brückstraße 5";"Wohn- und Geschäftshaus";"Wohn- und Geschäftshaus; wohl erste Hälfte 19. Jahrhundert; spätklassizistisches, doppelgeschossiges Backsteingebäude von fünf Achsen mit  Gurtbandgesims, Walmdach";"Geschichtlich, Städtebaulich";"gesamtes Objekt";""
33815;"Bauliche Anlage";"Kreis Ostholstein";"Heiligenhafen, Stadt";"Fachklinik 23";"ehem. Kommandantur";"ehem. Kommandantur; 1936-1938, Architekt Dipl. Ing. Störmer; zweigeschossiger Backsteinriegel, traufständig zum Vorplatz ausgerichtet, Eingang mit Präsentationsaltan, Satteldach";"Geschichtlich, Künstlerisch, Städtebaulich";"gesamtes Objekt";""
33816;"Bauliche Anlage";"Kreis Ostholstein";"Heiligenhafen, Stadt";"Fachklinik 24";"ehem. Lehrsaalgebäude und Offizierskasino";"ehem. Lehrsaalgebäude und Offizierskasino; 1936-1938, Architekt Dipl. Ing. Störmer; ein- bis zweigeschossiges dreiflügeliges Backsteingebäude im Heimatschutzstil, Satteldach mit Schleppgaubenreihe";"Geschichtlich, Künstlerisch, Städtebaulich";"gesamtes Äußeres";"https://opendatarepo.lsh.uni-kiel.de/data/denkmalpflege/fotos/33816.jpg"
33817;"Bauliche Anlage";"Kreis Ostholstein";"Heiligenhafen, Stadt";"Fachklinik 25";"ehem. Unteroffiziersheim (Wirtschaftsgebäude Süd)";"ehem. Unteroffiziersheim; 1936-1938, Architekt Dipl. Ing. Störmer; eingeschossiger Backsteinriegel im Heimatschutzstil mit Souterraingeschoss, bündige, gesprosste Kastenfenster, Satteldach mit Schleppgaubenreihe";"Geschichtlich, Künstlerisch, Städtebaulich";"gesamtes Objekt";"https://opendatarepo.lsh.uni-kiel.de/data/denkmalpflege/fotos/33817.jpg"
33821;"Bauliche Anlage";"Kreis Ostholstein";"Heiligenhafen, Stadt";"Fachklinik 30";"ehem. Exerzierhalle";"ehem. Exerzierhalle; 1936-1938, Architekt Dipl. Ing. Störmer; eingeschossiger Backsteinbau mit raumhohen Kastensprossenfenstern an der Nordfront zum ehem. Exerzierplatz, Walmdach";"Geschichtlich, Künstlerisch, Städtebaulich";"gesamtes Äußeres";""
35165;"Bauliche Anlage";"Kreis Ostholstein";"Heiligenhafen, Stadt";"Fischerstraße 1 a";"Wohnhaus";"Wohnhaus; 1928; eingeschossiges, giebelständiges Backsteinhaus im Heimatschutzstil mit Treppengiebel, Satteldach";"Geschichtlich, Städtebaulich";"gesamtes Objekt";""
24198;"Bauliche Anlage";"Kreis Ostholstein";"Heiligenhafen, Stadt";"Graswarder 4";"Strandhaus";"Alteintragung (Aktualisierung vorgesehen)";"Geschichtlich, Künstlerisch, Kulturlandschaftlich, Städtebaulich";"gesamtes Objekt";""
12531;"Bauliche Anlage";"Kreis Ostholstein";"Heiligenhafen, Stadt";"Graswarder 5";"Strandhaus";"Alteintragung (Aktualisierung vorgesehen)";"Geschichtlich, Künstlerisch, Kulturlandschaftlich, Städtebaulich";"gesamtes Objekt";"https://opendatarepo.lsh.uni-kiel.de/data/denkmalpflege/fotos/12531.jpg"
10275;"Bauliche Anlage";"Kreis Ostholstein";"Heiligenhafen, Stadt";"Graswarder 7";"Strandhaus";"Alteintragung (Aktualisierung vorgesehen)";"Geschichtlich, Künstlerisch, Kulturlandschaftlich, Städtebaulich";"gesamtes Objekt";"https://opendatarepo.lsh.uni-kiel.de/data/denkmalpflege/fotos/10275.jpg"
10084;"Bauliche Anlage";"Kreis Ostholstein";"Heiligenhafen, Stadt";"Graswarder 8";"Strandhaus";"Alteintragung (Aktualisierung vorgesehen)";"Geschichtlich, Künstlerisch, Kulturlandschaftlich, Städtebaulich";"gesamtes Objekt";"https://opendatarepo.lsh.uni-kiel.de/data/denkmalpflege/fotos/10084.jpg"
11228;"Bauliche Anlage";"Kreis Ostholstein";"Heiligenhafen, Stadt";"Graswarder 9";"Strandhaus";"Alteintragung (Aktualisierung vorgesehen)";"Geschichtlich, Künstlerisch, Kulturlandschaftlich, Städtebaulich";"gesamtes Objekt";"https://opendatarepo.lsh.uni-kiel.de/data/denkmalpflege/fotos/11228.jpg"
10274;"Bauliche Anlage";"Kreis Ostholstein";"Heiligenhafen, Stadt";"Graswarder 11";"Strandhaus";"Alteintragung (Aktualisierung vorgesehen)";"Geschichtlich, Künstlerisch, Kulturlandschaftlich, Städtebaulich";"gesamtes Objekt";"https://opendatarepo.lsh.uni-kiel.de/data/denkmalpflege/fotos/10274.jpg"
12529;"Bauliche Anlage";"Kreis Ostholstein";"Heiligenhafen, Stadt";"Graswarder 12";"Strandhaus";"Alteintragung (Aktualisierung vorgesehen)";"Geschichtlich, Künstlerisch, Kulturlandschaftlich, Städtebaulich";"gesamtes Objekt";"https://opendatarepo.lsh.uni-kiel.de/data/denkmalpflege/fotos/12529.jpg"
12530;"Bauliche Anlage";"Kreis Ostholstein";"Heiligenhafen, Stadt";"Graswarder 13";"Strandhaus";"Alteintragung (Aktualisierung vorgesehen)";"Geschichtlich, Künstlerisch, Kulturlandschaftlich, Städtebaulich";"gesamtes Objekt";"https://opendatarepo.lsh.uni-kiel.de/data/denkmalpflege/fotos/12530.jpg"
12528;"Bauliche Anlage";"Kreis Ostholstein";"Heiligenhafen, Stadt";"Graswarder 14";"Strandhaus";"Alteintragung (Aktualisierung vorgesehen)";"Geschichtlich, Künstlerisch, Kulturlandschaftlich, Städtebaulich";"gesamtes Objekt";"https://opendatarepo.lsh.uni-kiel.de/data/denkmalpflege/fotos/12528.jpg"
12527;"Bauliche Anlage";"Kreis Ostholstein";"Heiligenhafen, Stadt";"Graswarder 15";"Strandhaus";"Alteintragung (Aktualisierung vorgesehen)";"Geschichtlich, Künstlerisch, Kulturlandschaftlich, Städtebaulich";"gesamtes Objekt";"https://opendatarepo.lsh.uni-kiel.de/data/denkmalpflege/fotos/12527.jpg"
12526;"Bauliche Anlage";"Kreis Ostholstein";"Heiligenhafen, Stadt";"Graswarder 16";"Strandhaus";"Alteintragung (Aktualisierung vorgesehen)";"Geschichtlich, Künstlerisch, Kulturlandschaftlich, Städtebaulich";"gesamtes Objekt";"https://opendatarepo.lsh.uni-kiel.de/data/denkmalpflege/fotos/12526.jpg"
11229;"Bauliche Anlage";"Kreis Ostholstein";"Heiligenhafen, Stadt";"Graswarder 17";"Strandhaus";"Alteintragung (Aktualisierung vorgesehen)";"Geschichtlich, Künstlerisch, Kulturlandschaftlich, Städtebaulich";"gesamtes Objekt";"https://opendatarepo.lsh.uni-kiel.de/data/denkmalpflege/fotos/11229.jpg"
12525;"Bauliche Anlage";"Kreis Ostholstein";"Heiligenhafen, Stadt";"Graswarder 18";"Strandhaus";"Alteintragung (Aktualisierung vorgesehen)";"Geschichtlich, Künstlerisch, Kulturlandschaftlich, Städtebaulich";"gesamtes Objekt";"https://opendatarepo.lsh.uni-kiel.de/data/denkmalpflege/fotos/12525.jpg"
24197;"Bauliche Anlage";"Kreis Ostholstein";"Heiligenhafen, Stadt";"Graswarder 19";"Strandhaus";"Alteintragung (Aktualisierung vorgesehen)";"Geschichtlich, Künstlerisch, Kulturlandschaftlich, Städtebaulich";"gesamtes Objekt";""
3085;"Bauliche Anlage";"Kreis Ostholstein";"Heiligenhafen, Stadt";"Hafenstraße 17";"Hotel Stadt Hamburg";"Alteintragung (Aktualisierung vorgesehen)";"Geschichtlich, Künstlerisch, Städtebaulich";"gesamtes Äußeres";"https://opendatarepo.lsh.uni-kiel.de/data/denkmalpflege/fotos/3085.jpg"
41735;"Bauliche Anlage";"Kreis Ostholstein";"Heiligenhafen, Stadt";"Hafenstraße 43";"ehem. Bahnhof";"ehem. Bahnhof; 1897; als Kopfbahnhof der Strecke Oldenburg-Heiligenhafen im Januar 1898 in Betrieb genommen, malerischer Kleinstadtbahnhof aus mehreren ein- bis zweigeschossigen Baukuben aus Backstein mit Fachwerkobergeschossen (Schiefer verkleidet), Schopfwalmdächer";"Geschichtlich, Städtebaulich";"gesamtes Objekt";""
3084;"Bauliche Anlage";"Kreis Ostholstein";"Heiligenhafen, Stadt";"Hafenstraße";"Alter Salzspeicher";"Alteintragung (Aktualisierung vorgesehen)";"Geschichtlich, Städtebaulich, Wissenschaftlich";"gesamtes Äußeres";"https://opendatarepo.lsh.uni-kiel.de/data/denkmalpflege/fotos/3084.jpg"
3086;"Bauliche Anlage";"Kreis Ostholstein";"Heiligenhafen, Stadt";"Kirchenstraße 4";"Wohnhaus";"Alteintragung (Aktualisierung vorgesehen)";"Geschichtlich, Städtebaulich";"gesamtes Objekt";"https://opendatarepo.lsh.uni-kiel.de/data/denkmalpflege/fotos/3086.jpg"
2661;"Bauliche Anlage";"Kreis Ostholstein";"Heiligenhafen, Stadt";"Kirchenstraße 5";"Stadtkirche mit Ausstattung";"Stadtkirche mit Ausstattung; Mitte 13. Jahrhundert – 20. Jahrhundert; Ev. Kirche, ehem. St. Nikolaus, gotische Stufenhalle aus Backstein mit drei Schiffen von drei Jochen Länge mit frühgotischem Kastenchor und Westturm mit Treppengiebeln und Satteldach, durchgreifende Restaurierung 1862/63 von J. F. Holm, gotische bis neugotische Ausstattung";"Geschichtlich, Künstlerisch, Städtebaulich";"gesamtes Objekt";"https://opendatarepo.lsh.uni-kiel.de/data/denkmalpflege/fotos/2661.jpg"
35168;"Bauliche Anlage";"Kreis Ostholstein";"Heiligenhafen, Stadt";"Markt 2";"Wohnhaus";"Wohnhaus; Ende 19. Jahrhundert; eingeschossiges, giebelständiges Backsteinhaus des Historismus mit Schweifgiebel, Satteldach";"Geschichtlich, Städtebaulich";"gesamtes Objekt";""
3087;"Bauliche Anlage";"Kreis Ostholstein";"Heiligenhafen, Stadt";"Markt 4";"Rathaus";"Alteintragung (Aktualisierung vorgesehen)";"Geschichtlich, Städtebaulich";"gesamtes Objekt";"https://opendatarepo.lsh.uni-kiel.de/data/denkmalpflege/fotos/3087.jpg"
316;"Bauliche Anlage";"Kreis Ostholstein";"Heiligenhafen, Stadt";"Markt 11";"Gasthaus";"Alteintragung (Aktualisierung vorgesehen)";"Geschichtlich, Städtebaulich";"gesamtes Äußeres";"https://opendatarepo.lsh.uni-kiel.de/data/denkmalpflege/fotos/316.jpg"
35173;"Bauliche Anlage";"Kreis Ostholstein";"Heiligenhafen, Stadt";"Mühlenstraße 12 - 14";"Wohnhaus";"Wohnhaus; 2. Viertel 19. Jh.; eingeschossiger, traufständiger Backsteinbau mit Halbwalmdach, im späten 19. Jh. nach Norden erweitert, Sohlbankgesimse und geputzte Türrahmungen";"Geschichtlich, Städtebaulich";"gesamtes Objekt";""
35179;"Bauliche Anlage";"Kreis Ostholstein";"Heiligenhafen, Stadt";"Mühlenstraße 22";"Wohnhaus";"Wohnhaus; 2. Hälfte 19. Jh.; eingeschossiger traufständiger Backsteinbau mit Satteldach und zweigeschossigem Eingangsrisalit mit Dreiecksgiebel";"Geschichtlich, Städtebaulich";"gesamtes Objekt";""
3088;"Bauliche Anlage";"Kreis Ostholstein";"Heiligenhafen, Stadt";"Mühlenstraße 25 - 27";"Wohnhaus";"Alteintragung (Aktualisierung vorgesehen)";"Geschichtlich, Städtebaulich";"gesamtes Äußeres";"https://opendatarepo.lsh.uni-kiel.de/data/denkmalpflege/fotos/3088.jpg"
3089;"Bauliche Anlage";"Kreis Ostholstein";"Heiligenhafen, Stadt";"Mühlenstraße 29";"Wohnhaus";"Alteintragung (Aktualisierung vorgesehen)";"Geschichtlich, Städtebaulich";"gesamtes Objekt";"https://opendatarepo.lsh.uni-kiel.de/data/denkmalpflege/fotos/3089.jpg"
33829;"Bauliche Anlage";"Kreis Ostholstein";"Heiligenhafen, Stadt";"Niobestraße 17";"Wohnhaus";"Wohnhaus; zweite Hälfte der 1930er Jahre; eingeschossiger Backsteinbau des Historismus über Bruchsteinsockel, Walmdach";"Geschichtlich, Städtebaulich";"gesamtes Objekt";""
35182;"Bauliche Anlage";"Kreis Ostholstein";"Heiligenhafen, Stadt";"Schlamerstraße 21";"Wohnhaus";"Wohnhaus; wohl Ende 18. Jahrhundert; Fachwerk-Giebelhaus mit Krüppelwalmdach";"Geschichtlich, Städtebaulich";"gesamtes Objekt";""
50972;"Bauliche Anlage";"Kreis Ostholstein";"Heiligenhafen, Stadt";"Schlamerstraße";"Straßenpflaster";"Straßenpflaster; Straßenbild prägende Pflasterung aus Granit-Großpflaster auf der Fahrbahn und Lesesteinpflasterung der Gehwege";"Geschichtlich, Städtebaulich";"gesamtes Objekt";""
31271;"Bauliche Anlage";"Kreis Ostholstein";"Heiligenhafen, Stadt";"Stadtpark";"Ehrenmal für die Gefallenen beider Weltkriege";"Ehrenmal für die Gefallenen beider Weltkriege; 1924/25, Bildhauer Karl Friedrich Langfeldt, nach 1954 ergänzt; aus Feldsteinen gemauerte Stele mit Inschriften und Reliefs";"Geschichtlich, Städtebaulich";"gesamtes Objekt";""
37413;"Bauliche Anlage";"Kreis Ostholstein";"Heiligenhafen, Stadt";"Sundweg 2 a";"Wohnhaus";"Wohnhaus; 1929; eingeschossiger Rotsteinbau mit expressionistischen Gestaltungselementen, Mansardddach mit Schopf, dreiachsiges Zwerchhaus mit Stufengiebel";"Geschichtlich, Künstlerisch, Städtebaulich";"gesamtes Objekt";""
10628;"Bauliche Anlage";"Kreis Ostholstein";"Heiligenhafen, Stadt";"Thulboden 11 a";"ehem. Sparkasse (Heimatmuseum)";"ehem. Sparkasse (Heimatmuseum); 1904; ein- bis zweigeschossiger Putzbau mit backsteinsichtigen Gliederungselementen, Risaliten mit Schweifgiebeln, einem oktogonalen  Treppenturm an der Südwestecke, Walmdach mit Biberschwanzziegeln in Kronendeckung";"Geschichtlich, Städtebaulich";"gesamtes Objekt";"https://opendatarepo.lsh.uni-kiel.de/data/denkmalpflege/fotos/10628.jpg"
3090;"Bauliche Anlage";"Kreis Ostholstein";"Heiligenhafen, Stadt";"Thulboden 19";"Wohnhaus";"Wohnhaus; Ende 18. Jahrhundert, Anbau letztes Drittel 19. Jahrhundert; Backsteinbau mit eingeschossigem Giebelhaus des Spätbarock mit Schweifgiebel vor Mansarddach und neoklassizistischem zweistöckigem traufständigem Baukörper mit Satteldach";"Geschichtlich, Städtebaulich";"gesamtes Objekt";"https://opendatarepo.lsh.uni-kiel.de/data/denkmalpflege/fotos/3090.jpg"
3091;"Bauliche Anlage";"Kreis Ostholstein";"Heiligenhafen, Stadt";"Thulboden 60";"Wohnhaus";"Wohnhaus; 2. Hälfte 18. Jh.; eingeschossiger Fachwerkbau mit vierachsigem Frontispiz, traufständig mit Mansardwalmdach, mit Wirtschaftsgebäude des späten 19. Jhs., 5 Hauslinden und straßenseitiger Pflasterung";"Geschichtlich, Künstlerisch, Städtebaulich";"Wohnhaus, Wirtschaftsgebäude, straßenseitige Pflasterung, fünf Hauslinden";"https://opendatarepo.lsh.uni-kiel.de/data/denkmalpflege/fotos/3091.jpg"
31275;"Bauliche Anlage";"Kreis Ostholstein";"Heiligenhafen, Stadt";"Thulboden 70";"Wohnhaus";"Wohnhaus; um die Mitte 19. Jahrhundert; eingeschossiges Backsteintraufenhaus, Schopfwalmdach";"Geschichtlich, Städtebaulich";"gesamtes Objekt";""
21208;"Gründenkmal";"Kreis Ostholstein";"Heiligenhafen, Stadt";"Kirchenstraße 5";"Kirchhof";"Kirchhof; auf einer Terrasse des zur Ostsee abfallenden Geländes gelegener Kirchhof um die gotische Stadtkirche herum, durch eine Böschungsmauer aus Feldsteinen im Nordwesten abgestützt, von einem weitgehend erhaltenen Lindenkranz umgeben, Hauptzugänge stellen das backsteinerne Kirchhofstor des 18. Jahrhunderts und die Treppe von der Hafenstraße aus dar, auf dem Kirchhof diverse historische Grabmale und die Familiengruft Kock mit Obelisk";"Geschichtlich, Künstlerisch, Städtebaulich";"Kirchhof, Kirchhofstor, Grabmale bis 1870, Gruft Kock mit Obelisk, Lindenkranz, Feldsteinböschungsmauer, Treppe zum Kirchhof";"https://opendatarepo.lsh.uni-kiel.de/data/denkmalpflege/fotos/21208.jpg"
46177;"Gründenkmal";"Kreis Ostholstein";"Heiligenhafen, Stadt";"Wilhelmsplatz";"Doppeleiche mit Gedenkstein";"Doppeleiche mit Gedenkstein; gepflanzt wohl zum 50-jährigen Jubiläum der Schleswig-Holsteinischen Erhebung, Doppeleiche mit Granitfindling und Inschrift „Up ewig ungedeelt“, eingelassen ein Eisernes Kreuz mit dem Wappen Schleswig-Holsteins und der Jahreszahl der Erhebung 1848-1849";"Geschichtlich, Städtebaulich";"gesamtes Objekt";""
37638;"Sachgesamtheit";"Kreis Ostholstein";"Heringsdorf";"Kalkberg";"Meierhof Kalkberg";"Hofanlage Kalkberg, ehem. Meierhof des Gutes Siggen, zwischen 1780 und 1810 angelegt; Wohn- und Wirtschaftsgebäude in Fachwerkbauweise aus der Zeit um 1800, Wohnhaus sowie weitere Wirtschafts- und Nebengebäude ausgehendes 19. Jh. und später";"Geschichtlich, Kulturlandschaftlich, Technisch";"Wohnhaus, Scheune, Fachwerkgebäude, Kuhstall, Kastanienallee, Verwalterwohnhaus, Melkerhaus mit Nebengebäude, Nebengebäude, Hofpflaster";""
29986;"Bauliche Anlage";"Kreis Ostholstein";"Heringsdorf";"An der Bäderstraße 19";"Wohnhaus";"Wohnhaus; 1849; eingeschossiger, traufständiger Backsteinbau des Spätklassizismus, mit zweigeschossigem, übergiebeltem Mittelrisalit, Schopfwalmdach; mit Pfeilern der südlichen Pforte";"Geschichtlich, Städtebaulich";"Wohnhaus, Pfeiler der südlichen Pforte";""
1005;"Bauliche Anlage";"Kreis Ostholstein";"Heringsdorf";"Gut Siggen";"Gut Siggen: Herrenhaus";"Alteintragung (Aktualisierung vorgesehen)";"";"Alteintragung (Aktualisierung vorgesehen)";""
1007;"Bauliche Anlage";"Kreis Ostholstein";"Heringsdorf";"Gut Siggen";"Gut Siggen: Südliches Einfahrtsgebäude";"Alteintragung (Aktualisierung vorgesehen)";"";"Alteintragung (Aktualisierung vorgesehen)";""
1008;"Bauliche Anlage";"Kreis Ostholstein";"Heringsdorf";"Gut Siggen";"Gut Siggen: Obelisk von 1758";"Alteintragung (Aktualisierung vorgesehen)";"";"Alteintragung (Aktualisierung vorgesehen)";""
1195;"Bauliche Anlage";"Kreis Ostholstein";"Heringsdorf";"Gut Siggen";"Gut Siggen: Scheune";"Alteintragung (Aktualisierung vorgesehen)";"";"Alteintragung (Aktualisierung vorgesehen)";""
1357;"Bauliche Anlage";"Kreis Ostholstein";"Heringsdorf";"Gut Siggen";"Gut Siggen: Viehhaus";"Alteintragung (Aktualisierung vorgesehen)";"";"Alteintragung (Aktualisierung vorgesehen)";""
20670;"Bauliche Anlage";"Kreis Ostholstein";"Heringsdorf";"Gut Siggen";"Gut Siggen: Nördliches Einfahrtsgebäude";"Alteintragung (Aktualisierung vorgesehen)";"";"Alteintragung (Aktualisierung vorgesehen)";""
37640;"Bauliche Anlage";"Kreis Ostholstein";"Heringsdorf";"Kalkberg";"Meierhof Kalkberg: Scheune";"Wirtschaftsgebäude; um 1900; Ziegelbau mit traufseitigen Einfahrtstoren und flachem Satteldach, Fassade mit Farbwechsel aus rotem und gelben Mauerwerk, Wandstreifengliederung";"Geschichtlich, Kulturlandschaftlich, Technisch";"gesamtes Objekt";""
37642;"Bauliche Anlage";"Kreis Ostholstein";"Heringsdorf";"Kalkberg";"Meierhof Kalkberg: Fachwerkgebäude";"Wohn- und Wirtschaftsgebäude; vermutlich Ende 18. Jh.; eingeschossiger Fachwerkbau in Ständerbauweise mit reetgedecktem Halbwalmdach";"Geschichtlich, Kulturlandschaftlich";"gesamtes Objekt";""
9630;"Bauliche Anlage";"Kreis Ostholstein";"Heringsdorf";"Lübsche Straße 26";"Doppelkate";"Doppelkate; 18. Jahrhundert; Wandständerbau, Fachwerk mit Lehmausfachung, in den unteren Gefachen der Außenmauern in Backstein erneuert, reetgedecktes Vollwalmach";"Geschichtlich, Kulturlandschaftlich, Städtebaulich";"Doppelkate, Nebengebäude";"https://opendatarepo.lsh.uni-kiel.de/data/denkmalpflege/fotos/9630.jpg"
20672;"Gründenkmal";"Kreis Ostholstein";"Heringsdorf";"Gut Siggen";"Gut Siggen: Lindenallee";"Alteintragung (Aktualisierung vorgesehen)";"Geschichtlich, Künstlerisch, Kulturlandschaftlich";"gesamtes Objekt";""
3778;"Bauliche Anlage";"Kreis Ostholstein";"Kabelhorst";"Diekstraat 1";"Kate";"Alteintragung (Aktualisierung vorgesehen)";"";"Alteintragung (Aktualisierung vorgesehen)";"https://opendatarepo.lsh.uni-kiel.de/data/denkmalpflege/fotos/3778.jpg"
3779;"Bauliche Anlage";"Kreis Ostholstein";"Kabelhorst";"Diekstraat 1";"Speicher";"Alteintragung (Aktualisierung vorgesehen)";"";"Alteintragung (Aktualisierung vorgesehen)";"https://opendatarepo.lsh.uni-kiel.de/data/denkmalpflege/fotos/3779.jpg"
37029;"Sachgesamtheit";"Kreis Ostholstein";"Kasseedorf";"Eutiner Straße 14";"Försterei Heckelbrock";"Försterei Heckelbrock; Mitte 19. Jahrhundert; ehem. Forstdienstgehöft mit reetgedecktem Backsteinwohnhaus und reetgedeckter Backsteinscheune mit Trauf- und Hofpflaster sowie rückwärtig Stall und Backhaus, zwei Nebengebäude aus rotem Backstein mit pfannengedeckten Walmdächern";"Geschichtlich, Kulturlandschaftlich, Städtebaulich";"Wohnhaus, Scheune mit Hofpflaster und Traufpflaster, Stallgebäude, Backhaus";""
26812;"Bauliche Anlage";"Kreis Ostholstein";"Kasseedorf";"Am Dorfplatz 1";"ehem. Dorfgasthaus";"ehem. Dorfgasthaus; wohl 19. Jahrhundert, Umbau nach 1919; platzbeherrschender eingeschossiger Backsteinbau mit übergiebeltem Mittelzwerchhaus, Halbwalmdach";"Geschichtlich, Städtebaulich";"gesamtes Objekt";""
7452;"Bauliche Anlage";"Kreis Ostholstein";"Kasseedorf";"Dorfstraße 19";"Rauchkate";"ehem. Rauchkate; 17. / 18. Jahrhundert; kleine Wohnkate, Fachwerk in Eichenholz, Zweiständerbau mit Abseiten, reetgedecktes Halbwalmdach; mit Linde";"Geschichtlich, Kulturlandschaftlich, Städtebaulich";"Rauchkate, Linde";"https://opendatarepo.lsh.uni-kiel.de/data/denkmalpflege/fotos/7452.jpg"
1940;"Bauliche Anlage";"Kreis Ostholstein";"Kasseedorf";"Eutiner Straße 14";"Scheune";"Scheune; Mitte 19. Jahrhundert; giebelständiger Bau, Außenmauern aus gelbem Backstein, Reetwalmdach mit weitem Dachüberstand; mit Trauf- und Hofpflaster";"Geschichtlich, Kulturlandschaftlich, Städtebaulich";"Scheune, Hofpflaster, Traufpflaster";"https://opendatarepo.lsh.uni-kiel.de/data/denkmalpflege/fotos/1940.jpg"
2868;"Bauliche Anlage";"Kreis Ostholstein";"Kasseedorf";"Eutiner Straße 14";"Wohnhaus";"Alteintragung (Aktualisierung vorgesehen)";"Geschichtlich, Städtebaulich";"gesamtes Objekt";"https://opendatarepo.lsh.uni-kiel.de/data/denkmalpflege/fotos/2868.jpg"
304;"Bauliche Anlage";"Kreis Ostholstein";"Kasseedorf";"Marius-Böger-Weg 1";"Gut Stendorf: Kate Nr. 4 / Langer Damm";"Alteintragung (Aktualisierung vorgesehen)";"";"Alteintragung (Aktualisierung vorgesehen)";""
7460;"Bauliche Anlage";"Kreis Ostholstein";"Kasseedorf";"Ochsenhals";"Ochsenhalskate";"ehem. Holzarbeiterkate; etwa Mitte 19. Jh.; eingeschossiger Baukörper mit reetgedecktem Walm-Halbwalmdach, Ziegelmauerwerk über Bruchsteinsockel";"Geschichtlich, Kulturlandschaftlich";"gesamtes Objekt";"https://opendatarepo.lsh.uni-kiel.de/data/denkmalpflege/fotos/7460.jpg"
2739;"Bauliche Anlage";"Kreis Ostholstein";"Kasseedorf";"Sagauer Straße 62";"Gut Stendorf: Holländerei";"Alteintragung (Aktualisierung vorgesehen)";"";"Alteintragung (Aktualisierung vorgesehen)";""
535;"Bauliche Anlage";"Kreis Ostholstein";"Kasseedorf";"Sagauer Straße 72";"Gut Stendorf: Kate Nr. 6 / Kronsberg Kate";"Alteintragung (Aktualisierung vorgesehen)";"";"Alteintragung (Aktualisierung vorgesehen)";""
1023;"Bauliche Anlage";"Kreis Ostholstein";"Kasseedorf";"Sagauer Straße 82";"Gut Stendorf: Kate Nr. 7 / Rote Kate";"Alteintragung (Aktualisierung vorgesehen)";"";"Alteintragung (Aktualisierung vorgesehen)";""
1024;"Bauliche Anlage";"Kreis Ostholstein";"Kasseedorf";"Sagauer Straße 86";"Gut Stendorf: Kate Nr. 8 / Grauer Esel";"Alteintragung (Aktualisierung vorgesehen)";"";"Alteintragung (Aktualisierung vorgesehen)";""
1025;"Bauliche Anlage";"Kreis Ostholstein";"Kasseedorf";"Sagauer Straße 90";"Gut Stendorf: Kate Nr. 9 / Rugenberg Kate";"Alteintragung (Aktualisierung vorgesehen)";"";"Alteintragung (Aktualisierung vorgesehen)";""
225;"Bauliche Anlage";"Kreis Ostholstein";"Kasseedorf";"Sagauer Straße 96";"Gut Stendorf: Kate Nr. 10 / Barghörn";"Alteintragung (Aktualisierung vorgesehen)";"";"Alteintragung (Aktualisierung vorgesehen)";""
1020;"Bauliche Anlage";"Kreis Ostholstein";"Kasseedorf";"Sagauer Straße";"Gut Stendorf: Kate Nr. 3 / Stauenwiese 1-2";"Alteintragung (Aktualisierung vorgesehen)";"";"Alteintragung (Aktualisierung vorgesehen)";""
1021;"Bauliche Anlage";"Kreis Ostholstein";"Kasseedorf";"Sagauer Straße";"Gut Stendorf: Schwarze Kate";"Alteintragung (Aktualisierung vorgesehen)";"";"Alteintragung (Aktualisierung vorgesehen)";""
2740;"Bauliche Anlage";"Kreis Ostholstein";"Kasseedorf";"Sagauer Straße";"Gut Stendorf: Kate Nr. 1 / Stauenwiese 3-4";"Alteintragung (Aktualisierung vorgesehen)";"";"Alteintragung (Aktualisierung vorgesehen)";""
1010;"Bauliche Anlage";"Kreis Ostholstein";"Kasseedorf";"Zum Gutshof 3";"Gut Stendorf: Herrenhaus";"Alteintragung (Aktualisierung vorgesehen)";"";"Alteintragung (Aktualisierung vorgesehen)";""
21787;"Bauliche Anlage";"Kreis Ostholstein";"Kasseedorf";"Zum Gutshof 3";"Gut Stendorf: Grabanlage Familie Böger";"Alteintragung (Aktualisierung vorgesehen)";"";"Alteintragung (Aktualisierung vorgesehen)";""
1001;"Bauliche Anlage";"Kreis Ostholstein";"Kasseedorf";"Zum Gutshof 5";"Gut Stendorf: Inspektorwohnhaus";"Alteintragung (Aktualisierung vorgesehen)";"";"Alteintragung (Aktualisierung vorgesehen)";""
1014;"Bauliche Anlage";"Kreis Ostholstein";"Kasseedorf";"Zum Gutshof 5";"Gut Stendorf: Schmiede/Stellmacherei/Wagenremise";"Alteintragung (Aktualisierung vorgesehen)";"";"Alteintragung (Aktualisierung vorgesehen)";""
1016;"Bauliche Anlage";"Kreis Ostholstein";"Kasseedorf";"Zum Gutshof 5";"Gut Stendorf: Viehstall";"Alteintragung (Aktualisierung vorgesehen)";"";"Alteintragung (Aktualisierung vorgesehen)";""
1017;"Bauliche Anlage";"Kreis Ostholstein";"Kasseedorf";"Zum Gutshof 5";"Gut Stendorf: Scheune";"Alteintragung (Aktualisierung vorgesehen)";"";"Alteintragung (Aktualisierung vorgesehen)";""
1019;"Bauliche Anlage";"Kreis Ostholstein";"Kasseedorf";"Zum Gutshof 5";"Gut Stendorf: Pferdestall";"Alteintragung (Aktualisierung vorgesehen)";"";"Alteintragung (Aktualisierung vorgesehen)";""
2738;"Bauliche Anlage";"Kreis Ostholstein";"Kasseedorf";"Zum Gutshof 5";"Gut Stendorf: Remise/Haferspeicher";"Alteintragung (Aktualisierung vorgesehen)";"";"Alteintragung (Aktualisierung vorgesehen)";""
10106;"Bauliche Anlage";"Kreis Ostholstein";"Kasseedorf";"Zum Gutshof 5";"Gut Stendorf: ehem. Backhaus";"Alteintragung (Aktualisierung vorgesehen)";"";"Alteintragung (Aktualisierung vorgesehen)";""
1011;"Gründenkmal";"Kreis Ostholstein";"Kasseedorf";"Zum Gutshof 3";"Gut Stendorf: Landschaftsgarten";"Alteintragung (Aktualisierung vorgesehen)";"Geschichtlich, Künstlerisch, Kulturlandschaftlich";"gesamtes Objekt";""
1012;"Gründenkmal";"Kreis Ostholstein";"Kasseedorf";"Zum Gutshof 3";"Gut Stendorf: Französischer Garten";"Alteintragung (Aktualisierung vorgesehen)";"Geschichtlich, Kulturlandschaftlich";"gesamtes Objekt";""
11227;"Bauliche Anlage";"Kreis Ostholstein";"Kellenhusen (Ostsee)";"Vogelsang 2";"Landhaus";"Alteintragung (Aktualisierung vorgesehen)";"Geschichtlich, Kulturlandschaftlich";"gesamtes Objekt";"https://opendatarepo.lsh.uni-kiel.de/data/denkmalpflege/fotos/11227.jpg"
41814;"Bauliche Anlage";"Kreis Ostholstein";"Kellenhusen (Ostsee)";"Waldstraße";"Ehrenmal";"Ehrenmal mit Grünanlage und Gedenkeiche; 1929; Ehrenmal mit Platzanlage und zentraler Eiche";"Geschichtlich, Städtebaulich";"Ehrenmal, Grünanlage, Gedenkeiche";""
52121;"Sachgesamtheit";"Kreis Ostholstein";"Lensahn";"Eutiner Straße 25, 25a";"Altes Doktorhaus";"Altes Doktorhaus; 1792; Einheit aus ehem. Arztwohnhaus und Nebengebäude mit Hofpflaster, das Wohnhaus, ein eingeschossiger traufständiger Backsteinbau mit Halbwalmdach, das Nebengebäude, ein quer dazu stehendes Fachwerkgebäude mit Backsteinausfachung und reetgedecktem Walmdach; mit Hofpflaster";"Geschichtlich, Städtebaulich";"Altes Doktorhaus (Eutiner Straße 25), Nebengebäude mit Hofpflaster (Eutiner Straße 25a)";""
50878;"Sachgesamtheit";"Kreis Ostholstein";"Lensahn";"Eutiner Straße 36, 38";"ehem. Oberförsterei Lensahn";"Oberförsterei Lensahn; Wohnhaus zwischen 1795 und 1836 errichtet, 1920 umgebaut, Nebenwohnhaus 1911; Forsthofensemble aus klassizistischem Backsteinbreitbau mit hartem Mansardwalmdach, giebelständigem Nebenwohnhaus aus Backstein und rückwärtigem, giebelständigem Stall";"Geschichtlich, Kulturlandschaftlich, Städtebaulich";"Wohnhaus mit Stall (Eutiner Straße 36), Nebenwohnhaus (Eutiner Straße 38)";""
40723;"Sachgesamtheit";"Kreis Ostholstein";"Lensahn";"Eutiner Straße 6, Eutiner Straße";"Kirche St. Katharinen";"Aktualisierung vorgesehen";"Geschichtlich, Künstlerisch, Kulturlandschaftlich, Städtebaulich";"Kirche St. Katharinen mit Ausstattung, Kirchhof, Grabmale bis 1870, Lindenreihe (Eutiner Straße); Pastorat (Eutiner Straße 6)";""
30113;"Bauliche Anlage";"Kreis Ostholstein";"Lensahn";"Am Mühlenholz 3";"Villa";"Villa; 1922; eingeschossiger Backsteinbau mit dreiachsigem übergiebeltem Zwerchhaus mit vorgestelltem, halbrunden Säulenportikus mit Altan, Mansardhalbwalmdach; mit Vorgarten";"Geschichtlich, Künstlerisch, Städtebaulich";"Villa, Vorgarten";"https://opendatarepo.lsh.uni-kiel.de/data/denkmalpflege/fotos/30113.jpg"
3375;"Bauliche Anlage";"Kreis Ostholstein";"Lensahn";"Am Mühlenholz 5 - 7";"ehem. Amtshaus mit Flügelbauten";"Alteintragung (Aktualisierung vorgesehen)";"Geschichtlich, Künstlerisch, Kulturlandschaftlich, Städtebaulich";"gesamtes Äußeres";"https://opendatarepo.lsh.uni-kiel.de/data/denkmalpflege/fotos/3375.jpg"
30114;"Bauliche Anlage";"Kreis Ostholstein";"Lensahn";"Bäderstraße 15";"Wohn- und Geschäftshaus";"Wohn- und Geschäftshaus; 1923, Architekt Friedrich Fuchs; dreigeschossiger Backsteinbau im Heimatschutzstil, Mansardwalmdach";"Geschichtlich, Künstlerisch, Städtebaulich";"gesamtes Objekt";"https://opendatarepo.lsh.uni-kiel.de/data/denkmalpflege/fotos/30114.jpg"
30115;"Bauliche Anlage";"Kreis Ostholstein";"Lensahn";"Bäderstraße 23 - 25";"Instenhaus Fiefhusenkate";"Instenhaus „Fiefhusenkate“; Anfang 20. Jahrhundert; eingeschossiger, traufständiger Backsteinbau mit übergiebeltem Mittelrisalit, reetgedecktes Satteldach";"Geschichtlich, Städtebaulich";"gesamtes Objekt";"https://opendatarepo.lsh.uni-kiel.de/data/denkmalpflege/fotos/30115.jpg"
5154;"Bauliche Anlage";"Kreis Ostholstein";"Lensahn";"Eutiner Straße 6";"Pastorat";"Alteintragung (Aktualisierung vorgesehen)";"Geschichtlich, Künstlerisch, Städtebaulich";"Alteintragung (Aktualisierung vorgesehen)";"https://opendatarepo.lsh.uni-kiel.de/data/denkmalpflege/fotos/5154.jpg"
30073;"Bauliche Anlage";"Kreis Ostholstein";"Lensahn";"Eutiner Straße 25";"Altes Doktorhaus";"Altes Doktorhaus; 1792; eingeschossiger Backsteinbreitbau des Klassizismus, pfannengedecktes Halbwalmdach; mit Nebengebäude und Hofpflaster";"Geschichtlich, Städtebaulich";"gesamtes Objekt";"https://opendatarepo.lsh.uni-kiel.de/data/denkmalpflege/fotos/30073.jpg"
30118;"Bauliche Anlage";"Kreis Ostholstein";"Lensahn";"Eutiner Straße 36";"Wohnhaus";"Wohnhaus; zwischen 1795 und 1836 errichtet, 1920 umgebaut; klassizistischer Backsteinbreitbau, eingeschossig mit hartem Mansardwalmdach";"Geschichtlich, Kulturlandschaftlich, Städtebaulich";"Wohnhaus, Stall";"https://opendatarepo.lsh.uni-kiel.de/data/denkmalpflege/fotos/30118.jpg"
30121;"Bauliche Anlage";"Kreis Ostholstein";"Lensahn";"Eutiner Straße 40";"Revierförsterei";"Revierförsterei; 1908; mehrteiliger Baukörper aus Backsteinsockel, verputzten Fassadenflächen und Fachwerk in den Obergeschossen der Risalite, Walm- und Schopfwalmdach";"Geschichtlich, Künstlerisch, Kulturlandschaftlich";"gesamtes Objekt";"https://opendatarepo.lsh.uni-kiel.de/data/denkmalpflege/fotos/30121.jpg"
30122;"Bauliche Anlage";"Kreis Ostholstein";"Lensahn";"Eutiner Straße 42";"Wohnhaus";"Wohnhaus; 1901; eingeschossiger Backsteinbreitbau mit zwei giebelständigen Risaliten mit Satteldach, pfannengedecktes Walmdach";"Geschichtlich, Städtebaulich";"gesamtes Objekt";"https://opendatarepo.lsh.uni-kiel.de/data/denkmalpflege/fotos/30122.jpg"
30123;"Bauliche Anlage";"Kreis Ostholstein";"Lensahn";"Eutiner Straße 54";"ehem. Wegewärterhaus";"ehem. Wegewärterhaus; 1848; eingeschossiger traufständiger Backsteinbau mit zweigeschossigem, übergiebeltem Mittelrisalit, hartes Schopfwalmdach";"Geschichtlich, Städtebaulich";"gesamtes Objekt";"https://opendatarepo.lsh.uni-kiel.de/data/denkmalpflege/fotos/30123.jpg"
3946;"Bauliche Anlage";"Kreis Ostholstein";"Lensahn";"Eutiner Straße";"Kirche St. Katharinen mit Ausstattung";"Alteintragung (Aktualisierung vorgesehen)";"Geschichtlich, Künstlerisch, Städtebaulich";"gesamtes Objekt";"https://opendatarepo.lsh.uni-kiel.de/data/denkmalpflege/fotos/3946.jpg"
20997;"Bauliche Anlage";"Kreis Ostholstein";"Lensahn";"Eutiner Straße";"Denkmal Großherzog N. F. P. von Oldenburg";"Denkmal Herzog N.F.P. von Oldenburg; 1903, Bronzerelief von Bildhauer Harro Magnussen; zweiteiliges Denkmal aus einem großen Findling mit bronzenem Portraitmedaillon auf einem pyramidalem Sockel aus kleineren z.T. gravierten Findlingen mit marmorner Inschriftentafel";"Geschichtlich, Künstlerisch, Städtebaulich";"gesamtes Objekt";"https://opendatarepo.lsh.uni-kiel.de/data/denkmalpflege/fotos/20997.jpg"
964;"Bauliche Anlage";"Kreis Ostholstein";"Lensahn";"Gut Petersdorf";"Gut Petersdorf: Herrenhaus";"Alteintragung (Aktualisierung vorgesehen)";"";"Alteintragung (Aktualisierung vorgesehen)";""
965;"Bauliche Anlage";"Kreis Ostholstein";"Lensahn";"Gut Petersdorf";"Gut Petersdorf: Torhaus";"Alteintragung (Aktualisierung vorgesehen)";"";"Alteintragung (Aktualisierung vorgesehen)";""
10957;"Bauliche Anlage";"Kreis Ostholstein";"Lensahn";"Gut Petersdorf";"Gut Petersdorf: Wagenschuppen";"Alteintragung (Aktualisierung vorgesehen)";"";"Alteintragung (Aktualisierung vorgesehen)";""
10958;"Bauliche Anlage";"Kreis Ostholstein";"Lensahn";"Gut Petersdorf";"Gut Petersdorf: Eiskeller";"Alteintragung (Aktualisierung vorgesehen)";"";"Alteintragung (Aktualisierung vorgesehen)";""
10959;"Bauliche Anlage";"Kreis Ostholstein";"Lensahn";"Gut Petersdorf";"Gut Petersdorf: Burggraben und Mühlenteich";"Alteintragung (Aktualisierung vorgesehen)";"";"Alteintragung (Aktualisierung vorgesehen)";""
10960;"Bauliche Anlage";"Kreis Ostholstein";"Lensahn";"Gut Petersdorf";"Gut Petersdorf: nördliche Brücke";"Alteintragung (Aktualisierung vorgesehen)";"";"Alteintragung (Aktualisierung vorgesehen)";""
29878;"Bauliche Anlage";"Kreis Ostholstein";"Lensahn";"Gut Petersdorf";"Gut Petersdorf: Burginsel und Umfassungsdämme";"Alteintragung (Aktualisierung vorgesehen)";"";"Alteintragung (Aktualisierung vorgesehen)";""
5431;"Bauliche Anlage";"Kreis Ostholstein";"Lensahn";"Hofweg 24";"Hof Lensahn: Torhaus";"Alteintragung (Aktualisierung vorgesehen)";"";"Alteintragung (Aktualisierung vorgesehen)";"https://opendatarepo.lsh.uni-kiel.de/data/denkmalpflege/fotos/5431.jpg"
8595;"Bauliche Anlage";"Kreis Ostholstein";"Lensahn";"Oldenburger Straße 13";"Scheune";"Scheune der ehem. Hohenradehufe; um 1830; eingeschossiger Fachwerkbau mit reetgedecktem Walmdach, Dreiständerbau mit doppeltem Vorschauer und Durchgangsdiele";"Geschichtlich, Kulturlandschaftlich";"gesamtes Objekt";"https://opendatarepo.lsh.uni-kiel.de/data/denkmalpflege/fotos/8595.jpg"
30137;"Bauliche Anlage";"Kreis Ostholstein";"Lensahn";"Oldenburger Straße 70";"Zweiständerscheune";"Zweiständerscheune; vermutlich erste Hälfte 19. Jahrhundert; Außenmauern in Fachwerk, hohes Vollwalmdach";"Geschichtlich, Kulturlandschaftlich, Städtebaulich";"gesamtes Objekt";"https://opendatarepo.lsh.uni-kiel.de/data/denkmalpflege/fotos/30137.jpg"
20994;"Gründenkmal";"Kreis Ostholstein";"Lensahn";"Eutiner Straße";"Kirchhof";"Alteintragung (Aktualisierung vorgesehen)";"Geschichtlich, Kulturlandschaftlich";"Kirchhof, Grabmale bis 1870, Lindenreihe";"https://opendatarepo.lsh.uni-kiel.de/data/denkmalpflege/fotos/20994.jpg"
39732;"Gründenkmal";"Kreis Ostholstein";"Lensahn";"Eutiner Straße";"Gedenkeiche";"Gedenkeiche; gepflanzt 1897; Gedenkbaum; mit Gedenkstein mit der Inschrift zum Gedächtnis an den 100. Geburtstag Kaiser Wilhelms I.";"Geschichtlich, Städtebaulich";"Gedenkeiche, Gedenkstein";"https://opendatarepo.lsh.uni-kiel.de/data/denkmalpflege/fotos/39732.jpg"
10962;"Gründenkmal";"Kreis Ostholstein";"Lensahn";"Gut Petersdorf";"Gut Petersdorf: Landschaftsgarten auf der Burginsel";"Alteintragung (Aktualisierung vorgesehen)";"Geschichtlich, Künstlerisch, Kulturlandschaftlich";"gesamtes Objekt";""
10963;"Gründenkmal";"Kreis Ostholstein";"Lensahn";"Gut Petersdorf";"Gut Petersdorf: westliche Dammallee (Linden)";"Alteintragung (Aktualisierung vorgesehen)";"Geschichtlich, Kulturlandschaftlich";"gesamtes Objekt";""
40725;"Sachgesamtheit";"Kreis Ostholstein";"Malente";"An der Kirche";"Kirche St. Johannis";"Aktualisierung vorgesehen";"Geschichtlich, Künstlerisch, Kulturlandschaftlich, Städtebaulich";"Kirche St. Johannis mit Ausstattung, Kirchhof, Grabmale bis 1870, Lindenkranz, Kirchhofspforte, Feldsteinböschungsmauer";"https://opendatarepo.lsh.uni-kiel.de/data/denkmalpflege/fotos/40725.jpg"
40724;"Sachgesamtheit";"Kreis Ostholstein";"Malente";"Bahnhofstraße";"Kirche St. Maria Magdalena";"Aktualisierung vorgesehen";"Geschichtlich, Künstlerisch, Kulturlandschaftlich, Städtebaulich";"Kirche St. Maria Magdalena mit Ausstattung, Kirchhof, Grabmale bis 1870, Granitböschungsmauer";"https://opendatarepo.lsh.uni-kiel.de/data/denkmalpflege/fotos/40724.jpg"
43976;"Sachgesamtheit";"Kreis Ostholstein";"Malente";"Schwonauer Weg";"Revierförsterei Schwonau";"Forsthof in isolierter Waldlage; 19./20. Jh.; Gebäudeensemble aus schlichter, reetgedeckter Wohnkate (2. Hälfte 19. Jh.) und langgestreckter, eingeschossiger Scheune mit reetgedecktem Halbwalmdach und querliegender Durchfahrt (um 1930), beide in Backstein errichtet";"Geschichtlich, Kulturlandschaftlich";"Forstkate, Wirtschaftsgebäude";""
47758;"Bauliche Anlage";"Kreis Ostholstein";"Malente";"Am Stadion 4";"Stadion Malente";"Stadion Malente; 1952; Baugruppe aus zwei Kassenpavillons, Eingangsbauwerk mit Gittertor und Treppenanlage, Stadiongelände und zwei Toiletten-Nebengebäuden";"Geschichtlich, Städtebaulich";"Stadion Malente, Eingangsbauwerk mit Gittertor und Treppenanlage, zwei Kassenpavillons, zwei Toiletten-Nebengebäude";""
36893;"Bauliche Anlage";"Kreis Ostholstein";"Malente";"Am Walde 88";"ehem. Transformatorenhaus";"ehem. Transformatorenhaus; wohl um 1910; Trafoturm aus Eisenbeton, einmal gestufte Haube";"Geschichtlich, Städtebaulich, Technisch";"gesamtes Objekt";""
4105;"Bauliche Anlage";"Kreis Ostholstein";"Malente";"An der Kirche";"Kirche St. Johannis mit Ausstattung";"Alteintragung (Aktualisierung vorgesehen)";"Geschichtlich, Künstlerisch, Städtebaulich";"gesamtes Objekt";"https://opendatarepo.lsh.uni-kiel.de/data/denkmalpflege/fotos/4105.jpg"
13812;"Bauliche Anlage";"Kreis Ostholstein";"Malente";"Auf der Kanzel 5";"Wohnhaus";"Wohnhaus; 1938-39, Architekt Alfred Schulze; eingeschossiger Putzbau mit Backsteinsockel, teilweise Fachwerk, reetgedecktes Walmdach mit Uhlenloch";"Geschichtlich, Künstlerisch, Städtebaulich";"gesamtes Objekt";"https://opendatarepo.lsh.uni-kiel.de/data/denkmalpflege/fotos/13812.jpg"
22065;"Bauliche Anlage";"Kreis Ostholstein";"Malente";"Auf der Kanzel 12";"Landhaus";"Landhaus; 1938-39, Architekt Alfred Schulze, Gartenarchitekt Harry Maaß; Fachwerkhaus, reetgedecktes Walmdach";"Geschichtlich, Künstlerisch, Städtebaulich";"Landhaus, Landhausgarten, Gartenpforte";""
4095;"Bauliche Anlage";"Kreis Ostholstein";"Malente";"Bahnhofstraße";"Kirche St. Maria Magdalena mit Ausstattung";"Alteintragung (Aktualisierung vorgesehen)";"Geschichtlich, Künstlerisch, Städtebaulich";"gesamtes Objekt";"https://opendatarepo.lsh.uni-kiel.de/data/denkmalpflege/fotos/4095.jpg"
13826;"Bauliche Anlage";"Kreis Ostholstein";"Malente";"Dorfstraße 52";"Fachhallenkate";"Fachhallenkate; 1824; Kate, Außenwände in Fachwerk mit Ziegelausfachung, reetgedecktes Halbwalmdach";"Geschichtlich, Kulturlandschaftlich, Städtebaulich";"gesamtes Objekt";"https://opendatarepo.lsh.uni-kiel.de/data/denkmalpflege/fotos/13826.jpg"
36909;"Bauliche Anlage";"Kreis Ostholstein";"Malente";"Dorfstraße 54";"Fachhallenhaus";"Fachhallenhaus; 1788; Zweiständerbau, Außenwände in Fachwerk mit Ziegelausfachung, reetgedecktes Halbwalmdach";"Geschichtlich, Kulturlandschaftlich, Städtebaulich";"gesamtes Objekt";""
19257;"Bauliche Anlage";"Kreis Ostholstein";"Malente";"Eutiner Straße 1";"Gremsmühle";"Wassermühle; Mitte 19. Jh.; zweigeschossiger Fachwerkbau mit flachem Satteldach, Kellergeschoss mit  Granitquadermauerwerk wohl vom Vorgängerbau übernommen";"Geschichtlich, Städtebaulich";"gesamtes Objekt";"https://opendatarepo.lsh.uni-kiel.de/data/denkmalpflege/fotos/19257.jpg"
31875;"Bauliche Anlage";"Kreis Ostholstein";"Malente";"Hauptstraße/Benz 2";"Neue Schule";"Neue Schule; 1937; periphere Ortslage, eingeschossiger Backsteinbau im Stil des späten Heimatschutzes mit Trakt für Lehrerwohnung sowie Klassentrakt mit offener Bogenloggia und Walmdach mit Langgaube. Abgerücktes Aborthäuschen in Backstein";"Geschichtlich, Kulturlandschaftlich";"Neue Schule, Aborthäuschen";""
1401;"Bauliche Anlage";"Kreis Ostholstein";"Malente";"Hauptstraße/Nüchel 18";"Wohnkate";"Landarbeiterkate; 1877, Umbau 1927; eingeschossiger Backsteinbau mit Zwerchhaus und Halbwalmdach, rückwärtig und giebelseitig noch Fachwerk";"Geschichtlich, Städtebaulich";"gesamtes Objekt";"https://opendatarepo.lsh.uni-kiel.de/data/denkmalpflege/fotos/1401.jpg"
36890;"Bauliche Anlage";"Kreis Ostholstein";"Malente";"Hauptstraße/Nüchel 40";"Bauernhaus";"Bauernhaus; 1822; Fachhallenhaus mit Backsteinausfachung, Satteldach mit Schopfwalm";"Geschichtlich, Kulturlandschaftlich, Städtebaulich";"gesamtes Objekt";""
10762;"Bauliche Anlage";"Kreis Ostholstein";"Malente";"Kellerseestraße 35";"Villa Schloss Eggersdorf";"Alteintragung (Aktualisierung vorgesehen)";"";"Alteintragung (Aktualisierung vorgesehen)";""
13041;"Bauliche Anlage";"Kreis Ostholstein";"Malente";"Kurpark";"Haus des Kurgastes";"Alteintragung (Aktualisierung vorgesehen)";"";"Alteintragung (Aktualisierung vorgesehen)";"https://opendatarepo.lsh.uni-kiel.de/data/denkmalpflege/fotos/13041.jpg"
13042;"Bauliche Anlage";"Kreis Ostholstein";"Malente";"Kurpark";"Musikpavillon";"Alteintragung (Aktualisierung vorgesehen)";"Geschichtlich";"Alteintragung (Aktualisierung vorgesehen)";"https://opendatarepo.lsh.uni-kiel.de/data/denkmalpflege/fotos/13042.jpg"
13043;"Bauliche Anlage";"Kreis Ostholstein";"Malente";"Kurpark";"Liegehalle";"Alteintragung (Aktualisierung vorgesehen)";"";"Alteintragung (Aktualisierung vorgesehen)";"https://opendatarepo.lsh.uni-kiel.de/data/denkmalpflege/fotos/13043.jpg"
13044;"Bauliche Anlage";"Kreis Ostholstein";"Malente";"Kurpark";"Freilichtbühne";"Alteintragung (Aktualisierung vorgesehen)";"";"Alteintragung (Aktualisierung vorgesehen)";"https://opendatarepo.lsh.uni-kiel.de/data/denkmalpflege/fotos/13044.jpg"
13045;"Bauliche Anlage";"Kreis Ostholstein";"Malente";"Kurpark";"Toilettenhäuschen";"Alteintragung (Aktualisierung vorgesehen)";"";"Alteintragung (Aktualisierung vorgesehen)";"https://opendatarepo.lsh.uni-kiel.de/data/denkmalpflege/fotos/13045.jpg"
28217;"Bauliche Anlage";"Kreis Ostholstein";"Malente";"Lindenallee 11";"Wohnhaus";"Wohnhaus; um 1910; zweigeschossiger Putzbau über rechtwinkligem Grundriss, Flachdach mit abgewalmten Seiten, diese mit farbiger Schieferdeckung und bauzeitlichen Gauben, dreigeschossiger Eckturm mit spitzer Haube, Fassade mit Detailformen im Jugendstil";"Geschichtlich, Städtebaulich";"gesamtes Objekt";""
36873;"Bauliche Anlage";"Kreis Ostholstein";"Malente";"Lindenallee 33";"Wohnhaus";"Wohnhaus; Anfang 20. Jahrhundert; zweigeschossiges Wohnhaus, Backsteinfassade mit Putzgliederung, reiche Dachlandschaft mit Schindeln in Kronendeckung";"Geschichtlich, Städtebaulich";"Wohnhaus, Einfriedung";""
2819;"Bauliche Anlage";"Kreis Ostholstein";"Malente";"Lindenallee 39";"Wohnhaus";"Wohnhaus; Anfang 20. Jh.; eingeschossiger traufständiger Putzbau mit ausgebautem Kurzwalmdach, straßenseitig zweigeschossiger Risalit mit eigenem Satteldach, bauzeitliche, kleinteilig gegliederte Holzsprossenfenster umfassend erhalten";"Geschichtlich, Städtebaulich";"gesamtes Objekt";"https://opendatarepo.lsh.uni-kiel.de/data/denkmalpflege/fotos/2819.jpg"
2083;"Bauliche Anlage";"Kreis Ostholstein";"Malente";"Marktstraße 13";"Kate";"Alteintragung (Aktualisierung vorgesehen)";"Städtebaulich, Wissenschaftlich";"gesamtes Objekt";"https://opendatarepo.lsh.uni-kiel.de/data/denkmalpflege/fotos/2083.jpg"
36848;"Bauliche Anlage";"Kreis Ostholstein";"Malente";"Prinzenholz";"Riemannstein";"Riemannstein; aufgestellt 1876; Findlingsdenkmal für Heinrich Arminius Riemann (1793-1872) an der Stelle des von ihm in den 1820er Jahren eingerichteten Turnplatzes";"Geschichtlich";"gesamtes Objekt";""
3393;"Bauliche Anlage";"Kreis Ostholstein";"Malente";"Ringstraße 25";"Wasserturm";"Alteintragung (Aktualisierung vorgesehen)";"Geschichtlich, Städtebaulich";"gesamtes Äußeres";"https://opendatarepo.lsh.uni-kiel.de/data/denkmalpflege/fotos/3393.jpg"
12563;"Bauliche Anlage";"Kreis Ostholstein";"Malente";"Rosenstraße 61";"Wohnhaus Ohlenbrink";"Wohnhaus Ohlenbrink; 1929; eingeschossiges Backsteinhaus mit Runderker in südwestlicher Gebäudeecke, hohes Walmdach";"Geschichtlich, Künstlerisch, Städtebaulich";"Wohnhaus Ohlenbrink, Einfriedung";"https://opendatarepo.lsh.uni-kiel.de/data/denkmalpflege/fotos/12563.jpg"
27845;"Bauliche Anlage";"Kreis Ostholstein";"Malente";"Rothensande";"Hof Rothensande";"Alteintragung (Aktualisierung vorgesehen)";"";"Alteintragung (Aktualisierung vorgesehen)";""
28347;"Bauliche Anlage";"Kreis Ostholstein";"Malente";"Rothensande";"Rothensande: Torhaus";"Alteintragung (Aktualisierung vorgesehen)";"";"Alteintragung (Aktualisierung vorgesehen)";""
28348;"Bauliche Anlage";"Kreis Ostholstein";"Malente";"Rothensande";"Rothensande: Gutshaus";"Alteintragung (Aktualisierung vorgesehen)";"";"Alteintragung (Aktualisierung vorgesehen)";""
28349;"Bauliche Anlage";"Kreis Ostholstein";"Malente";"Rothensande";"Rothensande: Verwalterhaus";"Alteintragung (Aktualisierung vorgesehen)";"";"Alteintragung (Aktualisierung vorgesehen)";""
28350;"Bauliche Anlage";"Kreis Ostholstein";"Malente";"Rothensande";"Rothensande: nördliche Scheune";"Alteintragung (Aktualisierung vorgesehen)";"";"Alteintragung (Aktualisierung vorgesehen)";""
28351;"Bauliche Anlage";"Kreis Ostholstein";"Malente";"Rothensande";"Rothensande: südliche Scheune";"Alteintragung (Aktualisierung vorgesehen)";"";"Alteintragung (Aktualisierung vorgesehen)";""
28352;"Bauliche Anlage";"Kreis Ostholstein";"Malente";"Rothensande";"Rothensande: Bootshaus";"Alteintragung (Aktualisierung vorgesehen)";"";"Alteintragung (Aktualisierung vorgesehen)";""
28242;"Bauliche Anlage";"Kreis Ostholstein";"Malente";"Rövkampallee 2 - 4";"Pavillon mit Aussichtsterrasse";"Alteintragung (Aktualisierung vorgesehen)";"Geschichtlich, Kulturlandschaftlich";"Pavillon mit Aussichtsterrasse, Grünanlage, Aussichtsterrasse am Seeufer";""
31278;"Bauliche Anlage";"Kreis Ostholstein";"Malente";"Schweizer Straße 60";"Landhaus";"Wohnhaus; um 1905, Architekt Oskar Fischer; repräsentativer Putzbau in der Art eines Landhauses, reich gegliederte Fassade und Dachlandschaft, Zierfachwerk in den Giebeln";"Geschichtlich, Kulturlandschaftlich";"gesamtes Objekt";"https://opendatarepo.lsh.uni-kiel.de/data/denkmalpflege/fotos/31278.jpg"
24;"Bauliche Anlage";"Kreis Ostholstein";"Malente";"Schwonauer Weg";"Forstkate";"Wohnhaus der Revierförsterei Schwonau; 2. Hälfte 19. Jh.; kleine, eingeschossige Kate in Backstein, reetgedecktes Walmdach nach Westen tief herabgezogen, nach Osten als Halbwalm ausgebildet";"Geschichtlich, Kulturlandschaftlich";"gesamtes Objekt";"https://opendatarepo.lsh.uni-kiel.de/data/denkmalpflege/fotos/24.jpg"
36882;"Bauliche Anlage";"Kreis Ostholstein";"Malente";"Sebastian-Kneipp-Straße 1";"Hotel Im Steinbusch";"Hotel „Im Steinbusch“; 1906; zweigeschossiger Putzbau mit zahlreichen Risaliten und Erkern, Schopfwalmdächer mit weitem Dachüberstand";"Geschichtlich, Städtebaulich";"Hotel 'Im Steinbusch', Einfriedung";""
36883;"Bauliche Anlage";"Kreis Ostholstein";"Malente";"Sebastian-Kneipp-Straße";"Tews-Kate";"Fachhallenkate; 1634, im 18. Jahrhundert erweitert, 1967 transloziert; Zweistützenkonstruktion von fünf Fach Länge, Reetdach mit verbrettertem Vollgiebel am Wirtschaftsteil";"Geschichtlich, Kulturlandschaftlich, Wissenschaftlich";"gesamtes Objekt";""
20896;"Gründenkmal";"Kreis Ostholstein";"Malente";"An der Kirche";"Kirchhof";"Alteintragung (Aktualisierung vorgesehen)";"Geschichtlich, Kulturlandschaftlich";"Kirchhof, Grabmale bis 1870, Lindenkranz, Kirchhofspforte, Feldsteinböschungsmauer";"https://opendatarepo.lsh.uni-kiel.de/data/denkmalpflege/fotos/20896.jpg"
20902;"Gründenkmal";"Kreis Ostholstein";"Malente";"Bahnhofstraße";"Kirchhof";"Alteintragung (Aktualisierung vorgesehen)";"Geschichtlich, Kulturlandschaftlich";"Kirchhof, Grabmale bis 1870, Granitböschungsmauer";"https://opendatarepo.lsh.uni-kiel.de/data/denkmalpflege/fotos/20902.jpg"
10763;"Gründenkmal";"Kreis Ostholstein";"Malente";"Kellerseestraße 35";"Park";"Alteintragung (Aktualisierung vorgesehen)";"Geschichtlich, Künstlerisch, Kulturlandschaftlich";"gesamtes Objekt";"https://opendatarepo.lsh.uni-kiel.de/data/denkmalpflege/fotos/10763.jpg"
27685;"Gründenkmal";"Kreis Ostholstein";"Malente";"Kellerseestraße 35";"Allee zum Kellersee";"Alteintragung (Aktualisierung vorgesehen)";"Geschichtlich, Kulturlandschaftlich";"gesamtes Objekt";"https://opendatarepo.lsh.uni-kiel.de/data/denkmalpflege/fotos/27685.jpg"
13033;"Gründenkmal";"Kreis Ostholstein";"Malente";"Kurpark";"Kurpark";"Alteintragung (Aktualisierung vorgesehen)";"Geschichtlich, Künstlerisch, Kulturlandschaftlich, Städtebaulich";"Kurpark, Verlauf der Schwentine mit Altarm, Vier Kaminhäuser, Schachgarten mit zwei Schachbrettanlagen, Bocciabahn, Kneippbecken, Eingangstor, Eingang Schwentinewiese (Eingangstor und Betriebsgebäude)";"https://opendatarepo.lsh.uni-kiel.de/data/denkmalpflege/fotos/13033.jpg"
6259;"Bauliche Anlage";"Kreis Ostholstein";"Manhagen";"Manhagenerfelde 20";"ehem. Gastwirtschaft";"Alteintragung (Aktualisierung vorgesehen)";"Geschichtlich, Städtebaulich";"gesamtes Objekt";"https://opendatarepo.lsh.uni-kiel.de/data/denkmalpflege/fotos/6259.jpg"
41019;"Gründenkmal";"Kreis Ostholstein";"Manhagen";"Dorfstraße";"Friedenseiche";"Friedenseiche; nach 26.02.1871; Eiche als Gedenkbaum; mit Granitfindling als Gedenkstein";"Geschichtlich, Städtebaulich";"Friedenseiche, Gedenkstein";""
40769;"Sachgesamtheit";"Kreis Ostholstein";"Neukirchen";"An der Kirche 5, An der Kirche";"Kirche St. Antonius";"Aktualisierung vorgesehen";"Geschichtlich, Künstlerisch, Kulturlandschaftlich, Städtebaulich";"Kirche St. Antonius mit Ausstattung, Kirchhof, Grabmale bis 1870, Lindenkranz, Granitböschungsmauer, zwei Zugangstreppen mit Eisenpforten (An der Kirche); Alte Schule, Pastoratsstall (An der Kirche 5)";""
38494;"Sachgesamtheit";"Kreis Ostholstein";"Neukirchen";"Schulstraße 3, 5-7";"Schule Neukirchen";"Neue Schule Neukirchen; 1935; Schulgebäude mit benachbartem Lehrerwohnhaus und kleinem Nebengebäude mit Garage, eingeschossige Backsteinbauten in schlichten Formen mit Natursteinsockeln und Walmdächern, charakteristische ländliche Baugruppe im Stil der Heimatschutzarchitektur, straßenseitige Einfriedung";"Geschichtlich, Künstlerisch, Städtebaulich";"Neue Schule (Schulstraße 3), Lehrerwohnhaus mit Nebengebäude und Einfriedung (Schulstraße 5-7)";""
38493;"Mehrheit von baulichen Anlagen";"Kreis Ostholstein";"Neukirchen";"Dorfstraße 7, 18, 22";"Baugruppe Dorfstraße 7, 18, 22";"Baugruppe Dorfstraße 7, 18, 22; um 1906; Gruppe ein- bis zweigeschossiger Backsteingebäude mit Fassaden des späten Historismus, pfannengedeckte Sattel- und Schopfwalmdächer";"Geschichtlich, Städtebaulich";"Wohnhäuser (Dorfstraße 7, 18), Wohn- und Geschäftshaus (Dorfstraße 22)";""
4106;"Bauliche Anlage";"Kreis Ostholstein";"Neukirchen";"An der Kirche 5";"Alte Schule";"Alteintragung (Aktualisierung vorgesehen)";"Geschichtlich, Städtebaulich";"Alteintragung (Aktualisierung vorgesehen)";"https://opendatarepo.lsh.uni-kiel.de/data/denkmalpflege/fotos/4106.jpg"
4107;"Bauliche Anlage";"Kreis Ostholstein";"Neukirchen";"An der Kirche";"Kirche St. Antonius mit Ausstattung";"Alteintragung (Aktualisierung vorgesehen)";"Geschichtlich, Künstlerisch, Städtebaulich";"gesamtes Objekt";"https://opendatarepo.lsh.uni-kiel.de/data/denkmalpflege/fotos/4107.jpg"
29974;"Bauliche Anlage";"Kreis Ostholstein";"Neukirchen";"Dorfstraße 7";"Wohnhaus";"Wohnhaus; 1906; eingeschossiger traufständiger Backsteinbau mit zweigeschossigem Mittelrisalit mit eigenem Satteldach, prächtige Schaufassade, pfannengedecktes Halbwalmdach";"Geschichtlich, Städtebaulich";"gesamtes Objekt";""
12316;"Bauliche Anlage";"Kreis Ostholstein";"Neukirchen";"Godderstorf";"Gut Godderstorf: Gärtnerkate";"Alteintragung (Aktualisierung vorgesehen)";"";"Alteintragung (Aktualisierung vorgesehen)";""
12317;"Bauliche Anlage";"Kreis Ostholstein";"Neukirchen";"Godderstorf";"Gut Godderstorf: Pferdestall";"Alteintragung (Aktualisierung vorgesehen)";"";"Alteintragung (Aktualisierung vorgesehen)";""
12318;"Bauliche Anlage";"Kreis Ostholstein";"Neukirchen";"Godderstorf";"Gut Godderstorf: Viehhaus";"Alteintragung (Aktualisierung vorgesehen)";"";"Alteintragung (Aktualisierung vorgesehen)";""
12320;"Bauliche Anlage";"Kreis Ostholstein";"Neukirchen";"Godderstorf";"Gut Godderstorf: Torhaus";"Alteintragung (Aktualisierung vorgesehen)";"";"Alteintragung (Aktualisierung vorgesehen)";""
12321;"Bauliche Anlage";"Kreis Ostholstein";"Neukirchen";"Godderstorf";"Gut Godderstorf: Herrenhaus";"Alteintragung (Aktualisierung vorgesehen)";"";"Alteintragung (Aktualisierung vorgesehen)";""
12714;"Bauliche Anlage";"Kreis Ostholstein";"Neukirchen";"Godderstorf";"Gut Godderstorf: Scheune";"Alteintragung (Aktualisierung vorgesehen)";"";"Alteintragung (Aktualisierung vorgesehen)";""
22086;"Bauliche Anlage";"Kreis Ostholstein";"Neukirchen";"Godderstorf";"Gut Godderstorf: Torhaus-Nebengebäude 1";"Alteintragung (Aktualisierung vorgesehen)";"";"Alteintragung (Aktualisierung vorgesehen)";""
22087;"Bauliche Anlage";"Kreis Ostholstein";"Neukirchen";"Godderstorf";"Gut Godderstorf: Torhaus-Nebengebäude 2";"Alteintragung (Aktualisierung vorgesehen)";"";"Alteintragung (Aktualisierung vorgesehen)";""
956;"Bauliche Anlage";"Kreis Ostholstein";"Neukirchen";"Löhrstorf";"Gut Löhrstorf: Herrenhaus";"Alteintragung (Aktualisierung vorgesehen)";"";"Alteintragung (Aktualisierung vorgesehen)";"https://opendatarepo.lsh.uni-kiel.de/data/denkmalpflege/fotos/956.jpg"
957;"Bauliche Anlage";"Kreis Ostholstein";"Neukirchen";"Löhrstorf";"Gut Löhrstorf: Pferdestall";"Alteintragung (Aktualisierung vorgesehen)";"";"Alteintragung (Aktualisierung vorgesehen)";""
958;"Bauliche Anlage";"Kreis Ostholstein";"Neukirchen";"Löhrstorf";"Gut Löhrstorf: Nebengebäude";"Alteintragung (Aktualisierung vorgesehen)";"";"Alteintragung (Aktualisierung vorgesehen)";""
959;"Bauliche Anlage";"Kreis Ostholstein";"Neukirchen";"Löhrstorf";"Gut Löhrstorf: Schmiede";"Alteintragung (Aktualisierung vorgesehen)";"";"Alteintragung (Aktualisierung vorgesehen)";""
960;"Bauliche Anlage";"Kreis Ostholstein";"Neukirchen";"Löhrstorf";"Gut Löhrstorf: Gärtnerhaus";"Alteintragung (Aktualisierung vorgesehen)";"";"Alteintragung (Aktualisierung vorgesehen)";""
961;"Bauliche Anlage";"Kreis Ostholstein";"Neukirchen";"Löhrstorf";"Gut Löhrstorf: Schafhof";"Alteintragung (Aktualisierung vorgesehen)";"";"Alteintragung (Aktualisierung vorgesehen)";""
962;"Bauliche Anlage";"Kreis Ostholstein";"Neukirchen";"Löhrstorf";"Gut Löhrstorf: Grabenanlage";"Alteintragung (Aktualisierung vorgesehen)";"";"Alteintragung (Aktualisierung vorgesehen)";"https://opendatarepo.lsh.uni-kiel.de/data/denkmalpflege/fotos/962.jpg"
28481;"Bauliche Anlage";"Kreis Ostholstein";"Neukirchen";"Löhrstorf";"Gut Löhrstorf: Schmiedeschauer";"Alteintragung (Aktualisierung vorgesehen)";"";"Alteintragung (Aktualisierung vorgesehen)";""
29973;"Bauliche Anlage";"Kreis Ostholstein";"Neukirchen";"Schulstraße 3";"Neue Schule";"Landschulhaus; 1935; eingeschossiger Backsteinbau im schlichten Heimatschutzstil, Natursteinsockel, symmetrische Fassadengestaltung, Halbwalmdach mit zwei Zwerchhäusern, rückwärtig Treppenhausrisalit, nach Nordosten durch Seitenflügel erweitert";"Geschichtlich, Künstlerisch, Städtebaulich";"gesamtes Objekt";""
3300;"Bauliche Anlage";"Kreis Ostholstein";"Neukirchen";"";"Brücke über den Meeschendorfer Weidegraben";"Alteintragung (Aktualisierung vorgesehen)";"Geschichtlich, Kulturlandschaftlich, Technisch";"gesamtes Äußeres";"https://opendatarepo.lsh.uni-kiel.de/data/denkmalpflege/fotos/3300.jpg"
6291;"Bauliche Anlage";"Kreis Ostholstein";"Neukirchen";"";"Brücke über die Dazendorf-Goddersdorfer Au";"Alteintragung (Aktualisierung vorgesehen)";"Geschichtlich, Technisch, Wissenschaftlich";"gesamtes Objekt";"https://opendatarepo.lsh.uni-kiel.de/data/denkmalpflege/fotos/6291.jpg"
12326;"Gründenkmal";"Kreis Ostholstein";"Neukirchen";"An der Kirche";"Kirchhof";"Alteintragung (Aktualisierung vorgesehen)";"Geschichtlich, Kulturlandschaftlich";"Kirchhof, Grabmale bis 1870, Lindenkranz, Granitböschungsmauer, zwei Zugangstreppen mit Eisenpforten";"https://opendatarepo.lsh.uni-kiel.de/data/denkmalpflege/fotos/12326.jpg"
963;"Gründenkmal";"Kreis Ostholstein";"Neukirchen";"Löhrstorf";"Gut Löhrstorf: Parkanlage";"Alteintragung (Aktualisierung vorgesehen)";"Geschichtlich, Kulturlandschaftlich";"gesamtes Objekt";"https://opendatarepo.lsh.uni-kiel.de/data/denkmalpflege/fotos/963.jpg"
46178;"Sachgesamtheit";"Kreis Ostholstein";"Neustadt in Holstein, Stadt";"Am Heisterbusch 43, 43-45, 45, 71";"Offizierswohnhäuser";"drei Mietshäuser für Marine-Offiziere; 1936-1937, Architekt Hans Petersen; drei traufständige, zweigeschossige Wohnblöcke in offener Bebauung mit je vier Wohneinheiten, Klinkerfassaden und Vollwalmdächern, aufwendig gestaltete rundbogige Hauseingänge mit Oberlichtern und baukeramischem Schmuck, zugehörig ein Garagenblock und die straßenseitigen Einfriedungen";"Geschichtlich, Künstlerisch, Städtebaulich";"Mietshäuser mit Garagengebäude, Einfriedung (Am Heisterbusch 43, 45); Mietshaus mit Einfriedung (Am Heisterbusch 71)";""
39594;"Sachgesamtheit";"Kreis Ostholstein";"Neustadt in Holstein, Stadt";"Bahnhofstraße 16, Holmer Weg, Wieksbergstraße 6";"Bahnhof Neustadt";"Bahnhof Neustadt mit Güterschuppen und Stellwerk; 2. Hälfte 19. Jh.; Bahnhofempfangsgebäude von 1866 in klassizistischen Formen mit Putzfassade und Bahnsteigüberdachung, eingeschossiger Güterschuppen des ausgehenden 19. Jhs. in Ziegelbauweise und Stellwerk Ns der 1920er Jahre";"Geschichtlich, Künstlerisch, Städtebaulich, Technisch";"Bahnhofsgebäude (Bahnhofstraße 16), Güterschuppen (Wieksbergstraße 6), Stellwerk Ns (Holmer Weg)";""
40770;"Sachgesamtheit";"Kreis Ostholstein";"Neustadt in Holstein, Stadt";"Kirchenstraße 1, 9";"Stadtkirche Neustadt in Holstein";"Ensemble um die etwa 1244 bei Anlage der Planstadt begonnene gotische Stutzbasilika aus Backstein und ihrer kunstvollen Ausstattung mit dem umgebenden Kirchhof und südlich gelegenem Pastorat des 19. Jahrhunderts";"Geschichtlich, Künstlerisch, Städtebaulich";"Stadtkirche mit Ausstattung, Kirchhof mit Einfriedung, Lindenreihe (Kirchenstraße 1); Pastorat mit Nebengebäude, Einfriedung (Kirchenstraße 9)";"https://opendatarepo.lsh.uni-kiel.de/data/denkmalpflege/fotos/40770.jpg"
32896;"Sachgesamtheit";"Kreis Ostholstein";"Neustadt in Holstein, Stadt";"Vor dem Brücktor 1-3";"Heilig-Geist-Hospital";"Heilig-Geist-Hospital; 1344 gegründet ; die Hospitalanlage mit der im Kern gotischen Backsteinsaalkirche mit barockem Dachreiter, dem 1853 erneuerten eingeschossigen Backsteinwohnhaus über winkelförmigem Grundriss, den bis 1871 belegten Friedhof mit der Lindenreihe im Norden sowie die ursprünglichen Obst- und Gemüsegärten und die westlich begrenzende Backsteinmauer";"Geschichtlich, Künstlerisch, Städtebaulich";"Hospitalkirche mit Ausstattung, Hospital-Wohnhaus, Hospital-Friedhof mit Lindenreihe, Gartenanlagen, Einfriedung";"https://opendatarepo.lsh.uni-kiel.de/data/denkmalpflege/fotos/32896.jpg"
27603;"Sachgesamtheit";"Kreis Ostholstein";"Neustadt in Holstein, Stadt";"Wiesenhof 3, 6, 11, 23, 27, 29, 36, 37, 46, 47, Parkweg, Wiesenhof, Zuckerdamm 15, Zur schönen Aussicht 1-3, 2-4, 5-7, 6-8";"ehem. Provinzial-Pflegeanstalt";"ehem. Provinzial-Pflege-Anstalt; 1893 eröffnet, stetig erweitert und umgebaut, Landesbaurat Kessler u.a.; heute weiträumige Klinik mit vielen Haupt- und Nebengebäuden der Anstaltszeit sowie ehem. Arztwohnhäusern und einem Feuerwehrhaus inmitten einer zentralen Parkanlage, die ab 1985 auf das Gelände der alten Anstaltsgärtnerei im Osten erweitert und überplant wurde, mit Teich und drei Alleen, darin auch ein Ehrenmal für die Gefallenen beider Weltkriege sowie eine Gedenkbank mit Tisch, westlich der Eisenbahn Personal-Doppelwohnhäuser und der Anstaltsfriedhof";"Geschichtlich, Künstlerisch, Städtebaulich, Wissenschaftlich";"ehem. Küchengebäude (Haus 3) (Wiesenhof 3), ehem. Festes Haus (Haus 6) (Wiesenhof 6), ehem. Männeraufnahmehaus (Haus 11) (Wiesenhof 11), Rotes Haus (Wiesenhof 23), Haus 27 (Zuckerfabrik) (Wiesenhof 27), Verwaltungsbau (Haus 36) (Wiesenhof 36), Feuerwehrhaus (Wiesenhof 37), ehem. Frauenaufnahmehaus (Haus 46) (Wiesenhof 46), ehem. Arztwohnhäuser (Wiesenhof 29, 47, Zuckerdamm 15); ehem. Personalwohnhäuser (Zur schönen Aussicht 1-3, 2-4, 5-7, 6-8), zentrale Parkanlage mit Teich, Alleen, Ehrenmal für die Gefallenen beider Weltkriege, Gedenkbank mit Tisch (Wiesenhof); Anstaltsfriedhof/Kriegsgräber (Parkweg)";""
51119;"Mehrheit von baulichen Anlagen";"Kreis Ostholstein";"Neustadt in Holstein, Stadt";"Fischerstraße 23, 25";"Baugruppe Fischerstraße 23-25";"Baugruppe Fischerstraße 23-25; Gebäudegruppe des 19. Jahrhunderts mit Putzfassaden, unterschiedliche Dachformen";"Geschichtlich, Städtebaulich";"Wohn- und Geschäftshaus (Fischerstraße 23); ehem. Zollamt, ehem. Pferdestall (Fischerstraße 25)";""
30208;"Bauliche Anlage";"Kreis Ostholstein";"Neustadt in Holstein, Stadt";"Am Binnenwasser 4";"ehem. Fischerkate";"ehem. Fischerkate; 1820; kleines, eingeschossiges Fachwerkhaus, Außenwände bis auf die östliche massiv erneuert, Satteldach";"Geschichtlich, Städtebaulich";"gesamtes Objekt";""
1970;"Bauliche Anlage";"Kreis Ostholstein";"Neustadt in Holstein, Stadt";"Am Hafen 2";"Alter Wasserspeicher";"Alteintragung (Aktualisierung vorgesehen)";"Geschichtlich, Städtebaulich";"gesamtes Objekt";"https://opendatarepo.lsh.uni-kiel.de/data/denkmalpflege/fotos/1970.jpg"
1971;"Bauliche Anlage";"Kreis Ostholstein";"Neustadt in Holstein, Stadt";"Am Hafen 4";"Horn'scher Speicher";"Alteintragung (Aktualisierung vorgesehen)";"Geschichtlich, Städtebaulich";"gesamtes Objekt";"https://opendatarepo.lsh.uni-kiel.de/data/denkmalpflege/fotos/1971.jpg"
37222;"Bauliche Anlage";"Kreis Ostholstein";"Neustadt in Holstein, Stadt";"Am Heisterbusch 14";"Wohnhaus";"sog. Niemannsche Villa; 1937-1938, Architekt Hans Petersen, Bauherr Hans Niemann; repräsentatives zweigeschossiges Wohnhaus in offener Bebauung, qualitätvolle Klinkerfassade, Vollwalmdach, Garage, Einfriedung";"Geschichtlich, Städtebaulich";"Wohnhaus, Garage, Einfriedung";""
37237;"Bauliche Anlage";"Kreis Ostholstein";"Neustadt in Holstein, Stadt";"Am Heisterbusch";"Ehrenmal für die Gefallenen beider Weltkriege";"Ehrenmal für die Gefallenen beider Weltkriege; 1924, Entwurf Hans Schnittger, 1952 Ergänzung der Jahreszahlen des Zweiten Weltkrieges; Bruchsteinmauer mit Inschrift innerhalb einer von Brunsteinmauern gestalteten Grünanlage";"Geschichtlich, Städtebaulich";"gesamtes Objekt";""
2784;"Bauliche Anlage";"Kreis Ostholstein";"Neustadt in Holstein, Stadt";"Am Markt 1";"Rathaus";"Rathaus; 1818-1820, Friedrich Christian Heylmann, Christian Friedrich Hansen, 1913 und 1954 rückwärtig erweitert; eingeschossiger, breitgelagerter Putzbau des Spätklassizismus, Walmdach, mit Toreinfahrtspfeilern";"Geschichtlich, Künstlerisch, Städtebaulich";"Rathaus, Toreinfahrtspfeiler";"https://opendatarepo.lsh.uni-kiel.de/data/denkmalpflege/fotos/2784.jpg"
1973;"Bauliche Anlage";"Kreis Ostholstein";"Neustadt in Holstein, Stadt";"Am Markt 2";"Apotheke";"Alteintragung (Aktualisierung vorgesehen)";"Geschichtlich, Städtebaulich";"gesamtes Äußeres";"https://opendatarepo.lsh.uni-kiel.de/data/denkmalpflege/fotos/1973.jpg"
1974;"Bauliche Anlage";"Kreis Ostholstein";"Neustadt in Holstein, Stadt";"Am Markt 3";"Wohnhaus";"Wohnhaus; etwa 2. Viertel 19. Jahrhundert; zweigeschossiges Fachwerkgebäude mit vorgeblendeter symmetrischer Putzfassade, Walmdach; Nebengebäude";"Geschichtlich, Städtebaulich";"Wohnhaus, Nebengebäude";"https://opendatarepo.lsh.uni-kiel.de/data/denkmalpflege/fotos/1974.jpg"
1975;"Bauliche Anlage";"Kreis Ostholstein";"Neustadt in Holstein, Stadt";"Am Markt 13";"Wohn- und Geschäftshaus";"Alteintragung (Aktualisierung vorgesehen)";"Geschichtlich, Künstlerisch, Städtebaulich";"gesamtes Äußeres";"https://opendatarepo.lsh.uni-kiel.de/data/denkmalpflege/fotos/1975.jpg"
38295;"Bauliche Anlage";"Kreis Ostholstein";"Neustadt in Holstein, Stadt";"Auf der Pelzerwiese 53";"Fernmeldeturm";"Aufklärungsturm der Bundesmarine; 1964-1968; ca. 83 m hoher Turm aus Stahlbeton, über geböschter Sockelzone 16 sich nach oben verjüngende Geschossebenen, umlaufende Plattform im siebten Geschoss, achtes bis elftes Geschoss weit über den Turmschaft auskragend, flacher Erweiterungsbau der späten 1980er Jahre, bauzeitliche Ausstattung in Teilen erhalten";"Geschichtlich, Kulturlandschaftlich, Technisch";"gesamtes Objekt";"https://opendatarepo.lsh.uni-kiel.de/data/denkmalpflege/fotos/38295.jpg"
1976;"Bauliche Anlage";"Kreis Ostholstein";"Neustadt in Holstein, Stadt";"Bahnhofstraße 4";"Wohnhaus";"Alteintragung (Aktualisierung vorgesehen)";"Geschichtlich, Städtebaulich";"gesamtes Äußeres";"https://opendatarepo.lsh.uni-kiel.de/data/denkmalpflege/fotos/1976.jpg"
31837;"Bauliche Anlage";"Kreis Ostholstein";"Neustadt in Holstein, Stadt";"Bahnhofstraße 14";"Doppelturm-Getreidespeicher";"Getreidespeicher; 1954/57, Architekt Karl Horenburg; Stahlbetonbau mit Vorsatzmauerwerk, zwei knapp 40 m hohe, weitgehend fensterlose Silotürme mit jüngerem Zwischenbau, am südlichen Turm ein fünfgeschossiges Lagerhaus mit Schüttböden, straffe Fassadengliederung mit leicht abgesetzten Mauerstreifen, Satteldächer; Schiffsbeladeanlage von 1955";"Geschichtlich, Städtebaulich, Technisch";"Doppelturm-Getreidespeicher, Schiffsbeladeanlage (Förderband)";""
3112;"Bauliche Anlage";"Kreis Ostholstein";"Neustadt in Holstein, Stadt";"Bahnhofstraße 16";"Bahnhofsgebäude";"Alteintragung (Aktualisierung vorgesehen)";"Geschichtlich, Künstlerisch, Städtebaulich";"Alteintragung (Aktualisierung vorgesehen)";"https://opendatarepo.lsh.uni-kiel.de/data/denkmalpflege/fotos/3112.jpg"
1977;"Bauliche Anlage";"Kreis Ostholstein";"Neustadt in Holstein, Stadt";"Brückstraße 23";"Wohnhaus (Kalandshaus)";"Alteintragung (Aktualisierung vorgesehen)";"Geschichtlich, Städtebaulich";"gesamtes Äußeres";"https://opendatarepo.lsh.uni-kiel.de/data/denkmalpflege/fotos/1977.jpg"
1978;"Bauliche Anlage";"Kreis Ostholstein";"Neustadt in Holstein, Stadt";"Brückstraße 30";"Wohn- und Geschäftshaus";"Alteintragung (Aktualisierung vorgesehen)";"Geschichtlich, Städtebaulich";"gesamtes Äußeres";"https://opendatarepo.lsh.uni-kiel.de/data/denkmalpflege/fotos/1978.jpg"
1498;"Bauliche Anlage";"Kreis Ostholstein";"Neustadt in Holstein, Stadt";"Burgstraße 14";"Wohnhaus";"Alteintragung (Aktualisierung vorgesehen)";"Geschichtlich, Städtebaulich";"gesamtes Objekt";"https://opendatarepo.lsh.uni-kiel.de/data/denkmalpflege/fotos/1498.jpg"
1983;"Bauliche Anlage";"Kreis Ostholstein";"Neustadt in Holstein, Stadt";"Burgstraße 36";"Wohnhaus";"Alteintragung (Aktualisierung vorgesehen)";"Geschichtlich, Städtebaulich";"gesamtes Äußeres";"https://opendatarepo.lsh.uni-kiel.de/data/denkmalpflege/fotos/1983.jpg"
1984;"Bauliche Anlage";"Kreis Ostholstein";"Neustadt in Holstein, Stadt";"Eutiner Straße 37";"Wohnhaus";"Wohnhaus; 19. Jahrhundert; eingeschossiges giebelständiges Backsteingebäude, Satteldach, mit Stall";"Geschichtlich, Städtebaulich";"Wohnhaus, Nebengebäude";"https://opendatarepo.lsh.uni-kiel.de/data/denkmalpflege/fotos/1984.jpg"
1145;"Bauliche Anlage";"Kreis Ostholstein";"Neustadt in Holstein, Stadt";"Fischerstraße 25";"ehem. Zollamt";"ehem. Zollamt; 1844; zweigeschossiger, spätklassizistischer Putzbau mit flachem Walmdach";"Geschichtlich, Städtebaulich";"gesamtes Objekt";"https://opendatarepo.lsh.uni-kiel.de/data/denkmalpflege/fotos/1145.jpg"
1985;"Bauliche Anlage";"Kreis Ostholstein";"Neustadt in Holstein, Stadt";"Grüner Gang 7";"Wohnhaus";"Alteintragung (Aktualisierung vorgesehen)";"Geschichtlich, Städtebaulich";"gesamtes Objekt";"https://opendatarepo.lsh.uni-kiel.de/data/denkmalpflege/fotos/1985.jpg"
1986;"Bauliche Anlage";"Kreis Ostholstein";"Neustadt in Holstein, Stadt";"Grüner Gang 17";"Wohnhaus";"Wohnhaus; 19. Jh., Umbau 1914; eingeschossiger Putzbau auf Natursteinsockel, Halbwalmdach mit breiten, firsthohen Zwerchhäusern auf beiden Traufseiten, zwei Erker";"Geschichtlich, Städtebaulich";"gesamtes Äußeres";"https://opendatarepo.lsh.uni-kiel.de/data/denkmalpflege/fotos/1986.jpg"
2030;"Bauliche Anlage";"Kreis Ostholstein";"Neustadt in Holstein, Stadt";"Grüner Gang 18";"Wohnhaus";"Alteintragung (Aktualisierung vorgesehen)";"Geschichtlich, Städtebaulich";"Alteintragung (Aktualisierung vorgesehen)";"https://opendatarepo.lsh.uni-kiel.de/data/denkmalpflege/fotos/2030.jpg"
5233;"Bauliche Anlage";"Kreis Ostholstein";"Neustadt in Holstein, Stadt";"Grüner Gang 18";"Werkstattgebäude";"Alteintragung (Aktualisierung vorgesehen)";"Geschichtlich, Städtebaulich";"Alteintragung (Aktualisierung vorgesehen)";"https://opendatarepo.lsh.uni-kiel.de/data/denkmalpflege/fotos/5233.jpg"
5234;"Bauliche Anlage";"Kreis Ostholstein";"Neustadt in Holstein, Stadt";"Grüner Gang 18";"Stallgebäude";"Alteintragung (Aktualisierung vorgesehen)";"";"Alteintragung (Aktualisierung vorgesehen)";"https://opendatarepo.lsh.uni-kiel.de/data/denkmalpflege/fotos/5234.jpg"
1994;"Bauliche Anlage";"Kreis Ostholstein";"Neustadt in Holstein, Stadt";"Haakengraben 2 - 4";"Kreismuseum";"Alteintragung (Aktualisierung vorgesehen)";"Geschichtlich, Künstlerisch, Städtebaulich";"Alteintragung (Aktualisierung vorgesehen)";"https://opendatarepo.lsh.uni-kiel.de/data/denkmalpflege/fotos/1994.jpg"
2787;"Bauliche Anlage";"Kreis Ostholstein";"Neustadt in Holstein, Stadt";"Haakengraben";"Kremper Tor";"Alteintragung (Aktualisierung vorgesehen)";"Geschichtlich, Städtebaulich";"Alteintragung (Aktualisierung vorgesehen)";"https://opendatarepo.lsh.uni-kiel.de/data/denkmalpflege/fotos/2787.jpg"
1989;"Bauliche Anlage";"Kreis Ostholstein";"Neustadt in Holstein, Stadt";"Hauptstraße 35";"Dreiständer-Kate";"Dreiständer-Kate; 1735; Fachwerkkate mit Vorschauer, reetgedecktes Walmdach";"Geschichtlich, Kulturlandschaftlich, Wissenschaftlich";"gesamtes Objekt";"https://opendatarepo.lsh.uni-kiel.de/data/denkmalpflege/fotos/1989.jpg"
2647;"Bauliche Anlage";"Kreis Ostholstein";"Neustadt in Holstein, Stadt";"Kirchenstraße 1";"Stadtkirche mit Ausstattung";"Stadtkirche mit Ausstattung; um 1244 -1846; dreischiffige gotische Stutzbasilika aus Backstein mit frühgotischem Kastenchor und quadratischem, 1844-46 weitgehend erneuertem, 1334 begonnen Westturm, zusammenfassendes Satteldach über den Kirchenschiffen und Satteldach über dem Kastenchor";"Geschichtlich, Künstlerisch, Städtebaulich";"gesamtes Objekt";"https://opendatarepo.lsh.uni-kiel.de/data/denkmalpflege/fotos/2647.jpg"
1991;"Bauliche Anlage";"Kreis Ostholstein";"Neustadt in Holstein, Stadt";"Kremper Straße 1";"Wohn- und Geschäftshaus";"Alteintragung (Aktualisierung vorgesehen)";"Geschichtlich, Städtebaulich";"gesamtes Äußeres";"https://opendatarepo.lsh.uni-kiel.de/data/denkmalpflege/fotos/1991.jpg"
1992;"Bauliche Anlage";"Kreis Ostholstein";"Neustadt in Holstein, Stadt";"Kremper Straße 24";"Wohnhaus (Lienau-Stift)";"Alteintragung (Aktualisierung vorgesehen)";"Geschichtlich, Städtebaulich";"gesamtes Objekt";"https://opendatarepo.lsh.uni-kiel.de/data/denkmalpflege/fotos/1992.jpg"
1993;"Bauliche Anlage";"Kreis Ostholstein";"Neustadt in Holstein, Stadt";"Kremper Straße 32";"Wohnhaus";"Alteintragung (Aktualisierung vorgesehen)";"Geschichtlich, Künstlerisch, Städtebaulich";"gesamtes Äußeres";"https://opendatarepo.lsh.uni-kiel.de/data/denkmalpflege/fotos/1993.jpg"
39734;"Bauliche Anlage";"Kreis Ostholstein";"Neustadt in Holstein, Stadt";"Kremper Weg 1";"Wohnhaus";"Wohnhaus; nach 1870; kubischer zweigeschossiger Backsteinbau mit zwei Standerkern und verputzten, neoklassizistischen Gliederungselementen, flaches Walmdach";"Geschichtlich, Städtebaulich";"gesamtes Objekt";""
9030;"Bauliche Anlage";"Kreis Ostholstein";"Neustadt in Holstein, Stadt";"Leuchtturm Pelzerhaken";"Leuchtturm Pelzerhaken mit Wärterhaus";"Alteintragung (Aktualisierung vorgesehen)";"Geschichtlich, Künstlerisch, Kulturlandschaftlich, Städtebaulich";"Alteintragung (Aktualisierung vorgesehen)";"https://opendatarepo.lsh.uni-kiel.de/data/denkmalpflege/fotos/9030.jpg"
27253;"Bauliche Anlage";"Kreis Ostholstein";"Neustadt in Holstein, Stadt";"Leuchtturm Pelzerhaken";"separates Dienstwohngebäude";"Alteintragung (Aktualisierung vorgesehen)";"Geschichtlich, Kulturlandschaftlich, Städtebaulich";"Alteintragung (Aktualisierung vorgesehen)";""
1995;"Bauliche Anlage";"Kreis Ostholstein";"Neustadt in Holstein, Stadt";"Lienaustraße 4";"Wohn- und Geschäftshaus";"ehem. Geschäftshaus C. F. Janus; 1928/30, Architekt Hans Vosgerau; zweigeschossiger Klinkerbau mit zwei vorgezogenen kurzen Flügeln und Walmdächern, Eingangsportal mit Freitreppe";"Geschichtlich, Städtebaulich";"gesamtes Objekt";"https://opendatarepo.lsh.uni-kiel.de/data/denkmalpflege/fotos/1995.jpg"
1996;"Bauliche Anlage";"Kreis Ostholstein";"Neustadt in Holstein, Stadt";"Lienaustraße 9";"Villa (Linauhaus)";"Wohnhaus; 1852; repräsentativer zweigeschossiger Putzbau in spätklassizistischen Formen, flaches Walmdach, rundbogiges Portal; jüngerer Anbau auf der Südwestseite";"Geschichtlich, Städtebaulich";"gesamtes Objekt";"https://opendatarepo.lsh.uni-kiel.de/data/denkmalpflege/fotos/1996.jpg"
1997;"Bauliche Anlage";"Kreis Ostholstein";"Neustadt in Holstein, Stadt";"Lienaustraße 12";"Amtsgericht";"Preußisches Amtsgericht; 1879/80; zweigeschossiger, kompakter Baukörper mit flachem Walmdach, gelbe Ziegelfassade mit roten Farbakzenten, Sitzungssaal im Obergeschoss; bauzeitlicher Rückflügel";"Geschichtlich, Städtebaulich";"gesamtes Objekt";"https://opendatarepo.lsh.uni-kiel.de/data/denkmalpflege/fotos/1997.jpg"
39735;"Bauliche Anlage";"Kreis Ostholstein";"Neustadt in Holstein, Stadt";"Mühlenberg 9";"Wohnhaus";"Wohnhaus; 1920er Jahre; eingeschossiger Backsteinbau im Heimatschutzstil, Walmdach";"Geschichtlich, Städtebaulich";"gesamtes Objekt";""
1998;"Bauliche Anlage";"Kreis Ostholstein";"Neustadt in Holstein, Stadt";"Oldenburger Straße 2";"Wohnhaus";"Wohnhaus; etwa zweites Viertel 19. Jahrhundert; eingeschossiges klassizistisches Traufenhaus mit Eckrustika und rustiziertem Türrisalit in Frontmitte, Schopfwalmdach";"Geschichtlich, Städtebaulich";"gesamtes Objekt";"https://opendatarepo.lsh.uni-kiel.de/data/denkmalpflege/fotos/1998.jpg"
8886;"Bauliche Anlage";"Kreis Ostholstein";"Neustadt in Holstein, Stadt";"Rosengarten 50";"Marienhof: Wohnhaus";"Alteintragung (Aktualisierung vorgesehen)";"Geschichtlich, Städtebaulich";"Alteintragung (Aktualisierung vorgesehen)";"https://opendatarepo.lsh.uni-kiel.de/data/denkmalpflege/fotos/8886.jpg"
8887;"Bauliche Anlage";"Kreis Ostholstein";"Neustadt in Holstein, Stadt";"Rosengarten 50";"Marienhof: Speicher";"Alteintragung (Aktualisierung vorgesehen)";"Geschichtlich, Städtebaulich";"Alteintragung (Aktualisierung vorgesehen)";"https://opendatarepo.lsh.uni-kiel.de/data/denkmalpflege/fotos/8887.jpg"
8888;"Bauliche Anlage";"Kreis Ostholstein";"Neustadt in Holstein, Stadt";"Rosengarten 50";"Marienhof: Scheune";"Alteintragung (Aktualisierung vorgesehen)";"Geschichtlich, Städtebaulich";"Alteintragung (Aktualisierung vorgesehen)";"https://opendatarepo.lsh.uni-kiel.de/data/denkmalpflege/fotos/8888.jpg"
8889;"Bauliche Anlage";"Kreis Ostholstein";"Neustadt in Holstein, Stadt";"Rosengarten 50";"Marienhof: Kuhstall";"Alteintragung (Aktualisierung vorgesehen)";"Geschichtlich, Städtebaulich";"Alteintragung (Aktualisierung vorgesehen)";"https://opendatarepo.lsh.uni-kiel.de/data/denkmalpflege/fotos/8889.jpg"
8890;"Bauliche Anlage";"Kreis Ostholstein";"Neustadt in Holstein, Stadt";"Rosengarten 50";"Marienhof: Pferdestall";"Alteintragung (Aktualisierung vorgesehen)";"Geschichtlich, Städtebaulich";"Alteintragung (Aktualisierung vorgesehen)";"https://opendatarepo.lsh.uni-kiel.de/data/denkmalpflege/fotos/8890.jpg"
38294;"Bauliche Anlage";"Kreis Ostholstein";"Neustadt in Holstein, Stadt";"Schaarweg 41";"Alte Schule";"ehem. Schule; 1934; eingeschossiger Backsteinkubus mit Walmdach, mit giebelständigem Risalit mit Satteldach";"Geschichtlich, Städtebaulich";"Alte Schule, Nebengebäude";""
2002;"Bauliche Anlage";"Kreis Ostholstein";"Neustadt in Holstein, Stadt";"Schiffbrücke 15";"ehem. Schifferwohnhaus";"ehem. Schifferwohnhaus; vermutlich Ende 18. Jahrhundert; eingeschossiges Fachwerk-Traufenhaus mit Mittelzwerchgiebel, Außenwände größtenteils massiv erneuert, hohes Halbwalmdach, Nebengebäude";"Geschichtlich, Städtebaulich";"ehem. Schifferwohnhaus, Nebengebäude";"https://opendatarepo.lsh.uni-kiel.de/data/denkmalpflege/fotos/2002.jpg"
31972;"Bauliche Anlage";"Kreis Ostholstein";"Neustadt in Holstein, Stadt";"Schulstraße 2";"Grundschule Hochtor";"Schulgebäude; 1938/39 und 1949/51, Architekt Fritz Kröger; in zwei Bauabschnitten errichteter zweigeschossiger Backsteinbau über rechtwinkligem Grundriss mit hohem Souterraingeschoss und Satteldach, Eingangszone mit Arkadenstellung";"Geschichtlich, Städtebaulich";"gesamtes Objekt";""
31029;"Bauliche Anlage";"Kreis Ostholstein";"Neustadt in Holstein, Stadt";"Timpenbarg 7";"Kapelle";"Kapelle; 1967-68, Hanns Hoffmann, Münster/Westfalen und Joachim Barth, Oldenburg/ Holstein; Kirchensaal über achteckigem Grundriss mit kupferbedecktem Faltdach, fünfeckiger Glockenturm mit hohem kupfernen Zeltdach, mit Außenanlagen";"Geschichtlich, Städtebaulich";"Kapelle, Außenanlagen";""
30449;"Bauliche Anlage";"Kreis Ostholstein";"Neustadt in Holstein, Stadt";"Untere Querstraße 1";"Wohnhaus Petersen";"Wohnhaus Petersen; 1897, Bauherr J. H. Petersen; ein- bis zweigeschossiger Backsteinbau des Historismus mit Putzgliederung, schiefergedecktes Walm- und Satteldach, Toreinfahrtspfeiler";"Geschichtlich, Städtebaulich";"Wohnhaus Petersen, Toreinfahrtspfeiler";""
2789;"Bauliche Anlage";"Kreis Ostholstein";"Neustadt in Holstein, Stadt";"Untere Querstraße 3";"Pagodenspeicher";"Getreidespeicher; 1829/30; dreibödiger Fachwerkspeicher mit hohem, mehrfach gestuften Walmdach mit roter Ziegeleindeckung, charakteristische umlaufende Trockenluken";"Geschichtlich, Städtebaulich, Wissenschaftlich";"gesamtes Objekt";"https://opendatarepo.lsh.uni-kiel.de/data/denkmalpflege/fotos/2789.jpg"
493;"Bauliche Anlage";"Kreis Ostholstein";"Neustadt in Holstein, Stadt";"Untere Querstraße";"Hoff'scher Speicher";"Alteintragung (Aktualisierung vorgesehen)";"Geschichtlich, Städtebaulich";"gesamtes Objekt";"https://opendatarepo.lsh.uni-kiel.de/data/denkmalpflege/fotos/493.jpg"
1990;"Bauliche Anlage";"Kreis Ostholstein";"Neustadt in Holstein, Stadt";"Vor dem Brücktor 1 - 3";"Hospitalkirche mit Ausstattung";"Hospitalkirche; 1408; längsrechteckiger Backsteinsaalbau mit blendengezierten Giebeln, Satteldach und barockem Dachreiter; mit Ausstattung";"Geschichtlich, Künstlerisch, Städtebaulich";"gesamtes Objekt";"https://opendatarepo.lsh.uni-kiel.de/data/denkmalpflege/fotos/1990.jpg"
5235;"Bauliche Anlage";"Kreis Ostholstein";"Neustadt in Holstein, Stadt";"Vor dem Brücktor 1 - 3";"Hospital-Wohnhaus";"Hospital-Wohnhaus; 1852/53; eingeschossiger, zweiflügeliger Backsteinbau über winkelförmigem Grundriss, Satteldach";"Geschichtlich, Städtebaulich";"gesamtes Objekt";""
2003;"Bauliche Anlage";"Kreis Ostholstein";"Neustadt in Holstein, Stadt";"Vor dem Brücktor 2";"Brückenzollhaus";"Alteintragung (Aktualisierung vorgesehen)";"Geschichtlich, Städtebaulich";"gesamtes Objekt";"https://opendatarepo.lsh.uni-kiel.de/data/denkmalpflege/fotos/2003.jpg"
37387;"Bauliche Anlage";"Kreis Ostholstein";"Neustadt in Holstein, Stadt";"Vor dem Brücktor 7";"ehem. Reichsbank-Zweigstelle";"ehem. Reichsbank-Zweigstelle; 1928; zweigeschossiger, hell getünchter Ziegelbau mit roter Klinkergliederung, hohes Walmdach, expressionistische Anklänge";"Geschichtlich, Städtebaulich";"gesamtes Objekt";""
743;"Bauliche Anlage";"Kreis Ostholstein";"Neustadt in Holstein, Stadt";"Wiesenhof 6";"ehem. Festes Haus (Haus 6)";"ehem. Festes Haus; 1905; zwei- bis dreigeschossiger breitgelagerter, dreiteiliger Backsteinbau mit weißen Putzflächen, gestaffelten Bauhöhen, Eingangsturm und flankierenden Dachreitertürmchen, Halb- und Vollwalmdächer in Schieferdeckung";"Geschichtlich, Künstlerisch, Städtebaulich, Wissenschaftlich";"gesamtes Objekt";"https://opendatarepo.lsh.uni-kiel.de/data/denkmalpflege/fotos/743.jpg"
40233;"Bauliche Anlage";"Kreis Ostholstein";"Neustadt in Holstein, Stadt";"Wiesenhof 23";"Rotes Haus";"Rotes Haus; vor 1900 errichtet, 1926 nach Brand wiederaufgebaut; zweigeschossiger Backsteinbau mit expressionistischen Schmuckformen, Walmdach";"Geschichtlich, Künstlerisch, Städtebaulich, Wissenschaftlich";"gesamtes Objekt";""
40230;"Bauliche Anlage";"Kreis Ostholstein";"Neustadt in Holstein, Stadt";"Wiesenhof 29";"ehem. Arztwohnhaus";"ehem. Arztwohnhaus; vor 1900; doppelgeschossiger Backsteinbau des Historismus mit giebelständigen Risaliten mit Satteldach, Plattformdach";"Geschichtlich, Städtebaulich";"gesamtes Objekt";""
744;"Bauliche Anlage";"Kreis Ostholstein";"Neustadt in Holstein, Stadt";"Wiesenhof 36";"Verwaltungsbau (Haus 36)";"Verwaltungsbau; 1914 im Rohbau errichtet, Innenausbau 1921; zweigeschossiger Backsteinkubus über hohem Sockelgeschoss, in barockisierenden Heimatschutzformen, Mansardwalmdach";"Geschichtlich, Künstlerisch, Städtebaulich";"gesamtes Objekt";"https://opendatarepo.lsh.uni-kiel.de/data/denkmalpflege/fotos/744.jpg"
38297;"Bauliche Anlage";"Kreis Ostholstein";"Neustadt in Holstein, Stadt";"Wiesenhof 37";"Feuerwehrhaus";"Feuerwehrhaus; 1942; eingeschossiger Backsteinbau mit hölzernem Schlauchturm, Walmdächer";"Geschichtlich, Städtebaulich";"gesamtes Objekt";""
742;"Bauliche Anlage";"Kreis Ostholstein";"Neustadt in Holstein, Stadt";"Wiesenhof 46";"ehem. Frauenaufnahmehaus (Haus 46)";"ehem. Frauenaufnahmehaus; 1909; zweigeschossiger Backsteinbau mit weißen Putzfeldern, Walmdach";"Geschichtlich, Künstlerisch, Städtebaulich, Wissenschaftlich";"gesamtes Objekt";"https://opendatarepo.lsh.uni-kiel.de/data/denkmalpflege/fotos/742.jpg"
40237;"Bauliche Anlage";"Kreis Ostholstein";"Neustadt in Holstein, Stadt";"Wiesenhof 47";"ehem. Arztwohnhaus";"ehem. Arztwohnhaus; um 1910; zweigeschossiger giebelständiger Putzbau mit Zierfachwerk im Risalitgiebel und Türmchen, Walmdach mit weitem Überstand, Satteldach an den Risaliten";"Geschichtlich, Städtebaulich";"gesamtes Objekt";""
40131;"Bauliche Anlage";"Kreis Ostholstein";"Neustadt in Holstein, Stadt";"Ziegelhof 3";"Wohnhaus";"Wohnhaus; Anfang 19. Jahrhundert; zweigeschossiger Backsteinbau des Klassizismus, Walmdach";"Geschichtlich, Städtebaulich";"gesamtes Objekt";""
40245;"Bauliche Anlage";"Kreis Ostholstein";"Neustadt in Holstein, Stadt";"Zuckerdamm 15";"ehem. Arztwohnhaus";"ehem. Arztwohnhaus; um 1910; zweigeschossiger, giebelständiger Putzbau im Reformstil mit tiefem Seitenrisalit mit eigenem Walmdach, Schopfwalmdach";"Geschichtlich, Städtebaulich";"gesamtes Objekt";""
22785;"Gründenkmal";"Kreis Ostholstein";"Neustadt in Holstein, Stadt";"Am Strande 51";"Cap Arcona Ehrenfriedhof";"Alteintragung (Aktualisierung vorgesehen)";"Geschichtlich, Künstlerisch, Kulturlandschaftlich";"Cap Arcona Ehrenfriedhof, Cap Arcona Ehrenmal, Gedenkstein DGB Nordmark / DGB Nordrhein-Westfalen, Gedenkstein Dr. John Carl Dolinsek, Gedenkstein Waldemar Molls, Friedhofstore, Friedhofsmauer aus Bruchsteinmauerwerk, Pappel- und Weidenhain";""
22626;"Gründenkmal";"Kreis Ostholstein";"Neustadt in Holstein, Stadt";"Grasweg";"Jüdischer Friedhof";"Jüdischer Friedhof; 1945-1947 belegt; eigenständiger, mit Backsteinmauer und Hecke umgrenzter Friedhofsbezirk innerhalb des Ev. Friedhofs, mit rund 100 Grabmalen der Opfer der Cap-Arcona-Katastrophe vom 03.05.1945 und der Insassen des DP-Lagers in Neustadt";"Geschichtlich, Städtebaulich";"gesamtes Objekt";""
40386;"Sachgesamtheit";"Kreis Ostholstein";"Oldenburg in Holstein, Stadt";"Hoheluftstraße 44";"Neuer Friedhof Oldenburg";"Neuer Friedhof Oldenburg; 1883 eingeweiht; regelmäßige Anlage mit Lindenalleen und -reihen, Hauptwegekreuz mit Lindenkranz im Zentrum, zwei Familiengrablegen des 1. Drittels des 20. Jh. (Mausoleum Jansen, Familiengrab Storm)";"Geschichtlich, Künstlerisch, Städtebaulich";"Neuer Friedhof, Mausoleum Jansen, Familiengrab Storm";""
40777;"Sachgesamtheit";"Kreis Ostholstein";"Oldenburg in Holstein, Stadt";"Johannisstraße";"Kirche St. Johannis";"Kirche St. Johannis mit Kirchhof; ab 1156 als Hauptkirche des Bistums Oldenburg errichtete Backsteinbasilika mit Westturm; der umgebende Kirchhof besitzt Lindenreihen und Böschungsmauer, verschiedene Grabmale und zwei Familiengrüfte; Ehrenmal für die Gefallenen beider Weltkriege westlich und eine 1898 gepflanzte Doppeleiche südlich der Kirche";"Geschichtlich, Künstlerisch, Städtebaulich";"Kirche St. Johannis mit Ausstattung, Kirchhof, Hauptpforte, Grabmale bis 1870, Meiersche Gruft 1844, Gruft mit Obelisk 1835, Granitquader-Böschungsmauer, Lindenreihe, Doppeleiche mit Gedenkstein 1848, Ehrenmal für die Gefallenen des Ersten und Zweiten Weltkrieges";"https://opendatarepo.lsh.uni-kiel.de/data/denkmalpflege/fotos/40777.jpg"
39934;"Mehrheit von baulichen Anlagen";"Kreis Ostholstein";"Oldenburg in Holstein, Stadt";"Burgtorstraße 1, 3, Hopfenmarkt 1";"Baugruppe Burgtorstraße 1, 3/Hopfenmarkt 1";"Baugruppe auf der Westseite des Hopfenmarktes; Ende 19. Jh./1. Hälfte 20. Jh.; Architekt u.a. Hans Vosgerau; Reihe von drei ein- bis zweigeschossigen Wohn- und Geschäftshäusern, geschlossene städtebauliche Situation, platzbildprägende Bebauung mit Backsteingiebeln zum Hopfenmarkt";"Geschichtlich, Städtebaulich";"Hotel zur Eule (Hopfenmarkt 1), Wohn- und Geschäftshäuser (Burgtorstraße 1, 3)";""
39947;"Mehrheit von baulichen Anlagen";"Kreis Ostholstein";"Oldenburg in Holstein, Stadt";"Hinterhörn 6, 8, 10, 12";"Wohnhäuser Hinterhörn 6, 8, 10, 12";"Reihe von vier Wohnhäusern; 18./19. Jh.; eingeschossige, unverputzte Backsteingebäude in geschlossener bis halboffener Bebauung, im Kern Fachwerk, charakteristische Baugruppe in einer der ältesten Straßen Oldenburgs, Nr. 8 1934 aufgestockt";"Geschichtlich, Städtebaulich";"Wohnhäuser Hinterhörn 6, 8, 10, 12";""
9055;"Bauliche Anlage";"Kreis Ostholstein";"Oldenburg in Holstein, Stadt";"Bahnhofstraße 17 a";"Speicher";"Getreidespeicher Lüken und Jessen; um 1920; zweigeschossiger Backsteinrohbau mit Wandstreifengliederung, hohes Satteldach mit doppeltem Dachboden, Krangiebel auf beiden Traufseiten, in den entsprechenden Gebäudeachsen und am Südostgiebel jeweils vier übereinander angeordnete Ladeöffnungen";"Geschichtlich, Städtebaulich";"gesamtes Objekt";"https://opendatarepo.lsh.uni-kiel.de/data/denkmalpflege/fotos/9055.jpg"
6726;"Bauliche Anlage";"Kreis Ostholstein";"Oldenburg in Holstein, Stadt";"Carl-Maria-von-Weber-Straße 7";"Turnhalle (Erich-Kästner-Schule)";"Alteintragung (Aktualisierung vorgesehen)";"";"Alteintragung (Aktualisierung vorgesehen)";"https://opendatarepo.lsh.uni-kiel.de/data/denkmalpflege/fotos/6726.jpg"
39942;"Bauliche Anlage";"Kreis Ostholstein";"Oldenburg in Holstein, Stadt";"Große Schmützstraße 20";"Wohnhaus";"Wohnhaus; 1912; Architekt Ernst Stoffers; eingeschossiger, villenartiger Wohnbau mit Putzfassade, halbrundem Standerker, Wintergarten und Satteldach, angeschobener zweigeschossiger Seitentrakt sowie eingeschossiger Rückflügel unter Walmdach, eingeschossige Remise mit Walmdach und traufseitigem Zwerchhaus mit geschweiftem Giebel";"Geschichtlich, Städtebaulich";"Wohnhaus, Remise";""
39935;"Bauliche Anlage";"Kreis Ostholstein";"Oldenburg in Holstein, Stadt";"Göhler Straße 24";"Wohnhaus";"Wohnhaus; 1920er Jahre; kompakter, zweigeschossiger Walmdachbau in offener Bebauung mit straßenseitigem Eckerker, steinsichtiges Ziegelmauerwerk mit Geschossgesimsen und Zierverbänden, expressionistische Einflüsse, Vorgarteneinfriedung";"Geschichtlich, Künstlerisch, Städtebaulich";"Wohnhaus, Einfriedung";""
29786;"Bauliche Anlage";"Kreis Ostholstein";"Oldenburg in Holstein, Stadt";"Göhler Straße 44";"Wohnhaus";"ehem. Wohnhaus; 1920er Jahre; zweigeschossiger, traufständiger Baukörper mit Vollwalmdach, qualitätvolle Klinkerfassade mit Sandsteindetails in neobarocken Formen, halbrunder Erker auf der Westseite, rundbogige Eingangstür und vierstufige Freitreppe";"Geschichtlich, Künstlerisch, Städtebaulich";"gesamtes Objekt";""
34920;"Bauliche Anlage";"Kreis Ostholstein";"Oldenburg in Holstein, Stadt";"Göhler Straße 50";"Wohnhaus";"ehem. Bürgermeisterwohnhaus; 1934, Architekt Hans Vosgerau; zweigeschossiger Putzbau in offener Bebauung mit Vollwalmdach und kleinem Seitenflügel, straßenseitig mit korbbogigem Eingang, Standerker und Gaube mit Segmentbogengiebel, aufgeputzte Eckquaderung";"Geschichtlich, Städtebaulich";"gesamtes Objekt";""
3498;"Bauliche Anlage";"Kreis Ostholstein";"Oldenburg in Holstein, Stadt";"Göhler Straße 88 - 92";"ehem. Landratsamt mit modernem Erweiterungsbau";"ehem. Landratsamt, heute Amtsgericht; 1921/22; Architekt Hans Schnittger; stattlicher, zwei- bis dreigeschossiger Backsteinbau mit L-förmig angesetztem Seitenflügel, geschossteilende Bänder, barockisierendes Sandstein-Portal, Heimatschutzarchitektur; qualitätvoller Erweiterungsbau der 1960er Jahre";"Geschichtlich, Künstlerisch, Städtebaulich";"gesamtes Objekt";"https://opendatarepo.lsh.uni-kiel.de/data/denkmalpflege/fotos/3498.jpg"
29834;"Bauliche Anlage";"Kreis Ostholstein";"Oldenburg in Holstein, Stadt";"Hinterhörn 6";"Wohnhaus";"Wohnhaus; 18./19. Jh.; kleines giebelständiges Fachwerkgebäude mit Lehmausfachungen und schlichter Backsteinfront, Satteldach mit straßenseitigem Schopfwalm";"Geschichtlich, Städtebaulich";"gesamtes Objekt";""
3499;"Bauliche Anlage";"Kreis Ostholstein";"Oldenburg in Holstein, Stadt";"Hinterhörn 7";"ehem. Probsteischule";"Alteintragung (Aktualisierung vorgesehen)";"Geschichtlich, Städtebaulich";"gesamtes Äußeres";"https://opendatarepo.lsh.uni-kiel.de/data/denkmalpflege/fotos/3499.jpg"
3500;"Bauliche Anlage";"Kreis Ostholstein";"Oldenburg in Holstein, Stadt";"Hoheluftstraße 1 - 3";"Schulgebäude (ehem. Gymnasium)";"Alteintragung (Aktualisierung vorgesehen)";"Geschichtlich, Städtebaulich";"gesamtes Objekt";"https://opendatarepo.lsh.uni-kiel.de/data/denkmalpflege/fotos/3500.jpg"
3501;"Bauliche Anlage";"Kreis Ostholstein";"Oldenburg in Holstein, Stadt";"Hoheluftstraße 6";"Schulgebäude (Sonderschule)";"Alteintragung (Aktualisierung vorgesehen)";"Geschichtlich, Städtebaulich";"gesamtes Objekt";"https://opendatarepo.lsh.uni-kiel.de/data/denkmalpflege/fotos/3501.jpg"
29791;"Bauliche Anlage";"Kreis Ostholstein";"Oldenburg in Holstein, Stadt";"Hoheluftstraße 8";"Wohnhaus Villa Dora";"Wohnhaus; 1909/1910; Bauherr: Bürgermeister Eißfeld; eingeschossiges Wohnhaus mit ausgebautem Mansardwalmdach, Putzfassade über Ziegelsockel, der straßenseitige Giebel mit Altan, seitlich angesetzter Hauseingang";"Geschichtlich, Künstlerisch, Städtebaulich";"gesamtes Objekt";""
26515;"Bauliche Anlage";"Kreis Ostholstein";"Oldenburg in Holstein, Stadt";"Hoheluftstraße 13";"Erich-Kästner-Schule";"Schulgebäude; 1933; zweigeschossiger traufständiger Backsteinbau mit Souterrain und hohem Satteldach, unverputztes Mauerwerk mit klarer Fassadengliederung und dunkel abgesetzten Klinkerbändern, in der Fassadenmitte flach gedeckter Treppenhausrisalit mit Eingangsportal und vorgelagerter Freitreppe";"Geschichtlich, Künstlerisch, Städtebaulich";"gesamtes Objekt";""
3502;"Bauliche Anlage";"Kreis Ostholstein";"Oldenburg in Holstein, Stadt";"Hoheluftstraße 20";"ehem. Amtsgericht (Polizeigebäude)";"Alteintragung (Aktualisierung vorgesehen)";"Geschichtlich, Künstlerisch, Städtebaulich";"gesamtes Äußeres";"https://opendatarepo.lsh.uni-kiel.de/data/denkmalpflege/fotos/3502.jpg"
29792;"Bauliche Anlage";"Kreis Ostholstein";"Oldenburg in Holstein, Stadt";"Hoheluftstraße 22";"Wohnhaus";"Wohnhaus für Beamte des benachbarten ehem. Amtsgerichts; 1932; zweigeschossiger, landhausartiger Putzbau, sich durchdringende Sattel- und Walmdächer, zwei Standerker, zahlreiche Details wie Fenster und Haustüren im bauzeitlichen Zustand erhalten, geputzte Einfriedungspfeiler";"Geschichtlich, Städtebaulich";"Wohnhaus, Einfriedung";""
21982;"Bauliche Anlage";"Kreis Ostholstein";"Oldenburg in Holstein, Stadt";"Hoheluftstraße 44";"Mausoleum Jansen";"Familiengrabstätte; 1914; kleiner Backsteinbauknappe über quadratischem Grundriss mit Eckrustizierung und reicher Gesimsausbildung, rundbogiges Eingangstor und rundbogige Fensterpaare, geschweiftes Dach aus Bleiplatten";"Geschichtlich, Künstlerisch, Städtebaulich";"gesamtes Objekt";""
21983;"Bauliche Anlage";"Kreis Ostholstein";"Oldenburg in Holstein, Stadt";"Hoheluftstraße 44";"Familiengrab Storm";"Familiengrabstätte; Erstbelegung 1926; von einer Kolonnade aus Backsteinpfeilern eingefasste, quadratische Anlage in der Art eines Ehrenhofs, an der Rückwand schlichte Granitwand mit Kranzhalter und den Namen der Verstorbenen";"Geschichtlich, Städtebaulich";"gesamtes Objekt";""
3503;"Bauliche Anlage";"Kreis Ostholstein";"Oldenburg in Holstein, Stadt";"Hopfenmarkt 1";"Hotel zur Eule";"Alteintragung (Aktualisierung vorgesehen)";"Geschichtlich, Städtebaulich";"gesamtes Äußeres";"https://opendatarepo.lsh.uni-kiel.de/data/denkmalpflege/fotos/3503.jpg"
6284;"Bauliche Anlage";"Kreis Ostholstein";"Oldenburg in Holstein, Stadt";"Hopfenmarkt 5";"Wohn- und Geschäftshaus";"Alteintragung (Aktualisierung vorgesehen)";"Geschichtlich, Städtebaulich";"gesamtes Objekt";"https://opendatarepo.lsh.uni-kiel.de/data/denkmalpflege/fotos/6284.jpg"
3506;"Bauliche Anlage";"Kreis Ostholstein";"Oldenburg in Holstein, Stadt";"Hopfenmarkt 8";"Wohnhaus";"Wohnhaus; Ende 18. Jh.; eingeschossiger, traufständiger Fachwerkbau mit Halbwalmdach, übergiebeltes Zwerchhaus über dem Eingang, Hausbäume";"Geschichtlich, Städtebaulich";"Wohnhaus, Baumreihe";"https://opendatarepo.lsh.uni-kiel.de/data/denkmalpflege/fotos/3506.jpg"
6446;"Bauliche Anlage";"Kreis Ostholstein";"Oldenburg in Holstein, Stadt";"Johannisstraße 33";"ehem. Volksschule";"ehem. Volksschule; 2. Hälfte 19. Jh.; zweigeschossiger Backsteinbau mit erhöhtem Mittelteil und flacheren Seitentrakten, diese mit Walmdächern und entsprechend der Hanglage ein- bis zweigeschossig, der zwei- bis dreigeschossige Mittelteil nach West vorspringend, teilweise verputzt, mit drei rundbogigen Eingängen und Zeltdach, ausgewogene symmetrische Fassadengestaltung, aufwendiges Kranzgesims, Schieferdeckung";"Geschichtlich, Städtebaulich";"gesamtes Objekt";"https://opendatarepo.lsh.uni-kiel.de/data/denkmalpflege/fotos/6446.jpg"
4118;"Bauliche Anlage";"Kreis Ostholstein";"Oldenburg in Holstein, Stadt";"Johannisstraße";"Kirche St. Johannis mit Ausstattung";"Kirche St. Johannis mit Ausstattung; Baubeginn 1156, nach 1773 und 1913-16 tiefgreifend erneuert; als Hauptkirche des Bistums Oldenburg errichteter Backsteinbau, im Kern dreischiffige romanische Pfeilerbasilika mit Westturm, verschiedene An- und Umbauten, spätbarocke Ausstattung";"Geschichtlich, Künstlerisch, Städtebaulich";"gesamtes Objekt";"https://opendatarepo.lsh.uni-kiel.de/data/denkmalpflege/fotos/4118.jpg"
3507;"Bauliche Anlage";"Kreis Ostholstein";"Oldenburg in Holstein, Stadt";"Lankenstraße 1";"Finanzamt";"Alteintragung (Aktualisierung vorgesehen)";"Geschichtlich, Künstlerisch, Städtebaulich";"gesamtes Äußeres";"https://opendatarepo.lsh.uni-kiel.de/data/denkmalpflege/fotos/3507.jpg"
29807;"Bauliche Anlage";"Kreis Ostholstein";"Oldenburg in Holstein, Stadt";"Lankenstraße 26";"Wohnhaus";"Wohnhaus; 1926; eingeschossiger giebelständiger Ziegelbau, Satteldach mit Zwerchhaus nach Osten, seitlich angesetzter Eingangsrisalit im Westen, qualitätvolles Mauerwerk mit Zierverbänden, expressionistisch beeinflusste Detailgestaltungen";"Geschichtlich, Städtebaulich";"gesamtes Objekt";""
3508;"Bauliche Anlage";"Kreis Ostholstein";"Oldenburg in Holstein, Stadt";"Markt 1";"Rathaus";"Alteintragung (Aktualisierung vorgesehen)";"Geschichtlich, Städtebaulich";"Alteintragung (Aktualisierung vorgesehen)";"https://opendatarepo.lsh.uni-kiel.de/data/denkmalpflege/fotos/3508.jpg"
29808;"Bauliche Anlage";"Kreis Ostholstein";"Oldenburg in Holstein, Stadt";"Markt 5";"Wohn- und Geschäftshaus";"Wohn- und Geschäftshaus; 19. Jh.; zweigeschossiger traufständiger Fachwerkbau mit Walmdach und marktseitiger Putzfassade, rückwärtig eingeschossiger Fachwerkanbau mit Satteldach";"Geschichtlich, Städtebaulich";"gesamtes Objekt";""
29810;"Bauliche Anlage";"Kreis Ostholstein";"Oldenburg in Holstein, Stadt";"Markt 8";"Wohn- und Geschäftshaus";"Wohn- und Geschäftshaus; Ende 18./Anfang 19. Jh.; zweigeschossiger traufständiger Backsteinbau mit Vollwalmdach, marktseitig vorgesetzte Backsteinfassade über Granitsockel.";"Geschichtlich, Städtebaulich";"gesamtes Äußeres";""
29811;"Bauliche Anlage";"Kreis Ostholstein";"Oldenburg in Holstein, Stadt";"Markt 13 - 15";"ehem. Kreissparkasse";"Geschäftshaus; 1939, erweitert 1965/66; zweigeschossiger Rotsteinbau über Bruchsteinsockel, im Kern Dreiflügelbau, später erweitert, Eingangsportal der Hauptfront mit vorgelagerter Freitreppe";"Geschichtlich, Städtebaulich";"gesamtes Objekt";""
29812;"Bauliche Anlage";"Kreis Ostholstein";"Oldenburg in Holstein, Stadt";"Markt 20";"Wohnhaus";"Wohnhaus; um 1910; zweigeschossiger, giebelständiger Putzbau mit Satteldach, rückwärtig angesetzter Gebäudeflügel etwas niedriger und mit Kurzwalmdach, originale Eindeckung mit roten S-Pfannen, bauzeitliche Fenster mit kleinteilig gesprossten Oberlichtern, schlichte Putzrahmungen um Eingangstür und Fenster, Gestaltung im Stil eines Landhauses";"Geschichtlich, Städtebaulich";"gesamtes Objekt";""
11224;"Bauliche Anlage";"Kreis Ostholstein";"Oldenburg in Holstein, Stadt";"Markt 26";"Gaststätte Fieka und Johanna";"ehem. Wohnhaus; 18./19. Jh.; eingeschossiger Fachwerkbau mit Satteldach, Backsteingiebel zum Markt 2. Hälfte 19. Jh.";"Geschichtlich, Städtebaulich";"gesamtes Objekt";"https://opendatarepo.lsh.uni-kiel.de/data/denkmalpflege/fotos/11224.jpg"
34935;"Bauliche Anlage";"Kreis Ostholstein";"Oldenburg in Holstein, Stadt";"Mühlenkamp 36";"Wohnhaus";"Wohnhaus; 1920er Jahre; kompakter zweigeschossiger Ziegelbau mit qualitätvollem Sichtmauerwerk und Walmdach, Farbakzente durch dunkel abgesetzte Klinkerbänder, der seitliche Treppenhausanbau mit Eingangsbereich und darüber liegendem Austritt besonders aufwendig gestaltet, eine Vielzahl von Baudetails (Türen, Fenster etc.) authentisch überliefert";"Geschichtlich, Städtebaulich";"gesamtes Objekt";""
39972;"Bauliche Anlage";"Kreis Ostholstein";"Oldenburg in Holstein, Stadt";"Neustädter Straße 23";"Wohnhaus";"Wohnhaus; späte 1930er Jahre, Architekt: Hugo Ewers; zweigeschossiger Baukörper mit Vollwalmdach in offener Bebauung, qualitätvolle Ziegelfassade über Bruchsteinsockel und mit plastisch hervortretenden Türrahmungen, Fensterstürze in der Art gemauerter Segmentbögen, auf der Südseite Anbau mit darüber liegendem Balkon, zeittypischer Wohnbau mit gehobenem architektonischem Anspruch";"Geschichtlich, Städtebaulich";"gesamtes Objekt";""
21223;"Bauliche Anlage";"Kreis Ostholstein";"Oldenburg in Holstein, Stadt";"Neustädter Straße";"Kath. Pfarrkirche St. Vicelin";"Kath. Pfarrkirche St. Vicelin; 1962-64; Architekt Feldwisch-Drentrup; Saalkirche mit ellipsenförmigem Grundriss und Kupferdach, Stahlbetonskelettbau mit Klinkerausmauerung und großflächigen Verglasungen, auf der Ostseite weit vorkragendes Flachdach über zwei seitlich angeordneten Portalen mit reliefverzierten Kupfertüren und einer durchbrochenen Betonwand mit mosaikartiger Verglasung, im Nordosten ein freistehender Glockenturm auf vier Stelzen, die im Osten vorgelagerte Platzgestaltung mit zeittypischen Waschbetonplatten und dazwischen strahlenförmig angeordneten Granitpflasterungen sowie Möblierung (Lampen)";"Geschichtlich, Künstlerisch, Städtebaulich";"Kath. Pfarrkirche St. Vicelin, Glockenturm, Platzgestaltung";""
738;"Bauliche Anlage";"Kreis Ostholstein";"Oldenburg in Holstein, Stadt";"Prof.-C.-Ehrenberg-Weg 22 f";"Wohnhaus (ehem. Scheune)";"Alteintragung (Aktualisierung vorgesehen)";"Geschichtlich, Städtebaulich";"gesamtes Objekt";"https://opendatarepo.lsh.uni-kiel.de/data/denkmalpflege/fotos/738.jpg"
3510;"Bauliche Anlage";"Kreis Ostholstein";"Oldenburg in Holstein, Stadt";"Prof.-C.-Ehrenberg-Weg 26";"Fachhallenhaus";"Alteintragung (Aktualisierung vorgesehen)";"";"Alteintragung (Aktualisierung vorgesehen)";"https://opendatarepo.lsh.uni-kiel.de/data/denkmalpflege/fotos/3510.jpg"
29819;"Bauliche Anlage";"Kreis Ostholstein";"Oldenburg in Holstein, Stadt";"Prof.-C.-Ehrenberg-Weg 37";"Kate";"Fachhallenkate; 18./19. Jh.; kleine Fachhallenkate mit reetgedecktem Walmdach, Zweiständerbau";"Geschichtlich, Städtebaulich";"gesamtes Objekt";""
3511;"Bauliche Anlage";"Kreis Ostholstein";"Oldenburg in Holstein, Stadt";"Prof.-C.-Ehrenberg-Weg 43";"Kate";"Alteintragung (Aktualisierung vorgesehen)";"Geschichtlich, Städtebaulich";"gesamtes Äußeres";"https://opendatarepo.lsh.uni-kiel.de/data/denkmalpflege/fotos/3511.jpg"
39984;"Bauliche Anlage";"Kreis Ostholstein";"Oldenburg in Holstein, Stadt";"Schauenburger Platz";"Brunnen mit Figurengruppe Die Oldenburger Reiter von Karlheinz Goedtke";"Brunnenanlage „Die Oldenburger Reiter“; 1980, Bildhauer Karlheinz Goedtke; annähernd quadratischer Brunnen mit gerundeten Ecken, auf erhöhtem Podest eine Bronzegruppe aus drei männlichen Reitern";"Künstlerisch, Städtebaulich";"gesamtes Objekt";""
3509;"Bauliche Anlage";"Kreis Ostholstein";"Oldenburg in Holstein, Stadt";"Schuhstraße 19";"Wohnhaus";"Alteintragung (Aktualisierung vorgesehen)";"Geschichtlich, Städtebaulich";"gesamtes Äußeres";"https://opendatarepo.lsh.uni-kiel.de/data/denkmalpflege/fotos/3509.jpg"
39975;"Bauliche Anlage";"Kreis Ostholstein";"Oldenburg in Holstein, Stadt";"Strandstraße 21";"ehem. Schule Wessek";"Schulgebäude mit Lehrerwohnung; 1930; Architekt Hans Vosgerau; eingeschossiger traufständiger Baukörper mit Halbwalmdach und qualitätvoll gestalteter Ziegelfassade, spitz übergiebeltes Zwerchhaus oberhalb der bauzeitlichen Eingangstür mit Oberlicht, Zugang zum Klassenraum über die als offene Vorhalle gestaltete nordwestliche Gebäudeecke, Baukeramiktafel";"Geschichtlich, Künstlerisch, Städtebaulich";"gesamtes Objekt";""
45072;"Gründenkmal";"Kreis Ostholstein";"Oldenburg in Holstein, Stadt";"Göhler Straße";"Schützenplatz";"Schützenplatz; vor 1756, erweitert 1888/89; durch eine Lindenallee eingefasste, gut 1 ha große Anlage der St. Johannis Toten- und Schützengilde mit Lindenrondell in Gestalt eines kreisförmigen, von einer Lindenallee umringten Platzes sowie einem westlichen Bereich mit mittigem, runden Rosenbeet mit zentraler Vogelstange";"Geschichtlich, Städtebaulich";"Schützenplatz, Lindenallee, Lindenrondell, Rosenbeet";""
21980;"Gründenkmal";"Kreis Ostholstein";"Oldenburg in Holstein, Stadt";"Hoheluftstraße 44";"Neuer Friedhof";"Neuer Friedhof; 1883 eingeweiht; regelmäßige Anlage mit vorzüglich gepflegtem Altbaumbestand in Form von Lindenalleen und -reihen, Hauptwegekreuz mit Lindenkranz im Zentrum, Hainbuchenhecken";"Geschichtlich, Künstlerisch, Städtebaulich";"gesamtes Objekt";""
21215;"Gründenkmal";"Kreis Ostholstein";"Oldenburg in Holstein, Stadt";"Johannisstraße";"Kirchhof";"Kirchhof der St. Johanniskirche; durch eine Böschungsmauer aus Granitquadern umfriedet und abschnittsweise von Lindenreihen flankiert, Hauptzugang über eine mehrflügelige Hauptpforte, auf dem Kirchhof diverse historische Grabmale und zwei Familiengrüfte";"Geschichtlich, Künstlerisch, Städtebaulich";"Kirchhof, Hauptpforte, Grabmale bis 1870, Meiersche Gruft 1844, Gruft mit Obelisk 1835, Granitquader-Böschungsmauer, Lindenreihe";""
32271;"Gründenkmal";"Kreis Ostholstein";"Oldenburg in Holstein, Stadt";"Johannisstraße";"Doppeleiche mit Gedenkstein 1848";"Doppeleiche auf dem Kirchhof; 1898 zum Gedenken an die schleswig-holsteinische Erhebung von 1848 gepflanzt, am Fuß der beiden ineinander wachsenden Bäume ein Findling mit Medaillon-umrahmter Gedenkinschrift";"Geschichtlich, Städtebaulich";"gesamtes Objekt";""
40778;"Sachgesamtheit";"Kreis Ostholstein";"Ratekau";"Hauptstraße";"Vicelinkirche";"Aktualisierung vorgesehen";"Geschichtlich, Künstlerisch, Kulturlandschaftlich, Städtebaulich";"Vicelinkirche mit Ausstattung, Kirchhof, Grabmale bis 1870, Leichenhalle, Kirchhofspforte mit Treppenweg, Gefallenenehrung, Feldstein(böschungs-)mauer, Lindenkranz";""
27604;"Sachgesamtheit";"Kreis Ostholstein";"Ratekau";"Schloßstraße 8, 10";"Landsitz Lindenhof";"Landsitz Lindenhof; Landhaus, ehem. Stall und Gärtnerhaus ab 1908 von Architekt A. W. Longfellow; Landhausgarten, Pferdeweide sowie Garten des Gärtnerhaus nach Entwurf von Erwin A. Barth";"Geschichtlich, Künstlerisch, Kulturlandschaftlich, Städtebaulich";"Landhaus ('Schloss Warnsdorf'); Landhausgarten mit Pferdeweide, Rondell; Pferdestall; drei Pferdetränken; Grabstätte von Rumohr (Schloßstraße 10); ehem. Gärtnerhaus mit Garten, Lindenhecke (Schloßstraße 8)";"https://opendatarepo.lsh.uni-kiel.de/data/denkmalpflege/fotos/27604.jpg"
9880;"Bauliche Anlage";"Kreis Ostholstein";"Ratekau";"Am Bahnhof 5";"Bahnhof";"Bahnhofgebäude; im Kern um/nach 1873, 1924 erweitert und umgebaut; eingeschossiger, verputzter Backsteinbau mit Walmdach, beidseitig zweigeschossiger Mittelrisalit mit flachem Dreiecksgiebel";"Geschichtlich, Städtebaulich";"gesamtes Objekt";"https://opendatarepo.lsh.uni-kiel.de/data/denkmalpflege/fotos/9880.jpg"
23217;"Bauliche Anlage";"Kreis Ostholstein";"Ratekau";"Bäderstraße 8";"Durchfahrtscheune";"Alteintragung (Aktualisierung vorgesehen)";"Geschichtlich, Künstlerisch, Städtebaulich";"gesamtes Objekt";"https://opendatarepo.lsh.uni-kiel.de/data/denkmalpflege/fotos/23217.jpg"
3562;"Bauliche Anlage";"Kreis Ostholstein";"Ratekau";"Bäderstraße 14";"Fachhallenhaus";"Fachhallenhaus; 1797; Fachwerkgebäude mit Backsteinausfachung z.T. in Ziermustern, Halbwalmdach";"Geschichtlich, Kulturlandschaftlich, Städtebaulich";"gesamtes Objekt";"https://opendatarepo.lsh.uni-kiel.de/data/denkmalpflege/fotos/3562.jpg"
11279;"Bauliche Anlage";"Kreis Ostholstein";"Ratekau";"Bäderstraße 19";"Rathaus";"Alteintragung (Aktualisierung vorgesehen)";"";"Alteintragung (Aktualisierung vorgesehen)";"https://opendatarepo.lsh.uni-kiel.de/data/denkmalpflege/fotos/11279.jpg"
41805;"Bauliche Anlage";"Kreis Ostholstein";"Ratekau";"Bäderstraße 21";"Bürgermeisterwohnhaus";"Bürgermeisterwohnhaus; 1938, Architekten Otto Schweinfurth und Otto Siebert; eingeschossiger Backsteinbau in Formen der ländlichen Heimatschutzarchitektur, Schopfwalmdach";"Geschichtlich, Städtebaulich";"gesamtes Objekt";""
3516;"Bauliche Anlage";"Kreis Ostholstein";"Ratekau";"Friedrichsberger Weg 6";"Wohnhaus mit Atelier (Cäsar Klein)";"Alteintragung (Aktualisierung vorgesehen)";"Geschichtlich, Künstlerisch";"Alteintragung (Aktualisierung vorgesehen)";"https://opendatarepo.lsh.uni-kiel.de/data/denkmalpflege/fotos/3516.jpg"
3291;"Bauliche Anlage";"Kreis Ostholstein";"Ratekau";"Hauptstraße";"Vicelinkirche mit Ausstattung";"Alteintragung (Aktualisierung vorgesehen)";"Geschichtlich, Künstlerisch, Städtebaulich";"Alteintragung (Aktualisierung vorgesehen)";"https://opendatarepo.lsh.uni-kiel.de/data/denkmalpflege/fotos/3291.jpg"
38809;"Bauliche Anlage";"Kreis Ostholstein";"Ratekau";"Häven 22";"Durchfahrtsscheune";"Scheune; wohl Anfang 19. Jahrhundert; Durchfahrtsscheune in Zweiständer-Konstruktion, reetgedecktes Satteldach";"Geschichtlich, Kulturlandschaftlich";"gesamtes Objekt";"https://opendatarepo.lsh.uni-kiel.de/data/denkmalpflege/fotos/38809.jpg"
30280;"Bauliche Anlage";"Kreis Ostholstein";"Ratekau";"Offendorfer Straße 28";"Wohnhaus";"Wohnhaus; erstes Viertel 20. Jahrhundert; zweigeschossiger Backsteinbau mit seitlicher Eingangsvorhalle, Walmdach";"Geschichtlich, Künstlerisch, Städtebaulich";"gesamtes Objekt";"https://opendatarepo.lsh.uni-kiel.de/data/denkmalpflege/fotos/30280.jpg"
28937;"Bauliche Anlage";"Kreis Ostholstein";"Ratekau";"Riesebusch";"Ehrenhain Zweiter Weltkrieg";"Alteintragung (Aktualisierung vorgesehen)";"Geschichtlich, Künstlerisch, Kulturlandschaftlich";"Ehrenhain Zweiter Weltkrieg, Skulptur 'Der sterbende Soldat', 9 Kreuze auf der Rasenfläche";""
30290;"Bauliche Anlage";"Kreis Ostholstein";"Ratekau";"Rohlsdorfer Weg 23";"Fachhallenhaus";"Wohn- und Wirtschaftsgebäude; 1. Hälfte 19. Jh.; eingeschossiger Fachwerkbau mit Halbwalmdach, Fachhallenhaus mit Dreiständer-Konstruktion";"Geschichtlich, Kulturlandschaftlich, Städtebaulich";"gesamtes Objekt";"https://opendatarepo.lsh.uni-kiel.de/data/denkmalpflege/fotos/30290.jpg"
972;"Bauliche Anlage";"Kreis Ostholstein";"Ratekau";"Schloßstraße 8";"ehem. Gärtnerhaus";"Wohnhaus; um 1910; eingeschossiger Rotsteinbau mit ausgebautem Vollwalmdach, zugehörig der umgebende Garten mit Lindenhecke";"Geschichtlich, Kulturlandschaftlich, Städtebaulich";"ehem. Gärtnerhaus, Garten, Lindenhecke";"https://opendatarepo.lsh.uni-kiel.de/data/denkmalpflege/fotos/972.jpg"
998;"Bauliche Anlage";"Kreis Ostholstein";"Ratekau";"Schloßstraße 10";"Landhaus ( Schloss Warnsdorf)";"Alteintragung (Aktualisierung vorgesehen)";"Geschichtlich, Künstlerisch, Kulturlandschaftlich";"gesamtes Objekt";"https://opendatarepo.lsh.uni-kiel.de/data/denkmalpflege/fotos/998.jpg"
3874;"Bauliche Anlage";"Kreis Ostholstein";"Ratekau";"Travemünder Straße";"Schäferkate";"Alteintragung (Aktualisierung vorgesehen)";"Geschichtlich, Kulturlandschaftlich";"gesamtes Objekt";"https://opendatarepo.lsh.uni-kiel.de/data/denkmalpflege/fotos/3874.jpg"
30283;"Gründenkmal";"Kreis Ostholstein";"Ratekau";"Blüchereiche";"Blücher-Eiche";"Blüchereiche; nach 07.11.1806; Gedenkbaum an die Kapitulation des preußischen Generalfeldmarschalls Blücher vor den Franzosen in Ratekau, alter Eichenstamm und Eichenneupflanzung; mit zwei Gedenksteinen";"Geschichtlich, Kulturlandschaftlich";"Blücher-Eiche, zwei Gedenksteine";"https://opendatarepo.lsh.uni-kiel.de/data/denkmalpflege/fotos/30283.jpg"
20882;"Gründenkmal";"Kreis Ostholstein";"Ratekau";"Hauptstraße";"Kirchhof";"Alteintragung (Aktualisierung vorgesehen)";"Geschichtlich, Künstlerisch, Kulturlandschaftlich";"Kirchhof, Grabmale bis 1870, Leichenhalle, Kirchhofspforte mit Treppenweg, Gefallenenehrung, Feldstein(böschungs-)mauer, Lindenkranz";"https://opendatarepo.lsh.uni-kiel.de/data/denkmalpflege/fotos/20882.jpg"
41809;"Gründenkmal";"Kreis Ostholstein";"Ratekau";"Hauptstraße";"Kaisereiche";"Kaisereiche; 1897 gepflanzt; Gedenkbaum zum 100. Geburtstag Kaiser Wilhelm I.; mit Gedenkstein";"Geschichtlich, Städtebaulich";"Kaisereiche, Gedenkstein";""
999;"Gründenkmal";"Kreis Ostholstein";"Ratekau";"Schloßstraße 10";"Landhausgarten";"Landhausgarten 1910-12 nach Entwurf von Erwin A. Barth";"Geschichtlich, Künstlerisch, Kulturlandschaftlich";"Landhausgarten, Pferdeweide, Rondell";"https://opendatarepo.lsh.uni-kiel.de/data/denkmalpflege/fotos/999.jpg"
38505;"Bauliche Anlage";"Kreis Ostholstein";"Riepsdorf";"Hauptstraße 44";"ehem. Schule";"ehem. Schule; 1938; eingeschossiger Backsteinbau mit zentralem, über die Traufe gezogenem Eingangsrisalit mit Giebel, pfannengedecktes Walmdach";"Geschichtlich, Städtebaulich";"gesamtes Objekt";"https://opendatarepo.lsh.uni-kiel.de/data/denkmalpflege/fotos/38505.jpg"
3669;"Bauliche Anlage";"Kreis Ostholstein";"Riepsdorf";"Hohe Weide 16";"Fachhallenhaus";"Alteintragung (Aktualisierung vorgesehen)";"Geschichtlich, Städtebaulich, Wissenschaftlich";"gesamtes Objekt";"https://opendatarepo.lsh.uni-kiel.de/data/denkmalpflege/fotos/3669.jpg"
38513;"Bauliche Anlage";"Kreis Ostholstein";"Riepsdorf";"Wiesenweg 7";"Kate mit Stallanbau";"Kate; Ende 18. Jahrhundert; Zweiständerkate mit Abseiten, Außenmauern Fachwerk, mit angebautem Stall in Wandständerbauweise, reetgedeckte Vollwalme";"Geschichtlich, Kulturlandschaftlich, Städtebaulich";"gesamtes Objekt";"https://opendatarepo.lsh.uni-kiel.de/data/denkmalpflege/fotos/38513.jpg"
40779;"Sachgesamtheit";"Kreis Ostholstein";"Scharbeutz";"Am Kirchberg 2, 6, Am Kirchberg";"Kirche Gleschendorf";"Kirche Gleschendorf; Mitte 13. Jahrhundert bis Ende 19. Jahrhundert; Ensemble um die zentrale Kirche mit ihrem Feldsteinturm des 13. Jahrhunderts mit wohl barockem Mansard-Zeltdach, mit Kirchenschiff aus Backstein von 1894 inmitten des eindrucksvollen, von einer Granitböschungsmauer eingefassten und einem Lindenkranz umrahmten Kirchhofs mit der umgebenden Wohnbebauung, dem alten Pastorat von 1812 und dem Wohnhaus Am Kirchberg 6, das nach 1871 entstanden ist, beide im gleichen Typus, traufständige Bauten mit übergiebeltem Mittelzwerchhaus und Schopfwalmdach";"Geschichtlich, Künstlerisch, Kulturlandschaftlich, Städtebaulich";"Kirche mit Ausstattung, Kirchhof mit Grabmale bis 1870, Granitböschungsmauer, Lindenkranz (Am Kirchberg), Altes Pastorat (Am Kirchberg 2), Wohnhaus (Am Kirchberg 6)";""
38320;"Sachgesamtheit";"Kreis Ostholstein";"Scharbeutz";"Gronenberger Mühle 2";"Gronenberger Mühle";"Gronenberger Mühle; 1704 erstmals erwähnt, 1747 erneuert, 1919 nach Brand wiederaufgebaut; eine Reihe ein- bis zweigeschossiger Backsteinbauten mit der Wassermühle, dem angrenzenden Müllerwohnhaus sowie dem Nebengebäude mit unterschiedlichen Dachformen, gelegen am  Mühlendamm, der mit Wehr und Brüstungen den Mühlenteich staut, mit Ablaufkanal";"Geschichtlich, Kulturlandschaftlich, Städtebaulich";"Wassermühle, Müllerwohnhaus, Mühlenteich, Nebengebäude, Ablaufkanal, Mühlendamm mit Wehr und Brüstungen";"https://opendatarepo.lsh.uni-kiel.de/data/denkmalpflege/fotos/38320.jpg"
45385;"Sachgesamtheit";"Kreis Ostholstein";"Scharbeutz";"Kammerweg";"Friedhofskapelle mit Gedenkanlage für die Opfer beider Weltkriege";"Friedhofskapelle mit Gedenkanlage für die Opfer beider Weltkriege; 1962, Gartenarchitekt Karl von Schierstedt, Künstler Karlheinz Goedtke, Kapelle Architekt Hesske und Bauamt der Gemeinde Haffkrug-Scharbeutz, Stirnwandgestaltung Otto Wulk; Anlage mit Kapelle und Außenwandmosaik, darauf zulaufend ein geschwungener Weg, flankiert von sechs in den Rasen eingelassenen Gedenkplatten für verschiedene Opfergruppen, Gefallene und Vermisste der beiden Weltkriege";"Geschichtlich, Künstlerisch, Städtebaulich";"Friedhofskapelle mit Glockenturm, Pergola; Gedenkanlage für die Opfer beider Weltkriege mit Wandmosaik, sechs Kissensteine";""
10846;"Bauliche Anlage";"Kreis Ostholstein";"Scharbeutz";"Am Brink 5";"Wohn- und Wirtschaftsgebäude";"Wohn- und Wirtschaftsgebäude; 2. Hälfte 19. Jh.; giebelständiger Backsteinbau mit Halbwalmdach, zweigeschossiger Wohnteil mit Mitteldiele, Wirtschaftstrakt rückwärtig mit großem Einfahrtstor, geschlossener wuchtiger Baukörper, schlichter Zierfries im Traufbereich";"Geschichtlich, Städtebaulich";"gesamtes Objekt";"https://opendatarepo.lsh.uni-kiel.de/data/denkmalpflege/fotos/10846.jpg"
27483;"Bauliche Anlage";"Kreis Ostholstein";"Scharbeutz";"Am Kirchberg 2";"Altes Pastorat";"Altes Pastorat; 1812; symmetrischer, eingeschossiger, traufständiger Backsteinbau des Klassizismus mit zweigeschossigem, übergiebeltem Mittelrisalit, Schopfwalmdach";"Geschichtlich, Städtebaulich";"gesamtes Objekt";"https://opendatarepo.lsh.uni-kiel.de/data/denkmalpflege/fotos/27483.jpg"
4060;"Bauliche Anlage";"Kreis Ostholstein";"Scharbeutz";"Am Kirchberg";"Kirche mit Ausstattung";"Alteintragung (Aktualisierung vorgesehen)";"Geschichtlich, Künstlerisch, Städtebaulich";"gesamtes Objekt";"https://opendatarepo.lsh.uni-kiel.de/data/denkmalpflege/fotos/4060.jpg"
7317;"Bauliche Anlage";"Kreis Ostholstein";"Scharbeutz";"An der B 432";"Meilenstein";"Alteintragung (Aktualisierung vorgesehen)";"Geschichtlich, Kulturlandschaftlich, Wissenschaftlich";"gesamtes Objekt";""
30264;"Bauliche Anlage";"Kreis Ostholstein";"Scharbeutz";"Bahnhofstraße 24";"Bahnhof";"Bahnhof; 1926; eingeschossiger Backsteinbau im Heimatschutzstil mit Eckrustika, Walmdach mit großem Dachüberstand; mit Nebengebäude";"Geschichtlich, Städtebaulich";"Bahnhof, Nebengebäude";"https://opendatarepo.lsh.uni-kiel.de/data/denkmalpflege/fotos/30264.jpg"
30254;"Bauliche Anlage";"Kreis Ostholstein";"Scharbeutz";"Dorfstraße 7";"Wohnhaus";"Wohnhaus; um 1910; eingeschossiger traufständiger Putzbau im Reformstil mit mittiger Giebelgaube, Walmdach";"Geschichtlich, Städtebaulich";"gesamtes Objekt";"https://opendatarepo.lsh.uni-kiel.de/data/denkmalpflege/fotos/30254.jpg"
30255;"Bauliche Anlage";"Kreis Ostholstein";"Scharbeutz";"Gronenberger Mühle 2";"Wassermühle";"Wassermühle; 1704 erstmals erwähnt, 1747 erneuert, 1919 nach Brand wiedererrichtet; ehem. Kornmühle, zweigeschossiger Backsteinbau von vier zu drei Achsen über Grundmauern des 18. Jahrhunderts aus Granitfindlingen, Satteldach";"Geschichtlich, Kulturlandschaftlich, Städtebaulich";"gesamtes Objekt";"https://opendatarepo.lsh.uni-kiel.de/data/denkmalpflege/fotos/30255.jpg"
8448;"Bauliche Anlage";"Kreis Ostholstein";"Scharbeutz";"Heisterbusch 42";"Wohnhaus Lindenhof";"Wohnhaus „Lindenhof“; 1880; eingeschossiger traufständiger, Putzbau mit zweigeschossigem, übergiebeltem Mittelrisalit, Schopfwalmdach; mit Garten und Baumbestand";"Geschichtlich, Städtebaulich";"Wohnhaus 'Lindenhof', Garten";"https://opendatarepo.lsh.uni-kiel.de/data/denkmalpflege/fotos/8448.jpg"
45386;"Bauliche Anlage";"Kreis Ostholstein";"Scharbeutz";"Kammerweg";"Friedhofskapelle";"Friedhofskapelle; 1962, Architekt Hesske und Bauamt Haffkrug-Scharbeutz, Künstler Otto Wulk; kleiner Backsteinbau mit Satteldach; mit Glockenturm und Pergola";"Geschichtlich, Künstlerisch";"Friedhofskapelle, Glockenturm, Pergola";""
52237;"Bauliche Anlage";"Kreis Ostholstein";"Scharbeutz";"Kammerweg";"Gedenkanlage für die Opfer beider Weltkriege";"Gedenkanlage für die Opfer beider Weltkriege; 1962, Gartengestalter Karl von Schierstedt, Künstler Karlheinz Goedtke; parkähnliche Anlage mit geschwungener Wegeführung, flankiert von sechs in den Rasen eingelassenen Gedenkplatten für verschiedene Opfergruppen beider Weltkriege zum mahnenden Gedenken, zulaufend auf ein Wandmosaik mit der Darstellung des Erlöserengels";"Geschichtlich, Künstlerisch";"Gedenkanlage für die Opfer beider Weltkriege, Wandmosaik, sechs Kissensteine";""
1921;"Bauliche Anlage";"Kreis Ostholstein";"Scharbeutz";"Seestraße/Gleschendorf 7";"Kuhhaus";"Alteintragung (Aktualisierung vorgesehen)";"";"Alteintragung (Aktualisierung vorgesehen)";""
1922;"Bauliche Anlage";"Kreis Ostholstein";"Scharbeutz";"Seestraße/Gleschendorf 7";"Scheune";"Alteintragung (Aktualisierung vorgesehen)";"";"Alteintragung (Aktualisierung vorgesehen)";""
1923;"Bauliche Anlage";"Kreis Ostholstein";"Scharbeutz";"Seestraße/Gleschendorf 7";"Schuppen";"Alteintragung (Aktualisierung vorgesehen)";"";"Alteintragung (Aktualisierung vorgesehen)";""
6340;"Bauliche Anlage";"Kreis Ostholstein";"Scharbeutz";"Seestraße/Klingberg 30";"Landhaus";"Alteintragung (Aktualisierung vorgesehen)";"";"Alteintragung (Aktualisierung vorgesehen)";"https://opendatarepo.lsh.uni-kiel.de/data/denkmalpflege/fotos/6340.jpg"
10980;"Bauliche Anlage";"Kreis Ostholstein";"Scharbeutz";"Strandallee 78";"Sommerhaus";"Sommerhaus; 1910; eingeschossiger, giebelständiger Putzbau mit steilem Satteldach mit Biberschwanz-Kronendeckung; mit Einfriedung";"Geschichtlich, Kulturlandschaftlich, Städtebaulich";"Sommerhaus, Einfriedung";"https://opendatarepo.lsh.uni-kiel.de/data/denkmalpflege/fotos/10980.jpg"
37629;"Bauliche Anlage";"Kreis Ostholstein";"Scharbeutz";"Strandallee 121";"Wohnhaus";"Wohnhaus; um 1910; repräsentativer villenartiger Putzbau, eingeschossig mit ausgebautem Mansarddach, Giebel mit Zierfachwerk und Ziegelausfachung, straßenseitiger Standerker; zweigeschossiges Nebengebäude mit Walmdach und Fachwerk im Obergeschoss";"Geschichtlich, Städtebaulich";"Wohnhaus, Nebengebäude";""
30262;"Bauliche Anlage";"Kreis Ostholstein";"Scharbeutz";"Uhlenflucht 30";"Jugendherberge";"Jugendherberge; 1927, Architekt Heinrich Franck; zweigeschossiger Baukörper mit Mansarddach, dreigeschossiger Mittelbau mit bekrönendem Schweifgiebel, qualitätvoll gestaltete Klinkerfassade mit Wandstreifengliederung und Zierverbänden, dem Eingangsbereich vorgelagerter Altan";"Geschichtlich, Künstlerisch, Kulturlandschaftlich";"gesamtes Objekt";"https://opendatarepo.lsh.uni-kiel.de/data/denkmalpflege/fotos/30262.jpg"
44030;"Bauliche Anlage";"Kreis Ostholstein";"Scharbeutz";"Uhlenflucht";"Ehrenmal für die Gefallenen beider Weltkriege";"Ehrenmal für die Gefallenen beider Weltkriege; 1921 auf einem jungsteinzeitlichen Grabhügel errichtet, nach 1945 ergänzt; drei stelenartig errichtete Findlinge mit den eingravierten Namen der Gefallenen sowie ein kleiner Stein mit Gedenkinschrift über gestuftem Unterbau, hinterfangen bzw. verbunden durch niedrige Bruchsteinmauer";"Geschichtlich, Kulturlandschaftlich";"gesamtes Objekt";""
2966;"Bauliche Anlage";"Kreis Ostholstein";"Scharbeutz";"Wiesenweg/Gleschendorf 4";"Fachhallenhaus";"Fachhallenhaus; 1763; eingeschossiger Fachwerkbau mit reetgedecktem Halbwalmdach, Backsteinausfachung teilweise mit Füllziegelmustern, der Wirtschaftsgiebel rechtsseitig mit Utlucht, links mit kleinem Stallanbau, im Inneren eine Stube mit Wandvertäfelung und Ausmalung von 1766";"Geschichtlich, Künstlerisch, Kulturlandschaftlich, Städtebaulich";"gesamtes Objekt";"https://opendatarepo.lsh.uni-kiel.de/data/denkmalpflege/fotos/2966.jpg"
20890;"Gründenkmal";"Kreis Ostholstein";"Scharbeutz";"Am Kirchberg";"Kirchhof";"Alteintragung (Aktualisierung vorgesehen)";"Geschichtlich, Kulturlandschaftlich";"Kirchhof, Grabmale bis 1870, Granitböschungsmauer, Lindenkranz";"https://opendatarepo.lsh.uni-kiel.de/data/denkmalpflege/fotos/20890.jpg"
9640;"Gründenkmal";"Kreis Ostholstein";"Scharbeutz";"Seestraße/Klingberg 30";"Terrassengarten";"Alteintragung (Aktualisierung vorgesehen)";"Geschichtlich, Künstlerisch, Kulturlandschaftlich";"gesamtes Objekt";"https://opendatarepo.lsh.uni-kiel.de/data/denkmalpflege/fotos/9640.jpg"
45241;"Gründenkmal";"Kreis Ostholstein";"Scharbeutz";"Waldweg";"Friedhof Gronenberg-Neukoppel";"Friedhof für 1128 Opfer der Cap Arcona- und Thielbek-Katastrophe vom 3. Mai 1945; 1950er Jahre; teils terrassierte Anlage auf dreieckigem Grundriss, monumentales Holzkreuz, davor Gedenkplatte und langgestreckte Grabreihen zwischen Heckenanpflanzungen, zwei Zugangspforten";"Geschichtlich, Kulturlandschaftlich";"gesamtes Objekt";""
52239;"Sachgesamtheit";"Kreis Ostholstein";"Schashagen";"Bäderstraße 18";"ehem. Hof Hoofe";"ehem. Hof Hoofe; 18. Jh. und Anfang 19. Jh.; Hofanlage mit Haupthaus und Scheune verkürztes Fachhallenhaus mit quergestelltem, zweigeschossigem Wohnflügel in Fachwerkbauweise mit Backsteinausfachung, Sattel- und Walmdach und Dreiständerscheune, Fachwerkaußenmauern teilweise in Lehm-, teilweise in Backsteinausfachung, Walmdach, straßenseitig als Halbwalm";"Geschichtlich, Kulturlandschaftlich, Städtebaulich";"Haupthaus, Scheune";""
52044;"Sachgesamtheit";"Kreis Ostholstein";"Schashagen";"Dorfstraße 11";"Hof Behrens";"Hof Behrens; Einfriedungspfeiler 1825, Bauten 1853; axialsymmetrische Hofanlage mit traufständigem, zurückgesetztem Wohnhaus aus Backstein von 1853 und flankierenden, den gärtnerischen Hof einfassenden massiven Scheunen, alle Gebäude in Backstein und mit Halbwalmdächern, Einfriedungspfeiler";"Geschichtlich, Kulturlandschaftlich, Städtebaulich";"Wohnhaus mit Einfriedungspfeiler, nördliche Scheune, südliche Scheune";""
52052;"Sachgesamtheit";"Kreis Ostholstein";"Schashagen";"Grömitzer Straße 9";"Hof Sachau";"Hof Sachau; 19.-20. Jahrhundert; eindrückliches Ensemble aus Wohnhaus von 1915 Wirtschaftsgebäude des 19. Jahrhunderts, ein eingeschossiges Backsteinwohnhaus des Heimatschutzstils mit Mansardwalmdach und seitlichem zweigeschossigen Türmchen mit angeschlepptem Zeltdach, mit älterem schmiedeeisernem Gartentor mit Granitpfeilern sowie eine giebelständige Dreiständerscheune mit Abseiten, Fachwerkaußenwände mit  Backsteinausfachung, erneuertes Halbwalmdach";"Geschichtlich, Kulturlandschaftlich, Städtebaulich";"Wohnhaus mit Gartentor, Dreiständerscheune";""
7462;"Bauliche Anlage";"Kreis Ostholstein";"Schashagen";"Bliesdorfer Straße 31";"Wohnhaus zur Schmiede";"Wohnhaus zur Schmiede; 19. Jahrhundert; eingeschossiges Wandständer-Fachwerkhaus mit Backsteinausfachung, reetgedecktes Halbwalmdach; mit Hausbäumen";"Geschichtlich, Kulturlandschaftlich";"Wohnhaus zur Schmiede, Hausbäume";"https://opendatarepo.lsh.uni-kiel.de/data/denkmalpflege/fotos/7462.jpg"
9202;"Bauliche Anlage";"Kreis Ostholstein";"Schashagen";"Brodauer Straße 26";"ehem. Kate";"Alteintragung (Aktualisierung vorgesehen)";"Geschichtlich, Städtebaulich, Wissenschaftlich";"gesamtes Objekt";"https://opendatarepo.lsh.uni-kiel.de/data/denkmalpflege/fotos/9202.jpg"
20815;"Bauliche Anlage";"Kreis Ostholstein";"Schashagen";"Bundesstraße";"Kapelle Bliesdorf mit Ausstattung";"Alteintragung (Aktualisierung vorgesehen)";"Geschichtlich, Künstlerisch, Städtebaulich";"gesamtes Objekt";"https://opendatarepo.lsh.uni-kiel.de/data/denkmalpflege/fotos/20815.jpg"
30165;"Bauliche Anlage";"Kreis Ostholstein";"Schashagen";"Bäderstraße 16";"Scheune";"Scheune; um 1800; Dreiständerscheune von acht Fach mit Abseiten und Längsdurchfahrt, Fachwerkaußenwände teilweise in Lehm-, teilweise mit Backsteinausfachung, Halbwalmdach";"Geschichtlich, Kulturlandschaftlich";"gesamtes Objekt";"https://opendatarepo.lsh.uni-kiel.de/data/denkmalpflege/fotos/30165.jpg"
30166;"Bauliche Anlage";"Kreis Ostholstein";"Schashagen";"Bäderstraße 18";"Scheune";"Scheune; um 1800; Dreiständerscheune von acht Fach mit Abseiten und Längsdurchfahrt, Außenmauern teilweise in Lehmausfachung, Walmdach, straßenseitig als Halbwalm";"Geschichtlich, Kulturlandschaftlich";"gesamtes Objekt";"https://opendatarepo.lsh.uni-kiel.de/data/denkmalpflege/fotos/30166.jpg"
30167;"Bauliche Anlage";"Kreis Ostholstein";"Schashagen";"Bäderstraße 18";"Haupthaus";"Haupthaus; 18. Jh. und Anfang 19. Jh.; verkürztes Fachhallenhaus mit quergestelltem, zweigeschossigem Wohnflügel in Fachwerkbauweise mit Backsteinausfachung, Sattel- und Walmdach";"Geschichtlich, Kulturlandschaftlich";"gesamtes Objekt";"https://opendatarepo.lsh.uni-kiel.de/data/denkmalpflege/fotos/30167.jpg"
30179;"Bauliche Anlage";"Kreis Ostholstein";"Schashagen";"Dorfstraße 7";"Wohnhaus";"Wohnhaus; zweite Hälfte 19. Jahrhundert; zweigeschossiger Backsteinbau von sieben Achsen mit mittiger zweiflügeliger Haustüre mit Oberlicht in geputztem Portalrahmen, Walmdach; mit Vorgarten und Einfriedung";"Geschichtlich, Kulturlandschaftlich";"Wohnhaus, Vorgarten, Einfriedung";"https://opendatarepo.lsh.uni-kiel.de/data/denkmalpflege/fotos/30179.jpg"
30181;"Bauliche Anlage";"Kreis Ostholstein";"Schashagen";"Dorfstraße 11";"Wohnhaus";"Wohnhaus; 1853; traufständiges spätklassizistisches Backsteinwohnhaus, eingeschossig mit zweigeschossigem, übergiebeltem Mittelrisalit, pfannengedecktes Halbwalmdach";"Geschichtlich, Kulturlandschaftlich";"Wohnhaus, Einfriedungspfeiler";"https://opendatarepo.lsh.uni-kiel.de/data/denkmalpflege/fotos/30181.jpg"
2704;"Bauliche Anlage";"Kreis Ostholstein";"Schashagen";"Dorfstraße 24";"Bauernhaus";"Bauernhaus; Mitte 17. Jahrhundert und Anfang bis Mitte 19. Jahrhundert; Wohntrakt zweigeschossiger traufständiger Teil mit rückwärtigem Wirtschaftstrakt als Fachhallenhaus von neun Gefachen, Außenmauern mit Backsteinausfachung, Eternitschieferdeckung";"Geschichtlich, Kulturlandschaftlich";"gesamtes Objekt";"https://opendatarepo.lsh.uni-kiel.de/data/denkmalpflege/fotos/2704.jpg"
30187;"Bauliche Anlage";"Kreis Ostholstein";"Schashagen";"Grömitzer Straße 9";"Wohnhaus";"Wohnhaus; 1915; eingeschossiger Backsteinbau im Heimatschutzstil, seitlich mit polygonalem, zweigeschossigem Türmchen mit angeschlepptem Zeltdach, Mansardwalmdach; mit Gartentor";"Geschichtlich, Städtebaulich";"Wohnhaus, Gartentor";"https://opendatarepo.lsh.uni-kiel.de/data/denkmalpflege/fotos/30187.jpg"
30188;"Bauliche Anlage";"Kreis Ostholstein";"Schashagen";"Grömitzer Straße 9";"Dreiständerscheune";"Dreiständerscheune; erste Hälfte 19. Jahrhundert; giebelständiges Fachhallenhaus von sieben Fach mit Abseiten, Außenmauern in Fachwerk mit Backsteinausfachungen, erneuertes Halbwalmdach";"Geschichtlich, Kulturlandschaftlich";"gesamtes Objekt";"https://opendatarepo.lsh.uni-kiel.de/data/denkmalpflege/fotos/30188.jpg"
30171;"Bauliche Anlage";"Kreis Ostholstein";"Schashagen";"Hauptstraße 13";"Fachwerkkate";"Fachkate; wohl erste Hälfte 19. Jahrhundert; traufständiger Wandständerbau auf Feldsteinsockel, reetgedecktes Walmdach";"Geschichtlich, Kulturlandschaftlich";"gesamtes Objekt";"https://opendatarepo.lsh.uni-kiel.de/data/denkmalpflege/fotos/30171.jpg"
927;"Bauliche Anlage";"Kreis Ostholstein";"Schashagen";"Zum Gut 1";"Gut Brodau: Herrenhaus";"Alteintragung (Aktualisierung vorgesehen)";"";"Alteintragung (Aktualisierung vorgesehen)";"https://opendatarepo.lsh.uni-kiel.de/data/denkmalpflege/fotos/927.jpg"
937;"Bauliche Anlage";"Kreis Ostholstein";"Schashagen";"Zum Gut 1";"Gut Brodau: Torhaus";"Alteintragung (Aktualisierung vorgesehen)";"";"Alteintragung (Aktualisierung vorgesehen)";""
938;"Bauliche Anlage";"Kreis Ostholstein";"Schashagen";"Zum Gut 1";"Gut Brodau: Speicher";"Alteintragung (Aktualisierung vorgesehen)";"";"Alteintragung (Aktualisierung vorgesehen)";"https://opendatarepo.lsh.uni-kiel.de/data/denkmalpflege/fotos/938.jpg"
40780;"Sachgesamtheit";"Kreis Ostholstein";"Schönwalde am Bungsberg";"Eutiner Straße";"Kirche Schönwalde";"Aktualisierung vorgesehen";"Geschichtlich, Künstlerisch, Kulturlandschaftlich, Städtebaulich";"Kirche mit Ausstattung, Kirchhof, Grabmale bis 1870, Feldsteinböschung, Lindenkranz";"https://opendatarepo.lsh.uni-kiel.de/data/denkmalpflege/fotos/40780.jpg"
52208;"Sachgesamtheit";"Kreis Ostholstein";"Schönwalde am Bungsberg";"Eutiner Straße";"Grünanlage";"Grünanlage; Grünanlage 1883, F. Meyer, Doppeleiche 1898, Ehrenmal nach 1918 und nach 1954; parkähnliche Grünanlage mit schlängelnder Wegeführung; mit Doppeleiche mit Gedenkstein und Ehrenmal für die Gefallenen beider Weltkriege";"Geschichtlich, Städtebaulich";"Park, Doppeleiche mit Gedenkstein, Ehrenmal für die Gefallenen beider Weltkriege";""
40781;"Sachgesamtheit";"Kreis Ostholstein";"Schönwalde am Bungsberg";"Jahnweg";"Pastoratshof";"Aktualisierung vorgesehen";"Geschichtlich, Künstlerisch, Städtebaulich, Wissenschaftlich";"Pastorat, Pastoratsscheune, ehem. Viehhaus";""
3039;"Bauliche Anlage";"Kreis Ostholstein";"Schönwalde am Bungsberg";"Bungsberghof";"Elisabethturm";"Alteintragung (Aktualisierung vorgesehen)";"";"Alteintragung (Aktualisierung vorgesehen)";"https://opendatarepo.lsh.uni-kiel.de/data/denkmalpflege/fotos/3039.jpg"
817;"Bauliche Anlage";"Kreis Ostholstein";"Schönwalde am Bungsberg";"Dorfstraße 1";"Gut Kniphagen: Instenkate (1)";"Alteintragung (Aktualisierung vorgesehen)";"";"Alteintragung (Aktualisierung vorgesehen)";""
818;"Bauliche Anlage";"Kreis Ostholstein";"Schönwalde am Bungsberg";"Dorfstraße 2";"Gut Kniphagen: Instenkate (2)";"Alteintragung (Aktualisierung vorgesehen)";"";"Alteintragung (Aktualisierung vorgesehen)";""
819;"Bauliche Anlage";"Kreis Ostholstein";"Schönwalde am Bungsberg";"Dorfstraße 3";"Gut Kniphagen: Instenkate (3)";"Alteintragung (Aktualisierung vorgesehen)";"";"Alteintragung (Aktualisierung vorgesehen)";""
8770;"Bauliche Anlage";"Kreis Ostholstein";"Schönwalde am Bungsberg";"Dorfstraße 4";"Gut Kniphagen: Instenkate (4)";"Alteintragung (Aktualisierung vorgesehen)";"";"Alteintragung (Aktualisierung vorgesehen)";""
3769;"Bauliche Anlage";"Kreis Ostholstein";"Schönwalde am Bungsberg";"Eutiner Straße 28";"Doktorhaus: nördlicher Seitenflügel";"Alteintragung (Aktualisierung vorgesehen)";"Geschichtlich, Städtebaulich";"Alteintragung (Aktualisierung vorgesehen)";"https://opendatarepo.lsh.uni-kiel.de/data/denkmalpflege/fotos/3769.jpg"
3770;"Bauliche Anlage";"Kreis Ostholstein";"Schönwalde am Bungsberg";"Eutiner Straße 30";"sog. Doktorhaus";"Alteintragung (Aktualisierung vorgesehen)";"";"Alteintragung (Aktualisierung vorgesehen)";"https://opendatarepo.lsh.uni-kiel.de/data/denkmalpflege/fotos/3770.jpg"
12419;"Bauliche Anlage";"Kreis Ostholstein";"Schönwalde am Bungsberg";"Eutiner Straße 30";"Doktorhaus: südlicher Seitenflügel";"Alteintragung (Aktualisierung vorgesehen)";"Geschichtlich, Städtebaulich";"Alteintragung (Aktualisierung vorgesehen)";"https://opendatarepo.lsh.uni-kiel.de/data/denkmalpflege/fotos/12419.jpg"
2081;"Bauliche Anlage";"Kreis Ostholstein";"Schönwalde am Bungsberg";"Eutiner Straße";"Kirche mit Ausstattung";"Alteintragung (Aktualisierung vorgesehen)";"Geschichtlich, Künstlerisch, Städtebaulich";"gesamtes Objekt";"https://opendatarepo.lsh.uni-kiel.de/data/denkmalpflege/fotos/2081.jpg"
9442;"Bauliche Anlage";"Kreis Ostholstein";"Schönwalde am Bungsberg";"Jahnweg";"Pastoratsscheune";"Alteintragung (Aktualisierung vorgesehen)";"Geschichtlich, Künstlerisch, Städtebaulich, Wissenschaftlich";"Alteintragung (Aktualisierung vorgesehen)";""
9444;"Bauliche Anlage";"Kreis Ostholstein";"Schönwalde am Bungsberg";"Jahnweg";"Pastorat";"Alteintragung (Aktualisierung vorgesehen)";"Geschichtlich, Künstlerisch, Städtebaulich, Wissenschaftlich";"Alteintragung (Aktualisierung vorgesehen)";"https://opendatarepo.lsh.uni-kiel.de/data/denkmalpflege/fotos/9444.jpg"
9451;"Bauliche Anlage";"Kreis Ostholstein";"Schönwalde am Bungsberg";"Jahnweg";"ehem. Viehhaus";"Alteintragung (Aktualisierung vorgesehen)";"Geschichtlich, Städtebaulich";"Alteintragung (Aktualisierung vorgesehen)";""
812;"Bauliche Anlage";"Kreis Ostholstein";"Schönwalde am Bungsberg";"Ortsteil Kniphagen";"Gut Kniphagen: Herrenhaus";"Alteintragung (Aktualisierung vorgesehen)";"";"Alteintragung (Aktualisierung vorgesehen)";""
813;"Bauliche Anlage";"Kreis Ostholstein";"Schönwalde am Bungsberg";"Ortsteil Kniphagen";"Gut Kniphagen: Reitstall";"Alteintragung (Aktualisierung vorgesehen)";"";"Alteintragung (Aktualisierung vorgesehen)";""
814;"Bauliche Anlage";"Kreis Ostholstein";"Schönwalde am Bungsberg";"Ortsteil Kniphagen";"Gut Kniphagen: Scheune";"Alteintragung (Aktualisierung vorgesehen)";"";"Alteintragung (Aktualisierung vorgesehen)";""
815;"Bauliche Anlage";"Kreis Ostholstein";"Schönwalde am Bungsberg";"Ortsteil Kniphagen";"Gut Kniphagen: Viehhaus";"Alteintragung (Aktualisierung vorgesehen)";"";"Alteintragung (Aktualisierung vorgesehen)";""
816;"Bauliche Anlage";"Kreis Ostholstein";"Schönwalde am Bungsberg";"Ortsteil Kniphagen";"Gut Kniphagen: Speicher";"Alteintragung (Aktualisierung vorgesehen)";"";"Alteintragung (Aktualisierung vorgesehen)";""
13256;"Bauliche Anlage";"Kreis Ostholstein";"Schönwalde am Bungsberg";"Rabensberg 7";"Scheidekate";"Scheidekate; 1878; eingeschossiger Backsteinbau über T-förmigem Grundriss, reetgedecktes Satteldach; mit Nebengebäude";"Geschichtlich, Kulturlandschaftlich";"Scheidekate, Nebengebäude";"https://opendatarepo.lsh.uni-kiel.de/data/denkmalpflege/fotos/13256.jpg"
20998;"Gründenkmal";"Kreis Ostholstein";"Schönwalde am Bungsberg";"Eutiner Straße";"Kirchhof";"Alteintragung (Aktualisierung vorgesehen)";"Geschichtlich, Kulturlandschaftlich";"Kirchhof, Grabmale bis 1870, Feldsteinböschung, Lindenkranz";"https://opendatarepo.lsh.uni-kiel.de/data/denkmalpflege/fotos/20998.jpg"
21740;"Gründenkmal";"Kreis Ostholstein";"Schönwalde am Bungsberg";"Eutiner Straße";"Doppeleiche";"Doppeleiche; 1898 gepflanzt; zum 50-jährigen Jubiläum an die Schleswig-Holsteinische Erhebung von 1848; mit Gedenkstein";"Geschichtlich, Städtebaulich";"Doppeleiche, Gedenkstein";"https://opendatarepo.lsh.uni-kiel.de/data/denkmalpflege/fotos/21740.jpg"
43084;"Gründenkmal";"Kreis Ostholstein";"Schönwalde am Bungsberg";"Hauptstraße";"Friedenseiche";"Friedenseiche; nach 26. Februar 1871; Gedenkbaum; Findlingsstein mit der Inschrift „1870 1871“";"Geschichtlich, Städtebaulich";"Friedenseiche, Gedenkstein";""
11248;"Bauliche Anlage";"Kreis Ostholstein";"Sierksdorf";"Altonaer Weg 2";"Herrenhaus";"Herrenhaus des Gutes Oevelgönne; Ende 19. Jh.; eingeschossiger Putzbau über hohem Kellersockel, beide Traufseiten mit zweigeschossigem Mittelrisalit, pfannengedecktes Mansarddach mit Halbwalm";"Geschichtlich, Kulturlandschaftlich";"gesamtes Objekt";"https://opendatarepo.lsh.uni-kiel.de/data/denkmalpflege/fotos/11248.jpg"
8429;"Bauliche Anlage";"Kreis Ostholstein";"Sierksdorf";"Gutshof";"Gut Wintershagen: Herrenhaus";"Alteintragung (Aktualisierung vorgesehen)";"";"Alteintragung (Aktualisierung vorgesehen)";""
9275;"Bauliche Anlage";"Kreis Ostholstein";"Sierksdorf";"Gutshof";"Gut Wintershagen: Scheune";"Alteintragung (Aktualisierung vorgesehen)";"";"Alteintragung (Aktualisierung vorgesehen)";""
9282;"Bauliche Anlage";"Kreis Ostholstein";"Sierksdorf";"Gutshof";"Gut Wintershagen: Kuhstall";"Alteintragung (Aktualisierung vorgesehen)";"";"Alteintragung (Aktualisierung vorgesehen)";""
9283;"Bauliche Anlage";"Kreis Ostholstein";"Sierksdorf";"Gutshof";"Gut Wintershagen: Pferdestall";"Alteintragung (Aktualisierung vorgesehen)";"";"Alteintragung (Aktualisierung vorgesehen)";""
9284;"Bauliche Anlage";"Kreis Ostholstein";"Sierksdorf";"Gutshof";"Gut Wintershagen: Schmiede mit Stellmacherei";"Alteintragung (Aktualisierung vorgesehen)";"";"Alteintragung (Aktualisierung vorgesehen)";""
9285;"Bauliche Anlage";"Kreis Ostholstein";"Sierksdorf";"Gutshof";"Gut Wintershagen: Haferscheune";"Alteintragung (Aktualisierung vorgesehen)";"";"Alteintragung (Aktualisierung vorgesehen)";""
9286;"Bauliche Anlage";"Kreis Ostholstein";"Sierksdorf";"Gutshof";"Gut Wintershagen: Kutschenhaus";"Alteintragung (Aktualisierung vorgesehen)";"";"Alteintragung (Aktualisierung vorgesehen)";""
9287;"Bauliche Anlage";"Kreis Ostholstein";"Sierksdorf";"Gutshof";"Gut Wintershagen: Backhaus (Trafohaus)";"Alteintragung (Aktualisierung vorgesehen)";"";"Alteintragung (Aktualisierung vorgesehen)";""
9290;"Bauliche Anlage";"Kreis Ostholstein";"Sierksdorf";"Gutshof";"Gut Wintershagen: Eiskeller";"Alteintragung (Aktualisierung vorgesehen)";"";"Alteintragung (Aktualisierung vorgesehen)";""
9292;"Bauliche Anlage";"Kreis Ostholstein";"Sierksdorf";"Rosenberg 1";"Gut Wintershagen: Vogthaus";"Alteintragung (Aktualisierung vorgesehen)";"";"Alteintragung (Aktualisierung vorgesehen)";""
9294;"Bauliche Anlage";"Kreis Ostholstein";"Sierksdorf";"Rosenberg 3";"Gut Wintershagen: Doppelwohnhaus (1)";"Alteintragung (Aktualisierung vorgesehen)";"";"Alteintragung (Aktualisierung vorgesehen)";""
9296;"Bauliche Anlage";"Kreis Ostholstein";"Sierksdorf";"Rosenberg 5 - 7";"Gut Wintershagen: Doppelwohnhaus (3)";"Alteintragung (Aktualisierung vorgesehen)";"";"Alteintragung (Aktualisierung vorgesehen)";""
9295;"Bauliche Anlage";"Kreis Ostholstein";"Sierksdorf";"Rosenberg";"Gut Wintershagen: Doppelwohnhaus (2)";"Alteintragung (Aktualisierung vorgesehen)";"";"Alteintragung (Aktualisierung vorgesehen)";""
12503;"Bauliche Anlage";"Kreis Ostholstein";"Sierksdorf";"Stawedder 2";"sog. Meierei";"sog. Meierei; nach 1789; Fachhallenhaus in Zweiständerkonstruktion mit Abseiten, Außenmauern in Fachwerk mit Backsteinausfachung, reetgedecktes Walmdach; mit Hausbäumen";"Geschichtlich, Kulturlandschaftlich";"sog. Meierei, Hausbäume";""
1026;"Bauliche Anlage";"Kreis Ostholstein";"Sierksdorf";"Torhaus 1";"Gut Oevelgönne: Torhaus";"Alteintragung (Aktualisierung vorgesehen)";"";"Alteintragung (Aktualisierung vorgesehen)";""
20922;"Gründenkmal";"Kreis Ostholstein";"Sierksdorf";"Am Seehof";"Schmidt-Rottluff-Allee";"Alteintragung (Aktualisierung vorgesehen)";"Geschichtlich, Künstlerisch, Kulturlandschaftlich";"gesamtes Objekt";""
9288;"Gründenkmal";"Kreis Ostholstein";"Sierksdorf";"Gutshof";"Gut Wintershagen: Park mit Obstwiese";"Alteintragung (Aktualisierung vorgesehen)";"Geschichtlich, Städtebaulich";"Gut Wintershagen: Park mit Obstwiese, nördlicher Teich, östlicher Teich";""
9289;"Gründenkmal";"Kreis Ostholstein";"Sierksdorf";"Gutshof";"Gut Wintershagen: Kastanienallee";"Alteintragung (Aktualisierung vorgesehen)";"Geschichtlich, Städtebaulich";"gesamtes Objekt";""
40782;"Sachgesamtheit";"Kreis Ostholstein";"Stockelsdorf";"Curauer Dorfstraße 6, An der Aue, Curauer Dorfstraße";"Kirche Curau";"Kirche Curau; mittelalterliche Kirchengründung, Kirchenneubau 1683, nach Brand 1827 beim Wiederaufbau erhöht, Sakristeianbau 1964, Pastorat wohl nach 1827, im 20. Jahrhundert verändert; anschauliches kirchliches Zentrum mit klassizistisch geprägten Backsteinbauten, Kirche mit Ausstattung, umliegendem Kirchhof mit Treppenweg, Granitböschungsmauern, Lindenreihe, Ehrenmalanlage und Pastorat";"Geschichtlich, Künstlerisch, Kulturlandschaftlich, Städtebaulich";"Kirche mit Ausstattung, Kirchhof mit Granitböschungsmauern, Lindenreihe, Treppenweg zum Kirchhof, Ehrenmalanlage (An der Aue, Curauer Dorfstraße), Pastorat (Curauer Dorfstraße 6)";"https://opendatarepo.lsh.uni-kiel.de/data/denkmalpflege/fotos/40782.jpg"
1839;"Bauliche Anlage";"Kreis Ostholstein";"Stockelsdorf";"Am Brink 16";"Kate";"Kate; 1685, Wohnteil wohl um 1800 umgebaut; Fachhallenhaus, Außenwände in Fachwerk mit Backsteinausfachungen, reetgedecktes Halbwalmdach mit Uhlenloch";"Geschichtlich, Kulturlandschaftlich, Städtebaulich";"gesamtes Objekt";"https://opendatarepo.lsh.uni-kiel.de/data/denkmalpflege/fotos/1839.jpg"
4418;"Bauliche Anlage";"Kreis Ostholstein";"Stockelsdorf";"Am Brink 22";"Kate Klüver";"Alteintragung (Aktualisierung vorgesehen)";"";"Alteintragung (Aktualisierung vorgesehen)";"https://opendatarepo.lsh.uni-kiel.de/data/denkmalpflege/fotos/4418.jpg"
513;"Bauliche Anlage";"Kreis Ostholstein";"Stockelsdorf";"Curauer Dorfstraße 30";"Wohn- und Wirtschaftsgebäude";"Alteintragung (Aktualisierung vorgesehen)";"";"Alteintragung (Aktualisierung vorgesehen)";"https://opendatarepo.lsh.uni-kiel.de/data/denkmalpflege/fotos/513.jpg"
3993;"Bauliche Anlage";"Kreis Ostholstein";"Stockelsdorf";"Curauer Dorfstraße";"Kirche mit Ausstattung";"Alteintragung (Aktualisierung vorgesehen)";"Geschichtlich, Künstlerisch, Städtebaulich";"gesamtes Objekt";"https://opendatarepo.lsh.uni-kiel.de/data/denkmalpflege/fotos/3993.jpg"
7587;"Bauliche Anlage";"Kreis Ostholstein";"Stockelsdorf";"Dorfstraße 1";"Fachhallenhaus";"ehem. Wohn- und Wirtschaftsgebäude; wohl 1. Hälfte 19. Jh.; mächtiger Fachhallenbau mit Satteldach, Fassadengliederung in neugotischen Formen, gekuppelte Blendbögen am straßenseitigen Wohngiebel";"Geschichtlich, Städtebaulich";"gesamtes Objekt";"https://opendatarepo.lsh.uni-kiel.de/data/denkmalpflege/fotos/7587.jpg"
2736;"Bauliche Anlage";"Kreis Ostholstein";"Stockelsdorf";"Dorfstraße 7";"ehem. Herrenhaus";"Alteintragung (Aktualisierung vorgesehen)";"Geschichtlich, Künstlerisch, Städtebaulich";"Alteintragung (Aktualisierung vorgesehen)";"https://opendatarepo.lsh.uni-kiel.de/data/denkmalpflege/fotos/2736.jpg"
8445;"Bauliche Anlage";"Kreis Ostholstein";"Stockelsdorf";"Kirchweg";"Kirche mit Ausstattung";"Alteintragung (Aktualisierung vorgesehen)";"Geschichtlich, Künstlerisch, Städtebaulich";"gesamtes Objekt";"https://opendatarepo.lsh.uni-kiel.de/data/denkmalpflege/fotos/8445.jpg"
9049;"Bauliche Anlage";"Kreis Ostholstein";"Stockelsdorf";"Krumbecker Hof";"Fachhallenhaus";"Alteintragung (Aktualisierung vorgesehen)";"";"Alteintragung (Aktualisierung vorgesehen)";"https://opendatarepo.lsh.uni-kiel.de/data/denkmalpflege/fotos/9049.jpg"
20875;"Gründenkmal";"Kreis Ostholstein";"Stockelsdorf";"Curauer Dorfstraße";"Kirchhof";"Alteintragung (Aktualisierung vorgesehen)";"Geschichtlich, Kulturlandschaftlich, Städtebaulich";"Kirchhof, Granitböschungsmauern, Lindenreihe, Treppenweg zum Kirchhof";""
20876;"Gründenkmal";"Kreis Ostholstein";"Stockelsdorf";"Curauer Dorfstraße";"Dorfanger";"Curauer Dorfanger; langgestreckter Grünzug in der Dorfmitte mit zentraler Lindenallee und Baumkranz; mit begleitender Pflasterstraße und im Südwesten gelegener Friedenseiche mit Gedenkstein";"Geschichtlich, Kulturlandschaftlich, Städtebaulich";"Dorfanger, Friedenseiche, Gedenkstein, Lindenallee, Baumkranz, Pflasterstraße";""
10213;"Gründenkmal";"Kreis Ostholstein";"Stockelsdorf";"Morier Straße";"Jüdischer Friedhof";"Jüdischer Friedhof; 1799 erste Erwähnung, 1919 letzte Bestattung; eingezäunter ehem. aschkenasischer Friedhof mit 35 Grabsteinen";"Geschichtlich";"gesamtes Objekt";"https://opendatarepo.lsh.uni-kiel.de/data/denkmalpflege/fotos/10213.jpg"
40783;"Sachgesamtheit";"Kreis Ostholstein";"Süsel";"An der Kirche";"Kirche St. Laurentius";"Aktualisierung vorgesehen";"Geschichtlich, Künstlerisch, Kulturlandschaftlich, Städtebaulich";"Kirche St. Laurentius mit Ausstattung, Kirchhof, Grabmale bis 1870, Feldsteinwall, Lindenkranz";"https://opendatarepo.lsh.uni-kiel.de/data/denkmalpflege/fotos/40783.jpg"
32230;"Bauliche Anlage";"Kreis Ostholstein";"Süsel";"Alte Dorfstraße 14";"Fachhallenhaus";"Fachhallenhaus; laut Inschrift 1795 erbaut; Fachwerkbau, Ausfachung in Backstein erneuert, reetgedecktes Halbwalmdach";"Geschichtlich, Kulturlandschaftlich, Städtebaulich";"gesamtes Objekt";"https://opendatarepo.lsh.uni-kiel.de/data/denkmalpflege/fotos/32230.jpg"
821;"Bauliche Anlage";"Kreis Ostholstein";"Süsel";"Alte Dorfstraße 31";"Hof Sach: Wohnhaus";"Alteintragung (Aktualisierung vorgesehen)";"";"Alteintragung (Aktualisierung vorgesehen)";"https://opendatarepo.lsh.uni-kiel.de/data/denkmalpflege/fotos/821.jpg"
822;"Bauliche Anlage";"Kreis Ostholstein";"Süsel";"Alte Dorfstraße 31";"Hof Sach: Scheune";"Alteintragung (Aktualisierung vorgesehen)";"";"Alteintragung (Aktualisierung vorgesehen)";"https://opendatarepo.lsh.uni-kiel.de/data/denkmalpflege/fotos/822.jpg"
38689;"Bauliche Anlage";"Kreis Ostholstein";"Süsel";"Am Grotenhof 2";"Fachhallenhaus";"Fachhallenhaus; 1695; Zweiständerkonstruktion mit markantem Wirtschaftsgiebel, der Wohnteil um einen eingeschossigen Anbau mit Drempel um 1900 erweitert";"Geschichtlich, Städtebaulich";"gesamtes Objekt";"https://opendatarepo.lsh.uni-kiel.de/data/denkmalpflege/fotos/38689.jpg"
37621;"Bauliche Anlage";"Kreis Ostholstein";"Süsel";"Am Süselerbaum (L 309) 7";"Tankstelle";"Tankstelle; 1959, erweitert 1968; Bauherr Deutsche Shell A.G.; flacher, eingeschossiger Bau mit vollverglastem Verkaufsraum und vorgelagertem, leicht ansteigenden Spannbetondach in elegant geschwungener Form auf vier schlanken Rundstützen, seitlich angefügt diverse Wohn- und Funktionsräume, aufgrund der Hanglage auf der Rückseite zweigeschossig ausgebildet, Fassade mit Fliesen verkleidet.";"Geschichtlich, Künstlerisch, Städtebaulich, Technisch";"gesamtes Objekt";""
7319;"Bauliche Anlage";"Kreis Ostholstein";"Süsel";"An der B 207";"Meilenstein";"Alteintragung (Aktualisierung vorgesehen)";"Geschichtlich, Kulturlandschaftlich, Wissenschaftlich";"gesamtes Objekt";""
38706;"Bauliche Anlage";"Kreis Ostholstein";"Süsel";"An der Kirche 4";"Pastorat";"Pastorat; 1928, Architekt Ernst Prinz; eingeschossiges Backsteingebäude im Heimatschutzstil mit Mittelzwerchhaus, Halbwalmdach";"Geschichtlich, Künstlerisch, Städtebaulich";"gesamtes Objekt";"https://opendatarepo.lsh.uni-kiel.de/data/denkmalpflege/fotos/38706.jpg"
2691;"Bauliche Anlage";"Kreis Ostholstein";"Süsel";"An der Kirche";"Kirche St. Laurentius mit Ausstattung";"Alteintragung (Aktualisierung vorgesehen)";"Geschichtlich, Künstlerisch, Städtebaulich";"gesamtes Objekt";"https://opendatarepo.lsh.uni-kiel.de/data/denkmalpflege/fotos/2691.jpg"
38687;"Bauliche Anlage";"Kreis Ostholstein";"Süsel";"Birkenredder 1";"Villa";"Villa; um 1905; zweigeschossiger Putzbau mit Risaliten, Turmhelm über dem Eingangsrisalit, Halbwalmdach mit weitem Dachüberstand";"Geschichtlich, Kulturlandschaftlich";"gesamtes Objekt";""
10212;"Bauliche Anlage";"Kreis Ostholstein";"Süsel";"Ekholfer Straße 15";"Ausspann-Wirtschaft";"ehem. Ausspann-Wirtschaft, 19. Jh., eingeschossiges Haupthaus in Backstein mit Halbwalmdach und Zwerchhaus, Ausspann hakenförmig angesetzt, Tanzsaal im Obergeschoss";"Geschichtlich, Städtebaulich";"gesamtes Objekt";"https://opendatarepo.lsh.uni-kiel.de/data/denkmalpflege/fotos/10212.jpg"
7318;"Bauliche Anlage";"Kreis Ostholstein";"Süsel";"Ekholfer Straße";"Meilenstein";"Alteintragung (Aktualisierung vorgesehen)";"Geschichtlich, Kulturlandschaftlich, Wissenschaftlich";"gesamtes Objekt";"https://opendatarepo.lsh.uni-kiel.de/data/denkmalpflege/fotos/7318.jpg"
3041;"Bauliche Anlage";"Kreis Ostholstein";"Süsel";"Gömnitzer Berg";"Rundturm (Seezeichen)";"Alteintragung (Aktualisierung vorgesehen)";"";"Alteintragung (Aktualisierung vorgesehen)";""
8136;"Bauliche Anlage";"Kreis Ostholstein";"Süsel";"Hof Redingsdorf";"Hof Redingsdorf: Gutshaus";"Alteintragung (Aktualisierung vorgesehen)";"";"Alteintragung (Aktualisierung vorgesehen)";""
8137;"Bauliche Anlage";"Kreis Ostholstein";"Süsel";"Hof Redingsdorf";"Hof Redingsdorf: Wasch- und Backhaus";"Alteintragung (Aktualisierung vorgesehen)";"";"Alteintragung (Aktualisierung vorgesehen)";""
8138;"Bauliche Anlage";"Kreis Ostholstein";"Süsel";"Hof Redingsdorf";"Hof Redingsdorf: Scheune";"Alteintragung (Aktualisierung vorgesehen)";"";"Alteintragung (Aktualisierung vorgesehen)";""
8139;"Bauliche Anlage";"Kreis Ostholstein";"Süsel";"Hof Redingsdorf";"Hof Redingsdorf: Kuhhaus";"Alteintragung (Aktualisierung vorgesehen)";"";"Alteintragung (Aktualisierung vorgesehen)";""
8140;"Bauliche Anlage";"Kreis Ostholstein";"Süsel";"Hof Redingsdorf";"Hof Redingsdorf: Torhaus";"Alteintragung (Aktualisierung vorgesehen)";"";"Alteintragung (Aktualisierung vorgesehen)";""
10854;"Bauliche Anlage";"Kreis Ostholstein";"Süsel";"Hof Redingsdorf";"Hof Redingsdorf: Böschungsmauer am Kuhhaus";"Alteintragung (Aktualisierung vorgesehen)";"";"Alteintragung (Aktualisierung vorgesehen)";""
10855;"Bauliche Anlage";"Kreis Ostholstein";"Süsel";"Hof Redingsdorf";"Hof Redingsdorf: Eiskeller";"Alteintragung (Aktualisierung vorgesehen)";"";"Alteintragung (Aktualisierung vorgesehen)";""
10857;"Bauliche Anlage";"Kreis Ostholstein";"Süsel";"Hof Redingsdorf";"Hof Redingsdorf: Inschriftstein 1575";"Alteintragung (Aktualisierung vorgesehen)";"";"Alteintragung (Aktualisierung vorgesehen)";""
19511;"Bauliche Anlage";"Kreis Ostholstein";"Süsel";"Hof Redingsdorf";"Hof Redingsdorf: Gutshof";"Alteintragung (Aktualisierung vorgesehen)";"";"Alteintragung (Aktualisierung vorgesehen)";""
47801;"Bauliche Anlage";"Kreis Ostholstein";"Süsel";"Karl-Hamann-Straße 17";"Wohn- und Wirtschaftsgebäude";"Wohn- und Wirtschaftsgebäude; Anfang 20. Jahrhundert; breitgelagerter, mehrteiliger Drempelbau in Backstein mit Putzgliederung, Satteldächer";"Geschichtlich, Städtebaulich";"Wohn- und Wirtschaftsgebäude, Einfriedung, Hofpflaster";""
38696;"Bauliche Anlage";"Kreis Ostholstein";"Süsel";"Karl-Hamann-Straße 28";"Fachwerkkate";"Fachwerkkate; wohl Anfang 19. Jahrhundert; Fachwerkbau auf Findlingssockel, Außenwände mit Backstein ausgefacht, Halbwalmdach";"Geschichtlich, Städtebaulich";"gesamtes Objekt";"https://opendatarepo.lsh.uni-kiel.de/data/denkmalpflege/fotos/38696.jpg"
3931;"Bauliche Anlage";"Kreis Ostholstein";"Süsel";"Lindenallee 1 - 3";"Mühlengebäude";"Mühlengebäude; 1798; zweigeschossiger, backsteinsichtiger Mauerwerksbau unter Walmdach mit Wohn- und Funktionsteil in frühklassizistischer Formensprache; mit ehem. Mühlenwehr und Aalfang";"Geschichtlich, Städtebaulich, Technisch";"Mühlengebäude, ehem. Mühlenwehr und Aalfang";"https://opendatarepo.lsh.uni-kiel.de/data/denkmalpflege/fotos/3931.jpg"
6398;"Bauliche Anlage";"Kreis Ostholstein";"Süsel";"Seestraße 1";"Kate";"Alteintragung (Aktualisierung vorgesehen)";"Geschichtlich, Städtebaulich";"gesamtes Objekt";"https://opendatarepo.lsh.uni-kiel.de/data/denkmalpflege/fotos/6398.jpg"
29326;"Bauliche Anlage";"Kreis Ostholstein";"Süsel";"Seestraße 5";"ehem. Räucherkate";"ehem. Räucherkate; zweite Hälfte 18. Jahrhundert; Fachhallenhaus von vier Fach, reetgedecktes Halbwalmdach";"Geschichtlich, Kulturlandschaftlich, Städtebaulich";"gesamtes Objekt";"https://opendatarepo.lsh.uni-kiel.de/data/denkmalpflege/fotos/29326.jpg"
2637;"Gründenkmal";"Kreis Ostholstein";"Süsel";"Alte Dorfstraße 31";"Hof Sach: Zufahrtsallee";"Alteintragung (Aktualisierung vorgesehen)";"Geschichtlich, Kulturlandschaftlich";"gesamtes Objekt";"https://opendatarepo.lsh.uni-kiel.de/data/denkmalpflege/fotos/2637.jpg"
20947;"Gründenkmal";"Kreis Ostholstein";"Süsel";"An der Kirche";"Kirchhof";"Alteintragung (Aktualisierung vorgesehen)";"Geschichtlich, Kulturlandschaftlich";"Kirchhof, Grabmale bis 1870, Feldsteinwall, Lindenkranz";"https://opendatarepo.lsh.uni-kiel.de/data/denkmalpflege/fotos/20947.jpg"
22830;"Bauliche Anlage";"Kreis Ostholstein";"Timmendorfer Strand";"Am Bahnhof 6 a";"Bahnhof";"Bahnhof Timmendorfer Strand; 1925; zweigeschossiger Backsteinbau mit Walmdach, beide Traufseiten mit schmalem, übergiebelten Mittelrisalit mit Uhr, qualitätvolle architektonische Gestaltung mit Rustizierungen im Erdgeschoss, wohl in den 1930er Jahren nördlicher Anbau mit flachem Walmdach in Backstein und mit Wandstreifengliederung";"Geschichtlich, Städtebaulich";"gesamtes Objekt";"https://opendatarepo.lsh.uni-kiel.de/data/denkmalpflege/fotos/22830.jpg"
28966;"Bauliche Anlage";"Kreis Ostholstein";"Timmendorfer Strand";"Gartenweg 7";"Strandvilla";"Strandvilla; Anfang 20. Jahrhundert; zweigeschossiger Backsteinbau über Sockelgeschoss mit Drempel, flaches Satteldach mit weitem Dachüberstand und Freigespärre";"Geschichtlich, Städtebaulich";"gesamtes Objekt";"https://opendatarepo.lsh.uni-kiel.de/data/denkmalpflege/fotos/28966.jpg"
30296;"Bauliche Anlage";"Kreis Ostholstein";"Timmendorfer Strand";"Grüner Weg 4";"Strandvilla";"Strandvilla; um 1900; eingeschossiger Putzbau mit vorwiegend neoklassizistischen Schmuckelementen, seitlicher Turm, schiefergedecktes Mansardflachdach";"Geschichtlich, Städtebaulich";"Strandvilla, Einfriedung";"https://opendatarepo.lsh.uni-kiel.de/data/denkmalpflege/fotos/30296.jpg"
30302;"Bauliche Anlage";"Kreis Ostholstein";"Timmendorfer Strand";"Hauptstraße 15";"Fachhallenkate";"Kate; 1809; Fachwerkbau mit Zweiständerkonstruktion, markanter Wirtschaftsgiebel mit Grotdör und dekorativer Ausfachungen in Backstein und mit gekalkten Zierfeldern";"Geschichtlich, Städtebaulich";"gesamtes Objekt";"https://opendatarepo.lsh.uni-kiel.de/data/denkmalpflege/fotos/30302.jpg"
3822;"Bauliche Anlage";"Kreis Ostholstein";"Timmendorfer Strand";"Hauptstraße 22";"Fachhallenkate";"Kate; 1774; giebelständiger Fachwerkbau, Zweiständerkonstruktion, markanter Wirtschaftsgiebel mit Grootdör und Zierausfachungen in Backstein";"Geschichtlich, Städtebaulich";"gesamtes Objekt";"https://opendatarepo.lsh.uni-kiel.de/data/denkmalpflege/fotos/3822.jpg"
30303;"Bauliche Anlage";"Kreis Ostholstein";"Timmendorfer Strand";"Kurparkstraße";"Bronzeplastik Amazone";"Bronzeplastik „Amazone“; 1925, Bildhauer Rudolf Zieseniss , aufgestellt 1935; Reiterstandbild einer Amazone";"Geschichtlich, Künstlerisch, Städtebaulich";"gesamtes Objekt";"https://opendatarepo.lsh.uni-kiel.de/data/denkmalpflege/fotos/30303.jpg"
38840;"Bauliche Anlage";"Kreis Ostholstein";"Timmendorfer Strand";"Kurpromenade 18";"Villa";"Villa; um 1910; dreigeschossiger Putzbau in Formen des Cottage- und Jugendstil, Walmdach";"Geschichtlich, Städtebaulich";"gesamtes Objekt";"https://opendatarepo.lsh.uni-kiel.de/data/denkmalpflege/fotos/38840.jpg"
2867;"Bauliche Anlage";"Kreis Ostholstein";"Timmendorfer Strand";"Kurpromenade";"Trinkkurhalle";"Alteintragung (Aktualisierung vorgesehen)";"Geschichtlich, Künstlerisch, Städtebaulich";"gesamtes Objekt";"https://opendatarepo.lsh.uni-kiel.de/data/denkmalpflege/fotos/2867.jpg"
38830;"Bauliche Anlage";"Kreis Ostholstein";"Timmendorfer Strand";"Seestraße 18";"Wohn- und Wirtschaftsgebäude";"Wohn- und Wirtschaftsgebäude; 1872, im Kern älter; Fachhallenhaus mit teilweise massiv erneuerten Außenmauern, Halbwalmdach";"Geschichtlich, Kulturlandschaftlich, Städtebaulich";"Wohn- und Wirtschaftsgebäude, zwei Hauslinden, Einfriedung";"https://opendatarepo.lsh.uni-kiel.de/data/denkmalpflege/fotos/38830.jpg"
8992;"Bauliche Anlage";"Kreis Ostholstein";"Timmendorfer Strand";"Strandallee 50";"Villa Grisebach";"Alteintragung (Aktualisierung vorgesehen)";"Geschichtlich, Künstlerisch, Städtebaulich, Wissenschaftlich";"gesamtes Objekt";"https://opendatarepo.lsh.uni-kiel.de/data/denkmalpflege/fotos/8992.jpg"
8993;"Bauliche Anlage";"Kreis Ostholstein";"Timmendorfer Strand";"Strandallee 52";"Villa Gropius";"Alteintragung (Aktualisierung vorgesehen)";"Geschichtlich, Künstlerisch, Städtebaulich, Wissenschaftlich";"gesamtes Objekt";"https://opendatarepo.lsh.uni-kiel.de/data/denkmalpflege/fotos/8993.jpg"
30306;"Bauliche Anlage";"Kreis Ostholstein";"Timmendorfer Strand";"Strandallee 111 a";"Strandvilla";"Strandvilla; 1921, Architekt Karl Trahn; eingeschossiges Backsteinhaus des Heimatschutzstils mit polygonalem Eckturm mit Zeltdach, reetgedecktes Satteldach; mit Einfriedung";"Geschichtlich, Künstlerisch, Städtebaulich";"Strandvilla, Einfriedung";"https://opendatarepo.lsh.uni-kiel.de/data/denkmalpflege/fotos/30306.jpg"
30308;"Bauliche Anlage";"Kreis Ostholstein";"Timmendorfer Strand";"Strandallee 144";"Wohnhaus Seeburg";"Wohnhaus; 1912; zweigeschossiger Wohnbau im Stil eines Landhauses, Putzfassade, Seitenrisalit mit Rundbogenfenstern und stuckierten Brüstungsfeldern";"Geschichtlich, Städtebaulich";"gesamtes Objekt";"https://opendatarepo.lsh.uni-kiel.de/data/denkmalpflege/fotos/30308.jpg"
27811;"Bauliche Anlage";"Kreis Ostholstein";"Timmendorfer Strand";"Strandpromenade";"Toilettenhäuschen";"Toilettenhäuschen; 1930er Jahre; eingeschossiges Backsteingebäude im Heimatschutzstil, flaches Walmdach";"Geschichtlich, Städtebaulich";"gesamtes Objekt";"https://opendatarepo.lsh.uni-kiel.de/data/denkmalpflege/fotos/27811.jpg"
12663;"Bauliche Anlage";"Kreis Ostholstein";"Timmendorfer Strand";"Strandstraße 49";"Strandvilla";"Wohnhaus; um 1890; zweigeschossiger Backsteinbau mit Segmentbogenfenstern, flachem Satteldach und zweigeschossigem Wintergarten auf der Seeseite";"Geschichtlich, Städtebaulich";"gesamtes Objekt";"https://opendatarepo.lsh.uni-kiel.de/data/denkmalpflege/fotos/12663.jpg"
30297;"Bauliche Anlage";"Kreis Ostholstein";"Timmendorfer Strand";"Strandstraße 51";"Wohnhaus";"Wohnhaus; 1887; eingeschossiges Backstein-Giebelhaus mit hohem Drempelgeschoss und Veranda zur Seeseite, Satteldach mit weitem Dachüberstand";"Geschichtlich, Städtebaulich";"Wohnhaus, Einfriedung";"https://opendatarepo.lsh.uni-kiel.de/data/denkmalpflege/fotos/30297.jpg"
38857;"Bauliche Anlage";"Kreis Ostholstein";"Timmendorfer Strand";"Timmendorfer Platz 2";"Villa Hollandia";"Villa Hollandia; 1906; dreigeschossiger Putzbau in Formen des Cottage- und Jugendstils, reiche Dachlandschaft  mit weiten Dachüberständen und Freigespärre";"Geschichtlich, Städtebaulich";"gesamtes Objekt";"https://opendatarepo.lsh.uni-kiel.de/data/denkmalpflege/fotos/38857.jpg"
9851;"Bauliche Anlage";"Kreis Ostholstein";"Timmendorfer Strand";"Vogelsang 1";"Wohnhaus";"Wohnhaus; inschriftlich 1846, Veränderungen im 20. Jahrhundert; zweigeschossiger Backsteinkubus, reetgedecktes Walmdach";"Geschichtlich, Städtebaulich";"gesamtes Objekt";"https://opendatarepo.lsh.uni-kiel.de/data/denkmalpflege/fotos/9851.jpg"
40784;"Sachgesamtheit";"Kreis Ostholstein";"Wangels";"Am Kirchberg, Lütjenburger Straße 4";"Christuskirche";"Aktualisierung vorgesehen";"Geschichtlich, Künstlerisch, Kulturlandschaftlich, Städtebaulich";"Christuskirche mit Ausstattung, Kirchhof, historische Grabmale, Lindenkranz, Feldsteinwall, Kirchhofspforte (Am Kirchberg); Pastorat (Lütjenburger Straße 4)";""
40785;"Sachgesamtheit";"Kreis Ostholstein";"Wangels";"An der Kirche 2";"Kirche Hohenstein";"Aktualisierung vorgesehen";"Geschichtlich, Künstlerisch, Kulturlandschaftlich, Städtebaulich";"Kirche mit Ausstattung, Mausoleum v. Reventlow, Kirchhof, Grabmale bis 1870, Lindenkranz";"https://opendatarepo.lsh.uni-kiel.de/data/denkmalpflege/fotos/40785.jpg"
20645;"Sachgesamtheit";"Kreis Ostholstein";"Wangels";"Brök 1, Brökweide";"ehem. Gastwirtschaft Weissenhäuser Brök";"ehem. Gastwirtschaft; 1878, später erweitert, Bauherr Carl Reichsgraf von Platen Hallermund; im Kern zwei eingeschossige Satteldachbauten: Haupthaus mit Gastwirtschaft und Wohnung, kombiniertes Wohn- und Wirtschaftsgebäude mit Stall und Kutscherwohnung, 1914/15 durch die beträchtliche Erweiterung des Wohnhauses zu dreiflügeliger Hofanlage umgestaltet, markantes Ensemble aus reetgedeckten Backsteinbauten";"Geschichtlich, Kulturlandschaftlich";"Wohnhaus mit Erweiterung, Wohn- und Wirtschaftsgebäude (Brök 1); Nebengebäude (Brökweide)";"https://opendatarepo.lsh.uni-kiel.de/data/denkmalpflege/fotos/20645.jpg"
3073;"Bauliche Anlage";"Kreis Ostholstein";"Wangels";"Am Kirchberg";"Christuskirche mit Ausstattung";"Alteintragung (Aktualisierung vorgesehen)";"Geschichtlich, Künstlerisch, Städtebaulich";"Alteintragung (Aktualisierung vorgesehen)";"https://opendatarepo.lsh.uni-kiel.de/data/denkmalpflege/fotos/3073.jpg"
4076;"Bauliche Anlage";"Kreis Ostholstein";"Wangels";"An der Kirche 2";"Kirche mit Ausstattung";"Alteintragung (Aktualisierung vorgesehen)";"Geschichtlich, Künstlerisch, Städtebaulich";"gesamtes Objekt";"https://opendatarepo.lsh.uni-kiel.de/data/denkmalpflege/fotos/4076.jpg"
9098;"Bauliche Anlage";"Kreis Ostholstein";"Wangels";"An der Kirche 2";"Mausoleum v. Reventlow";"Alteintragung (Aktualisierung vorgesehen)";"Geschichtlich";"Alteintragung (Aktualisierung vorgesehen)";"https://opendatarepo.lsh.uni-kiel.de/data/denkmalpflege/fotos/9098.jpg"
46120;"Bauliche Anlage";"Kreis Ostholstein";"Wangels";"Brök 1";"Wohnhaus mit Erweiterung";"Wohnhaus, ehemals mit Gastwirtschaft; 1878, später erweitert, Bauherr Carl Reichsgraf von Platen Hallermund; im Kern eingeschossiger Backsteinbau mit Satteldach, 1914/15 Anfügung eines zweiten, weitgehend eigenständigen Baukörpers mit schlichterer Fassade, alle Dachflächen reetgedeckt";"Geschichtlich, Kulturlandschaftlich";"gesamtes Objekt";""
37369;"Bauliche Anlage";"Kreis Ostholstein";"Wangels";"Dorfstraße 4";"ehem. Gastwirtschaft";"ehem. Gastwirtschaft; nach 1908; eingeschossiger Putzbau mit Streifengliederung und repräsentativem, übergiebeltem Mittelrisalit, Mansarddach";"Geschichtlich, Städtebaulich";"gesamtes Objekt";"https://opendatarepo.lsh.uni-kiel.de/data/denkmalpflege/fotos/37369.jpg"
27231;"Bauliche Anlage";"Kreis Ostholstein";"Wangels";"Dorfstraße 19";"Fachhallenkate";"Fachhallenkate; 1793; Zweiständerbau mit zwei abgeschleppten Vorschauern und Kammerfach, die Außenwände in Fachwerk mit Ziegelausfachung, reetgedeckter Vollwalm";"Geschichtlich, Kulturlandschaftlich";"gesamtes Objekt";"https://opendatarepo.lsh.uni-kiel.de/data/denkmalpflege/fotos/27231.jpg"
34208;"Bauliche Anlage";"Kreis Ostholstein";"Wangels";"Farverburg";"Holzarbeiterkate";"Aktualisierung vorgesehen";"Geschichtlich, Kulturlandschaftlich";"gesamtes Objekt";""
8029;"Bauliche Anlage";"Kreis Ostholstein";"Wangels";"Gut Charlottenhof";"Charlottenhof: Gutshaus";"Alteintragung (Aktualisierung vorgesehen)";"";"Alteintragung (Aktualisierung vorgesehen)";"https://opendatarepo.lsh.uni-kiel.de/data/denkmalpflege/fotos/8029.jpg"
992;"Bauliche Anlage";"Kreis Ostholstein";"Wangels";"Gut Ehlerstorf";"Gut Ehlerstorf: Herrenhaus";"Alteintragung (Aktualisierung vorgesehen)";"";"Alteintragung (Aktualisierung vorgesehen)";""
993;"Bauliche Anlage";"Kreis Ostholstein";"Wangels";"Gut Ehlerstorf";"Gut Ehlerstorf: ehem. Kavalierhaus";"Alteintragung (Aktualisierung vorgesehen)";"";"Alteintragung (Aktualisierung vorgesehen)";""
995;"Bauliche Anlage";"Kreis Ostholstein";"Wangels";"Gut Ehlerstorf";"Gut Ehlerstorf: Kuhhaus";"Alteintragung (Aktualisierung vorgesehen)";"";"Alteintragung (Aktualisierung vorgesehen)";""
996;"Bauliche Anlage";"Kreis Ostholstein";"Wangels";"Gut Ehlerstorf";"Gut Ehlerstorf: Torhaus";"Alteintragung (Aktualisierung vorgesehen)";"";"Alteintragung (Aktualisierung vorgesehen)";""
945;"Bauliche Anlage";"Kreis Ostholstein";"Wangels";"Gut Farve";"Gut Farve: Herrenhaus";"Alteintragung (Aktualisierung vorgesehen)";"";"Alteintragung (Aktualisierung vorgesehen)";"https://opendatarepo.lsh.uni-kiel.de/data/denkmalpflege/fotos/945.jpg"
946;"Bauliche Anlage";"Kreis Ostholstein";"Wangels";"Gut Farve";"Gut Farve: Reitstall";"Alteintragung (Aktualisierung vorgesehen)";"";"Alteintragung (Aktualisierung vorgesehen)";""
947;"Bauliche Anlage";"Kreis Ostholstein";"Wangels";"Gut Farve";"Gut Farve: Windmühle";"Alteintragung (Aktualisierung vorgesehen)";"";"Alteintragung (Aktualisierung vorgesehen)";""
983;"Bauliche Anlage";"Kreis Ostholstein";"Wangels";"Gut Friederikenhof";"2 Sandsteinlöwen von Weissenhaus";"Alteintragung (Aktualisierung vorgesehen)";"";"Alteintragung (Aktualisierung vorgesehen)";""
8034;"Bauliche Anlage";"Kreis Ostholstein";"Wangels";"Gut Friederikenhof";"Herrenhaus 1798";"Alteintragung (Aktualisierung vorgesehen)";"";"Alteintragung (Aktualisierung vorgesehen)";""
8035;"Bauliche Anlage";"Kreis Ostholstein";"Wangels";"Gut Friederikenhof";"Scheune";"Alteintragung (Aktualisierung vorgesehen)";"";"Alteintragung (Aktualisierung vorgesehen)";""
8036;"Bauliche Anlage";"Kreis Ostholstein";"Wangels";"Gut Friederikenhof";"Kuhhaus";"Alteintragung (Aktualisierung vorgesehen)";"";"Alteintragung (Aktualisierung vorgesehen)";""
8037;"Bauliche Anlage";"Kreis Ostholstein";"Wangels";"Gut Friederikenhof";"Remise mit Leutestube";"Alteintragung (Aktualisierung vorgesehen)";"";"Alteintragung (Aktualisierung vorgesehen)";""
8042;"Bauliche Anlage";"Kreis Ostholstein";"Wangels";"Gut Friederikenhof";"Backhaus";"Alteintragung (Aktualisierung vorgesehen)";"";"Alteintragung (Aktualisierung vorgesehen)";""
12323;"Bauliche Anlage";"Kreis Ostholstein";"Wangels";"Gut Meischenstorf";"Gut Meischenstorf: Herrenhaus";"Alteintragung (Aktualisierung vorgesehen)";"";"Alteintragung (Aktualisierung vorgesehen)";""
973;"Bauliche Anlage";"Kreis Ostholstein";"Wangels";"Ortsteil Testorf";"Gut Testorf: Wirtschaftshaus/Kavalierhaus";"Alteintragung (Aktualisierung vorgesehen)";"";"Alteintragung (Aktualisierung vorgesehen)";"https://opendatarepo.lsh.uni-kiel.de/data/denkmalpflege/fotos/973.jpg"
976;"Bauliche Anlage";"Kreis Ostholstein";"Wangels";"Ortsteil Testorf";"Gut Testorf: Alte Scheune";"Alteintragung (Aktualisierung vorgesehen)";"";"Alteintragung (Aktualisierung vorgesehen)";"https://opendatarepo.lsh.uni-kiel.de/data/denkmalpflege/fotos/976.jpg"
978;"Bauliche Anlage";"Kreis Ostholstein";"Wangels";"Ortsteil Testorf";"Gut Testorf: Kuhhaus";"Alteintragung (Aktualisierung vorgesehen)";"";"Alteintragung (Aktualisierung vorgesehen)";"https://opendatarepo.lsh.uni-kiel.de/data/denkmalpflege/fotos/978.jpg"
979;"Bauliche Anlage";"Kreis Ostholstein";"Wangels";"Ortsteil Testorf";"Gut Testorf: Hofgrabensystem";"Alteintragung (Aktualisierung vorgesehen)";"";"Alteintragung (Aktualisierung vorgesehen)";"https://opendatarepo.lsh.uni-kiel.de/data/denkmalpflege/fotos/979.jpg"
1333;"Bauliche Anlage";"Kreis Ostholstein";"Wangels";"Ortsteil Testorf";"Gut Testorf: Herrenhaus";"Alteintragung (Aktualisierung vorgesehen)";"";"Alteintragung (Aktualisierung vorgesehen)";"https://opendatarepo.lsh.uni-kiel.de/data/denkmalpflege/fotos/1333.jpg"
1334;"Bauliche Anlage";"Kreis Ostholstein";"Wangels";"Ortsteil Testorf";"Gut Testorf: Pferdestall/Remise";"Alteintragung (Aktualisierung vorgesehen)";"";"Alteintragung (Aktualisierung vorgesehen)";"https://opendatarepo.lsh.uni-kiel.de/data/denkmalpflege/fotos/1334.jpg"
1358;"Bauliche Anlage";"Kreis Ostholstein";"Wangels";"Ortsteil Testorf";"Gut Testorf: Torhaus";"Alteintragung (Aktualisierung vorgesehen)";"";"Alteintragung (Aktualisierung vorgesehen)";"https://opendatarepo.lsh.uni-kiel.de/data/denkmalpflege/fotos/1358.jpg"
12463;"Bauliche Anlage";"Kreis Ostholstein";"Wangels";"Schlossallee 2";"Gut Weissenhaus: Gärtnerhaus";"Alteintragung (Aktualisierung vorgesehen)";"";"Alteintragung (Aktualisierung vorgesehen)";""
12464;"Bauliche Anlage";"Kreis Ostholstein";"Wangels";"Schlossallee 2";"Gut Weissenhaus: Nebengebäude";"Alteintragung (Aktualisierung vorgesehen)";"";"Alteintragung (Aktualisierung vorgesehen)";""
12459;"Bauliche Anlage";"Kreis Ostholstein";"Wangels";"Schlossallee 4";"Gut Weissenhaus: Schnitterkaserne (Backhaus)";"Alteintragung (Aktualisierung vorgesehen)";"";"Alteintragung (Aktualisierung vorgesehen)";""
980;"Bauliche Anlage";"Kreis Ostholstein";"Wangels";"Schlossallee 7";"Gut Weissenhaus: Herrenhaus mit Innenausstattung";"Alteintragung (Aktualisierung vorgesehen)";"";"Alteintragung (Aktualisierung vorgesehen)";""
981;"Bauliche Anlage";"Kreis Ostholstein";"Wangels";"Schlossallee 7";"Gut Weissenhaus: nördliches Kavalierhaus (Verwalterhaus)";"Alteintragung (Aktualisierung vorgesehen)";"";"Alteintragung (Aktualisierung vorgesehen)";""
982;"Bauliche Anlage";"Kreis Ostholstein";"Wangels";"Schlossallee 7";"Gut Weissenhaus: südliches Kavalierhaus (Altes Vogtshaus / Alte Post)";"Alteintragung (Aktualisierung vorgesehen)";"";"Alteintragung (Aktualisierung vorgesehen)";""
10917;"Bauliche Anlage";"Kreis Ostholstein";"Wangels";"Schlossallee 7";"Gut Weissenhaus: Grabdenkmal (Laves)";"Alteintragung (Aktualisierung vorgesehen)";"";"Alteintragung (Aktualisierung vorgesehen)";""
12449;"Bauliche Anlage";"Kreis Ostholstein";"Wangels";"Schlossallee 7";"Gut Weissenhaus: Badehaus";"Alteintragung (Aktualisierung vorgesehen)";"";"Alteintragung (Aktualisierung vorgesehen)";""
12454;"Bauliche Anlage";"Kreis Ostholstein";"Wangels";"Schlossallee 7";"Gut Weissenhaus: Gefängnis";"Alteintragung (Aktualisierung vorgesehen)";"";"Alteintragung (Aktualisierung vorgesehen)";""
12466;"Bauliche Anlage";"Kreis Ostholstein";"Wangels";"Schlossallee 7";"Gut Weissenhaus: Holländerei";"Alteintragung (Aktualisierung vorgesehen)";"";"Alteintragung (Aktualisierung vorgesehen)";""
27247;"Bauliche Anlage";"Kreis Ostholstein";"Wangels";"Schlossallee 7";"Gut Weissenhaus: Eiskeller";"Alteintragung (Aktualisierung vorgesehen)";"Geschichtlich, Kulturlandschaftlich";"Alteintragung (Aktualisierung vorgesehen)";""
12456;"Bauliche Anlage";"Kreis Ostholstein";"Wangels";"Schlossallee";"Gut Weissenhaus: Pferdestall";"Alteintragung (Aktualisierung vorgesehen)";"";"Alteintragung (Aktualisierung vorgesehen)";""
12458;"Bauliche Anlage";"Kreis Ostholstein";"Wangels";"Schlossallee";"Gut Weissenhaus: Gewächshaus";"Alteintragung (Aktualisierung vorgesehen)";"Geschichtlich, Kulturlandschaftlich";"Alteintragung (Aktualisierung vorgesehen)";""
21230;"Gründenkmal";"Kreis Ostholstein";"Wangels";"Am Kirchberg";"Kirchhof";"Alteintragung (Aktualisierung vorgesehen)";"Geschichtlich, Kulturlandschaftlich";"Kirchhof, historische Grabmale, Lindenkranz, Feldsteinwall, Kirchhofspforte";"https://opendatarepo.lsh.uni-kiel.de/data/denkmalpflege/fotos/21230.jpg"
12363;"Gründenkmal";"Kreis Ostholstein";"Wangels";"An der Kirche 2";"Kirchhof";"Alteintragung (Aktualisierung vorgesehen)";"Geschichtlich, Kulturlandschaftlich";"Kirchhof, Grabmale bis 1870, Lindenkranz";"https://opendatarepo.lsh.uni-kiel.de/data/denkmalpflege/fotos/12363.jpg"
997;"Gründenkmal";"Kreis Ostholstein";"Wangels";"Gut Ehlerstorf";"Gut Ehlerstorf: Zufahrtsallee";"Alteintragung (Aktualisierung vorgesehen)";"Geschichtlich, Kulturlandschaftlich";"gesamtes Objekt";""
20676;"Gründenkmal";"Kreis Ostholstein";"Wangels";"Gut Farve";"Gut Farve: Lindendoppelallee im Garten";"Alteintragung (Aktualisierung vorgesehen)";"Geschichtlich, Kulturlandschaftlich";"gesamtes Objekt";"https://opendatarepo.lsh.uni-kiel.de/data/denkmalpflege/fotos/20676.jpg"
13107;"Gründenkmal";"Kreis Ostholstein";"Wangels";"Gut Friederikenhof";"Hofplatz mit Baumreihen";"Alteintragung (Aktualisierung vorgesehen)";"Geschichtlich, Kulturlandschaftlich";"gesamtes Objekt";""
12324;"Gründenkmal";"Kreis Ostholstein";"Wangels";"Gut Meischenstorf";"Gut Meischenstorf: Gutspark";"Alteintragung (Aktualisierung vorgesehen)";"Geschichtlich, Kulturlandschaftlich, Wissenschaftlich";"Gut Meischenstorf: Gutspark, östliche Holzbrücke, westliche Holzbrücke, Gartentor, Teich mit Insel, Lindenrondell, Burggrabenrest, nördlicher Teich";""
975;"Gründenkmal";"Kreis Ostholstein";"Wangels";"Ortsteil Testorf";"Gut Testorf: Barockgarten";"Alteintragung (Aktualisierung vorgesehen)";"Geschichtlich, Künstlerisch, Kulturlandschaftlich";"Gut Testorf: Barockgarten, zwei barocke Bassins";"https://opendatarepo.lsh.uni-kiel.de/data/denkmalpflege/fotos/975.jpg"
1006;"Gründenkmal";"Kreis Ostholstein";"Wangels";"Ortsteil Testorf";"Gut Testorf: englische Parkanlage nördl. des Herrenhauses";"Alteintragung (Aktualisierung vorgesehen)";"Geschichtlich, Kulturlandschaftlich";"gesamtes Objekt";""
984;"Gründenkmal";"Kreis Ostholstein";"Wangels";"Schlossallee 7";"Gut Weissenhaus: Gartenallee (Linden)";"Alteintragung (Aktualisierung vorgesehen)";"Geschichtlich, Kulturlandschaftlich";"gesamtes Objekt";""
12465;"Gründenkmal";"Kreis Ostholstein";"Wangels";"Schlossallee 7";"Gut Weissenhaus: Landschaftspark mit Gehölzbestand";"Alteintragung (Aktualisierung vorgesehen)";"Geschichtlich, Künstlerisch, Kulturlandschaftlich";"gesamtes Objekt";""
