Objektnummer;Kulturdenkmaltyp;Kreis;Gemeinde;Adresse-Lage;Bezeichnung;Beschreibung;Begründung;Schutzumfang;FotoURL
50444;"Sachgesamtheit";"Kreis Hzgt. Lauenburg";"Aumühle";"Am Bahnhof 1-3, 5-5a, 7, 9, Am Bahnhof";"Bahnhof Friedrichsruh";"Bahnhof Friedrichsruh; 1846, um 1900; an der Bahnstrecke Hamburg-Berlin gelegenes Ensemble des Haltepunktes Friedrichsruh, klassizistisches Bahnhofsgebäude mit nach Osten anschließender Gruppe zugehöriger Wohn- und Verwaltungsgebäude sowie dem Bahnschuppen der Zeit um 1900";"Geschichtlich, Künstlerisch, Kulturlandschaftlich, Städtebaulich, Wissenschaftlich";"Bahnhof Friedrichsruh mit zwei Linden, Nebengebäude (Am Bahnhof); Wohnhaus (Am Bahnhof 1-3), Doppelwohnhaus (Am Bahnhof 5-5a), Wohnhaus (Am Bahnhof 7), Bahnschuppen (Am Bahnhof 9)";""
49621;"Sachgesamtheit";"Kreis Hzgt. Lauenburg";"Aumühle";"Am Bismarckmausoleum 1, Am Bismarckmausoleum, Am Museum, Am Sägewerk 1";"Bismarckmausoleum mit Umfeld";"Bismarckmausoleum mit Umfeld; Ende 19. Jh.; 1898/99 durch Ferdinand Schorbach errichtete Grabkapelle Ottos von Bismarck in historisierenden Formen der Spätromanik, Umfeld parkartig gestaltet, als nationale Gedenkanlage inszeniert mit Pförtnerhaus und Pforte, östlich vorbeiführend ein historischer Hohlweg, umliegend separiert Gedenkanlage für die auf See gebliebenen Marinesoldaten des gesunkenen Schlachtschiffs Bismarck von 1954, Hirschgruppe (Bronzeguss von 1895) sowie denkmalartig arrangiert ein Sandsteinblock von der Grotenburg";"Geschichtlich, Künstlerisch, Kulturlandschaftlich, Städtebaulich";"Bismarckmausoleum,  Parkanlage, Hirschgruppe, Gedenkanlage für die Marinesoldaten der Bismarck (Am Bismarckmausoleum 1); Hohlweg (Am Bismarckmausoleum), Sandsteinblock von der Grotenburg (Am Museum), Pförtnerhaus mit Pforte (Am Sägewerk 1)";"https://opendata.schleswig-holstein.de/data/denkmalpflege/fotos/49621.jpg"
49642;"Sachgesamtheit";"Kreis Hzgt. Lauenburg";"Aumühle";"Rosenstraße 1-3, 4-4a, 5-6, 7, 8, 9-10, Am Museum 2, Ödendorfer Weg 1, 2, 3, 5";"Friedrichsruh-Ort";"Friedrichsruh-Ort; 19. Jh.; Ortskern, Gebäudeensemble aus kleinen Wohnhäusern entlang der Rosenstraße und des Ödendorfer Weges sowie den Gasthausgebäuden ?Forsthaus? im Norden und ehem. ?Landhaus? (heute Bismarck-Museum) im Süden";"Geschichtlich, Kulturlandschaftlich, Städtebaulich, Wissenschaftlich";"Bismarck-Museum (Am Museum 2), Chausseewärterhaus (Ödendorfer Weg 1), 'Das Rote Haus' (Ödendorfer Weg 2), sog. Gendarmenhaus (Ödendorfer Weg 3),  'Forsthaus' (Ödendorfer Weg 5), Wohnhäuser (Rosenstraße 1-3, 4-4a, 5-6, 8), ehem. Eishaus (Rosenstraße 7), Doppelkate, Nebengebäude (Rosenstraße 9-10)";""
29515;"Sachgesamtheit";"Kreis Hzgt. Lauenburg";"Aumühle";"Schloßweg 1, Am Museum 5, Am Schloßteich 1, 2, 3, 4-8, 5, 9, 11, Am Schloßteich";"Schloss Friedrichsruh";"Schloss Friedrichsruh; um 1900, 1947; Wohnsitz der Fürsten von Bismarck, 1947 nach Kriegszerstörung des Vorgängerbaus von Erich Elingius errichtetes zweigeschossiges Herrenhaus in schlichten historisierenden Formen, umliegender Park als Landschaftsgarten gestaltet, v. a. im südlichen Teil von Backsteinmauer eingefriedet, im Osten um 1900 errichteter Marstall, im Westen historischer Siedlungskern an der zum Schlossteich aufgestauten Schwarzen Au, hier Brauerei des 17. Jhs. mit Wohnhaus sowie versch. zum Schlossareal gehörige Funktionsbauten wie Forsthaus, Kutscherhaus und Wohnhäuser des beginnenden 20. Jhs.";"Geschichtlich, Künstlerisch, Kulturlandschaftlich, Städtebaulich, Technisch, Wissenschaftlich";"Marstall (Am Museum 5); Braumeister-Wohnhaus, Brücke mit Wehr mit Geländer (Am Schloßteich); Verwaltungsgebäude (Am Schloßteich 1); Gärtnerhaus, Nebengebäude, südl. Nebengebäude, Mauer mit Zufahrtstor (Am Schloßteich 2); Kutscherhaus, Remise (Am Schloßteich 3); Alte Brauerei (Am Schloßteich 4-8); Neue Oberförsterei (Am Schloßteich 5); Wohnhaus (Am Schloßteich 9); sog. Turmhaus (Am Schloßteich 11); Schloss Friedrichsruh, Schlosspark mit Schlossparkmauer und Portale, Schlossteich, Torhaus (Schloßweg 1)";""
51643;"Sachgesamtheit";"Kreis Hzgt. Lauenburg";"Aumühle";"Tannenweg 3, Pfingstholzallee 4";"Villenensemble Gebrüder West";"Villenensemble Gebrüder West; ab 1901, Architekten Emil Neupert und Erich Teschemacher; bestehend aus zwei repräsentativen Villen mit Villengärten, Gartenpavillon, Garage und Einfriedung";"Geschichtlich, Städtebaulich";"Villa, Villengarten (Pfingstholzallee 4); Villa, Villengarten mit Einfriedung, Gartenpavillon, Garage (Tannenweg 3)";""
44271;"Sachgesamtheit";"Kreis Hzgt. Lauenburg";"Aumühle";"Witzhaver Viert 1, 2, 3, 4";"Forstgehöft Witzhaver Viert";"Forstgehöft Witzhaver Viert; um 1855, Ende 19. Jh., 1939/40; auf die dänische Herrschaft zurückgehende, auf einer Waldlichtung liegende Anlage aus Försterhaus mit Nebengebäuden, Hauerhaus und zwei jüngeren Waldarbeiterhäusern mit Nebengebäuden";"Geschichtlich, Kulturlandschaftlich";"Forsthaus, Stallscheune, Nebengebäude, Backhaus (Witzhaver Viert 1), Hauerhaus, Nebengebäude (Witzhaver Viert 2), Waldarbeiterhaus, Wirtschaftsgebäude, Holzschuppen (Witzhaver Viert 3), Waldarbeiterhaus, Wirtschaftsgebäude, Holzschuppen (Witzhaver Viert 4)";"https://opendata.schleswig-holstein.de/data/denkmalpflege/fotos/44271.jpg"
12586;"Bauliche Anlage";"Kreis Hzgt. Lauenburg";"Aumühle";"Alte Hege 4 - 6";"Villa";"Alteintragung (Aktualisierung vorgesehen)";"";"Alteintragung (Aktualisierung vorgesehen)";"https://opendata.schleswig-holstein.de/data/denkmalpflege/fotos/12586.jpg"
12785;"Bauliche Anlage";"Kreis Hzgt. Lauenburg";"Aumühle";"Alte Hege 4 - 6";"ehem. Remise";"Alteintragung (Aktualisierung vorgesehen)";"";"Alteintragung (Aktualisierung vorgesehen)";"https://opendata.schleswig-holstein.de/data/denkmalpflege/fotos/12785.jpg"
11364;"Bauliche Anlage";"Kreis Hzgt. Lauenburg";"Aumühle";"Alte Hege 5";"Landhaus Meyer";"Alteintragung (Aktualisierung vorgesehen)";"";"Alteintragung (Aktualisierung vorgesehen)";"https://opendata.schleswig-holstein.de/data/denkmalpflege/fotos/11364.jpg"
7255;"Bauliche Anlage";"Kreis Hzgt. Lauenburg";"Aumühle";"Am Bahnhof";"Bahnhof Friedrichsruh";"Bahnhof Friedrichsruh; 1846, Architekt Friedrich Neuhaus; breit gelagerter flachgedeckter Putzbau in klassizistischer Gestaltung, mit Kniestock, Längsfronten mit schmalen Seitenrisaliten, Fassaden genutet, an der Nordseite zwei Linden";"Geschichtlich, Künstlerisch, Kulturlandschaftlich, Wissenschaftlich";"Bahnhof Friedrichsruh, zwei Linden";"https://opendata.schleswig-holstein.de/data/denkmalpflege/fotos/7255.jpg"
2913;"Bauliche Anlage";"Kreis Hzgt. Lauenburg";"Aumühle";"Am Bismarckmausoleum 1";"Bismarckmausoleum";"Bismarckmausoleum; 1898/99, Architekt Ferdinand Schorbach; Grabkapelle Ottos von Bismarck, einschiffiger, zweigeschossiger Tuffsteinbau mit gedrungenem achteckigem Westturm, Ostapsis und südlicher Vorhalle, hohes Sockelgeschoss in Granit-Bruchsteinmauerwerk, historisierende Gestaltung in Formen der Spätromanik";"Geschichtlich, Künstlerisch, Städtebaulich";"gesamtes Objekt";"https://opendata.schleswig-holstein.de/data/denkmalpflege/fotos/2913.jpg"
24182;"Bauliche Anlage";"Kreis Hzgt. Lauenburg";"Aumühle";"Am Bismarckmausoleum";"Hohlweg";"Hohlweg; historischer, in die Landschaft einschneidender Zufahrtsweg nach Friedrichsruh von Süden, bunte Natursteinpflasterung im Diagonalversatz, beidseitig bewachsene Böschungen";"Geschichtlich, Kulturlandschaftlich";"gesamtes Objekt";"https://opendata.schleswig-holstein.de/data/denkmalpflege/fotos/24182.jpg"
5872;"Bauliche Anlage";"Kreis Hzgt. Lauenburg";"Aumühle";"Am Museum 2";"Bismarck-Museum";"Bismarck-Museum; 1889; sog. Altes Landhaus, eingeschossiger langgestreckter Fachwerkbau mit pfannengedecktem Satteldach, die rechte Gebäudehälfte mit gemauertem Kellersockel und flachem, dreiachsigem, übergiebeltem Eingangsrisalit mit Freitreppe";"Geschichtlich, Städtebaulich, Wissenschaftlich";"gesamtes Objekt";"https://opendata.schleswig-holstein.de/data/denkmalpflege/fotos/5872.jpg"
5873;"Bauliche Anlage";"Kreis Hzgt. Lauenburg";"Aumühle";"Am Museum 5";"Marstall";"Marstall; um 1900; langgestreckter zweigeschossiger Putzbau in schlichten spätklassizistischen Formen mit schiefergedecktem Walmdach, an der Hauptfassade drei, an der Rückfront zwei übergiebelte Risalite";"Geschichtlich, Künstlerisch, Städtebaulich";"gesamtes Objekt";"https://opendata.schleswig-holstein.de/data/denkmalpflege/fotos/5873.jpg"
5875;"Bauliche Anlage";"Kreis Hzgt. Lauenburg";"Aumühle";"Am Schloßteich 4 - 8";"Alte Brauerei";"Alte Brauerei; 2. Hälfte 17. Jh.;  eingeschossiger, rückseitig zweigeschossiger Fachwerkbau auf heute gemauertem Sockel mit pfannengedecktem steilem Halbwalmdach, nach Süden niedriger massiver Anbau der Zeit um 1900";"Geschichtlich, Kulturlandschaftlich, Wissenschaftlich";"gesamtes Objekt";"https://opendata.schleswig-holstein.de/data/denkmalpflege/fotos/5875.jpg"
5876;"Bauliche Anlage";"Kreis Hzgt. Lauenburg";"Aumühle";"Am Schloßteich 5";"Neue Oberförsterei";"Neue Oberförsterei; 1911; eingeschossiger Putzbau im Reformstil mit hohem pfannengedecktem Kurzwalmdach und breitem übergiebeltem Mittelrisalit und Veranda an der südlichen Längsseite";"Geschichtlich, Kulturlandschaftlich, Wissenschaftlich";"gesamtes Objekt";"https://opendata.schleswig-holstein.de/data/denkmalpflege/fotos/5876.jpg"
5874;"Bauliche Anlage";"Kreis Hzgt. Lauenburg";"Aumühle";"Am Schloßteich";"Braumeister-Wohnhaus";"Braumeister-Wohnhaus; 18. Jh.; zur historischen Brauerei gehörender eingeschossiger Fachwerkbau auf heute gemauertem Sockel mit pfannengedecktem Halbwalmdach";"Geschichtlich, Kulturlandschaftlich";"gesamtes Objekt";"https://opendata.schleswig-holstein.de/data/denkmalpflege/fotos/5874.jpg"
50727;"Bauliche Anlage";"Kreis Hzgt. Lauenburg";"Aumühle";"Am Schloßteich";"Brücke mit Wehr";"Brücke mit Wehr; historische Überquerung der um 1600 in Friedrichsruh zum Schlossteich aufgestauten Schwarzen Au mit durchflussregulierendem Wehr, umlaufend Eisengeländer";"Geschichtlich, Kulturlandschaftlich, Technisch";"Brücke mit Wehr, Geländer";""
3113;"Bauliche Anlage";"Kreis Hzgt. Lauenburg";"Aumühle";"Bahnhofstraße";"Bahnhof-Stationsgebäude";"Alteintragung (Aktualisierung vorgesehen)";"";"Alteintragung (Aktualisierung vorgesehen)";"https://opendata.schleswig-holstein.de/data/denkmalpflege/fotos/3113.jpg"
11310;"Bauliche Anlage";"Kreis Hzgt. Lauenburg";"Aumühle";"Bergstraße 14";"Villa Rüppel";"Alteintragung (Aktualisierung vorgesehen)";"";"Alteintragung (Aktualisierung vorgesehen)";""
10709;"Bauliche Anlage";"Kreis Hzgt. Lauenburg";"Aumühle";"Berliner Platz";"Bismarck-Turm";"Alteintragung (Aktualisierung vorgesehen)";"";"Alteintragung (Aktualisierung vorgesehen)";"https://opendata.schleswig-holstein.de/data/denkmalpflege/fotos/10709.jpg"
11356;"Bauliche Anlage";"Kreis Hzgt. Lauenburg";"Aumühle";"Bismarckallee 1";"Villa Specht";"Alteintragung (Aktualisierung vorgesehen)";"Geschichtlich, Künstlerisch, Städtebaulich";"gesamtes Objekt";""
4015;"Bauliche Anlage";"Kreis Hzgt. Lauenburg";"Aumühle";"Bismarckallee 12";"Villa Berner";"Alteintragung (Aktualisierung vorgesehen)";"";"Alteintragung (Aktualisierung vorgesehen)";""
12609;"Bauliche Anlage";"Kreis Hzgt. Lauenburg";"Aumühle";"Börnsener Straße 10";"Wohnhaus";"Wohnhaus, 1922, Architekt: Alfred Hackmack, eingeschossiger traufständiger Backsteinbau mit Mansarddach, südlich polygonaler Anbau";"Geschichtlich, Städtebaulich";"gesamtes Objekt";"https://opendata.schleswig-holstein.de/data/denkmalpflege/fotos/12609.jpg"
6409;"Bauliche Anlage";"Kreis Hzgt. Lauenburg";"Aumühle";"Börnsener Straße";"Bismarck-Gedächtnis-Kirche";"Alteintragung (Aktualisierung vorgesehen)";"Geschichtlich, Künstlerisch, Städtebaulich";"gesamtes Objekt";"https://opendata.schleswig-holstein.de/data/denkmalpflege/fotos/6409.jpg"
12792;"Bauliche Anlage";"Kreis Hzgt. Lauenburg";"Aumühle";"Dora-Specht-Allee 2";"Wohnhaus Brüning";"Wohnhaus Brüning; 1915, 1925-26, Architekt Erich Elingius; zweigeschossiger Backsteinbau mit Walmdach, symmetrische Hauptfassade mit Mittelerker und Kolossalpilastern, seitlicher Altan sowie rückwärtiger, expressionistisch gestalteter Anbau des Büros Elingius & Schramm (1925-26)";"Geschichtlich, Künstlerisch, Städtebaulich";"gesamtes Objekt";"https://opendata.schleswig-holstein.de/data/denkmalpflege/fotos/12792.jpg"
10710;"Bauliche Anlage";"Kreis Hzgt. Lauenburg";"Aumühle";"Ernst-Anton-Straße 27";"Fürstin-Ann-Mari-von-Bismarck-Schule";"Alteintragung (Aktualisierung vorgesehen)";"";"Alteintragung (Aktualisierung vorgesehen)";"https://opendata.schleswig-holstein.de/data/denkmalpflege/fotos/10710.jpg"
12678;"Bauliche Anlage";"Kreis Hzgt. Lauenburg";"Aumühle";"Ernst-Anton-Straße 27";"Turnhalle von 1958";"Alteintragung (Aktualisierung vorgesehen)";"";"Alteintragung (Aktualisierung vorgesehen)";""
27942;"Bauliche Anlage";"Kreis Hzgt. Lauenburg";"Aumühle";"Mühlenweg 1";"Forsthof";"ehem. Villa Forsthof; 1892, Architekten Semper und Krutisch, Bauherr Emil Voigt; zweigeschossiger Putzbau auf rechteckigem Grundriss mit Walmdach, oktogonaler Eckturm, zweigeschossiger Balkon, Stuckreliefs über den Fenstern; östlich eingeschossiger Anbau mit Kniestock und Zierfachwerk";"Geschichtlich, Künstlerisch, Städtebaulich";"gesamtes Objekt";"https://opendata.schleswig-holstein.de/data/denkmalpflege/fotos/27942.jpg"
5877;"Bauliche Anlage";"Kreis Hzgt. Lauenburg";"Aumühle";"Ödendorfer Weg 5";"Forsthaus";"?Forsthaus?; 1870er Jahre; eingeschossiger Bau mit Drempel und Satteldach, Mittelteil zweigeschossig und mit eigenem Dach, insgesamt holzverschalt, außermittiger Eingangsvorbau, nach Norden seitlicher Saalbau mit flach gerundeter Holzdecke im Inneren";"Geschichtlich, Städtebaulich";"gesamtes Objekt";"https://opendata.schleswig-holstein.de/data/denkmalpflege/fotos/5877.jpg"
12819;"Bauliche Anlage";"Kreis Hzgt. Lauenburg";"Aumühle";"Pfingstholzallee 4";"Villa";"Villa; 1914, Architekt Erich Teschemacher; zweigeschossiger Putzbau unter Mansarddach mit Anbauten, Erkern und Balkonen, in der Formensprache des Heimatschutzstils gestaltet";"Geschichtlich, Städtebaulich";"gesamtes Objekt";"https://opendata.schleswig-holstein.de/data/denkmalpflege/fotos/12819.jpg"
27382;"Bauliche Anlage";"Kreis Hzgt. Lauenburg";"Aumühle";"Schloßweg 1";"Schloss Friedrichsruh";"Schloss Friedrichsruh; 1947, 1982, Architekt E. Elingius; zweigeschossiger neunachsiger Putzbau in schlichten Formen mit pfannengedecktem Walmdach, im Nordwesten Bogenvorhalle mit Terrassendach, im Nordosten 1982 durch eingeschossigen Seitenflügel erweitert";"Geschichtlich, Künstlerisch, Kulturlandschaftlich";"gesamtes Objekt";"https://opendata.schleswig-holstein.de/data/denkmalpflege/fotos/27382.jpg"
12831;"Bauliche Anlage";"Kreis Hzgt. Lauenburg";"Aumühle";"Tannenweg 3";"Villa";"Villa; 1911, Architekt Emil Neupert; zweigeschossiger Putzbau unter Mansarddach, in der Formensprache des Heimatschutzstils gestaltet, im Südosten vorgelagerte Terrassenanlage";"Geschichtlich, Städtebaulich";"gesamtes Objekt";"https://opendata.schleswig-holstein.de/data/denkmalpflege/fotos/12831.jpg"
12587;"Gründenkmal";"Kreis Hzgt. Lauenburg";"Aumühle";"Alte Hege 4 - 6";"Landhausgarten";"Alteintragung (Aktualisierung vorgesehen)";"Geschichtlich, Künstlerisch, Kulturlandschaftlich, Städtebaulich";"gesamtes Objekt";"https://opendata.schleswig-holstein.de/data/denkmalpflege/fotos/12587.jpg"
11311;"Gründenkmal";"Kreis Hzgt. Lauenburg";"Aumühle";"Bergstraße 14";"Villengarten";"Alteintragung (Aktualisierung vorgesehen)";"Geschichtlich, Künstlerisch, Städtebaulich";"gesamtes Objekt";""
11309;"Gründenkmal";"Kreis Hzgt. Lauenburg";"Aumühle";"Bismarckallee 12";"Villengarten";"Alteintragung (Aktualisierung vorgesehen)";"Geschichtlich, Städtebaulich";"gesamtes Objekt";""
9523;"Gründenkmal";"Kreis Hzgt. Lauenburg";"Aumühle";"Schloßweg 1";"Schlosspark";"Schlosspark; 1905, erw. 1913, umgestaltet 1938 u.1941; eingefriedeter Landschaftsgarten, mehrere Entwicklungsphasen am Schloss Friedrichsruh, mit Terrassengarten, Badegarten und Obstwiese, historischem Baumbestand und Wegeführung";"Geschichtlich, Künstlerisch, Wissenschaftlich";"Schlosspark, Schlossparkmauer und Portale";""
547;"Bauliche Anlage";"Kreis Hzgt. Lauenburg";"Bäk";"Mechower Straße 44";"Wohnhaus";"Alteintragung (Aktualisierung vorgesehen)";"Geschichtlich, Künstlerisch";"Alteintragung (Aktualisierung vorgesehen)";"https://opendata.schleswig-holstein.de/data/denkmalpflege/fotos/547.jpg"
2874;"Bauliche Anlage";"Kreis Hzgt. Lauenburg";"Basedow";"Dorfstraße";"Kapelle St. Jacob mit Ausstattung";"Alteintragung (Aktualisierung vorgesehen)";"Geschichtlich, Kulturlandschaftlich";"Alteintragung (Aktualisierung vorgesehen)";"https://opendata.schleswig-holstein.de/data/denkmalpflege/fotos/2874.jpg"
40565;"Sachgesamtheit";"Kreis Hzgt. Lauenburg";"Basthorst";"An der Kirche";"Kirche St. Marien";"Aktualisierung vorgesehen";"Geschichtlich, Künstlerisch, Kulturlandschaftlich, Städtebaulich";"Kirche St. Marien mit Ausstattung, Kirchhof, Historische Grabmale, Feldsteinmauer, Eichenkranz";"https://opendata.schleswig-holstein.de/data/denkmalpflege/fotos/40565.jpg"
39672;"Sachgesamtheit";"Kreis Hzgt. Lauenburg";"Basthorst";"Auf dem Gut 1, 4, 6-8, Auf dem Gut";"Gut Basthorst";"Gut Basthorst; 17.-20. Jh.; Anlage auf  mittelalterliches Gut von Schack zurückgehend (13. Jh.), um 1640  Festungsanlage; Parkanlage aus dem 18. Jh. nach Schleifung der Festung; zahlreiche Eigentümerwechsel, 1872 Aufhebung der Lehensrechts. Gebäudebestand des 18. -20. Jhs.: Dreiflügliges Herrenhaus im Kern von 1750 mit vorgelagerten Rondell eingefasst von einer Hainbuchenhecke, Fachwerkhaus um 1790, Schafstall vor 1800, Pferdestall im Heimatschutzstil 1913; gepflasterter Wirtschaftshof zw. 1862 u. 1913; Richtung Osten Eichenallee, im Norden Festungsgraben";"Geschichtlich, Künstlerisch, Kulturlandschaftlich";"Herrenhaus (Auf dem Gut 1); Pferdestall, Fachwerkgebäude (heute Gutsverwaltung), Kuhstall, Schafstall, südliche Scheune, nördliche Scheune (Auf dem Gut); Nebengebäude (Auf dem Gut 4), Wohnhaus (Auf dem Gut 6-8); Gutsgarten mit Rondell und Hainbuchenhecke, Eichenallee, ehem. Festungsgraben, Hofpflasterung";"https://opendata.schleswig-holstein.de/data/denkmalpflege/fotos/39672.jpg"
2876;"Bauliche Anlage";"Kreis Hzgt. Lauenburg";"Basthorst";"An der Kirche";"Kirche St. Marien mit Ausstattung";"Alteintragung (Aktualisierung vorgesehen)";"Geschichtlich, Künstlerisch, Städtebaulich";"gesamtes Objekt";"https://opendata.schleswig-holstein.de/data/denkmalpflege/fotos/2876.jpg"
7996;"Bauliche Anlage";"Kreis Hzgt. Lauenburg";"Basthorst";"Auf dem Gut 1";"Herrenhaus";"Herrenhaus Basthorst; im Kern 18. Jh.,; eingeschossiger Backsteinbau auf ehem. U-förmigem Grundriss mit überkragenden Walmdächern, Gartenseite in Fachwerk, östl. Flügel 1955/56 durch angepassten Winkelbau ersetzt";"Geschichtlich, Künstlerisch, Kulturlandschaftlich";"gesamtes Objekt";"https://opendata.schleswig-holstein.de/data/denkmalpflege/fotos/7996.jpg"
39677;"Bauliche Anlage";"Kreis Hzgt. Lauenburg";"Basthorst";"Auf dem Gut";"Pferdestall";"Pferdestall; 1913; eingeschossiger Backsteinbau mit Halbwalmdach u. zwei gerundeten Quergiebeln, Innengliederung und Stallausstattung weitgehend erhalten.";"Geschichtlich, Kulturlandschaftlich";"gesamtes Objekt";"https://opendata.schleswig-holstein.de/data/denkmalpflege/fotos/39677.jpg"
39678;"Bauliche Anlage";"Kreis Hzgt. Lauenburg";"Basthorst";"Auf dem Gut";"Fachwerkgebäude";"Fachwerkgebäude; im Kern um 1790; eingeschossiger Fachwerkbau auf Natursteinsockel, Walmdach";"Geschichtlich, Kulturlandschaftlich";"gesamtes Objekt";""
19836;"Gründenkmal";"Kreis Hzgt. Lauenburg";"Basthorst";"An der Kirche";"Kirchhof";"Alteintragung (Aktualisierung vorgesehen)";"Geschichtlich, Kulturlandschaftlich";"Kirchhof, Historische Grabmale, Feldsteinmauer, Eichenkranz";"https://opendata.schleswig-holstein.de/data/denkmalpflege/fotos/19836.jpg"
39690;"Gründenkmal";"Kreis Hzgt. Lauenburg";"Basthorst";"Auf dem Gut";"Eichenallee";"Eichenallee von Westen auf das Gut zulaufend, ca. 600 Meter lang; seit dem 18. Jh. als Knickweg überliefert";"Geschichtlich, Kulturlandschaftlich";"gesamtes Objekt";"https://opendata.schleswig-holstein.de/data/denkmalpflege/fotos/39690.jpg"
39691;"Gründenkmal";"Kreis Hzgt. Lauenburg";"Basthorst";"Auf dem Gut";"Gutsgarten";"Gutsgarten; 19. Jh., auf Anlage um 1640 zurückgehend;  Landschaftspark mit bemerkenswertem Tulpenbaum, dem wohl ältesten im Kreisgebiet, Graben der barocken Festungsanlage im nördlichen Bereich erhalten, im westlichen Bereich Störung durch Einbau einer Kläranlage in den 1970er Jahren, dem Gutshaus vorgelagertes Rondell mit umlaufender, mächtiger Hainbuchenhecke als schönes Entree in die Hofanlage, imposante Eichenallee nach Westen in die umgebende Agrarlandschaft führend, bemerkenswerte großflächige Hofpflasterung des 19. Jhs.";"Geschichtlich, Kulturlandschaftlich";"Gutsgarten, Rondell mit Hainbuchenhecke";"https://opendata.schleswig-holstein.de/data/denkmalpflege/fotos/39691.jpg"
40566;"Sachgesamtheit";"Kreis Hzgt. Lauenburg";"Behlendorf";"Mühlenstraße";"Kirche Behlendorf";"Aktualisierung vorgesehen";"Geschichtlich, Künstlerisch, Kulturlandschaftlich, Städtebaulich";"Kirche mit Ausstattung, Kirchhof, Grabmale bis 1870, Granit-Böschungsmauer";"https://opendata.schleswig-holstein.de/data/denkmalpflege/fotos/40566.jpg"
24792;"Bauliche Anlage";"Kreis Hzgt. Lauenburg";"Behlendorf";"Am Brink 4";"Fachhallenkate";"Fachhallenkate; Ende 18. Jh., transloziert um 1880; giebelständiges Wohn- und Wirtschaftsgebäude mit reetgedecktem Halbwalmdach, Eichenfachwerk, Ausfachungen in rotem Backstein";"Geschichtlich, Kulturlandschaftlich";"gesamtes Objekt";"https://opendata.schleswig-holstein.de/data/denkmalpflege/fotos/24792.jpg"
7065;"Bauliche Anlage";"Kreis Hzgt. Lauenburg";"Behlendorf";"Hofstraße 20";"Pächterwohnhaus";"Alteintragung (Aktualisierung vorgesehen)";"";"Alteintragung (Aktualisierung vorgesehen)";""
9356;"Bauliche Anlage";"Kreis Hzgt. Lauenburg";"Behlendorf";"Hollenbek 7";"Fachhallenhaus";"Alteintragung (Aktualisierung vorgesehen)";"Geschichtlich, Städtebaulich, Wissenschaftlich";"gesamtes Objekt";"https://opendata.schleswig-holstein.de/data/denkmalpflege/fotos/9356.jpg"
568;"Bauliche Anlage";"Kreis Hzgt. Lauenburg";"Behlendorf";"Mühlenstraße";"Kirche mit Ausstattung";"Alteintragung (Aktualisierung vorgesehen)";"Geschichtlich, Künstlerisch, Städtebaulich";"gesamtes Objekt";"https://opendata.schleswig-holstein.de/data/denkmalpflege/fotos/568.jpg"
10741;"Bauliche Anlage";"Kreis Hzgt. Lauenburg";"Behlendorf";"Seestraße 2";"Fachhallenhaus";"Alteintragung (Aktualisierung vorgesehen)";"Geschichtlich, Wissenschaftlich";"Alteintragung (Aktualisierung vorgesehen)";"https://opendata.schleswig-holstein.de/data/denkmalpflege/fotos/10741.jpg"
20785;"Gründenkmal";"Kreis Hzgt. Lauenburg";"Behlendorf";"Mühlenstraße";"Kirchhof";"Alteintragung (Aktualisierung vorgesehen)";"Geschichtlich, Kulturlandschaftlich, Städtebaulich";"Kirchhof, Grabmale bis 1870, Granit-Böschungsmauer";"https://opendata.schleswig-holstein.de/data/denkmalpflege/fotos/20785.jpg"
35305;"Sachgesamtheit";"Kreis Hzgt. Lauenburg";"Berkenthin";"Kählstorf 10";"Hofstelle Kählsdorf 10";"Hofstelle Kählstorf 10; 19./20. Jh.; Hofstelle aus Backsteinhallenhaus, beigeordnetem Wirtschaftsgebäude in Backstein und Fachwerkscheune, reetgedeckte Walm- bzw. Halbwalmdächer, Baumreihe aus vier Linden";"Geschichtlich, Kulturlandschaftlich";"Backsteinhallenhaus, Fachwerkscheune, Wirtschaftsgebäude, Baumreihe";"https://opendata.schleswig-holstein.de/data/denkmalpflege/fotos/35305.jpg"
35327;"Sachgesamtheit";"Kreis Hzgt. Lauenburg";"Berkenthin";"Kirchenstraße";"Maria-Magdalenen-Kirche Berkenthin";"Aktualisierung vorgesehen";"Geschichtlich, Künstlerisch, Kulturlandschaftlich, Städtebaulich";"Maria-Magdalenen-Kirche mit Ausstattung, Kirchhof, Grabmale bis 1870, Granit-Böschungsmauer";"https://opendata.schleswig-holstein.de/data/denkmalpflege/fotos/35327.jpg"
35331;"Sachgesamtheit";"Kreis Hzgt. Lauenburg";"Berkenthin";"Ratzeburger Straße 9";"Hofanlage Ratzeburger Straße 9";"Hofanlage Ratzeburger Straße 9; 1896; Hofanlage aus Wohn- und Wirtschaftsgebäude mit Anbau, Scheune, Remise, Gartenpavillon und Einfriedung";"Geschichtlich, Kulturlandschaftlich, Städtebaulich";"Wohn- und Wirtschaftsgebäude mit Gartenpavillon, Einfriedung; Scheune, Remise";"https://opendata.schleswig-holstein.de/data/denkmalpflege/fotos/35331.jpg"
35328;"Sachgesamtheit";"Kreis Hzgt. Lauenburg";"Berkenthin";"Ratzeburger Straße 30";"Hofanlage Gebert";"Hofanlage Gebert; 1800, 19. Jh.; Hofanlage aus Wohn- und Wirtschaftsgebäude und Durchfahrtscheune in Fachwerk mit Reetdeckung";"Geschichtlich, Kulturlandschaftlich, Städtebaulich";"Haupthaus, Durchfahrtscheune";"https://opendata.schleswig-holstein.de/data/denkmalpflege/fotos/35328.jpg"
55;"Bauliche Anlage";"Kreis Hzgt. Lauenburg";"Berkenthin";"Kählstorf 10";"Backsteinhallenhaus";"Backsteinhallenhaus; Anfang 20. Jh.; Backsteinbau mit reetgedecktem Walmdach, Wirtschaftsteil mit korbbogigem Dielentor, Wohnteil mit zweigeschossigem Kammerfach";"Geschichtlich, Kulturlandschaftlich";"gesamtes Objekt";"https://opendata.schleswig-holstein.de/data/denkmalpflege/fotos/55.jpg"
570;"Bauliche Anlage";"Kreis Hzgt. Lauenburg";"Berkenthin";"Kirchenstraße";"Maria-Magdalenen-Kirche mit Ausstattung";"Alteintragung (Aktualisierung vorgesehen)";"Geschichtlich, Künstlerisch, Kulturlandschaftlich";"gesamtes Objekt";"https://opendata.schleswig-holstein.de/data/denkmalpflege/fotos/570.jpg"
28560;"Bauliche Anlage";"Kreis Hzgt. Lauenburg";"Berkenthin";"Kirchenstraße u.a.";"Kirchsteigbrücke";"Kirchsteigbrücke; 1899; filigrane, genietete Stahlfachwerk-Konstruktion, überquert als Stabbogenbrücke mit 44,77 m Stützweite den Elbe-Lübeck-Kanal";"Geschichtlich, Kulturlandschaftlich, Technisch";"gesamtes Objekt";"https://opendata.schleswig-holstein.de/data/denkmalpflege/fotos/28560.jpg"
35332;"Bauliche Anlage";"Kreis Hzgt. Lauenburg";"Berkenthin";"Ratzeburger Straße 9";"Wohn- und Wirtschaftsgebäude";"Wohn- und Wirtschaftsgebäude; 1896; zweigeschossiges, giebelständiges Backsteinhallenhaus mit Anbau und flach geneigtem Satteldach, mit Gartenpavillon und Einfriedung";"Geschichtlich, Kulturlandschaftlich, Städtebaulich";"Wohn- und Wirtschaftsgebäude, Gartenpavillon, Einfriedung";"https://opendata.schleswig-holstein.de/data/denkmalpflege/fotos/35332.jpg"
35329;"Bauliche Anlage";"Kreis Hzgt. Lauenburg";"Berkenthin";"Ratzeburger Straße 30";"Haupthaus";"Hofanlage Gebert; 1800, 19. Jh.; Hofanlage aus Wohn- und Wirtschaftsgebäude und Durchfahrtscheune in Fachwerk mit Reetdeckung";"Geschichtlich, Kulturlandschaftlich, Städtebaulich";"gesamtes Objekt";"https://opendata.schleswig-holstein.de/data/denkmalpflege/fotos/35329.jpg"
12569;"Gründenkmal";"Kreis Hzgt. Lauenburg";"Berkenthin";"Kirchenstraße";"Kirchhof";"Alteintragung (Aktualisierung vorgesehen)";"Geschichtlich, Kulturlandschaftlich";"Kirchhof, Grabmale bis 1870, Granit-Böschungsmauer";"https://opendata.schleswig-holstein.de/data/denkmalpflege/fotos/12569.jpg"
27809;"Sachgesamtheit";"Kreis Hzgt. Lauenburg";"Bliestorf";"Hauptstraße 35, 37, 39, 40, Gutsweg, Gutsweg Milrade";"Gut Bliestorf";"Gut Bliestorf; idealtypische Gutsanlage des 17. Jh., Baubestand bis zum 20. Jh. erneuert und ergänzt; axialsymmetrisch ausgebildet, Herrenhaus von 1843 mit Ausstattung, Park, um 1843, Gutsallee, 18. Jh., Pappelallee, kurz nach 1832, Hainbuchengang, Verwalterwohnhaus mit Pflasterung und Toreinfahrt, südliche Scheune von 1910, nördliche Scheune von 1863, Hofallee";"Geschichtlich, Künstlerisch, Kulturlandschaftlich, Städtebaulich";"Herrenhaus, Park, Hainbuchengang, Hofallee (Hauptstraße 40), Verwalterwohnhaus (Hauptstraße 35), nördliche Scheune (Hauptstraße 39), südliche Scheune (Hauptstraße 37), Pappelallee (Gutsweg Milrade), Gutsallee (Gutsweg)";"https://opendata.schleswig-holstein.de/data/denkmalpflege/fotos/27809.jpg"
9335;"Bauliche Anlage";"Kreis Hzgt. Lauenburg";"Bliestorf";"Hauptstraße 40";"Herrenhaus";"Herrenhaus Bliestorf; 1843 für die Familie von Schrader; zweigeschossiger verputzter Breitbau im Stil des Spätklassizismus mit Drempel und schiefergedecktem, sog. ?Schweizer Dach?";"Geschichtlich, Künstlerisch, Kulturlandschaftlich, Städtebaulich";"gesamtes Objekt";"https://opendata.schleswig-holstein.de/data/denkmalpflege/fotos/9335.jpg"
27763;"Gründenkmal";"Kreis Hzgt. Lauenburg";"Bliestorf";"Gutsweg";"Gutsallee";"Gutsallee; 18. Jh.; Zufahrtsallee von Osten zum Park des Guts Bliesdorf, vormals als ?Eichenallee? bezeichnet, bestehend aus Eichen, Eschen und Kastanien";"Geschichtlich, Kulturlandschaftlich, Städtebaulich";"gesamtes Objekt";""
19190;"Gründenkmal";"Kreis Hzgt. Lauenburg";"Bliestorf";"Gutsweg Milrade";"Pappelallee";"Pappelallee; bald nach 1832; Zufahrtsallee zum Gut Bliestorf von Nordwesten, bestehend aus Schwarzpappeln und Nachpflanzungen mit anderen Baumarten (Ulmen, Ahornbäume, Kastanien, Eichen, Eschen, Weiden und Winter-Linden)";"Geschichtlich, Kulturlandschaftlich, Wissenschaftlich";"gesamtes Objekt";"https://opendata.schleswig-holstein.de/data/denkmalpflege/fotos/19190.jpg"
9336;"Gründenkmal";"Kreis Hzgt. Lauenburg";"Bliestorf";"Hauptstraße 40";"Park";"Park; um 1843; schmale Parkanlage hinter dem Herrenhaus des Guts Bliestorf, in Längsrichtung von einer Parkachse durchzogen";"Geschichtlich, Kulturlandschaftlich";"gesamtes Objekt";"https://opendata.schleswig-holstein.de/data/denkmalpflege/fotos/9336.jpg"
49367;"Sachgesamtheit";"Kreis Hzgt. Lauenburg";"Börnsen";"Neuer Weg";"Neuer Friedhof Bergedorf";"Neuer Friedhof Bergedorf; ab 1948, 1972, 1988; als Erweiterung des Bergedorfer Friedhofes auf Börnsener Gemeindegebiet errichtet, begrünte landschaftlich angelegte Friedhofsanlage mit Grabfeldern, russische Kriegsgräberstätte, Kapelle mit Anbauten und Glockenträger, Zuwegung und Einfriedung zur Kapelle";"Geschichtlich, Künstlerisch, Städtebaulich";"Neuer Friedhof Bergedorf, Aussegnungshalle (Kapelle 2) mit Glockenträger";"https://opendata.schleswig-holstein.de/data/denkmalpflege/fotos/49367.jpg"
37098;"Bauliche Anlage";"Kreis Hzgt. Lauenburg";"Börnsen";"Börnsener Straße 26";"Wohn- und Wirtschaftsgebäude";"Wohn- und Wirtschaftsgebäude; um 1900; eingeschossiger, backsteinsichtiger Mauerwerksbau unter Satteldach, gegliedert in repräsentativ gestalteten Wohnteil und funktionalen Wirtschaftstrakt";"Geschichtlich, Städtebaulich";"gesamtes Objekt";"https://opendata.schleswig-holstein.de/data/denkmalpflege/fotos/37098.jpg"
37059;"Bauliche Anlage";"Kreis Hzgt. Lauenburg";"Börnsen";"Dänenkamp 6";"ehem. Kapelle Stift Rosenborg";"ehem. Kapelle Stift Rosenborg; 1922; zweigeschossiger, backsteinsichtiger Mauerwerksbau in der Formensprache der Neuen Sachlichkeit, Multifunktionsbau mit Lagerraum, Garage und Trafoturm";"Geschichtlich, Städtebaulich";"gesamtes Objekt";"https://opendata.schleswig-holstein.de/data/denkmalpflege/fotos/37059.jpg"
37061;"Bauliche Anlage";"Kreis Hzgt. Lauenburg";"Börnsen";"Kirchweg 6";"Heilig-Kreuz-Kirche";"Heilig-Kreuz-Kirche; 1961/62, Architekt Friedrich-Wilhelm Heyne; freistehende, backsteinsichtige Saalkirche mit weithin sichtbarem Turm sowie Dallglas-Fenstern nach Entwürfen des Kunstmalers Hanno Edelmann";"Geschichtlich, Künstlerisch, Städtebaulich";"gesamtes Objekt";"https://opendata.schleswig-holstein.de/data/denkmalpflege/fotos/37061.jpg"
37051;"Bauliche Anlage";"Kreis Hzgt. Lauenburg";"Börnsen";"Lauenburger Landstraße 18 a";"Bahnhofsempfangsgebäude";"Bahnhofsempfangsgebäude; 1907/08; zweigeschossiger Putzbau im Heimatschutzstil unter Walmdach, Obergeschoss in Zierfachwerk ausgeführt, an den Schmalseiten eingeschossige Anbauten";"Geschichtlich, Städtebaulich";"gesamtes Objekt";"https://opendata.schleswig-holstein.de/data/denkmalpflege/fotos/37051.jpg"
37102;"Bauliche Anlage";"Kreis Hzgt. Lauenburg";"Börnsen";"Neuer Weg";"Aussegnungshalle (Kapelle 2)";"Aussegnungshalle (Kapelle 2); 1972; Baugruppe aus Kapelle mit winkligem Anbau und Glockenturm, Kapelle mit ansteigendem Satteldach, dynamisierte Bauform, verklinkerter Betonskelettbau mit Lamellenfenstern, qualitätvolle bauzeitliche Ausstattung, Betonwand von Gudrun Mahlmann-Piper; offener gedeckter Gang und flachgedeckter Anbau bilden begrünten Innenhof";"Geschichtlich, Künstlerisch, Städtebaulich";"Aussegnungshalle (Kapelle 2), Glockenträger";"https://opendata.schleswig-holstein.de/data/denkmalpflege/fotos/37102.jpg"
55181;"Sachgesamtheit";"Kreis Hzgt. Lauenburg";"Borstorf";"Burgstraße 8";"Hofanlage Wencken";"Hofanlage Wencken; 1794, Erweiterung 1922; Fachhallenhaus und nebenliegendes, durch Übergangsbau verbundenes Wohnhaus aus Backstein; Einfriedung, Vorgarten";"Geschichtlich, Kulturlandschaftlich";"Wohnhaus mit Vorgarten, Einfriedung, Fachhallenhaus";"https://opendata.schleswig-holstein.de/data/denkmalpflege/fotos/55181.jpg"
55158;"Bauliche Anlage";"Kreis Hzgt. Lauenburg";"Borstorf";"Burgstraße 8";"Wohnhaus";"Wohnhaus; 1922; traufständiger, zweigeschossiger, sechsachsiger Backsteinbau unter Walmdach in Hohlpfannendeckung, mittig Loggia und Walmgaube, verglaste Türfront, eingeschossiger Übergangsbau zum nebenliegenden Fachhallenhaus; Einfriedung, Vorgarten";"Geschichtlich, Kulturlandschaftlich";"Wohnhaus, Vorgarten, Einfriedung";"https://opendata.schleswig-holstein.de/data/denkmalpflege/fotos/55158.jpg"
55159;"Bauliche Anlage";"Kreis Hzgt. Lauenburg";"Borstorf";"Burgstraße 8";"Fachhallenhaus";"Fachhallenhaus; 1794 (i); eingeschossiger, giebelständiger Fachwerkbau in Zweiständerbauweise mit Backsteinausfachung unter Halbwalmdach in Weichdeckung";"Geschichtlich, Kulturlandschaftlich";"Fachhallenhaus, ";"https://opendata.schleswig-holstein.de/data/denkmalpflege/fotos/55159.jpg"
40567;"Sachgesamtheit";"Kreis Hzgt. Lauenburg";"Breitenfelde";"Dorfstraße";"Kirche Breitenfelde";"Aktualisierung vorgesehen";"Geschichtlich, Künstlerisch, Kulturlandschaftlich, Städtebaulich";"Kirche mit Ausstattung, Kirchhof, Grabmale bis 1870, Granitböschungsmauern, Kirchhofspforten, Lindenallee";"https://opendata.schleswig-holstein.de/data/denkmalpflege/fotos/40567.jpg"
9274;"Bauliche Anlage";"Kreis Hzgt. Lauenburg";"Breitenfelde";"Dorfstraße 26";"Pastorat";"Alteintragung (Aktualisierung vorgesehen)";"Geschichtlich, Künstlerisch";"gesamtes Objekt";""
609;"Bauliche Anlage";"Kreis Hzgt. Lauenburg";"Breitenfelde";"Dorfstraße";"Kirche mit Ausstattung";"Alteintragung (Aktualisierung vorgesehen)";"Geschichtlich, Künstlerisch, Städtebaulich";"gesamtes Objekt";"https://opendata.schleswig-holstein.de/data/denkmalpflege/fotos/609.jpg"
20768;"Gründenkmal";"Kreis Hzgt. Lauenburg";"Breitenfelde";"Dorfstraße";"Kirchhof";"Alteintragung (Aktualisierung vorgesehen)";"Geschichtlich, Kulturlandschaftlich";"Kirchhof, Grabmale bis 1870, Granitböschungsmauern, Kirchhofspforten, Lindenallee";"https://opendata.schleswig-holstein.de/data/denkmalpflege/fotos/20768.jpg"
36594;"Sachgesamtheit";"Kreis Hzgt. Lauenburg";"Brunstorf";"Kirchweg";"Kirche St. Elisabeth";"Aktualisierung vorgesehen";"Geschichtlich, Künstlerisch, Kulturlandschaftlich, Städtebaulich";"Kirche St. Elisabeth mit Ausstattung, Kirchhof, Grabmale bis 1870, Feldsteinmauer, Lindenkranz";"https://opendata.schleswig-holstein.de/data/denkmalpflege/fotos/36594.jpg"
5135;"Bauliche Anlage";"Kreis Hzgt. Lauenburg";"Brunstorf";"Kirchweg 13";"ehem. Pfarrwitwenhaus";"Alteintragung (Aktualisierung vorgesehen)";"";"Alteintragung (Aktualisierung vorgesehen)";"https://opendata.schleswig-holstein.de/data/denkmalpflege/fotos/5135.jpg"
2836;"Bauliche Anlage";"Kreis Hzgt. Lauenburg";"Brunstorf";"Kirchweg 20";"Alte Schule";"Alte Schule; 1860/61; eingeschossiger, traufständiger Fachwerkbau unter steilem Satteldach mit Reeteindeckung, im Wohngiebel ehemaliger Klassenraum, Wirtschaftsteil mit Dielentor; mit Nebengebäude";"Geschichtlich, Kulturlandschaftlich";"Alte Schule, Nebengebäude";"https://opendata.schleswig-holstein.de/data/denkmalpflege/fotos/2836.jpg"
593;"Bauliche Anlage";"Kreis Hzgt. Lauenburg";"Brunstorf";"Kirchweg";"Kirche St. Elisabeth mit Ausstattung";"Alteintragung (Aktualisierung vorgesehen)";"Geschichtlich, Künstlerisch, Städtebaulich";"gesamtes Objekt";"https://opendata.schleswig-holstein.de/data/denkmalpflege/fotos/593.jpg"
12333;"Gründenkmal";"Kreis Hzgt. Lauenburg";"Brunstorf";"Kirchweg";"Kirchhof";"Alteintragung (Aktualisierung vorgesehen)";"Geschichtlich, Kulturlandschaftlich";"Kirchhof, Grabmale bis 1870, Feldsteinmauer, Lindenkranz";""
13301;"Schutzzone";"Kreis Hzgt. Lauenburg";"Büchen";"";"Eisenbahnersiedlung Quellental";"Der Denkmalbereich liegt südöstlich des Bahnhofsgeländes Büchen in dem Gleisdreieck der Bahnstrecken von Büchen nach Berlin und nach Lauenburg. Er umfasst die Eisenbahnersiedlung Quellental mit den baulichen Anlagen und den umgebenden Freiflächen.";"";"";"https://opendata.schleswig-holstein.de/data/denkmalpflege/fotos/13301.jpg"
49660;"Sachgesamtheit";"Kreis Hzgt. Lauenburg";"Büchen";"Quellental 1-2, 3-4, 5-6, 7, 8-9, 10-11, 12-13, Quellental";"Eisenbahnersiedlung Quellental";"Eisenbahnersiedlung Quellental; 1875, 1881-1900, Berlin-Hamburger Eisenbahngesellschaft; von Stichstraße erschlossene Siedlung mit als Doppelhäuser errichteten Backsteinbauten,  zwei- und dreigeschossig mit Satteldächern und Backstein- bzw. Putzgliederungen, eingefriedete Vorgärten, rückwärtige Wirtschaftsgebäude und Nutzgärten";"Geschichtlich, Städtebaulich";"Eisenbahnerwohnhäuser Quellental 1-2, 3-4, 5-6, 7, 8-9, 10-11, 12-13; Wirtschaftsgebäude 1-2, 3-4, 7, 8-9, 10-11; Freiflächen/Bepflanzung";"https://opendata.schleswig-holstein.de/data/denkmalpflege/fotos/49660.jpg"
40568;"Sachgesamtheit";"Kreis Hzgt. Lauenburg";"Büchen";"Schwanheider Weg";"Kirche St. Marien";"Aktualisierung vorgesehen";"Geschichtlich, Künstlerisch, Kulturlandschaftlich, Städtebaulich";"Kirche St. Marien mit Ausstattung, Taufgitter, Kirchhof, Feldsteinböschungsmauer, Lindenkranz";"https://opendata.schleswig-holstein.de/data/denkmalpflege/fotos/40568.jpg"
37512;"Bauliche Anlage";"Kreis Hzgt. Lauenburg";"Büchen";"Brandtsberg 2";"Fachhallenhaus";"Fachhallenhaus; 1828 (i); traufständiger Fachwerkbau mit reetgedecktem Halbwalmdach, Giebelzeichen und Inschriftenbalken über dem Dielentor";"Geschichtlich, Kulturlandschaftlich";"gesamtes Objekt";"https://opendata.schleswig-holstein.de/data/denkmalpflege/fotos/37512.jpg"
740;"Bauliche Anlage";"Kreis Hzgt. Lauenburg";"Büchen";"Gudower Straße 1";"Altes Pastorat";"Alteintragung (Aktualisierung vorgesehen)";"Geschichtlich, Künstlerisch, Städtebaulich";"gesamtes Objekt";"https://opendata.schleswig-holstein.de/data/denkmalpflege/fotos/740.jpg"
9863;"Bauliche Anlage";"Kreis Hzgt. Lauenburg";"Büchen";"Kirchenstraße";"Pötrauer Kirche mit Ausstattung";"Alteintragung (Aktualisierung vorgesehen)";"Geschichtlich, Künstlerisch, Städtebaulich";"gesamtes Objekt";"https://opendata.schleswig-holstein.de/data/denkmalpflege/fotos/9863.jpg"
37509;"Bauliche Anlage";"Kreis Hzgt. Lauenburg";"Büchen";"Lauenburger Straße 25";"Postamt";"Postamt; 1950; breit gelagerter, zweigeschossiger Backsteinbau mit Sandsteinelementen, giebelständig mit Traufgesims und Walmdach";"Geschichtlich, Städtebaulich";"gesamtes Objekt";"https://opendata.schleswig-holstein.de/data/denkmalpflege/fotos/37509.jpg"
23458;"Bauliche Anlage";"Kreis Hzgt. Lauenburg";"Büchen";"Pötrauer Straße 10";"Wohn- und Wirtschaftsgebäude";"Backsteinhallenhaus; spätes 19./ frühes 20. Jahrhundert; eingeschossig mit kunstschiefergedecktem Halbwalmdach und nördlicher Erweiterung des Wirtschaftstraktes. Hofpflasterung aus Lesesteinen und Einfriedung aus gemauerten Bruchsteinen";"Geschichtlich, Kulturlandschaftlich, Städtebaulich";"Wohn- und Wirtschaftsgebäude, Einfriedung, Hofpflasterung";"https://opendata.schleswig-holstein.de/data/denkmalpflege/fotos/23458.jpg"
2403;"Bauliche Anlage";"Kreis Hzgt. Lauenburg";"Büchen";"Schwanheider Weg";"Kirche St. Marien mit Ausstattung";"Alteintragung (Aktualisierung vorgesehen)";"Geschichtlich, Künstlerisch, Städtebaulich";"Kirche St. Marien mit Ausstattung, Taufgitter";"https://opendata.schleswig-holstein.de/data/denkmalpflege/fotos/2403.jpg"
20715;"Gründenkmal";"Kreis Hzgt. Lauenburg";"Büchen";"Schwanheider Weg";"Kirchhof";"Alteintragung (Aktualisierung vorgesehen)";"Geschichtlich, Kulturlandschaftlich";"Kirchhof, Feldsteinböschungsmauer, Lindenkranz";"https://opendata.schleswig-holstein.de/data/denkmalpflege/fotos/20715.jpg"
6342;"Bauliche Anlage";"Kreis Hzgt. Lauenburg";"Buchholz";"Fleck 2";"Fachhallenkate";"Alteintragung (Aktualisierung vorgesehen)";"Geschichtlich, Kulturlandschaftlich";"Alteintragung (Aktualisierung vorgesehen)";"https://opendata.schleswig-holstein.de/data/denkmalpflege/fotos/6342.jpg"
35601;"Sachgesamtheit";"Kreis Hzgt. Lauenburg";"Buchhorst";"Dorfstraße 15";"Hofanlage Dorfstraße 15";"Hofanlage Dorfstraße 15; 18. Jh.; historisches und regionaltypisches Ensemble bestehend aus Fachhallenhaus, Stallscheune, Nebengebäude, Hausbäumen und Einfriedung mit Zufahrtspfeilern";"Geschichtlich, Kulturlandschaftlich";"Fachhallenhaus mit Hausbäumen, Einfriedung mit Zufahrtspfeilern, Nebengebäude, Stallscheune";"https://opendata.schleswig-holstein.de/data/denkmalpflege/fotos/35601.jpg"
2685;"Bauliche Anlage";"Kreis Hzgt. Lauenburg";"Buchhorst";"Dorfstraße 15";"Fachhallenhaus";"Fachhallenhaus; 18. Jahrhundert; anschaulich erhaltenes, regionaltypisches Fachhallenhaus mit reetgedecktem Halbwalmdach, mit Hausbäumen und Einfriedung mit Zufahrtspfeilern";"Geschichtlich, Kulturlandschaftlich";"Fachhallenhaus, Hausbäume, Einfriedung mit Zufahrtspfeilern";"https://opendata.schleswig-holstein.de/data/denkmalpflege/fotos/2685.jpg"
23539;"Sachgesamtheit";"Kreis Hzgt. Lauenburg";"Dalldorf";"Hauptstraße 9";"Gut Dalldorf";"Gut Dalldorf; 18.-19. Jh., 2.Hälfte 19. Jh.; offener Dreiseithof mit zurückliegendem, traufständigem Gutshaus, giebelständiger Fachwerkscheune und jüngerem, giebelständigem Stallgebäude, Einfriedung, Einfahrtspfeiler und Lindenreihe";"Geschichtlich, Kulturlandschaftlich, Städtebaulich";"Gutshaus mit Baumkranz, Einfriedung mit Zufahrtspfeilern, Fachwerkscheune";"https://opendata.schleswig-holstein.de/data/denkmalpflege/fotos/23539.jpg"
35628;"Bauliche Anlage";"Kreis Hzgt. Lauenburg";"Dalldorf";"Hauptstraße 9";"Gutshaus";"Gutshaus; 2. Hälfte 19. Jh.; eingeschossiger Putzbau mit Kniestock, erhöhter Mittelrisalit, flaches Satteldach mit Schieferdeckung, Einfriedung und Lindenreihe";"Geschichtlich, Kulturlandschaftlich, Städtebaulich";"Gutshaus, Baumkranz, Einfriedung mit Zufahrtspfeilern";"https://opendata.schleswig-holstein.de/data/denkmalpflege/fotos/35628.jpg"
36955;"Bauliche Anlage";"Kreis Hzgt. Lauenburg";"Dassendorf";"Am Brink 3";"Wohnhaus";"Wohnhaus; Anfang 20. Jh.; eingeschossiger, traufständiger Mauerwerksbau unter Schopfwalmdach, straßenseitig Mittelrisalit mit Schweifgiebel, backsteinsichtige Fassaden mit zeittypischem Bauschmuck";"Geschichtlich, Städtebaulich";"gesamtes Objekt";"https://opendata.schleswig-holstein.de/data/denkmalpflege/fotos/36955.jpg"
22835;"Bauliche Anlage";"Kreis Hzgt. Lauenburg";"Duvensee";"Dörpstraat 31";"Wohn- und Wirtschaftsgebäude";"Wohn- und Wirtschaftsgebäude; 1894; Backsteinbau auf rechteckigem Grundriss, Lisenengliederung, Geschossgesimse, Ortgangzierbänder, pfannengedecktes Satteldach mit Rautenmuster";"Geschichtlich, Kulturlandschaftlich";"gesamtes Objekt";"https://opendata.schleswig-holstein.de/data/denkmalpflege/fotos/22835.jpg"
12371;"Bauliche Anlage";"Kreis Hzgt. Lauenburg";"Duvensee";"See-Enn 14";"Wohn- und Wirtschaftsgebäude";"Wohn- und Wirtschaftsgebäude; 1820, Bauherr Johann Conrad Eilers; 1878 Wiederaufbau nach Brand; ehem. Forstdienststelle Duvensee, eingeschossiger Backsteinbau, reetgedecktes Satteldach. Im Garten ehem. Backhaus; 1820";"Geschichtlich, Kulturlandschaftlich, Städtebaulich";"Wohn- und Wirtschaftsgebäude, Backhaus";""
6382;"Bauliche Anlage";"Kreis Hzgt. Lauenburg";"Einhaus";"Auf dem Straßenberg 6";"Fachhallenhaus";"Fachhallenhaus; 1797 (d); ehemaliges Durchfahrtsdielenhaus aus Eichenfachwerk mit Reetdeckung. Nördlich angesetzter Wohnteil in Backstein; 1911; dreigeschossiger Steilgiebel mit seitlichem Eingang";"Geschichtlich, Kulturlandschaftlich, Städtebaulich";"gesamtes Objekt";"https://opendata.schleswig-holstein.de/data/denkmalpflege/fotos/6382.jpg"
28719;"Bauliche Anlage";"Kreis Hzgt. Lauenburg";"Einhaus";"Auf dem Straßenberg 8";"Fachhallenhaus";"Fachhallenhaus; zweite Hälfte 18. Jh.; reetgedecktes ehem. Durchfahrtsdielenhaus, Fachwerk in Eiche mit Bauerntanz und Ausfachungen in Backstein";"Geschichtlich, Kulturlandschaftlich, Städtebaulich";"gesamtes Objekt";"https://opendata.schleswig-holstein.de/data/denkmalpflege/fotos/28719.jpg"
1727;"Bauliche Anlage";"Kreis Hzgt. Lauenburg";"Einhaus";"Waldhang";"Ansveruskreuz";"Alteintragung (Aktualisierung vorgesehen)";"Geschichtlich, Künstlerisch, Kulturlandschaftlich";"Alteintragung (Aktualisierung vorgesehen)";"https://opendata.schleswig-holstein.de/data/denkmalpflege/fotos/1727.jpg"
134;"Bauliche Anlage";"Kreis Hzgt. Lauenburg";"Elmenhorst";"Gut Lanken";"Gutshaus";"Alteintragung (Aktualisierung vorgesehen)";"";"Alteintragung (Aktualisierung vorgesehen)";"https://opendata.schleswig-holstein.de/data/denkmalpflege/fotos/134.jpg"
1328;"Bauliche Anlage";"Kreis Hzgt. Lauenburg";"Elmenhorst";"Gut Lanken";"Kornspeicher";"Alteintragung (Aktualisierung vorgesehen)";"";"Alteintragung (Aktualisierung vorgesehen)";"https://opendata.schleswig-holstein.de/data/denkmalpflege/fotos/1328.jpg"
3870;"Bauliche Anlage";"Kreis Hzgt. Lauenburg";"Escheburg";"Am Knollgraben";"sog. Dänenbrücke";"Alteintragung (Aktualisierung vorgesehen)";"Geschichtlich, Städtebaulich";"Alteintragung (Aktualisierung vorgesehen)";"https://opendata.schleswig-holstein.de/data/denkmalpflege/fotos/3870.jpg"
42469;"Bauliche Anlage";"Kreis Hzgt. Lauenburg";"Escheburg";"Stubbenberg 2 - 4";"Haus Burgsee";"Haus Burgsee; um 1910; eingeschossiger, traufständiger Putzbau unter Mansardwalmdach mit Turmaufsatz, Gestaltung im Stil der Reformarchitektur; mit Garten, Teich und Geräteschuppen";"Geschichtlich, Kulturlandschaftlich";"Haus Burgsee, Geräteschuppen, Garten, Teich";"https://opendata.schleswig-holstein.de/data/denkmalpflege/fotos/42469.jpg"
35380;"Bauliche Anlage";"Kreis Hzgt. Lauenburg";"Escheburg";"Stubbenberg 3";"Wohnhaus Otto Wunsch mit Atelier";"Wohn- und Atelierhaus Wunsch; 1960, Architekt Otto Wunsch, Otto Mollenhauer; quaderförmiger Stahlskelettbau mit durchgehender Glasfront und Flachdach in auskragender Lage am Geesthang, zurückgezogenes Sockelgeschoss in Naturstein";"Geschichtlich, Künstlerisch, Städtebaulich";"Wohnhaus Otto Wunsch mit Atelier, Garage";"https://opendata.schleswig-holstein.de/data/denkmalpflege/fotos/35380.jpg"
23932;"Bauliche Anlage";"Kreis Hzgt. Lauenburg";"Fitzen";"Dorfstraße 10 a";"Fachhallenhaus";"Fachhallenhaus; ca. 1800; eingeschossiger Fachwerkbau in Zweiständerbauweise mit Backsteinausfachung unter reetgedecktem Halbwalmdach";"Geschichtlich, Kulturlandschaftlich, Städtebaulich";"gesamtes Äußeres, Wirtschaftsteil und Keller im Inneren, ";"https://opendata.schleswig-holstein.de/data/denkmalpflege/fotos/23932.jpg"
9998;"Bauliche Anlage";"Kreis Hzgt. Lauenburg";"Fredeburg";"Am Wald";"Dreifeldbogenbrücke";"Alteintragung (Aktualisierung vorgesehen)";"Geschichtlich, Künstlerisch, Kulturlandschaftlich, Technisch, Wissenschaftlich";"gesamtes Objekt";""
40569;"Sachgesamtheit";"Kreis Hzgt. Lauenburg";"Fuhlenhagen";"Dorfstraße";"Kapelle St. Georg";"Aktualisierung vorgesehen";"Geschichtlich, Künstlerisch, Kulturlandschaftlich, Städtebaulich";"Kapelle St. Georg mit Ausstattung, Kirchhof";"https://opendata.schleswig-holstein.de/data/denkmalpflege/fotos/40569.jpg"
2960;"Bauliche Anlage";"Kreis Hzgt. Lauenburg";"Fuhlenhagen";"Dorfstraße";"Kapelle St. Georg mit Ausstattung";"Alteintragung (Aktualisierung vorgesehen)";"Geschichtlich, Künstlerisch, Städtebaulich";"Alteintragung (Aktualisierung vorgesehen)";"https://opendata.schleswig-holstein.de/data/denkmalpflege/fotos/2960.jpg"
20729;"Gründenkmal";"Kreis Hzgt. Lauenburg";"Fuhlenhagen";"Dorfstraße";"Kirchhof";"Alteintragung (Aktualisierung vorgesehen)";"Geschichtlich, Kulturlandschaftlich";"gesamtes Objekt";"https://opendata.schleswig-holstein.de/data/denkmalpflege/fotos/20729.jpg"
36490;"Sachgesamtheit";"Kreis Hzgt. Lauenburg";"Geesthacht, Stadt";"Am Spakenberg 52, Am Spakenberg u.a.";"Kirche St. Petri";"Kirche St. Petri; 1961-63, Architekten F. Grundmann und H. Sandtmann; historische und städtebauliche Einheit bestehend aus der Kirche St. Petri und der das Gebäude umgebenden Grünfläche";"Geschichtlich, Künstlerisch, Städtebaulich";"Kirche St. Petri, Grünfläche";"https://opendata.schleswig-holstein.de/data/denkmalpflege/fotos/36490.jpg"
33432;"Sachgesamtheit";"Kreis Hzgt. Lauenburg";"Geesthacht, Stadt";"Bahnstraße 45, 49, 51, Grenzstraße 23-27";"Bahnhof Geesthacht";"Bahnhof Geesthacht; ab 1906; bestehend aus Bahnhofsempfangsgebäude mit Bahnhofsvorplatz, Bahnsteig und Laderampe, Wasserturm und Beamtenwohnhaus mit Hofgebäude sowie zwei Beamtenwohnhäusern mit Einfriedung";"Geschichtlich, Städtebaulich, Technisch";"Bahnhofsempfangsgebäude mit Bahnhofsvorplatz und Bahnsteig, Laderampe (Bahnstraße 45); Beamtenwohnhäuser mit Einfriedung (Bahnstraße 49, 51); Wasserturm und Beamtenwohnhaus mit Hofgebäude (Grenzstraße 23-27)";""
36495;"Sachgesamtheit";"Kreis Hzgt. Lauenburg";"Geesthacht, Stadt";"Berliner Straße";"Alter Friedhof Geesthacht";"Alter Friedhof Geesthacht; 1879; parkartige Anlage des Alten Friedhofs mit historistischer Friedhofskapelle, Friedhofspforte, Leichenhalle, Nebengebäude und zwei historischen Lindenalleen";"Geschichtlich, Städtebaulich";"Alter Friedhof, Friedhofskapelle, Friedhofspforte, Leichenhalle, Nebengebäude, Lindenalleen";"https://opendata.schleswig-holstein.de/data/denkmalpflege/fotos/36495.jpg"
34167;"Sachgesamtheit";"Kreis Hzgt. Lauenburg";"Geesthacht, Stadt";"Düneberger Straße 70, 70-104";"Norddeutsche Teppichfabrik";"Norddeutsche Teppichfabrik ?Nordpfeil?; 1951-67, Architekt Heinz Graaf, einbezogener Altbaubestand 1916-25; Werksanlage mit zahlreichen Funktionsbauten, zentral e Werkshallen mit gewölbten Sheddächern, rote Klinkerfassaden, Altbauten mit filigranen Eisenbinder-Dächern";"Geschichtlich, Städtebaulich, Technisch";"ehem. Verwaltungsgebäude, ehem. Archiv, ehem. Rohstofflager und Wolferei, ehem. Spinnerei, ehem. Konfektionshalle und Kantine, ehem. Weberei, ehem. Kesselhaus, ehem. Lehrwerkstatt, ehem. Verkaufspavillon, ehem. Garagengebäude; Tor, Mauer mit Schriftzug, Pförtnerhaus, Grünanlage am Haupteingang";"https://opendata.schleswig-holstein.de/data/denkmalpflege/fotos/34167.jpg"
34048;"Sachgesamtheit";"Kreis Hzgt. Lauenburg";"Geesthacht, Stadt";"Düneberger Straße 81-81a, 83, 86";"Wohn- und Werksgebäude Düneberger Straße 81-81a, 83, 86";"Wohn- und Werksgebäude Düneberger Straße 81-81a, 83, 86; 1915-1920; Gruppe von Funktions- und Wohnbauten der ehemaligen Düneberger Pulverfabrik aus der Zeit des 1. Weltkrieges bestehend aus der ehem. Feuer- und Werkschutzwache in Formen des Heimatschutzstils, einem Doppelwohnhaus für leitende Angestellte und einem kleinen ehem. Bürobau in Holzbauweise";"Geschichtlich, Städtebaulich, Technisch";"Doppelwohnhaus mit Gartenhaus, Einfriedung (Düneberger Straße 81-81a); ehem. Feuer- und Werkschutzwache (Düneberger Straße 83); ehem. Büro, Holzhaus mit Rückgebäude (Düneberger Straße 86)";""
51054;"Sachgesamtheit";"Kreis Hzgt. Lauenburg";"Geesthacht, Stadt";"Elbstraße 5, 7";"ehem. Gasthof zur Post";"ehem. Gasthof zur Post; letztes Drittel 19. Jh.; historistisch gestaltetes Ensemble bestehend aus dem ehem. Kaiserlichen Postamt und dem ehem. Gasthof zur Post mit vorgelagerter Lindenreihe";"Geschichtlich, Städtebaulich";"ehem. Gasthof zur Post mit Lindenreihe (Elbstraße 7); Wohnhaus/ehem. Kaiserliches Postamt (Elbstraße 5)";"https://opendata.schleswig-holstein.de/data/denkmalpflege/fotos/51054.jpg"
12523;"Sachgesamtheit";"Kreis Hzgt. Lauenburg";"Geesthacht, Stadt";"Elbuferstraße 49, Elbuferstraße";"Pumpspeicherwerk Geesthacht";"Pumpspeicherwerk; 1958, Hamburgische Electricitäts-Werke AG; bestehend aus an einem an der Elbe gelegenen Krafthaus mit Empfangsgebäude, drei am Hang gelegenen Triebwerksrohren und einem Speicherbecken mit Einlaufbauwerk";"Geschichtlich, Technisch";"Krafthaus mit Empfangsgebäude, Speicherbecken mit Einlaufbauwerk, Rohrleitungen";"https://opendata.schleswig-holstein.de/data/denkmalpflege/fotos/12523.jpg"
51077;"Sachgesamtheit";"Kreis Hzgt. Lauenburg";"Geesthacht, Stadt";"Grenzstraße 14";"ehem. Gasanstalt";"ehem. Gasanstalt; Anfang 20. Jh.; bauliches Ensemble bestehend aus einem Reglergebäude und einem Wohnhaus in schlichter, zeittypischer Formensprache";"Geschichtlich, Städtebaulich, Technisch";"Reglergebäude, Wohnhaus";"https://opendata.schleswig-holstein.de/data/denkmalpflege/fotos/51077.jpg"
34817;"Sachgesamtheit";"Kreis Hzgt. Lauenburg";"Geesthacht, Stadt";"Haferkoppel 16-18, Krümmelstraße 22";"Arbeitersiedlung Haferkoppel";"Arbeitersiedlung Haferkoppel; 1895-1903; von der Dynamit Nobel AG als Typenhaussiedlung errichtet, bestehend aus einem ehem. Schulhaus und einem Arbeiterwohnhaus mit Stallgebäude";"Geschichtlich, Städtebaulich, Technisch";"Arbeiterwohnhaus, Stallgebäude (Haferkoppel 16-18); ehem. Schulhaus (Krümmelstraße 22)";""
28319;"Sachgesamtheit";"Kreis Hzgt. Lauenburg";"Geesthacht, Stadt";"Johannes-Ritter-Straße 100, 100g, 100c, 100h, 100b, 100a, 100d, 100e, 100f";"Klinik Edmundstal-Siemerswalde";"Klinik Edmundstal-Siemerswalde; v.a. 1899 u. 1912, Architekt Martin Haller; ehem. ?Heilstätte für unbemittelte Tuberkulosekranke?, als Stiftung des Hamburger Kaufmanns und Reeders Edmund Siemers, weitläufige Anlage mit Klinikgebäuden, Arztwohnhäusern und weiteren Wohn- und Funktionsbauten inmitten eines 60 ha großen, bewaldeten Geländes";"Geschichtlich, Städtebaulich, Technisch, Wissenschaftlich";"Thekla-Haus (Sanatoriumsgebäude), Susannenhaus (Sanatoriumsgebäude), Wasserspeicher mit Aussichtsturm, Badehaus, Kessel- und Maschinenhaus (Pumpenhaus), ehem. Stallgebäude, Pforte (Haupteingang), Edmund-Siemers-Gedenkstein (Johannes-Ritter-Straße 100); 3. Arztwohnhaus (Johannes-Ritter-Straße 100a), 2. Arztwohnhaus (Johannes-Ritter-Straße 100b), Pförtnerhaus am Susannen-Haus (Johannes-Ritter-Straße 100c), Remise mit Wohnung (Johannes-Ritter-Straße 100d), Wohnhaus Oberin (Johannes-Ritter-Straße 100e), Wohnhaus (Johannes-Ritter-Straße 100f), Pförtnerhaus am Thekla-Haus (Johannes-Ritter-Straße 100g), 1. Arztwohnhaus (Wohnhaus Dr. Ritter) (Johannes-Ritter-Straße 100h)";""
36473;"Sachgesamtheit";"Kreis Hzgt. Lauenburg";"Geesthacht, Stadt";"Kirchenstieg 1";"Kirche St. Salvatoris";"Kirche St. Salvatoris; 1685; historische und städtebauliche Einheit bestehend aus der Kirche St. Salvatoris, dem Kirchhof mit Feldsteinmauer und Grabmalen sowie dem Pastorat von 1917";"Geschichtlich, Künstlerisch, Kulturlandschaftlich, Städtebaulich";"Kirche St. Salvatoris mit Ausstattung, Kirchhof, Grabmale bis 1870, Feldsteinmauer, Pastorat";"https://opendata.schleswig-holstein.de/data/denkmalpflege/fotos/36473.jpg"
29519;"Sachgesamtheit";"Kreis Hzgt. Lauenburg";"Geesthacht, Stadt";"Lichterfelder Straße 5, 15, 17-19, 20a-e, 21, 22, 24, 27-29, 30, Lichterfelder Straße";"Verwaltung ehem. Pulverfabrik";"Verwaltung ehem. Pulverfabrik; ab 1877; historische und städtebauliche Einheit baulicher Anlagen im administrativen Kernbereich der ab 1877 errichteten Pulverfabrik Düneberg";"Geschichtlich, Künstlerisch, Städtebaulich";"ehem. Verwaltungsgebäude, Denkmal Carl Duttenhofer (Lichterfelder Straße 27-29); Wohnhäuser (Lichterfelder Straße 17-19, 20a-e, 21); Beamtenwohnhäuser (Lichterfelder Straße 24, 30); Remise, Autogarage mit Öllager (Lichterfelder Straße 5); ehem. Pförtnerhaus (Lichterfelder Straße 15); Wohnhaus und Remise (Lichterfelder Straße 22); Pflasterstraße (Lichterfelder Straße)";""
36492;"Sachgesamtheit";"Kreis Hzgt. Lauenburg";"Geesthacht, Stadt";"Neuer Krug 4, Neuer Krug";"Christuskirche Geesthacht";"Christuskirche Geesthacht; 1956-57; historische und städtebauliche Einheit bestehend aus dem Kirchengebäude mit umgebender Grünfläche, der ehem. Konsumanstalt und dem Gemeindehaus";"Geschichtlich, Künstlerisch, Städtebaulich";"Christuskirche, Grünfläche (Neuer Krug); ehem. Konsumanstalt, Gemeindehaus (Neuer Krug 4)";"https://opendata.schleswig-holstein.de/data/denkmalpflege/fotos/36492.jpg"
46598;"Sachgesamtheit";"Kreis Hzgt. Lauenburg";"Geesthacht, Stadt";"Nobelplatz 4, 7, 21, Kronsberg 1, 5, 9, Krümmelstraße 2";"Verwaltung Dynamit-Nobel";"Verwaltung Dynamit-Nobel; ab 1880; Ensemble bestehend aus ehem. Verwaltungsgebäude, drei Beamtenwohnhäusern, Direktorenvilla, Bronzebüste 'Dr. Gustav Aufschläger' und Garagengebäude";"Geschichtlich, Künstlerisch, Städtebaulich";"Verwaltungsgebäude Dynamit-Nobel (Nobelplatz 12), Direktorenvilla mit Böschungsmauer (Kronsberg 9),  Garagengebäude (Nobelplatz 4), Bronzebüste 'Dr. Gustav Aufschläger' (Krümmelstraße 2), Beamtenwohnhäuser (Kronsberg 1, 5, Nobelplatz 7)";""
36479;"Sachgesamtheit";"Kreis Hzgt. Lauenburg";"Geesthacht, Stadt";"Steinstraße 45, 53-55";"Bauunternehmen Hackmack";"Bauunternehmen Hackmack; 1947; bestehend aus einem Wohnhaus sowie einem Wohn- und Wirtschaftsgebäude auf dem ehemaligen Firmengelände des Bauunternehmens Emil Hackmack";"Geschichtlich, Städtebaulich";"Wohn- und Wirtschaftsgebäude (Steinstraße 53-55), Wohnhaus (Steinstraße 45)";"https://opendata.schleswig-holstein.de/data/denkmalpflege/fotos/36479.jpg"
33263;"Mehrheit von baulichen Anlagen";"Kreis Hzgt. Lauenburg";"Geesthacht, Stadt";"Heidestraße 1-3, 1, 2, 2-4, 3, 4, 5, 7, Hugo-Otto-Zimmer-Straße 11-13, 11, 13";"Siedlung Heidestraße/Hugo-Otto-Zimmer-Straße";"Siedlung Heidestraße 1-5, 7/ Hugo-Otto-Zimmer-Straße 11-13; 1920er Jahre; acht Vierfachwohnhäuser je mit gemeinsamem Wirtschaftsgebäude und ?garten, leicht variierte eingeschossige Typenhäuser in Backstein mit ausgebauten Kurzwalm- bzw. Satteldächern und breiten Gauben";"Geschichtlich, Städtebaulich";"Mietwohnhäuser mit Hofgebäuden und Außenanlagen Heidestraße 1, 2, 3, 4; Hugo-Otto-Zimmer-Straße 11, 13; Mietwohnhäuser mit Hofgebäuden Heidestraße 5, 7";"https://opendata.schleswig-holstein.de/data/denkmalpflege/fotos/33263.jpg"
23229;"Bauliche Anlage";"Kreis Hzgt. Lauenburg";"Geesthacht, Stadt";"Am Spakenberg 52";"Kirche St. Petri";"Kirche St. Petri; 1961-63, Architekten Friedhelm Grundmann und Horst Sandtmann; freistehender Baukörper mit weithin sichtbarem Turm, im Inneren Glasarbeiten des Künstlers Carl Heinz Wienert";"Geschichtlich, Künstlerisch, Städtebaulich";"gesamtes Objekt";"https://opendata.schleswig-holstein.de/data/denkmalpflege/fotos/23229.jpg"
32342;"Bauliche Anlage";"Kreis Hzgt. Lauenburg";"Geesthacht, Stadt";"Bahnstraße 45";"Bahnhofsempfangsgebäude";"Bahnhofsempfangsgebäude; 1906; zweigeschossiger Putzbau im Heimatschutzstil unter Walmdach, eingeschossige Seitenflügel mit Zierfachwerk; mit Bahnhofsvorplatz und Bahnsteig sowie Laderampe";"Geschichtlich, Städtebaulich";"Bahnhofsempfangsgebäude, Bahnhofsvorplatz und Bahnsteig, Laderampe";"https://opendata.schleswig-holstein.de/data/denkmalpflege/fotos/32342.jpg"
33315;"Bauliche Anlage";"Kreis Hzgt. Lauenburg";"Geesthacht, Stadt";"Bahnstraße 49";"Beamtenwohnhaus";"Beamtenwohnhaus; 1919; zweigeschossiger, backsteinsichtiger Mauerwerksbau unter Walmdach, Gestaltung im Heimatschutzstil, bauliche Einheit mit Nachbarhaus; mit gemauerter Einfriedung";"Geschichtlich, Städtebaulich";"Beamtenwohnhaus, Einfriedung";"https://opendata.schleswig-holstein.de/data/denkmalpflege/fotos/33315.jpg"
33314;"Bauliche Anlage";"Kreis Hzgt. Lauenburg";"Geesthacht, Stadt";"Bahnstraße 51";"Beamtenwohnhaus";"Beamtenwohnhaus; um 1919, Architektengemeinschaft Hermann Distel & August Grubitz; im Reformstil gestalteter Mauerwerksbau, bauliche Einheit mit Nachbarhaus; mit gemauerter Einfriedung";"Geschichtlich, Städtebaulich";"Beamtenwohnhaus, Einfriedung";"https://opendata.schleswig-holstein.de/data/denkmalpflege/fotos/33314.jpg"
33296;"Bauliche Anlage";"Kreis Hzgt. Lauenburg";"Geesthacht, Stadt";"Bergedorfer Straße 2";"Wohn- und Wirtschaftsgebäude";"Wohn- und Wirtschaftsgebäude; Ende 19. Jh.; zweigeschossiger, backsteinsichtiger Mauerwerksbau unter Satteldach, gegliedert in repräsentatives Wohnhaus und funktionalen Wirtschaftsflügel";"Geschichtlich, Städtebaulich";"gesamtes Objekt";"https://opendata.schleswig-holstein.de/data/denkmalpflege/fotos/33296.jpg"
2963;"Bauliche Anlage";"Kreis Hzgt. Lauenburg";"Geesthacht, Stadt";"Bergedorfer Straße 28";"Krügersches Haus";"Alteintragung (Aktualisierung vorgesehen)";"";"Alteintragung (Aktualisierung vorgesehen)";"https://opendata.schleswig-holstein.de/data/denkmalpflege/fotos/2963.jpg"
33308;"Bauliche Anlage";"Kreis Hzgt. Lauenburg";"Geesthacht, Stadt";"Bergedorfer Straße 68";"Wohnhaus";"Wohnhaus; Ende 1920er/Anfang 1930er Jahre; eingeschossiger Mauerwerksbau unter steilem Walmdach, kubischer Baukörper mit backsteinsichtigen Fassaden und expressionistischer Gestaltung";"Geschichtlich, Städtebaulich";"gesamtes Objekt";"https://opendata.schleswig-holstein.de/data/denkmalpflege/fotos/33308.jpg"
20908;"Bauliche Anlage";"Kreis Hzgt. Lauenburg";"Geesthacht, Stadt";"Berliner Straße";"Friedhofskapelle";"Friedhofskapelle; 1888; historistischer Backsteinbau mit Satteldach, zeittypischer Backsteingliederung, zweiflügeligem Eingangsportal und filigranen Metallsprossenfenstern";"Geschichtlich, Städtebaulich";"gesamtes Objekt";"https://opendata.schleswig-holstein.de/data/denkmalpflege/fotos/20908.jpg"
27668;"Bauliche Anlage";"Kreis Hzgt. Lauenburg";"Geesthacht, Stadt";"Bohnenstraße 2";"Draegersches Haus";"Draegersches Haus; 1849 (archivalisch), Umbau 1998; eingeschossiger, breitgelagerter Fachwerkbau im Hallenhaustypus unter Reetdach, westliche Giebelwand später aufgemauert, prominente Ecklage";"Geschichtlich, Städtebaulich";"gesamtes Objekt";"https://opendata.schleswig-holstein.de/data/denkmalpflege/fotos/27668.jpg"
28303;"Bauliche Anlage";"Kreis Hzgt. Lauenburg";"Geesthacht, Stadt";"Buntenskamp 20 - 22";"Abortgebäude";"Alteintragung (Aktualisierung vorgesehen)";"";"Alteintragung (Aktualisierung vorgesehen)";"https://opendata.schleswig-holstein.de/data/denkmalpflege/fotos/28303.jpg"
46600;"Bauliche Anlage";"Kreis Hzgt. Lauenburg";"Geesthacht, Stadt";"Buntenskamp 20";"Grund- und Hauptschule am Buntenskamp";"Alteintragung (Aktualisierung vorgesehen)";"Geschichtlich, Künstlerisch, Städtebaulich";"Alteintragung (Aktualisierung vorgesehen)";"https://opendata.schleswig-holstein.de/data/denkmalpflege/fotos/46600.jpg"
46599;"Bauliche Anlage";"Kreis Hzgt. Lauenburg";"Geesthacht, Stadt";"Buntenskamp 22";"Grund- und Hauptschule am Buntenskamp";"Alteintragung (Aktualisierung vorgesehen)";"Geschichtlich, Künstlerisch, Städtebaulich";"Alteintragung (Aktualisierung vorgesehen)";"https://opendata.schleswig-holstein.de/data/denkmalpflege/fotos/46599.jpg"
34171;"Bauliche Anlage";"Kreis Hzgt. Lauenburg";"Geesthacht, Stadt";"Düneberger Straße 70 - 104";"ehem. Archiv";"ehem. Archiv; um 1916-25; eingeschossiger Backsteinbau mit ausgebautem Mansardwalmdach mit angeschleppten Standgauben";"Geschichtlich, Städtebaulich, Technisch";"gesamtes Objekt";"https://opendata.schleswig-holstein.de/data/denkmalpflege/fotos/34171.jpg"
34173;"Bauliche Anlage";"Kreis Hzgt. Lauenburg";"Geesthacht, Stadt";"Düneberger Straße 70 - 104";"ehem. Rohstofflager und Wolferei";"ehem. Rohstofflager und Wolferei; 1916-25; langgestreckter eingeschossiger Klinkerbau mit flachem Satteldach und hochliegendem Fensterband, Tragwerk genietete Metallbinderkonstruktion";"Geschichtlich, Städtebaulich, Technisch";"gesamtes Objekt";"https://opendata.schleswig-holstein.de/data/denkmalpflege/fotos/34173.jpg"
34175;"Bauliche Anlage";"Kreis Hzgt. Lauenburg";"Geesthacht, Stadt";"Düneberger Straße 70 - 104";"ehem. Spinnerei";"ehem. Spinnerei; 1964-66, Architekt Heinz Graaf; eingeschossiger Klinkerbau mit zweireihigen freigespannten Sheddächern mit gewölbten Betonbindern, integrierte Halle von 1916-25: Tragwerk genietete Metallbinderkonstruktion";"Geschichtlich, Städtebaulich, Technisch";"gesamtes Objekt";"https://opendata.schleswig-holstein.de/data/denkmalpflege/fotos/34175.jpg"
34179;"Bauliche Anlage";"Kreis Hzgt. Lauenburg";"Geesthacht, Stadt";"Düneberger Straße 70 - 104";"ehem. Konfektionshalle und Kantine";"ehem. Konfektionshalle mit Kantine; Anfang 1960er Jahre, Architekt Heinz Graaf; langgestreckter ein- und zweigeschossiger Beton- bzw. Stahlskelettbau, rote Klinkerverkleidung, im Obergeschoss Kantine mit Oberlicht";"Geschichtlich, Städtebaulich, Technisch";"gesamtes Objekt";"https://opendata.schleswig-holstein.de/data/denkmalpflege/fotos/34179.jpg"
34180;"Bauliche Anlage";"Kreis Hzgt. Lauenburg";"Geesthacht, Stadt";"Düneberger Straße 70 - 104";"ehem. Weberei";"ehem. Weberei; um 1959-66, Architekt Heinz Graaf; Klinkerbau mit freigespannten Sheddächern und gewölbten Betonbindern, integrierte Halle von 1916-25 mit Eisenfachwerkbindern";"Geschichtlich, Städtebaulich, Technisch";"gesamtes Objekt";"https://opendata.schleswig-holstein.de/data/denkmalpflege/fotos/34180.jpg"
34181;"Bauliche Anlage";"Kreis Hzgt. Lauenburg";"Geesthacht, Stadt";"Düneberger Straße 70 - 104";"ehem. Verwaltungsgebäude";"ehem. Verwaltungsgebäude; 1916-25; lang gestreckter zweigeschossiger Klinkerbau mit basilikalem Querschnitt und Pultdächern bzw. flachem Satteldach";"Geschichtlich, Städtebaulich, Technisch";"gesamtes Objekt";"https://opendata.schleswig-holstein.de/data/denkmalpflege/fotos/34181.jpg"
34184;"Bauliche Anlage";"Kreis Hzgt. Lauenburg";"Geesthacht, Stadt";"Düneberger Straße 70 - 104";"ehem. Kesselhaus";"ehem. Kesselhaus; 1958, Architekt Heinz Graaf; eingeschossiger Klinkerbau mit Pultdach, Nord- und Ostseite nahezu vollständig verglast, Technik im Innern erhalten, an Südseite runder Schornstein";"Geschichtlich, Städtebaulich, Technisch";"gesamtes Objekt";"https://opendata.schleswig-holstein.de/data/denkmalpflege/fotos/34184.jpg"
32360;"Bauliche Anlage";"Kreis Hzgt. Lauenburg";"Geesthacht, Stadt";"Düneberger Straße 81 - 81a";"Doppelwohnhaus";"Doppelwohnhaus; 1915-20; Wohnhaus für leitende Angestellte der Düneberger Pulverfabrik, zweigeschossiger Backsteinbau mit ausgebautem Satteldach, mittelsymmetrische Fassade mit zwei Seitenrisaliten, Gartenhaus mit Pyramidendach, Holzstaketenzaun";"Geschichtlich, Städtebaulich";"Doppelwohnhaus, Gartenhaus, Einfriedung";"https://opendata.schleswig-holstein.de/data/denkmalpflege/fotos/32360.jpg"
32361;"Bauliche Anlage";"Kreis Hzgt. Lauenburg";"Geesthacht, Stadt";"Düneberger Straße 83";"ehem. Feuer- und Werkschutzwache";"ehem. Feuer- und Werkschutzwache der Düneberger Pulverfabrik; 1915-20; eingeschossiger Backsteinbau mit Walmdach und breitem Zwerchhaus, leicht zurückgesetzter und etwas niedrigerer Garagenflügel";"Geschichtlich, Städtebaulich, Technisch";"gesamtes Objekt";"https://opendata.schleswig-holstein.de/data/denkmalpflege/fotos/32361.jpg"
32357;"Bauliche Anlage";"Kreis Hzgt. Lauenburg";"Geesthacht, Stadt";"Düneberger Straße 86";"ehem. Büro, Holzhaus";"ehem. Büro, Holzhaus; 1916; eingeschossiges Typen-Holzhaus mit Walmdach und Mittel-Eingangsrisalit, Backsteinsockel, Vertikalschalung, Zierbretter mit Sägeornamenten";"Geschichtlich, Städtebaulich";"ehem. Büro, Holzhaus, Rückgebäude";"https://opendata.schleswig-holstein.de/data/denkmalpflege/fotos/32357.jpg"
33457;"Bauliche Anlage";"Kreis Hzgt. Lauenburg";"Geesthacht, Stadt";"Elbstraße 7";"ehem. Gasthof zur Post";"ehem. Gasthof zur Post; letztes Drittel 19. Jh.; zweigeschossiger, historistischer Backsteinbau mit dreigeschossigem Seitenrisalit unter Satteldach, Saalanbau vom Anfang des 20. Jh.; mit Lindenreihe";"Geschichtlich, Städtebaulich";"ehem. Gasthof zur Post, Lindenreihe";"https://opendata.schleswig-holstein.de/data/denkmalpflege/fotos/33457.jpg"
46593;"Bauliche Anlage";"Kreis Hzgt. Lauenburg";"Geesthacht, Stadt";"Elbuferstraße 49";"Krafthaus mit Empfangsgebäude";"Krafthaus mit Empfangsgebäude; 1958, Hamburgische Electricitäts-Werke AG; langgestrecktes Krafthaus aus Beton auf Elbniveau mit drei Turbinen- und Pumpensätzen, kubisches zweigeschossiges Empfangsgebäude als Kopfbau mit Kunst am Bau von Hans Haffenrichter";"Geschichtlich, Technisch";"Krafthaus mit Empfangsgebäude, ";"https://opendata.schleswig-holstein.de/data/denkmalpflege/fotos/46593.jpg"
10009;"Bauliche Anlage";"Kreis Hzgt. Lauenburg";"Geesthacht, Stadt";"Elbuferstraße";"Wasserturm";"Alteintragung (Aktualisierung vorgesehen)";"Geschichtlich, Künstlerisch, Technisch, Wissenschaftlich";"gesamtes Objekt";"https://opendata.schleswig-holstein.de/data/denkmalpflege/fotos/10009.jpg"
46594;"Bauliche Anlage";"Kreis Hzgt. Lauenburg";"Geesthacht, Stadt";"Elbuferstraße";"Speicherbecken mit Einlaufbauwerk";"Speicherbecken mit Einlaufbauwerk; 1958, Hamburgische Electricitäts-Werke AG; 3,8 Mio. Kubikmeter Fassungsvermögen, Ringdamm und Einlaufbauwerk aus Beton, über dem Einlaufbauwerk 30t Portalkran";"Geschichtlich, Technisch";"Speicherbecken mit Einlaufbauwerk, ";"https://opendata.schleswig-holstein.de/data/denkmalpflege/fotos/46594.jpg"
34060;"Bauliche Anlage";"Kreis Hzgt. Lauenburg";"Geesthacht, Stadt";"Fährstieg";"Bronzeplastik Drachensteiger";"Bronzeplastik 'Drachenflieger'; 1967, Bildhauer Karlheinz Goedtke; überlebensgroße Bronzeplastik auf einer unmittelbar hinter der Stadtgrenze an der Elbuferstraße gelegenen Grünfläche";"Geschichtlich, Künstlerisch, Städtebaulich";"gesamtes Objekt";"https://opendata.schleswig-holstein.de/data/denkmalpflege/fotos/34060.jpg"
34078;"Bauliche Anlage";"Kreis Hzgt. Lauenburg";"Geesthacht, Stadt";"Geesthachter Straße 103";"Wasserturm";"Wasserturm; 1917; einziger authentisch erhaltener Bestandteil des ehem. Ledigenheimes der Pulverfabrik Düneberg, Turmbauwerk mit gemauertem Schaft und holzverkleidetem Behältergeschoss";"Geschichtlich, Städtebaulich, Technisch";"gesamtes Objekt";"https://opendata.schleswig-holstein.de/data/denkmalpflege/fotos/34078.jpg"
33878;"Bauliche Anlage";"Kreis Hzgt. Lauenburg";"Geesthacht, Stadt";"Grenzstraße 23 - 27";"Wasserturm und Beamtenwohnhaus";"Wasserturm und Beamtenwohnhaus; 1917; bauliche Einheit bestehend aus funktional gestaltetem Bahnwasserturm und anschließendem Beamtenwohnhaus im Heimatschutzstil; mit Hofgebäude";"Geschichtlich, Städtebaulich, Technisch";"Wasserturm und Beamtenwohnhaus, Hofgebäude";"https://opendata.schleswig-holstein.de/data/denkmalpflege/fotos/33878.jpg"
8571;"Bauliche Anlage";"Kreis Hzgt. Lauenburg";"Geesthacht, Stadt";"Hafenstraße 18";"Wohn- und Wirtschaftsgebäude";"Wohn- und Wirtschaftsgebäude; zwischen 1860-1880, Sanierung 1983/84; eingeschossiger, breitgelagerter Backsteinbau im Hallenhaustypus unter Satteldach mit geschnitzter Giebelzier, Ecklage";"Geschichtlich, Städtebaulich";"gesamtes Objekt";"https://opendata.schleswig-holstein.de/data/denkmalpflege/fotos/8571.jpg"
34041;"Bauliche Anlage";"Kreis Hzgt. Lauenburg";"Geesthacht, Stadt";"Heuweg 93 - 95";"Beamtenwohnhaus";"Beamtenwohnhaus; 1915; eingeschossiger Backsteinbau unter Walmdach mit bauzeitlichen Gauben, ehemaliges Wohnhaus für höhere Angestellte der Pulverfabrik Düneberg";"Geschichtlich, Städtebaulich";"Beamtenwohnhaus, Hofgebäude";"https://opendata.schleswig-holstein.de/data/denkmalpflege/fotos/34041.jpg"
34076;"Bauliche Anlage";"Kreis Hzgt. Lauenburg";"Geesthacht, Stadt";"Höchelsberg 2 a";"Ehrenmal für die Gefallenen beider Weltkriege";"Ehrenmal für die Opfer der Weltkriege; 1964, Künstler Siegfried Assmann; auf einer Lichtung des Waldfriedhofs situierte überlebensgroße Sandsteinskulptur auf betongefassten Sockelfläche";"Geschichtlich, Künstlerisch, Städtebaulich";"gesamtes Objekt";"https://opendata.schleswig-holstein.de/data/denkmalpflege/fotos/34076.jpg"
34337;"Bauliche Anlage";"Kreis Hzgt. Lauenburg";"Geesthacht, Stadt";"Johannes-Ritter-Straße 100";"Thekla-Haus, Sanatoriumsgebäude";"Thekla-Haus, Sanatoriumsgebäude; 1899, Architekt Martin Haller;  Kernbau der ehem. Lungenheilanstalt auf H-förmigem Grundriss, zwei zweigeschossige, parallele Baukörper im Schweizerstil mit zentralem Verbindungsbau, die Südfassade mit charakteristischen Liegeterrassen und Turmlaterne, im Innern teilweise bauzeitliche Ausstattung und Raumgliederung erhalten";"Geschichtlich, Städtebaulich, Wissenschaftlich";"gesamtes Objekt";"https://opendata.schleswig-holstein.de/data/denkmalpflege/fotos/34337.jpg"
34359;"Bauliche Anlage";"Kreis Hzgt. Lauenburg";"Geesthacht, Stadt";"Johannes-Ritter-Straße 100";"Susannenhaus, Sanatoriumsgebäude";"Susannenhaus, Sanatoriumsgebäude; 1912;  breit gelagerter ein- bis viergeschossiger Backsteinbau auf verputztem Erd- bzw. Sockelgeschoss mit Mansarddächern, additiv aufgegliederte Südfassade mit Zwerchgiebeln, Türmchen und charakteristischen Liegeterrassen und -balkonen";"Geschichtlich, Städtebaulich";"gesamtes Objekt";"https://opendata.schleswig-holstein.de/data/denkmalpflege/fotos/34359.jpg"
34363;"Bauliche Anlage";"Kreis Hzgt. Lauenburg";"Geesthacht, Stadt";"Johannes-Ritter-Straße 100 h";"1. Arztwohnhaus, Wohnhaus Dr. Ritter";"1. Arztwohnhaus, Wohnhaus Johannes Ritter; 1902, wohl Architekt Martin Haller; zweigeschossiger Putzbau im Schweizerstil auf hohem Sockel mit Satteldach, nach Norden schmaler Eingangsrisalit mit hölzernem Vorbau, Drempel und Giebel holzverschalt";"Geschichtlich, Städtebaulich";"gesamtes Objekt";"https://opendata.schleswig-holstein.de/data/denkmalpflege/fotos/34363.jpg"
34369;"Bauliche Anlage";"Kreis Hzgt. Lauenburg";"Geesthacht, Stadt";"Johannes-Ritter-Straße 100";"Wasserspeicher mit Aussichtsturm";"Wasserspeicher mit Aussichtsturm; 1911, 1914; zylindrischer Hochbehälter, gemauert und verputzt, darauf seit 1914 gerüstartiger Stahlgitterturm mit hexagonaler Plattform, außen umlaufende Stahltreppe mit gemauertem Fuß, südlich jüngerer Backsteinanbau als Pumpenraum mit zusätzlichem Tank";"Geschichtlich, Städtebaulich, Technisch";"gesamtes Objekt";"https://opendata.schleswig-holstein.de/data/denkmalpflege/fotos/34369.jpg"
2964;"Bauliche Anlage";"Kreis Hzgt. Lauenburg";"Geesthacht, Stadt";"Kirchenstieg 1";"Kirche St. Salvatoris mit Ausstattung";"Kirche St. Salvatoris; 1685; Saalkirche in Fachwerkbauweise mit polygonalem Chorabschluss, hölzerner Turmanbau von 1691, das Innere mit 1841 eingebauten Seitenemporen und historischer Ausstattung";"Geschichtlich, Künstlerisch, Städtebaulich";"gesamtes Objekt";"https://opendata.schleswig-holstein.de/data/denkmalpflege/fotos/2964.jpg"
33452;"Bauliche Anlage";"Kreis Hzgt. Lauenburg";"Geesthacht, Stadt";"Kirchenstieg 1";"Pastorat";"Pastorat; 1915-17; mehrgliedrige Anlage mit Pastorat, Kirchenbüro und Gemeindesaal, überwiegend zweigeschossige Backsteinbauten unter Walmdach in reduzierter neobarocker Formensprache";"Geschichtlich, Städtebaulich";"gesamtes Objekt";"https://opendata.schleswig-holstein.de/data/denkmalpflege/fotos/33452.jpg"
28369;"Bauliche Anlage";"Kreis Hzgt. Lauenburg";"Geesthacht, Stadt";"Kronsberg 9";"Direktorenvilla";"Direktorenvilla; 1917, Architektengemeinschaft Hermann Distel & August Grubitz; qualitätvoll gestalteter Klinkerbau unter steilem Walmdach in repräsentativer Hanglage; mit Böschungsmauer";"Geschichtlich, Künstlerisch, Städtebaulich";"Direktorenvilla, Böschungsmauer";"https://opendata.schleswig-holstein.de/data/denkmalpflege/fotos/28369.jpg"
34018;"Bauliche Anlage";"Kreis Hzgt. Lauenburg";"Geesthacht, Stadt";"Krümmelstraße 22";"ehem. Schulhaus";"ehem. Schulhaus; 1897; eingeschossiger Putzbau mit ausgebautem Drempelgeschoss unter Satteldach, achsensymmetrische Fassadengliederung mit spätklassizistischen Gestaltungselementen";"Geschichtlich, Städtebaulich";"gesamtes Objekt";"https://opendata.schleswig-holstein.de/data/denkmalpflege/fotos/34018.jpg"
10457;"Bauliche Anlage";"Kreis Hzgt. Lauenburg";"Geesthacht, Stadt";"Lichterfelder Straße 21";"Wohnhaus";"Wohnhaus; im Kern um 1880-85, 1912 umgestaltet; zweigeschossiger, traufständiger Putzbau mit zurückhaltender, aber im Detail qualitätvoller Fassadengestaltung aus der Umbauphase von 1912";"Geschichtlich, Städtebaulich";"gesamtes Objekt";"https://opendata.schleswig-holstein.de/data/denkmalpflege/fotos/10457.jpg"
4025;"Bauliche Anlage";"Kreis Hzgt. Lauenburg";"Geesthacht, Stadt";"Lichterfelder Straße 27 - 29";"ehem. Verwaltungsgebäude";"ehem. Verwaltungsgebäude; 1912, Architektengemeinschaft Hermann Distel & Wilhelm F. Rück; repräsentativer Mauerwerksbau mit Anleihen an Jugendstil, Expressionismus und Neobarock";"Geschichtlich, Künstlerisch, Städtebaulich";"gesamtes Objekt";"https://opendata.schleswig-holstein.de/data/denkmalpflege/fotos/4025.jpg"
33617;"Bauliche Anlage";"Kreis Hzgt. Lauenburg";"Geesthacht, Stadt";"Markt 11";"ehem. Gasthof Deutsches Haus";"ehem. Gasthof 'Deutsches Haus'; 1899, Umbau 1990-92; zweigeschossiger, traufständiger Putzbau unter Walmdach mit Kniestock und Schieferdeckung, aufwändige historistische Fassadengestaltung";"Geschichtlich, Städtebaulich";"gesamtes Äußeres";"https://opendata.schleswig-holstein.de/data/denkmalpflege/fotos/33617.jpg"
33667;"Bauliche Anlage";"Kreis Hzgt. Lauenburg";"Geesthacht, Stadt";"Mühlenstraße 61";"Mehrfamilienwohnhaus";"Mehrfamilienwohnhaus; Ende 19. Jh.; zweigeschossiger, backsteinsichtiger Mauerwerksbau unter Satteldach, mit ausgewogener, zeittypischer Fassadengliederung, in prominenter Ecklage";"Geschichtlich, Städtebaulich";"gesamtes Äußeres";"https://opendata.schleswig-holstein.de/data/denkmalpflege/fotos/33667.jpg"
34153;"Bauliche Anlage";"Kreis Hzgt. Lauenburg";"Geesthacht, Stadt";"Neuer Krug 1";"Beamtenwohnhaus";"Beamtenwohnhaus; um 1915; kubischer, zweigeschossiger Backsteinbau unter Walmdach mit bauzeitlichen Gauben, ehemaliges Wohnhaus für höhere Angestellte der Pulverfabrik Düneberg";"Geschichtlich, Städtebaulich";"gesamtes Objekt";""
34045;"Bauliche Anlage";"Kreis Hzgt. Lauenburg";"Geesthacht, Stadt";"Neuer Krug 4";"ehem. Konsumanstalt";"ehem. Konsumanstalt; 1906-07; zweigeschossiger, traufständiger Backsteinbau mit Drempelgeschoss unter Satteldach, Fassaden mit zeittypischer Putzgliederung, ehemaliger Betsaal im Gebäudeinneren";"Geschichtlich, Städtebaulich";"gesamtes Objekt";"https://opendata.schleswig-holstein.de/data/denkmalpflege/fotos/34045.jpg"
23228;"Bauliche Anlage";"Kreis Hzgt. Lauenburg";"Geesthacht, Stadt";"Neuer Krug";"Christuskirche";"Christuskirche; 1956-57, Architekt Otto Andersen; charakteristischer Kirchenbau der Nachkriegsmoderne, freistehender Baukörper mit schlankem Glockenturm, Betonglasfenster von Claus Wallner";"Geschichtlich, Künstlerisch, Städtebaulich";"gesamtes Objekt";"https://opendata.schleswig-holstein.de/data/denkmalpflege/fotos/23228.jpg"
11275;"Bauliche Anlage";"Kreis Hzgt. Lauenburg";"Geesthacht, Stadt";"Nobelplatz 21";"Verwaltungsgebäude Dynamit-Nobel";"Verwaltungsgebäude Dynamit-Nobel; 1922-24, Architektengemeinschaft Hermann Distel & August Grubitz; repräsentativer Klinkerbau mit Backsteinornamentik in expressionistischer Formensprache";"Geschichtlich, Künstlerisch, Städtebaulich";"gesamtes Objekt";"https://opendata.schleswig-holstein.de/data/denkmalpflege/fotos/11275.jpg"
34163;"Bauliche Anlage";"Kreis Hzgt. Lauenburg";"Geesthacht, Stadt";"Otto-Hahn-Straße 5";"ehem. Feuerwache";"ehem. Feuerwache; 1940, Umbau 1953; zweigeschossiger Putzbau mit auskragenden Flachdächern und schlichter, rationaler Gestaltung, ehemaliges Funktionsgebäude der Sprengstofffabrik Krümmel";"Geschichtlich, Städtebaulich";"gesamtes Äußeres";""
29451;"Bauliche Anlage";"Kreis Hzgt. Lauenburg";"Geesthacht, Stadt";"Rathausstraße 8";"Stadt-Apotheke";"Stadt-Apotheke; 1838; zweigeschossiger, backsteinsichtiger Mauerwerksbau unter traufständigem Walmdach, an der Nordseite eingeschossiger Anbau; mit historischer Buche vor dem Haupteingang";"Geschichtlich, Städtebaulich";"gesamtes Äußeres, Buche";"https://opendata.schleswig-holstein.de/data/denkmalpflege/fotos/29451.jpg"
33686;"Bauliche Anlage";"Kreis Hzgt. Lauenburg";"Geesthacht, Stadt";"Rathausstraße 32 - 34";"Wohn- und Geschäftshaus";"Wohn- und Geschäftshaus; um 1910; zweigeschossiger Mauerwerksbau mit schiefergedecktem Berliner Dach, backsteinsichtige Fassaden mit vom Jugendstil beeinflusster Putzornamentik";"Geschichtlich, Städtebaulich";"gesamtes Äußeres";"https://opendata.schleswig-holstein.de/data/denkmalpflege/fotos/33686.jpg"
23189;"Bauliche Anlage";"Kreis Hzgt. Lauenburg";"Geesthacht, Stadt";"Reynoldstraße 13";"ehem. Werkstatthalle";"ehem. Werkstatthalle; 1921; sachlich und funktional gestalteter Eisenbetonskelettbau mit Mauerwerksausfachungen und backsteinsichtigen Fassaden; mit Schlingerstand von 1962";"Geschichtlich, Städtebaulich, Technisch";"ehem. Werkstatthalle, Schlingerstand";"https://opendata.schleswig-holstein.de/data/denkmalpflege/fotos/23189.jpg"
33294;"Bauliche Anlage";"Kreis Hzgt. Lauenburg";"Geesthacht, Stadt";"Silberberg 6";"Silberbergschule";"Silberbergschule; 1931-32, Architekt Werner Kallmorgen; zweigeschossiger, aus kubischen Baukörpern spannungsvoll komponierter Klinkerbau im Stil der Neuen Sachlichkeit";"Geschichtlich, Künstlerisch, Städtebaulich";"Silberbergschule, Ehrendenkmal";""
34070;"Bauliche Anlage";"Kreis Hzgt. Lauenburg";"Geesthacht, Stadt";"Steinberg";"Ehrenmal";"Ehrenmal; 1922; zum Gedenken an die Gefallenen des Ersten Weltkrieges errichtete Sandsteinstele auf runder Freifläche, auf Anhöhe gelegen und von einer geschwungenem Zuwegung erschlossen";"Geschichtlich, Künstlerisch, Städtebaulich";"Ehrenmal, Zuwegung und Freifläche";"https://opendata.schleswig-holstein.de/data/denkmalpflege/fotos/34070.jpg"
34080;"Bauliche Anlage";"Kreis Hzgt. Lauenburg";"Geesthacht, Stadt";"Steinstraße 45";"Wohnhaus";"Wohnhaus; Ende der 1940er Jahre; zweigeschossiger Klinkerbau in traditionalistischer Formensprache unter traufständigem Walmdach, bauzeitliche Sprossenfenster mit Werksteinlaibungen";"Geschichtlich, Städtebaulich";"gesamtes Objekt";"https://opendata.schleswig-holstein.de/data/denkmalpflege/fotos/34080.jpg"
13687;"Bauliche Anlage";"Kreis Hzgt. Lauenburg";"Geesthacht, Stadt";"Steinstraße 53 - 55";"Wohn- und Wirtschaftsgebäude";"Wohn- und Wirtschaftsgebäude; 1947, Architekt Kurt Publicatus; langgestreckter, traufständiger Backsteinbau im Stil der Heimatschutzarchitektur unter Kurzwalmdach mit Reeteindeckung";"Geschichtlich, Städtebaulich";"gesamtes Objekt";"https://opendata.schleswig-holstein.de/data/denkmalpflege/fotos/13687.jpg"
33979;"Bauliche Anlage";"Kreis Hzgt. Lauenburg";"Geesthacht, Stadt";"Vorwerk Hasenthal";"ehem. Schafstall mit Schäferwohnung";"ehem. Schafstall mit Schäferwohnung; 18. Jh.; langgestreckter, eingeschossiger Feldsteinbau unter Walmdach, im Innern offenes Dreiständerwerk aus Eichenholz mit gezapften Kopfbändern";"Geschichtlich, Kulturlandschaftlich";"gesamtes Objekt";"https://opendata.schleswig-holstein.de/data/denkmalpflege/fotos/33979.jpg"
20906;"Gründenkmal";"Kreis Hzgt. Lauenburg";"Geesthacht, Stadt";"Berliner Straße";"Alter Friedhof";"Alter Friedhof; 1879; lang gestreckte, parkartige Anlage mit gut überlieferter Wegeführung, zeittypisch gestalteten baulichen Elementen sowie historischer Vegetation";"Geschichtlich, Städtebaulich";"gesamtes Objekt";"https://opendata.schleswig-holstein.de/data/denkmalpflege/fotos/20906.jpg"
12331;"Gründenkmal";"Kreis Hzgt. Lauenburg";"Geesthacht, Stadt";"Kirchenstieg 1";"Kirchhof";"Kirchhof; im Ursprung von 1685; der Kirche St. Salvatoris vorgelagerte Grünfläche mit altem Baubestand und einzelnen, locker verteilten historischen Grabsteinen, von Feldsteinmauer eingefasst";"Geschichtlich, Kulturlandschaftlich";"Kirchhof, Grabmale bis 1870, Feldsteinmauer";"https://opendata.schleswig-holstein.de/data/denkmalpflege/fotos/12331.jpg"
6323;"Bauliche Anlage";"Kreis Hzgt. Lauenburg";"Göttin";"Dorfstraße 15";"Fachhallenhaus";"Alteintragung (Aktualisierung vorgesehen)";"";"Alteintragung (Aktualisierung vorgesehen)";"https://opendata.schleswig-holstein.de/data/denkmalpflege/fotos/6323.jpg"
40570;"Sachgesamtheit";"Kreis Hzgt. Lauenburg";"Grambek";"Ringstraße";"Kapelle St. Annen";"Aktualisierung vorgesehen";"Geschichtlich, Künstlerisch, Kulturlandschaftlich, Städtebaulich";"Kapelle St. Annen mit Ausstattung, Kirchhof, Feldsteinwall";"https://opendata.schleswig-holstein.de/data/denkmalpflege/fotos/40570.jpg"
4062;"Bauliche Anlage";"Kreis Hzgt. Lauenburg";"Grambek";"Ringstraße";"Kapelle St. Annen mit Ausstattung";"Alteintragung (Aktualisierung vorgesehen)";"Geschichtlich, Künstlerisch, Städtebaulich";"Alteintragung (Aktualisierung vorgesehen)";"https://opendata.schleswig-holstein.de/data/denkmalpflege/fotos/4062.jpg"
20783;"Gründenkmal";"Kreis Hzgt. Lauenburg";"Grambek";"Ringstraße";"Kirchhof";"Alteintragung (Aktualisierung vorgesehen)";"Geschichtlich, Kulturlandschaftlich";"Kirchhof, Feldsteinwall";"https://opendata.schleswig-holstein.de/data/denkmalpflege/fotos/20783.jpg"
40571;"Sachgesamtheit";"Kreis Hzgt. Lauenburg";"Groß Grönau";"Hauptstraße";"Kirche St. Willehad";"Aktualisierung vorgesehen";"Geschichtlich, Künstlerisch, Kulturlandschaftlich, Städtebaulich";"Kirche St. Willehad mit Ausstattung, Kirchhof";"https://opendata.schleswig-holstein.de/data/denkmalpflege/fotos/40571.jpg"
3049;"Bauliche Anlage";"Kreis Hzgt. Lauenburg";"Groß Grönau";"Am Fürstenhof 23";"sog. Fürstenhof";"Alteintragung (Aktualisierung vorgesehen)";"";"Alteintragung (Aktualisierung vorgesehen)";""
10711;"Bauliche Anlage";"Kreis Hzgt. Lauenburg";"Groß Grönau";"Am Vierth";"Pastoratsscheune";"Alteintragung (Aktualisierung vorgesehen)";"Geschichtlich, Kulturlandschaftlich, Wissenschaftlich";"Alteintragung (Aktualisierung vorgesehen)";"https://opendata.schleswig-holstein.de/data/denkmalpflege/fotos/10711.jpg"
7979;"Bauliche Anlage";"Kreis Hzgt. Lauenburg";"Groß Grönau";"Hauptstraße 21";"Fachhallenhaus";"Alteintragung (Aktualisierung vorgesehen)";"Geschichtlich, Kulturlandschaftlich, Wissenschaftlich";"gesamtes Objekt";""
3050;"Bauliche Anlage";"Kreis Hzgt. Lauenburg";"Groß Grönau";"Hauptstraße";"Kirche St. Willehad mit Ausstattung";"Alteintragung (Aktualisierung vorgesehen)";"Geschichtlich, Künstlerisch, Städtebaulich";"gesamtes Objekt";"https://opendata.schleswig-holstein.de/data/denkmalpflege/fotos/3050.jpg"
10712;"Gründenkmal";"Kreis Hzgt. Lauenburg";"Groß Grönau";"Hauptstraße";"Kirchhof";"Alteintragung (Aktualisierung vorgesehen)";"Geschichtlich, Kulturlandschaftlich";"gesamtes Objekt";"https://opendata.schleswig-holstein.de/data/denkmalpflege/fotos/10712.jpg"
29857;"Bauliche Anlage";"Kreis Hzgt. Lauenburg";"Groß Pampau";"Wiesenweg 3";"Räucherkate";"Räucherkate; 1761/62; eingeschossiger Fachwerkbau mit Backsteinausfachung unter reetgedecktem Walmdach, im Inneren die historische Raumstruktur sowie ein Schwibbogenherd erhalten";"Geschichtlich, Kulturlandschaftlich, Wissenschaftlich";"gesamtes Objekt";""
3672;"Bauliche Anlage";"Kreis Hzgt. Lauenburg";"Groß Sarau";"Rothenhusener Weg 1";"Fährhaus Rothenhusen";"Alteintragung (Aktualisierung vorgesehen)";"";"Alteintragung (Aktualisierung vorgesehen)";""
19875;"Gründenkmal";"Kreis Hzgt. Lauenburg";"Groß Sarau";"Schanzenberg 2";"Landhausgarten Seelust";"Alteintragung (Aktualisierung vorgesehen)";"Geschichtlich, Künstlerisch, Kulturlandschaftlich";"Landhausgarten 'Seelust', Seerosenbecken, reetgedeckter Pavillon, Grabstelle Gustav Hellmann, Pergola von 1938, große Freiterrasse";""
36258;"Sachgesamtheit";"Kreis Hzgt. Lauenburg";"Gudow";"Hauptstraße 20";"Pastoratshof";"Aktualisierung vorgesehen";"Geschichtlich, Kulturlandschaftlich, Städtebaulich";"Pastorat, Fachwerkscheune, ehem. Schweinestall, ehem. Backhaus, Einfriedung";"https://opendata.schleswig-holstein.de/data/denkmalpflege/fotos/36258.jpg"
36262;"Sachgesamtheit";"Kreis Hzgt. Lauenburg";"Gudow";"Hauptstraße 22";"Kirche St. Marien Gudow";"Aktualisierung vorgesehen";"Geschichtlich, Künstlerisch, Kulturlandschaftlich, Städtebaulich";"Kirche St. Marien mit Ausstattung, Kirchhof, Kirchhofsmauer, drei Pforten mit Granitquaderpfeilern";"https://opendata.schleswig-holstein.de/data/denkmalpflege/fotos/36262.jpg"
1375;"Bauliche Anlage";"Kreis Hzgt. Lauenburg";"Gudow";"Hauptstraße 20";"Pastorat";"Alteintragung (Aktualisierung vorgesehen)";"Geschichtlich, Kulturlandschaftlich";"Alteintragung (Aktualisierung vorgesehen)";"https://opendata.schleswig-holstein.de/data/denkmalpflege/fotos/1375.jpg"
1376;"Bauliche Anlage";"Kreis Hzgt. Lauenburg";"Gudow";"Hauptstraße 20";"Fachwerkscheune";"Alteintragung (Aktualisierung vorgesehen)";"Geschichtlich, Kulturlandschaftlich";"Alteintragung (Aktualisierung vorgesehen)";"https://opendata.schleswig-holstein.de/data/denkmalpflege/fotos/1376.jpg"
1377;"Bauliche Anlage";"Kreis Hzgt. Lauenburg";"Gudow";"Hauptstraße 20";"ehem. Schweinestall";"Alteintragung (Aktualisierung vorgesehen)";"Geschichtlich, Kulturlandschaftlich";"Alteintragung (Aktualisierung vorgesehen)";"https://opendata.schleswig-holstein.de/data/denkmalpflege/fotos/1377.jpg"
1378;"Bauliche Anlage";"Kreis Hzgt. Lauenburg";"Gudow";"Hauptstraße 20";"ehem. Backhaus";"Alteintragung (Aktualisierung vorgesehen)";"Geschichtlich, Kulturlandschaftlich";"Alteintragung (Aktualisierung vorgesehen)";""
1379;"Bauliche Anlage";"Kreis Hzgt. Lauenburg";"Gudow";"Hauptstraße 20";"Einfriedung";"Alteintragung (Aktualisierung vorgesehen)";"Geschichtlich, Kulturlandschaftlich";"Alteintragung (Aktualisierung vorgesehen)";"https://opendata.schleswig-holstein.de/data/denkmalpflege/fotos/1379.jpg"
3062;"Bauliche Anlage";"Kreis Hzgt. Lauenburg";"Gudow";"Hauptstraße 22";"Kirche St. Marien mit Ausstattung";"Alteintragung (Aktualisierung vorgesehen)";"Geschichtlich, Künstlerisch, Kulturlandschaftlich";"gesamtes Objekt";"https://opendata.schleswig-holstein.de/data/denkmalpflege/fotos/3062.jpg"
913;"Bauliche Anlage";"Kreis Hzgt. Lauenburg";"Gudow";"Hauptstraße 27 - 31";"ehem. Hospital des Gutes";"Alteintragung (Aktualisierung vorgesehen)";"Geschichtlich, Kulturlandschaftlich";"Alteintragung (Aktualisierung vorgesehen)";"https://opendata.schleswig-holstein.de/data/denkmalpflege/fotos/913.jpg"
866;"Bauliche Anlage";"Kreis Hzgt. Lauenburg";"Gudow";"Hofweg";"Herrenhaus";"Alteintragung (Aktualisierung vorgesehen)";"Geschichtlich, Kulturlandschaftlich";"Alteintragung (Aktualisierung vorgesehen)";"https://opendata.schleswig-holstein.de/data/denkmalpflege/fotos/866.jpg"
910;"Bauliche Anlage";"Kreis Hzgt. Lauenburg";"Gudow";"Hofweg";"nördliches Torgebäude";"Alteintragung (Aktualisierung vorgesehen)";"Geschichtlich, Kulturlandschaftlich";"Alteintragung (Aktualisierung vorgesehen)";"https://opendata.schleswig-holstein.de/data/denkmalpflege/fotos/910.jpg"
1178;"Bauliche Anlage";"Kreis Hzgt. Lauenburg";"Gudow";"Hofweg";"südliches Torgebäude";"Alteintragung (Aktualisierung vorgesehen)";"";"Alteintragung (Aktualisierung vorgesehen)";"https://opendata.schleswig-holstein.de/data/denkmalpflege/fotos/1178.jpg"
19977;"Bauliche Anlage";"Kreis Hzgt. Lauenburg";"Gudow";"Hofweg";"Toranlage";"Alteintragung (Aktualisierung vorgesehen)";"Geschichtlich, Kulturlandschaftlich";"Alteintragung (Aktualisierung vorgesehen)";"https://opendata.schleswig-holstein.de/data/denkmalpflege/fotos/19977.jpg"
19149;"Gründenkmal";"Kreis Hzgt. Lauenburg";"Gudow";"Hauptstraße 22";"Kirchhof";"Alteintragung (Aktualisierung vorgesehen)";"Geschichtlich, Kulturlandschaftlich";"Kirchhof, Kirchhofsmauer, drei Pforten mit Granitquaderpfeilern";"https://opendata.schleswig-holstein.de/data/denkmalpflege/fotos/19149.jpg"
912;"Gründenkmal";"Kreis Hzgt. Lauenburg";"Gudow";"Hofweg";"Tiergartenallee (Eichen)";"Alteintragung (Aktualisierung vorgesehen)";"Geschichtlich, Künstlerisch";"gesamtes Objekt";"https://opendata.schleswig-holstein.de/data/denkmalpflege/fotos/912.jpg"
1330;"Gründenkmal";"Kreis Hzgt. Lauenburg";"Gudow";"Hofweg";"Parkanlage";"Alteintragung (Aktualisierung vorgesehen)";"Geschichtlich, Künstlerisch, Kulturlandschaftlich";"gesamtes Objekt";"https://opendata.schleswig-holstein.de/data/denkmalpflege/fotos/1330.jpg"
19978;"Gründenkmal";"Kreis Hzgt. Lauenburg";"Gudow";"Hofweg";"östliche Zufahrtsallee (Linden)";"Alteintragung (Aktualisierung vorgesehen)";"Geschichtlich, Kulturlandschaftlich";"gesamtes Objekt";"https://opendata.schleswig-holstein.de/data/denkmalpflege/fotos/19978.jpg"
36638;"Sachgesamtheit";"Kreis Hzgt. Lauenburg";"Gülzow";"Hauptstraße";"Kirche St. Petri";"Aktualisierung vorgesehen";"Geschichtlich, Künstlerisch, Kulturlandschaftlich, Städtebaulich";"Kirche St. Petri mit Ausstattung, Kirchhof, Grabmale bis 1870, Feldsteinwall, Eichenkranz";"https://opendata.schleswig-holstein.de/data/denkmalpflege/fotos/36638.jpg"
11375;"Bauliche Anlage";"Kreis Hzgt. Lauenburg";"Gülzow";"Fasanenhaus";"Jagdpavillon";"Alteintragung (Aktualisierung vorgesehen)";"";"Alteintragung (Aktualisierung vorgesehen)";"https://opendata.schleswig-holstein.de/data/denkmalpflege/fotos/11375.jpg"
8000;"Bauliche Anlage";"Kreis Hzgt. Lauenburg";"Gülzow";"Gut Gülzow";"Burgplatz";"Alteintragung (Aktualisierung vorgesehen)";"";"Alteintragung (Aktualisierung vorgesehen)";"https://opendata.schleswig-holstein.de/data/denkmalpflege/fotos/8000.jpg"
8001;"Bauliche Anlage";"Kreis Hzgt. Lauenburg";"Gülzow";"Gut Gülzow";"sog. Brauhaus";"Alteintragung (Aktualisierung vorgesehen)";"";"Alteintragung (Aktualisierung vorgesehen)";"https://opendata.schleswig-holstein.de/data/denkmalpflege/fotos/8001.jpg"
8005;"Bauliche Anlage";"Kreis Hzgt. Lauenburg";"Gülzow";"Gut Gülzow";"Mausoleum Fischer";"Alteintragung (Aktualisierung vorgesehen)";"";"Alteintragung (Aktualisierung vorgesehen)";"https://opendata.schleswig-holstein.de/data/denkmalpflege/fotos/8005.jpg"
8006;"Bauliche Anlage";"Kreis Hzgt. Lauenburg";"Gülzow";"Gut Gülzow";"sog. Rendantenhaus";"Alteintragung (Aktualisierung vorgesehen)";"";"Alteintragung (Aktualisierung vorgesehen)";"https://opendata.schleswig-holstein.de/data/denkmalpflege/fotos/8006.jpg"
8007;"Bauliche Anlage";"Kreis Hzgt. Lauenburg";"Gülzow";"Gut Gülzow";"Gartenmauern und Torbauten";"Alteintragung (Aktualisierung vorgesehen)";"";"Alteintragung (Aktualisierung vorgesehen)";"https://opendata.schleswig-holstein.de/data/denkmalpflege/fotos/8007.jpg"
8008;"Bauliche Anlage";"Kreis Hzgt. Lauenburg";"Gülzow";"Gut Gülzow";"Mausoleum Kielmannsegg";"Alteintragung (Aktualisierung vorgesehen)";"";"Alteintragung (Aktualisierung vorgesehen)";"https://opendata.schleswig-holstein.de/data/denkmalpflege/fotos/8008.jpg"
11371;"Bauliche Anlage";"Kreis Hzgt. Lauenburg";"Gülzow";"Gut Gülzow";"2 Ziegelbogenbrücken über die Linau";"Alteintragung (Aktualisierung vorgesehen)";"";"Alteintragung (Aktualisierung vorgesehen)";""
3063;"Bauliche Anlage";"Kreis Hzgt. Lauenburg";"Gülzow";"Hauptstraße";"Kirche St. Petri mit Ausstattung";"Alteintragung (Aktualisierung vorgesehen)";"Geschichtlich, Künstlerisch, Städtebaulich";"gesamtes Objekt";"https://opendata.schleswig-holstein.de/data/denkmalpflege/fotos/3063.jpg"
8003;"Gründenkmal";"Kreis Hzgt. Lauenburg";"Gülzow";"Gut Gülzow";"ehem. Gutsgarten";"Alteintragung (Aktualisierung vorgesehen)";"Geschichtlich, Kulturlandschaftlich";"gesamtes Objekt";"https://opendata.schleswig-holstein.de/data/denkmalpflege/fotos/8003.jpg"
11370;"Gründenkmal";"Kreis Hzgt. Lauenburg";"Gülzow";"Gut Gülzow";"Gräben und Teiche im ehem. Gutsgarten";"Alteintragung (Aktualisierung vorgesehen)";"Geschichtlich, Kulturlandschaftlich";"gesamtes Objekt";"https://opendata.schleswig-holstein.de/data/denkmalpflege/fotos/11370.jpg"
11366;"Gründenkmal";"Kreis Hzgt. Lauenburg";"Gülzow";"Hauptstraße";"Kirchhof";"Alteintragung (Aktualisierung vorgesehen)";"Geschichtlich, Kulturlandschaftlich";"Kirchhof, Grabmale bis 1870, Feldsteinwall, Eichenkranz";"https://opendata.schleswig-holstein.de/data/denkmalpflege/fotos/11366.jpg"
40572;"Sachgesamtheit";"Kreis Hzgt. Lauenburg";"Hamwarde";"Dorfstraße 2, Dreiecksplatz";"Kirche Hamwarde";"Kirche St. Jacobi; 1847/48; historische und städtebauliche Einheit bestehend aus der Kirche St. Jacobi, dem Kirchhof mit Lindenkranz, Böschungsmauer und Kirchhofspforten sowie dem Pastorat von 1817";"Geschichtlich, Künstlerisch, Kulturlandschaftlich, Städtebaulich";"Kirche mit Ausstattung, Kirchhof mit Lindenkranz, Kirchhofspforten, Feldstein-Böschungsmauer (Dreiecksplatz); Pastorat (Dorfstraße 2)";"https://opendata.schleswig-holstein.de/data/denkmalpflege/fotos/40572.jpg"
27598;"Bauliche Anlage";"Kreis Hzgt. Lauenburg";"Hamwarde";"Dorfstraße 2";"Pastorat";"Pastorat; 1817; langgestreckter, traufständiger Fachwerkbau unter Reetdach, die für ein Fachhallenhaus in Zweiständerbauweise typische Innenstruktur ist in den Grundzügen erhalten";"Geschichtlich, Städtebaulich";"gesamtes Objekt";"https://opendata.schleswig-holstein.de/data/denkmalpflege/fotos/27598.jpg"
3071;"Bauliche Anlage";"Kreis Hzgt. Lauenburg";"Hamwarde";"Dreiecksplatz";"Kirche mit Ausstattung";"Kirche St. Jacobi; 1847/48, Landesbauinspektor Georg Wilhelm Timmermann; spätklassizistische, backsteinsichtige Saalkirche mit hohem Feldsteinsockel, Walmdach und Westturm mit achtseitigem Helm";"Geschichtlich, Künstlerisch, Städtebaulich";"gesamtes Objekt";"https://opendata.schleswig-holstein.de/data/denkmalpflege/fotos/3071.jpg"
40573;"Sachgesamtheit";"Kreis Hzgt. Lauenburg";"Hohenhorn";"Dorfstraße";"Kirche St. Nicolai";"Aktualisierung vorgesehen";"Geschichtlich, Künstlerisch, Kulturlandschaftlich, Städtebaulich";"Kirche St. Nicolai mit Ausstattung, Kirchhof, Grabmale bis 1870, Feldsteinmauer, Lindenkranz";"https://opendata.schleswig-holstein.de/data/denkmalpflege/fotos/40573.jpg"
3099;"Bauliche Anlage";"Kreis Hzgt. Lauenburg";"Hohenhorn";"Dorfstraße";"Kirche St. Nicolai mit Ausstattung";"Alteintragung (Aktualisierung vorgesehen)";"Geschichtlich, Künstlerisch, Städtebaulich";"gesamtes Objekt";"https://opendata.schleswig-holstein.de/data/denkmalpflege/fotos/3099.jpg"
35340;"Bauliche Anlage";"Kreis Hzgt. Lauenburg";"Hohenhorn";"Steinbergweg 6";"Pastorat";"Pastorat; um 1920-1923, Architekt Küntzel u. Koebke; zweigeschossiger Backsteinbau auf L-förmigem Grundriss, Walmdächer, sachliche Formen des Heimatschutzes, großes Gartengrundstück mit altem Eichenbestand und Findlingen";"Geschichtlich, Kulturlandschaftlich";"gesamtes Objekt";"https://opendata.schleswig-holstein.de/data/denkmalpflege/fotos/35340.jpg"
19849;"Gründenkmal";"Kreis Hzgt. Lauenburg";"Hohenhorn";"Dorfstraße";"Kirchhof";"Alteintragung (Aktualisierung vorgesehen)";"Geschichtlich, Kulturlandschaftlich";"Kirchhof, Grabmale bis 1870, Feldsteinmauer, Lindenkranz";"https://opendata.schleswig-holstein.de/data/denkmalpflege/fotos/19849.jpg"
6452;"Bauliche Anlage";"Kreis Hzgt. Lauenburg";"Hornbek";"Apfelblütenweg 6";"Hofstelle: Haupthaus";"Alteintragung (Aktualisierung vorgesehen)";"";"Alteintragung (Aktualisierung vorgesehen)";""
7381;"Bauliche Anlage";"Kreis Hzgt. Lauenburg";"Hornbek";"Apfelblütenweg 6";"Hofstelle: Backhaus";"Alteintragung (Aktualisierung vorgesehen)";"";"Alteintragung (Aktualisierung vorgesehen)";""
9997;"Bauliche Anlage";"Kreis Hzgt. Lauenburg";"Horst";"Althorst";"Dreifeldbogenbrücke";"Alteintragung (Aktualisierung vorgesehen)";"Geschichtlich, Künstlerisch, Kulturlandschaftlich, Technisch, Wissenschaftlich";"gesamtes Objekt";""
5209;"Bauliche Anlage";"Kreis Hzgt. Lauenburg";"Juliusburg";"Am Teich 6";"Hofplatz Krüzmann";"Alteintragung (Aktualisierung vorgesehen)";"Geschichtlich, Kulturlandschaftlich";"gesamtes Objekt";"https://opendata.schleswig-holstein.de/data/denkmalpflege/fotos/5209.jpg"
31998;"Bauliche Anlage";"Kreis Hzgt. Lauenburg";"Juliusburg";"Am Teich";"Pflasterstraße";"Alteintragung (Aktualisierung vorgesehen)";"Geschichtlich, Kulturlandschaftlich";"Alteintragung (Aktualisierung vorgesehen)";""
2210;"Bauliche Anlage";"Kreis Hzgt. Lauenburg";"Juliusburg";"Dorfstraße";"Pflasterstraße";"Alteintragung (Aktualisierung vorgesehen)";"Geschichtlich, Kulturlandschaftlich";"Alteintragung (Aktualisierung vorgesehen)";"https://opendata.schleswig-holstein.de/data/denkmalpflege/fotos/2210.jpg"
5207;"Gründenkmal";"Kreis Hzgt. Lauenburg";"Juliusburg";"Dorfstraße";"Dorfanger";"Alteintragung (Aktualisierung vorgesehen)";"Geschichtlich, Kulturlandschaftlich";"gesamtes Objekt";"https://opendata.schleswig-holstein.de/data/denkmalpflege/fotos/5207.jpg"
13295;"Bauliche Anlage";"Kreis Hzgt. Lauenburg";"Kankelau";"Am Brink";"Dorfplatz Am Brink mit Baumkranz";"Alteintragung (Aktualisierung vorgesehen)";"Geschichtlich, Kulturlandschaftlich, Städtebaulich";"Dorfplatz 'Am Brink' mit Baumkranz, Ehrenmal  Weltkriege, umlaufendes Feldsteintrockenmauerwerk, Gehölzbestand";"https://opendata.schleswig-holstein.de/data/denkmalpflege/fotos/13295.jpg"
123;"Bauliche Anlage";"Kreis Hzgt. Lauenburg";"Kankelau";"Talkauer Weg 2";"Fachhallenhaus";"Alteintragung (Aktualisierung vorgesehen)";"";"Alteintragung (Aktualisierung vorgesehen)";""
915;"Bauliche Anlage";"Kreis Hzgt. Lauenburg";"Kastorf";"Alter Hof 8";"Verwalterhaus: westlicher Flankenbau";"Alteintragung (Aktualisierung vorgesehen)";"";"Alteintragung (Aktualisierung vorgesehen)";""
1391;"Bauliche Anlage";"Kreis Hzgt. Lauenburg";"Kastorf";"Alter Hof 8";"Verwalterhaus";"Alteintragung (Aktualisierung vorgesehen)";"";"Alteintragung (Aktualisierung vorgesehen)";""
1392;"Bauliche Anlage";"Kreis Hzgt. Lauenburg";"Kastorf";"Alter Hof 8";"Verwalterhaus: nördlicher Flankenbau";"Alteintragung (Aktualisierung vorgesehen)";"";"Alteintragung (Aktualisierung vorgesehen)";""
914;"Bauliche Anlage";"Kreis Hzgt. Lauenburg";"Kastorf";"Alter Hof 11";"Herrenhaus";"Alteintragung (Aktualisierung vorgesehen)";"";"Alteintragung (Aktualisierung vorgesehen)";"https://opendata.schleswig-holstein.de/data/denkmalpflege/fotos/914.jpg"
192;"Bauliche Anlage";"Kreis Hzgt. Lauenburg";"Kittlitz";"Niendorf 7 - 7a";"Gut Niendorf: Herrenhaus 1762/1844";"Alteintragung (Aktualisierung vorgesehen)";"";"Alteintragung (Aktualisierung vorgesehen)";"https://opendata.schleswig-holstein.de/data/denkmalpflege/fotos/192.jpg"
194;"Bauliche Anlage";"Kreis Hzgt. Lauenburg";"Kittlitz";"Niendorf 7 - 7a";"Gut Niendorf: südl. Scheune";"Alteintragung (Aktualisierung vorgesehen)";"";"Alteintragung (Aktualisierung vorgesehen)";"https://opendata.schleswig-holstein.de/data/denkmalpflege/fotos/194.jpg"
195;"Bauliche Anlage";"Kreis Hzgt. Lauenburg";"Kittlitz";"Niendorf 7 - 7a";"Gut Niendorf: nördl. Scheune";"Alteintragung (Aktualisierung vorgesehen)";"";"Alteintragung (Aktualisierung vorgesehen)";"https://opendata.schleswig-holstein.de/data/denkmalpflege/fotos/195.jpg"
52460;"Bauliche Anlage";"Kreis Hzgt. Lauenburg";"Klein Zecher";"Am Tiergarten  1";"Wohnhaus";"Wohnhaus; 18./19. Jh.; eingeschossiger Fachwerkbau, Sockel aus Feldsteinmauerwerk, Kurzwalmdach mit Kronendeckung, Hauseingang loggienartig zurückgesetzt. Teilweise befestigte Hoffläche, Einfriedung aus Feldsteinmauerwerk";"Geschichtlich, Kulturlandschaftlich, Städtebaulich";"Wohnhaus, Hoffläche, Einfriedung";"https://opendata.schleswig-holstein.de/data/denkmalpflege/fotos/52460.jpg"
3305;"Bauliche Anlage";"Kreis Hzgt. Lauenburg";"Köthel";"Grootkoppel";"Franzosenbrücke";"Alteintragung (Aktualisierung vorgesehen)";"";"Alteintragung (Aktualisierung vorgesehen)";""
9319;"Bauliche Anlage";"Kreis Hzgt. Lauenburg";"Köthel";"In de Grund 1";"Fachhallenhaus";"Fachhallenhaus; im Kern 1744; eingeschossiger Fachwerkbau mit Eichenfachwerk und reetgedecktem Halbwalmdach, Fachwerkbestand und Binnenstruktur umfangreich erhalten";"Geschichtlich, Kulturlandschaftlich";"gesamtes Objekt";"https://opendata.schleswig-holstein.de/data/denkmalpflege/fotos/9319.jpg"
10456;"Bauliche Anlage";"Kreis Hzgt. Lauenburg";"Kröppelshagen-Fahrendorf";"Frachtweg 2 - 4";"Wohn- und Wirtschaftsgebäude";"Wohn- und Wirtschaftsgebäude; 1830; eingeschossiges, überwiegend gemauertes Fachhallenhaus mit backsteinsichtigen Fassaden unter Reetdach, die Innenstruktur ist in ihren Grundzügen erhalten";"Geschichtlich, Kulturlandschaftlich";"gesamtes Objekt";"https://opendata.schleswig-holstein.de/data/denkmalpflege/fotos/10456.jpg"
3890;"Bauliche Anlage";"Kreis Hzgt. Lauenburg";"Kröppelshagen-Fahrendorf";"Frachtweg 15";"Fachhallenkate";"Fachhallenkate; ca. 1780; ehem. Rauchhaus, eingeschossiger Fachwerkbau mit reetgedecktem Halbwalmdach, die westliche Giebelseite mit Grootdör, nach Osten Obergeschoss leicht vorkragend";"Geschichtlich, Kulturlandschaftlich";"gesamtes Objekt";"https://opendata.schleswig-holstein.de/data/denkmalpflege/fotos/3890.jpg"
35888;"Sachgesamtheit";"Kreis Hzgt. Lauenburg";"Krukow";"Hauptstraße 21";"Hofanlage Hauptstraße 21";"Hofanlage Hauptstraße 21; ab 1870; historisches und regionaltypisches Ensemble bestehend aus Haupthaus, Fachwerkscheune, Hausbäumen und Einfriedung mit Zufahrtspfeilern";"Geschichtlich, Kulturlandschaftlich";"Haupthaus mit Einfriedung mit Zufahrtspfeilern, Hausbäume; Fachwerkscheune";"https://opendata.schleswig-holstein.de/data/denkmalpflege/fotos/35888.jpg"
23484;"Bauliche Anlage";"Kreis Hzgt. Lauenburg";"Krukow";"Hauptstraße 21";"Haupthaus";"Haupthaus; vermutlich um 1910; zweigeschossiger Mauerwerksbau mit Wirtschafts- und Wohnteil unter Satteldach; mit Hausbäumen und Einfriedung mit Zufahrtspfeilern";"Geschichtlich, Kulturlandschaftlich";"Haupthaus, Einfriedung mit Zufahrtspfeilern, Hausbäume";"https://opendata.schleswig-holstein.de/data/denkmalpflege/fotos/23484.jpg"
23488;"Bauliche Anlage";"Kreis Hzgt. Lauenburg";"Krukow";"Vor den Hainbuchen 1";"Hallenhaus";"Hallenhaus; 1866; regionaltypisches Hallenhaus unter reetgedecktem Halbwalmdach, Wohnteil gemauert, Wirtschaftsteil in Fachwerk mit Backsteinausfachung; mit Nebengebäude, Hausbaum und Einfriedung";"Geschichtlich, Kulturlandschaftlich";"Hallenhaus, Nebengebäude, Einfriedung, Hausbaum";"https://opendata.schleswig-holstein.de/data/denkmalpflege/fotos/23488.jpg"
23490;"Bauliche Anlage";"Kreis Hzgt. Lauenburg";"Krukow";"Vor den Hainbuchen 5";"Fachhallenhaus";"Fachhallenhaus; um 1860; anschaulich erhaltenes, regionaltypisches Fachhallenhaus mit Backsteinausfachung und zum Teil noch reetgedecktem Halbwalmdach";"Geschichtlich, Kulturlandschaftlich";"gesamtes Objekt";"https://opendata.schleswig-holstein.de/data/denkmalpflege/fotos/23490.jpg"
23489;"Bauliche Anlage";"Kreis Hzgt. Lauenburg";"Krukow";"Vor den Hainbuchen 6";"Fachhallenhaus";"Fachhallenhaus; 1844; regionaltypisches Fachhallenhaus mit Backsteinausfachung und zum Teil noch reetgedecktem Halbwalmdach; mit Hausbäumen und Einfriedung mit Zufahrtspfeilern";"Geschichtlich, Kulturlandschaftlich";"Fachhallenhaus, Einfriedung mit Zufahrtspfeilern, Hausbäume";"https://opendata.schleswig-holstein.de/data/denkmalpflege/fotos/23489.jpg"
40574;"Sachgesamtheit";"Kreis Hzgt. Lauenburg";"Krummesse";"Lübecker Straße, Niedernstraße 2";"Kirche St. Johannes";"Aktualisierung vorgesehen";"Geschichtlich, Künstlerisch, Kulturlandschaftlich, Städtebaulich";"Kirche St. Johannes mit Ausstattung, Pastorat I, Kirchhof, Grabmale bis 1870, Granit-Böschungsmauern";"https://opendata.schleswig-holstein.de/data/denkmalpflege/fotos/40574.jpg"
37517;"Bauliche Anlage";"Kreis Hzgt. Lauenburg";"Krummesse";"Klempauer Straße 21";"Wohnhaus Möbeltischlerei Busch";"Wohnhaus Möbeltischlerei Busch, 1926, zweigeschossiger Backsteinbau in Ecklage mit Walmdach, rückwärtiger zweigeschossiger Flügel";"Geschichtlich, Städtebaulich";"Wohnhaus Möbeltischlerei Busch, Einfriedung";"https://opendata.schleswig-holstein.de/data/denkmalpflege/fotos/37517.jpg"
3326;"Bauliche Anlage";"Kreis Hzgt. Lauenburg";"Krummesse";"Lübecker Straße";"Kirche St. Johannes mit Ausstattung";"Alteintragung (Aktualisierung vorgesehen)";"Geschichtlich, Künstlerisch, Städtebaulich";"gesamtes Objekt";"https://opendata.schleswig-holstein.de/data/denkmalpflege/fotos/3326.jpg"
9709;"Bauliche Anlage";"Kreis Hzgt. Lauenburg";"Krummesse";"Niedernstraße 2";"Pastorat I";"Alteintragung (Aktualisierung vorgesehen)";"Geschichtlich, Städtebaulich, Wissenschaftlich";"Alteintragung (Aktualisierung vorgesehen)";"https://opendata.schleswig-holstein.de/data/denkmalpflege/fotos/9709.jpg"
20793;"Gründenkmal";"Kreis Hzgt. Lauenburg";"Krummesse";"Lübecker Straße";"Kirchhof";"Alteintragung (Aktualisierung vorgesehen)";"Geschichtlich, Kulturlandschaftlich";"Kirchhof, Grabmale bis 1870, Granit-Böschungsmauern";"https://opendata.schleswig-holstein.de/data/denkmalpflege/fotos/20793.jpg"
35671;"Sachgesamtheit";"Kreis Hzgt. Lauenburg";"Krüzen";"Dorfstraße 6";"Hofanlage Dorfstraße 6";"Hofanlage Dorfstraße 6; ab 1877; historisches und regionaltypisches Ensemble bestehend aus Backsteinhallenhaus, Fachwerkscheune, Remise, Baumreihe und Einfriedung";"Geschichtlich, Kulturlandschaftlich";"Backsteinhallenhaus mit Baumreihe, Einfriedung; Fachwerkscheune, Remise";"https://opendata.schleswig-holstein.de/data/denkmalpflege/fotos/35671.jpg"
5211;"Bauliche Anlage";"Kreis Hzgt. Lauenburg";"Krüzen";"Dorfstraße 6";"Backsteinhallenhaus";"Backsteinhallenhaus; um 1900; gemauertes, backsteinsichtiges Hallenhaus unter Satteldach, Giebelfassaden mit gemauerten Zierfriesen und Wandvorlagen; mit Baumreihe und Einfriedung";"Geschichtlich, Kulturlandschaftlich";"Backsteinhallenhaus, Baumreihe, Einfriedung";"https://opendata.schleswig-holstein.de/data/denkmalpflege/fotos/5211.jpg"
5212;"Bauliche Anlage";"Kreis Hzgt. Lauenburg";"Krüzen";"Dorfstraße 6";"Fachwerkscheune";"Fachwerkscheune; um 1890; 1993-94 Innenausbau zu Wohnzwecken, Durchfahrtsscheune in Dreiständerbauweise mit reetgedecktem Halbwalmdach, mit zweitverwendeten Materialen errichtet";"Geschichtlich, Kulturlandschaftlich";"gesamtes Objekt";"https://opendata.schleswig-holstein.de/data/denkmalpflege/fotos/5212.jpg"
51724;"Sachgesamtheit";"Kreis Hzgt. Lauenburg";"Kuddewörde";"Am Brink 1";"Hofanlage Am Brink";"Hofanlage Am Brink; im Kern 18. Jahrhundert; anschaulich erhaltene Hofanlage mit Wohn- und Wirtschaftsgebäude und Fachwerkscheune im historischen Ortskern von Kuddewörde";"Geschichtlich, Kulturlandschaftlich";"Wohn- und Wirtschaftsgebäude, Fachwerkscheune";"https://opendata.schleswig-holstein.de/data/denkmalpflege/fotos/51724.jpg"
40575;"Sachgesamtheit";"Kreis Hzgt. Lauenburg";"Kuddewörde";"Am Brink";"Kirche St. Andreas";"Aktualisierung vorgesehen";"Geschichtlich, Künstlerisch, Kulturlandschaftlich, Städtebaulich";"Kirche St. Andreas mit Ausstattung, Kirchhof, Grabmale bis 1870, Feldsteinwall";"https://opendata.schleswig-holstein.de/data/denkmalpflege/fotos/40575.jpg"
37160;"Sachgesamtheit";"Kreis Hzgt. Lauenburg";"Kuddewörde";"Sachsenwaldstraße 27";"Hofanlage Sachsenwaldstraße";"Hofanlage Sachsenwaldstraße; Ende 19. Jh.; historisches und regionaltypisches Ensemble bestehend aus Wohnhaus, Wirtschaftsflügel und Nebengebäude; mit Baumreihe und Hofpflasterung";"Geschichtlich, Kulturlandschaftlich";"Wohnhaus mit Baumreihe, Wirtschaftsflügel mit Hofpflasterung, Nebengebäude";"https://opendata.schleswig-holstein.de/data/denkmalpflege/fotos/37160.jpg"
37167;"Sachgesamtheit";"Kreis Hzgt. Lauenburg";"Kuddewörde";"Sachsenwaldstraße 41";"Forstgehöft Rothenbek";"ehem. Forstgehöft Rothenbek; 1877 ? 1920; Forsthaus, 1875, giebelständiges Wohn- und Wirtschaftsgebäude mit Anbau von 1920. Scheune; 1920, Architekt Alfred Hackmack; Drempelscheune mit Fachwerk";"Geschichtlich, Kulturlandschaftlich";"Forsthaus, Scheune";"https://opendata.schleswig-holstein.de/data/denkmalpflege/fotos/37167.jpg"
37174;"Bauliche Anlage";"Kreis Hzgt. Lauenburg";"Kuddewörde";"Am Brink 1";"Wohn- und Wirtschaftsgebäude";"Wohn- und Wirtschaftsgebäude; im Kern 18. Jh.; langgestrecktes Fachhallenhaus mit Mauerwerksausfachung unter abgewalmten Mansarddach, Stallanbau an der südlichen Traufseite";"Geschichtlich, Kulturlandschaftlich";"gesamtes Objekt";"https://opendata.schleswig-holstein.de/data/denkmalpflege/fotos/37174.jpg"
3327;"Bauliche Anlage";"Kreis Hzgt. Lauenburg";"Kuddewörde";"Am Brink";"Kirche St. Andreas mit Ausstattung";"Alteintragung (Aktualisierung vorgesehen)";"Geschichtlich, Künstlerisch, Städtebaulich";"gesamtes Objekt";"https://opendata.schleswig-holstein.de/data/denkmalpflege/fotos/3327.jpg"
37178;"Bauliche Anlage";"Kreis Hzgt. Lauenburg";"Kuddewörde";"Am Großen Wasser 1";"Wohn- und Wirtschaftsgebäude";"Wohn- und Wirtschaftsgebäude; 1913; eingeschossiger, giebelständiger Backsteinbau unter Mansarddach, anschaulich erhaltenes, regionaltypisches Wohn- und Wirtschaftsgebäude";"Geschichtlich, Kulturlandschaftlich";"gesamtes Objekt";"https://opendata.schleswig-holstein.de/data/denkmalpflege/fotos/37178.jpg"
3046;"Bauliche Anlage";"Kreis Hzgt. Lauenburg";"Kuddewörde";"Lauenburger Straße 1";"Grander Wassermühle";"Alteintragung (Aktualisierung vorgesehen)";"";"Alteintragung (Aktualisierung vorgesehen)";"https://opendata.schleswig-holstein.de/data/denkmalpflege/fotos/3046.jpg"
23737;"Bauliche Anlage";"Kreis Hzgt. Lauenburg";"Kuddewörde";"Lauenburger Straße 1";"Stauanlagen";"Alteintragung (Aktualisierung vorgesehen)";"";"Alteintragung (Aktualisierung vorgesehen)";"https://opendata.schleswig-holstein.de/data/denkmalpflege/fotos/23737.jpg"
23739;"Bauliche Anlage";"Kreis Hzgt. Lauenburg";"Kuddewörde";"Lauenburger Straße 1";"Wasserflächen um die Mühle";"Alteintragung (Aktualisierung vorgesehen)";"";"Alteintragung (Aktualisierung vorgesehen)";"https://opendata.schleswig-holstein.de/data/denkmalpflege/fotos/23739.jpg"
10742;"Bauliche Anlage";"Kreis Hzgt. Lauenburg";"Kuddewörde";"Möllner Straße 43";"ehem. Clemens-Schulz-Heim";"Alteintragung (Aktualisierung vorgesehen)";"Geschichtlich, Künstlerisch, Kulturlandschaftlich";"gesamtes Objekt";"https://opendata.schleswig-holstein.de/data/denkmalpflege/fotos/10742.jpg"
37161;"Bauliche Anlage";"Kreis Hzgt. Lauenburg";"Kuddewörde";"Sachsenwaldstraße 27";"Wohnhaus";"Wohnhaus; 1897; zweigeschossiger Mauerwerksbau unter flachgeneigtem Walmdach; repräsentative Gestaltung in spätklassizistischer Formensprache; mit Baumreihe";"Geschichtlich, Kulturlandschaftlich";"Wohnhaus, Baumreihe";"https://opendata.schleswig-holstein.de/data/denkmalpflege/fotos/37161.jpg"
37170;"Bauliche Anlage";"Kreis Hzgt. Lauenburg";"Kuddewörde";"Sachsenwaldstraße 41";"Scheune";"Scheune; 1920, Architekt Alfred Hackmack; zweigeschossige Drempelscheune aus Fachwerk mit Backsteinausfachungen und Holzverschalungen, flach geneigtes Satteldach mit Teerpappedeckung";"Geschichtlich, Kulturlandschaftlich";"gesamtes Objekt";"https://opendata.schleswig-holstein.de/data/denkmalpflege/fotos/37170.jpg"
19833;"Gründenkmal";"Kreis Hzgt. Lauenburg";"Kuddewörde";"Am Brink";"Kirchhof";"Alteintragung (Aktualisierung vorgesehen)";"Geschichtlich, Kulturlandschaftlich";"Kirchhof, Grabmale bis 1870, Feldsteinwall";"https://opendata.schleswig-holstein.de/data/denkmalpflege/fotos/19833.jpg"
12383;"Bauliche Anlage";"Kreis Hzgt. Lauenburg";"Kühsen";"Dorfstraße 1";"Fachhallenhaus";"Fachhallenhaus; 1847; eingeschossiger Fachwerkbau mit Backsteinausfachung auf älteren Fundamenten unter Halbwalmdach in Reetdeckung; mit angebauten Wirtschaftsflügel aus Backstein; 1908; Einfriedung durch Feldsteinmauer und Knick";"Geschichtlich, Kulturlandschaftlich, Städtebaulich";"Fachhallenhaus, Einfriedung";"https://opendata.schleswig-holstein.de/data/denkmalpflege/fotos/12383.jpg"
7589;"Bauliche Anlage";"Kreis Hzgt. Lauenburg";"Kühsen";"Hude 4";"ehem. Gasthof Zur Hude";"ehem. Gasthof ?Zur Hude?; 1880er Jahre (i) Bauherrn J. H. und C.M. Hardekopf; traufständiges Wohn- und Wirtschaftsgebäude, längsrechteckiger Grundriss, zweigeschossiges Backsteingebäude, zeittypische Gliederungselemente, flach geneigtes Satteldach; Einfriedung, gepflasterte Auffahrten";"Geschichtlich, Kulturlandschaftlich";"ehem. Gasthof 'Zur Hude', Einfriedung";"https://opendata.schleswig-holstein.de/data/denkmalpflege/fotos/7589.jpg"
30394;"Bauliche Anlage";"Kreis Hzgt. Lauenburg";"Kulpin";"Zum Gut 1";"Gut Kulpin: Gedenktafel";"Alteintragung (Aktualisierung vorgesehen)";"";"Alteintragung (Aktualisierung vorgesehen)";""
23625;"Bauliche Anlage";"Kreis Hzgt. Lauenburg";"Kulpin";"Zum Gut 3";"Gut Kulpin: Herrenhaus";"Alteintragung (Aktualisierung vorgesehen)";"";"Alteintragung (Aktualisierung vorgesehen)";"https://opendata.schleswig-holstein.de/data/denkmalpflege/fotos/23625.jpg"
28278;"Bauliche Anlage";"Kreis Hzgt. Lauenburg";"Kulpin";"Zum Gut 3";"Gut Kulpin: Pferdestall";"Alteintragung (Aktualisierung vorgesehen)";"";"Alteintragung (Aktualisierung vorgesehen)";"https://opendata.schleswig-holstein.de/data/denkmalpflege/fotos/28278.jpg"
27851;"Gründenkmal";"Kreis Hzgt. Lauenburg";"Kulpin";"Zum Gut 3";"Gut Kulpin: Gutspark";"Alteintragung (Aktualisierung vorgesehen)";"Geschichtlich, Kulturlandschaftlich";"gesamtes Objekt";"https://opendata.schleswig-holstein.de/data/denkmalpflege/fotos/27851.jpg"
3329;"Bauliche Anlage";"Kreis Hzgt. Lauenburg";"Labenz";"Hauptstraße 38";"Wassermühle";"Alteintragung (Aktualisierung vorgesehen)";"";"Alteintragung (Aktualisierung vorgesehen)";""
9747;"Bauliche Anlage";"Kreis Hzgt. Lauenburg";"Labenz";"Hauptstraße 38";"Kornspeicher";"Alteintragung (Aktualisierung vorgesehen)";"";"Alteintragung (Aktualisierung vorgesehen)";""
9748;"Bauliche Anlage";"Kreis Hzgt. Lauenburg";"Labenz";"Hauptstraße 38";"Stallgebäude";"Alteintragung (Aktualisierung vorgesehen)";"";"Alteintragung (Aktualisierung vorgesehen)";""
9749;"Bauliche Anlage";"Kreis Hzgt. Lauenburg";"Labenz";"Hauptstraße 38";"Laden";"Alteintragung (Aktualisierung vorgesehen)";"";"Alteintragung (Aktualisierung vorgesehen)";""
9750;"Bauliche Anlage";"Kreis Hzgt. Lauenburg";"Labenz";"Hauptstraße 38";"Hofpflaster";"Alteintragung (Aktualisierung vorgesehen)";"";"Alteintragung (Aktualisierung vorgesehen)";""
9081;"Bauliche Anlage";"Kreis Hzgt. Lauenburg";"Labenz";"Schmiedetwiete 11";"ehem.  Schmiede";"Alteintragung (Aktualisierung vorgesehen)";"Geschichtlich, Wissenschaftlich";"gesamtes Objekt";""
6722;"Bauliche Anlage";"Kreis Hzgt. Lauenburg";"Labenz";"Schmiedetwiete 28";"Backhaus aus Wentorf";"Alteintragung (Aktualisierung vorgesehen)";"";"Alteintragung (Aktualisierung vorgesehen)";""
8938;"Bauliche Anlage";"Kreis Hzgt. Lauenburg";"Labenz";"Schmiedetwiete 28";"Fachhallenhaus";"Alteintragung (Aktualisierung vorgesehen)";"";"Alteintragung (Aktualisierung vorgesehen)";""
31395;"Bauliche Anlage";"Kreis Hzgt. Lauenburg";"Labenz";"Schmiedetwiete 28";"Remise";"Alteintragung (Aktualisierung vorgesehen)";"";"Alteintragung (Aktualisierung vorgesehen)";""
28163;"Gründenkmal";"Kreis Hzgt. Lauenburg";"Labenz";"Schmiedetwiete 28";"Bauerngarten";"Alteintragung (Aktualisierung vorgesehen)";"Geschichtlich, Kulturlandschaftlich";"gesamtes Objekt";""
51269;"Bauliche Anlage";"Kreis Hzgt. Lauenburg";"Langenlehsten";"Dorfstraße 14";"Fachhallenhaus";"Fachhallenhaus; um 1800; eingeschossiges Fachwerkhaus in Traufenstellung unter reetgedecktem Schopfwalmdach";"Geschichtlich, Kulturlandschaftlich";"gesamtes Objekt";""
10460;"Bauliche Anlage";"Kreis Hzgt. Lauenburg";"Langenlehsten";"Forstgut Bergholz";"Forsthaus";"Alteintragung (Aktualisierung vorgesehen)";"Geschichtlich, Kulturlandschaftlich";"gesamtes Objekt";"https://opendata.schleswig-holstein.de/data/denkmalpflege/fotos/10460.jpg"
9151;"Bauliche Anlage";"Kreis Hzgt. Lauenburg";"Langenlehsten";"Fortkrug 3";"Wohnhaus";"Alteintragung (Aktualisierung vorgesehen)";"Geschichtlich, Kulturlandschaftlich";"gesamtes Objekt";"https://opendata.schleswig-holstein.de/data/denkmalpflege/fotos/9151.jpg"
13868;"Bauliche Anlage";"Kreis Hzgt. Lauenburg";"Lankau";"Hauptstraße 5";"Fachhallenhaus";"Alteintragung (Aktualisierung vorgesehen)";"";"Alteintragung (Aktualisierung vorgesehen)";"https://opendata.schleswig-holstein.de/data/denkmalpflege/fotos/13868.jpg"
33072;"Bauliche Anlage";"Kreis Hzgt. Lauenburg";"Lanze";"B5";"Abfertigungsgebäude";"Abfertigungsgebäude; 1976-1978; ehem. Kontrollstelle Grenzübergangsstelle Lauenburg/Horst, südwestliches Nebengebäude, ehemaliger Hundezwinger, asphaltierte Straßen- und Wegeführungen";"Geschichtlich, Kulturlandschaftlich, Städtebaulich";"Abfertigungsgebäude, südwestlichem Nebengebäude, ehem. Hundezwinger, Straßen- und Wegeführung";"https://opendata.schleswig-holstein.de/data/denkmalpflege/fotos/33072.jpg"
32922;"Bauliche Anlage";"Kreis Hzgt. Lauenburg";"Lanze";"Bei der Palmschleuse";"Pumpstation";"Pumpstation, 1964; eingeschossiger Betonskelettbau mit vorkragendem Flachdach, rote Klinkerverkleidung, großflächig verglast; Trafohäuschen kubischer Flachbau, rot geklinkert";"Geschichtlich, Kulturlandschaftlich, Städtebaulich, Technisch";"Pumpstation, Trafohaus";"https://opendata.schleswig-holstein.de/data/denkmalpflege/fotos/32922.jpg"
13300;"Schutzzone";"Kreis Hzgt. Lauenburg";"Lauenburg/Elbe, Stadt";"";"Unterstadt Lauenburg";"Der Denkmalbereich umfasst die mittelalterlichen und frühneuzeitlichen Siedlungsbereiche der Stadt am Elbufer und in den Erosionstälern des nördlichen Elbhanges. Er wird im Wesentlichen wie folgt begrenzt: 1.'im Norden durch den Fuß des Elbhangs; 2.'im Osten durch die Ostgrenze des Lösch- und Ladeplatzes; 3.'im Süden durch die nördliche Uferlinie der Elbe; im Westen durch die Grenze der Bebauung am ehemaligen Wasserwerk.";"";"";"https://opendata.schleswig-holstein.de/data/denkmalpflege/fotos/13300.jpg"
32863;"Sachgesamtheit";"Kreis Hzgt. Lauenburg";"Lauenburg/Elbe, Stadt";"Amtsplatz 1, 5, 6, Amtsplatz, Friedrichsbrücke, Fürstengarten 29, Fürstengarten";"Schlossgebiet Lauenburg und Fürstengarten";"Schlossgebiet und Fürstengarten, auf askanische Burganlage des 15. Jhs. und Schlossbau mit Renaissancegarten um 1600 durch Herzog Franz II. zurückgehend. Nach Brand 1616 ehem. Ostflügel des Schlosses und ehem. Schlossturm erhalten, sowie Teile der Gartenanlage. Jüngere Wohn- und Verwaltungsgebäude";"Geschichtlich, Städtebaulich";"ehem. Schloss (Amtsplatz), Schlossturm (Amtsplatz), Wohnhaus (Amtsplatz 1), ehem. Fürstengarten, Friedrichsbrücke, ehem. Verwaltungsgebäude (Fürstengarten 29), Schlosshügel mit Terrassen und Fischteich, Vorburgflächen, Grotte, ehem. Terrassenstützmauern 17.Jh., Stadtentwicklungsamt (Amtsplatz 5)";"https://opendata.schleswig-holstein.de/data/denkmalpflege/fotos/32863.jpg"
35694;"Sachgesamtheit";"Kreis Hzgt. Lauenburg";"Lauenburg/Elbe, Stadt";"Bei der Palmschleuse 2, 4, 4a, 6, Bei der Palmschleuse";"Palmschleuse";"Ensemble von technischen Funktionsbauten, Palmschleuse und Schleusenwärterhaus von 1726, Wassermühle vom Anfang des 19. Jhs., Kraftwerk und Garagengebäude von 1926 sowie Pumpstation von 1964";"Geschichtlich, Kulturlandschaftlich, Städtebaulich, Technisch";"Palmschleuse, Schleusenwärterhaus (Bei der Palmschleuse 6); Wassermühle, Kraftwerk (Bei der Palmschleuse 4); Garagengebäude (Kraftwerk) (Bei der Palmschleuse 2); Pumpstation (Lanze, Bei der Palmschleuse)";"https://opendata.schleswig-holstein.de/data/denkmalpflege/fotos/35694.jpg"
35692;"Sachgesamtheit";"Kreis Hzgt. Lauenburg";"Lauenburg/Elbe, Stadt";"Bergstraße 15b, 17";"Kampffs Mühle";"Kampffs-Mühle, Holländer-Windmühle von 1873 mit bauzeitlichem Müllerhaus in Backstein";"Geschichtlich, Kulturlandschaftlich, Städtebaulich, Technisch";"Kampffs Mühle (Bergstraße 17), ehem. Müllerhaus (Bergstraße 15 b)";"https://opendata.schleswig-holstein.de/data/denkmalpflege/fotos/35692.jpg"
37901;"Sachgesamtheit";"Kreis Hzgt. Lauenburg";"Lauenburg/Elbe, Stadt";"Elbstraße 64";"ehem. Ratsapotheke";"Sachgesamtheit aus Wohnhaus mit freistehendem Rückgebäude; Wohnhaus von 1824 (ehem. Rathsapotheke), zweigeschossiger siebenachsiger Fachwerkbau mit Mansarddach; freistehender Rückflügel Anfang 19. Jh., zweigeschossiger Fachwerkbau mit Natursteinsockel und Satteldach";"Geschichtlich, Städtebaulich";"Wohnhaus, Hinterhaus";""
37894;"Sachgesamtheit";"Kreis Hzgt. Lauenburg";"Lauenburg/Elbe, Stadt";"Elbstraße 145, 145a";"Bahnhofshotel";"Sachgesamtheit Bahnhofshotel; ehem. Hotel 1861 errichtet, zweigeschossiger Mauerwerksbau mit weißer Schlämme, traufständig mit Satteldach; östlich anschließend ehem. Tanzsaal, 1876,  giebelständiger, zweigeschossiger Backsteinbau mit gemäßigtem Satteldach, Bühnenanbau von 1908";"Geschichtlich, Städtebaulich";"Bahnhofshotel (Elbstraße 145), ehem. Tanzsaal 'Heinrich-Osterwold-Halle' (Elbstraße 145 a)";""
33225;"Sachgesamtheit";"Kreis Hzgt. Lauenburg";"Lauenburg/Elbe, Stadt";"Glüsinger Weg";"Ehrenfriedhof";"Ehrenfriedhof für Gefallene des 2. Weltkriegs, 1953, torartiges Glockenhaus mit Gedenktafeln, rechteckige Grünanlage mit Basalttafeln- und Kreuzen sowie Ehrenmal mit Kreuz und Tumba, Eichenhain, Ziergehölze und Staudenbeete";"Geschichtlich, Künstlerisch, Städtebaulich";"Ehrenfriedhof, Glockenhaus, Tumba, Vorplatz";"https://opendata.schleswig-holstein.de/data/denkmalpflege/fotos/33225.jpg"
36532;"Sachgesamtheit";"Kreis Hzgt. Lauenburg";"Lauenburg/Elbe, Stadt";"Hamburger Straße";"Friedhof Lauenburg";"Friedhof der ev. Gemeinde, um 1800, erweitert um 1900, neugeordnet 1930er Jahre; rechteckiges Areal mit rechtwinkligen Hauptachsen, Kapelle von 1809, bedeutende Grabmale und Einfriedung mit Portal";"Geschichtlich, Künstlerisch, Städtebaulich";"Friedhofskapelle, Friedhof, Grabmale, Friedhofspforte";"https://opendata.schleswig-holstein.de/data/denkmalpflege/fotos/36532.jpg"
32990;"Sachgesamtheit";"Kreis Hzgt. Lauenburg";"Lauenburg/Elbe, Stadt";"Hohler Weg 15";"Bürgerhausgruppe Hohler Weg 15";"Zweiteilige Hausgruppe, zwei aneinandergrenzende Bürgerhäuser; 17. (südl.) und 18. Jh.; giebelständige Fachwerkbauten, südl. zweigeschossig mit aufwändigem Fachwerk und Satteldach, nördl. eingeschossig mit Mansarddach";"Geschichtlich, Städtebaulich";"Bürgerhaus (einstöckig), Bürgerhaus (zweistöckig)";""
35693;"Sachgesamtheit";"Kreis Hzgt. Lauenburg";"Lauenburg/Elbe, Stadt";"Kirchplatz 1, 5, Hohler Weg 1, 2, Kirchplatz";"Kirche Lauenburg";"Sachgesamtheit Kirche Lauenburg, im Zentrum der Unterstadt gelegenes Ensemble aus der im Kern gotischen Kirche St. Maria Magdalena mit Ausstattung, dem ehem. Diakonenhaus von 1605, dem Pfarrwitwenhaus von 1702, der ehem. Schule von 1824 und dem Gemeindehaus von 1860";"Geschichtlich, Künstlerisch, Städtebaulich";"Kirche St. Maria Magdalena mit Ausstattung, Grabmale bis 1870 (Kirchplatz), Pfarrwitwenhaus (Kirchplatz 5), ehem. Diakonenhaus (Kirchplatz 1), ehem. Schule mit Vorgarten (Hohler Weg 1), Gemeindehaus mit Nebengebäude (Hohler Weg 2)";"https://opendata.schleswig-holstein.de/data/denkmalpflege/fotos/35693.jpg"
37556;"Mehrheit von baulichen Anlagen";"Kreis Hzgt. Lauenburg";"Lauenburg/Elbe, Stadt";"Elbstraße 44, 46, 48";"Hotelgruppe Elbstraße 44-48";"Hotelgruppe Elbstraße 44-48; Gruppe zwei- bis dreigeschossiger, giebelständiger Hotel- und Gaststättenbauten, mit repräsentativen rotsteinsichtigen Fassaden in zeittypischer Gliederung die Gebäude des ?Hotel Möller? aus der Mitte  des 19. Jahrhunderts sowie mit erneuerter Fassade von 1924 das ?Hotel zum Löwen?";"Geschichtlich, Künstlerisch, Städtebaulich";"Hotel Möller (Elbstraße 46-48), Hotel Zum Löwen (Elbstraße 44)";"https://opendata.schleswig-holstein.de/data/denkmalpflege/fotos/37556.jpg"
32929;"Mehrheit von baulichen Anlagen";"Kreis Hzgt. Lauenburg";"Lauenburg/Elbe, Stadt";"Graben 29, 31";"Bürgerhäuser Graben 29-31";"Gruppe zweier Wohnhäuser, 18. Jh., Lage an Platzsituation in einer Nebenstraße der Lauenburger Unterstadt, repräsentative Fachwerkbauten, zwei Hausbäume";"Geschichtlich, Städtebaulich";"Wohnhäuser Graben 29, 31, zwei Hausbäume (Graben 29)";""
32934;"Mehrheit von baulichen Anlagen";"Kreis Hzgt. Lauenburg";"Lauenburg/Elbe, Stadt";"Grünstraße 2, 4, 6, 8, 10, 12";"Handwerkerhäuser Grünstraße 2-12";"Handwerkerhäuser Grünstraße, 17. u. 18. Jh., an Nebenstraße im westlichen Randbereich der Lauenburger Unterstadt gelegene, geschlossene Gruppe von überwiegend bescheidenen Wohn- und Gewerbehäusern";"Geschichtlich, Städtebaulich";"Wohnhäuser Grünstraße 2, 4, 6, 8, 10, 12";""
33005;"Mehrheit von baulichen Anlagen";"Kreis Hzgt. Lauenburg";"Lauenburg/Elbe, Stadt";"Neustadt 1, 3, 7, 9, 13, Elbstraße 25";"Wohnhäuser Neustadt 1, 3, 7, 9, 13/Elbstraße 25";"Gruppe von Wohn- und Gewerbehäusern, 17. u. 18. Jh. an Verbindungsstraße zwischen Lauenburger Ober- und Unterstadt gelegene, geschlossene Gruppe von überwiegend bescheidenen Wohnhäusern mit Vorgärten";"Geschichtlich, Städtebaulich";"Wohnhäuser Neustadt 1 (mit gepflastertem Vorplatz), Neustadt 3, 7, 9, 13 (jeweils mit Vorgärten), Elbstraße 25";""
29411;"Bauliche Anlage";"Kreis Hzgt. Lauenburg";"Lauenburg/Elbe, Stadt";"Albinusstraße 24";"ehem. Albinusschule";"Albinusschule, Stiftungsbau von Christian Ludwig Albinus (1711-1837), zweigeschossiger Backsteinbau auf verwinkeltem Grundriss mit hohem Kellergeschoss und Walmdach, 1871-72";"Geschichtlich, Städtebaulich, Wissenschaftlich";"gesamtes Objekt";"https://opendata.schleswig-holstein.de/data/denkmalpflege/fotos/29411.jpg"
8158;"Bauliche Anlage";"Kreis Hzgt. Lauenburg";"Lauenburg/Elbe, Stadt";"Albinusstraße 26";"Wohnhaus Albinus-Haus";"Alteintragung (Aktualisierung vorgesehen)";"Geschichtlich, Künstlerisch, Städtebaulich";"gesamtes Objekt";"https://opendata.schleswig-holstein.de/data/denkmalpflege/fotos/8158.jpg"
11093;"Bauliche Anlage";"Kreis Hzgt. Lauenburg";"Lauenburg/Elbe, Stadt";"Am Kuhgrund 5";"ehem. Schiffbauerei";"ehem. Schiffsbauerei, 1767, zweigeschossiger Fachwerkbau mit Querflügel, auf T-förmigem Grundriss mit Satteldächern; eingesch. Hofgebäude in Backstein 19. Jh. und Böschungsmauer aus Naturstein";"Geschichtlich, Städtebaulich";"ehem. Schiffbauerei, Hofgebäude, Hoffläche, Einfriedung";"https://opendata.schleswig-holstein.de/data/denkmalpflege/fotos/11093.jpg"
3337;"Bauliche Anlage";"Kreis Hzgt. Lauenburg";"Lauenburg/Elbe, Stadt";"Amtsplatz 1";"Wohnhaus";"Alteintragung (Aktualisierung vorgesehen)";"Geschichtlich, Städtebaulich";"Alteintragung (Aktualisierung vorgesehen)";"https://opendata.schleswig-holstein.de/data/denkmalpflege/fotos/3337.jpg"
32921;"Bauliche Anlage";"Kreis Hzgt. Lauenburg";"Lauenburg/Elbe, Stadt";"Amtsplatz 5";"Stadtentwicklungsamt";"Stadtentwicklungsamt, Ende 19. /Anfang 20. Jh., zweigeschossiger Backsteinbau mit Walmdach";"Geschichtlich, Städtebaulich";"gesamtes Objekt";"https://opendata.schleswig-holstein.de/data/denkmalpflege/fotos/32921.jpg"
921;"Bauliche Anlage";"Kreis Hzgt. Lauenburg";"Lauenburg/Elbe, Stadt";"Amtsplatz 6";"ehem. Schloss";"Alteintragung (Aktualisierung vorgesehen)";"Geschichtlich, Städtebaulich";"Alteintragung (Aktualisierung vorgesehen)";"https://opendata.schleswig-holstein.de/data/denkmalpflege/fotos/921.jpg"
1456;"Bauliche Anlage";"Kreis Hzgt. Lauenburg";"Lauenburg/Elbe, Stadt";"Amtsplatz";"Schlossturm";"Alteintragung (Aktualisierung vorgesehen)";"Geschichtlich, Städtebaulich";"Alteintragung (Aktualisierung vorgesehen)";"https://opendata.schleswig-holstein.de/data/denkmalpflege/fotos/1456.jpg"
33052;"Bauliche Anlage";"Kreis Hzgt. Lauenburg";"Lauenburg/Elbe, Stadt";"Bahnhofstraße 2";"ehem. Wohnhaus Wahrenburg";"ehem. Wohnhaus Wahrenburg, 1889, zweigeschossiger Putzbau mit Berliner Dach und Ecktürmchen";"Geschichtlich, Städtebaulich";"ehem. Wohnhaus Wahrenburg, Einfriedung";"https://opendata.schleswig-holstein.de/data/denkmalpflege/fotos/33052.jpg"
32996;"Bauliche Anlage";"Kreis Hzgt. Lauenburg";"Lauenburg/Elbe, Stadt";"Bahnhofstraße 3";"Wohnhaus";"Wohnhaus, Ende 19. Jh., zweigeschossiger Backsteinbau mit Satteldach, sparsame Backsteingliederung mit Putzelementen";"Geschichtlich, Städtebaulich";"gesamtes Objekt";"https://opendata.schleswig-holstein.de/data/denkmalpflege/fotos/32996.jpg"
33006;"Bauliche Anlage";"Kreis Hzgt. Lauenburg";"Lauenburg/Elbe, Stadt";"Bahnhofstraße 11";"Gasthaus Zum Anker";"Zweigeschossiger Backsteinbau mit Satteldach in freistehender Lage an platzartiger Gabelung von Hafen- und Bahnhofstraße, Ende 19. Jh.";"Geschichtlich, Städtebaulich";"gesamtes Objekt";"https://opendata.schleswig-holstein.de/data/denkmalpflege/fotos/33006.jpg"
33007;"Bauliche Anlage";"Kreis Hzgt. Lauenburg";"Lauenburg/Elbe, Stadt";"Bahnhofstraße 13";"Wohnhaus";"Wohnhaus, Anfang 20. Jh., zweigeschossiger Backsteinbau und Satteldach, reiche applizierte Putzornamentik, Vorgarten und Einfriedung";"Geschichtlich, Künstlerisch, Städtebaulich";"Wohnhaus, Vorgarten, Einfriedung";"https://opendata.schleswig-holstein.de/data/denkmalpflege/fotos/33007.jpg"
11134;"Bauliche Anlage";"Kreis Hzgt. Lauenburg";"Lauenburg/Elbe, Stadt";"Bahnhofstraße 18";"Straßenbrückenwaage";"Alteintragung (Aktualisierung vorgesehen)";"Geschichtlich, Städtebaulich, Wissenschaftlich";"gesamtes Objekt";"https://opendata.schleswig-holstein.de/data/denkmalpflege/fotos/11134.jpg"
28297;"Bauliche Anlage";"Kreis Hzgt. Lauenburg";"Lauenburg/Elbe, Stadt";"Bei der Palmschleuse 2";"Garagengebäude (Kraftwerk)";"Alteintragung (Aktualisierung vorgesehen)";"Geschichtlich, Kulturlandschaftlich, Technisch";"Alteintragung (Aktualisierung vorgesehen)";"https://opendata.schleswig-holstein.de/data/denkmalpflege/fotos/28297.jpg"
514;"Bauliche Anlage";"Kreis Hzgt. Lauenburg";"Lauenburg/Elbe, Stadt";"Bei der Palmschleuse 4";"Wassermühle";"Alteintragung (Aktualisierung vorgesehen)";"Geschichtlich, Kulturlandschaftlich, Technisch";"Alteintragung (Aktualisierung vorgesehen)";"https://opendata.schleswig-holstein.de/data/denkmalpflege/fotos/514.jpg"
2862;"Bauliche Anlage";"Kreis Hzgt. Lauenburg";"Lauenburg/Elbe, Stadt";"Bei der Palmschleuse 4 a";"Kraftwerk";"Alteintragung (Aktualisierung vorgesehen)";"Geschichtlich, Kulturlandschaftlich, Technisch";"Alteintragung (Aktualisierung vorgesehen)";"https://opendata.schleswig-holstein.de/data/denkmalpflege/fotos/2862.jpg"
3339;"Bauliche Anlage";"Kreis Hzgt. Lauenburg";"Lauenburg/Elbe, Stadt";"Bei der Palmschleuse 6";"Palmschleuse";"Alteintragung (Aktualisierung vorgesehen)";"Geschichtlich, Kulturlandschaftlich, Technisch";"Alteintragung (Aktualisierung vorgesehen)";"https://opendata.schleswig-holstein.de/data/denkmalpflege/fotos/3339.jpg"
4110;"Bauliche Anlage";"Kreis Hzgt. Lauenburg";"Lauenburg/Elbe, Stadt";"Bei der Palmschleuse 6";"Schleusenwärterhaus";"Alteintragung (Aktualisierung vorgesehen)";"Geschichtlich, Kulturlandschaftlich, Technisch";"Alteintragung (Aktualisierung vorgesehen)";"https://opendata.schleswig-holstein.de/data/denkmalpflege/fotos/4110.jpg"
11132;"Bauliche Anlage";"Kreis Hzgt. Lauenburg";"Lauenburg/Elbe, Stadt";"Bergstraße 17";"Kampffs Mühle";"Kampffs-Mühle, Holländer-Windmühle von 1873, Walzenstühle und Antrieb von 1965, Überformungen und Flügel von 2005";"Geschichtlich, Kulturlandschaftlich, Städtebaulich, Technisch";"gesamtes Objekt";"https://opendata.schleswig-holstein.de/data/denkmalpflege/fotos/11132.jpg"
33073;"Bauliche Anlage";"Kreis Hzgt. Lauenburg";"Lauenburg/Elbe, Stadt";"Berliner Straße 17 - 25";"Bronzeplastik Die Wartenden";"Bronzeplastik ?Die Wartenden?, 1967, Bildhauer Karlheinz Goedtke (Mölln), Dreiergruppe im stilisierten Duktus der Nachkriegskunst";"Geschichtlich, Künstlerisch, Städtebaulich";"gesamtes Objekt";"https://opendata.schleswig-holstein.de/data/denkmalpflege/fotos/33073.jpg"
33077;"Bauliche Anlage";"Kreis Hzgt. Lauenburg";"Lauenburg/Elbe, Stadt";"Büchener Weg 9";"Eschenkrug";"Eschenkrug, Gasthof und Hotel, 19. Jh., Umbau 1926 Architekt Klebing, eingeschossiger Backsteinbau mit Kurzwalmdach, seitlich Zwerchhaus in vorkragendem Fachwerk mit Doppelständern, Vorgarten, Böschungsmauer und Hofpflasterung";"Geschichtlich, Städtebaulich";"Eschenkrug, Hofzufahrt und Pflasterung, Einfriedung";"https://opendata.schleswig-holstein.de/data/denkmalpflege/fotos/33077.jpg"
11130;"Bauliche Anlage";"Kreis Hzgt. Lauenburg";"Lauenburg/Elbe, Stadt";"Elbstraße 2";"ehem. Zündholzfabrik";"ehem. Zündholzfabrik, um 1930, Fabrikanlage aus zentraler Fabrikhalle, Verwaltungsgebäude sowie anschließenden Nebengebäuden, ein- und zweigeschossige Backsteinbauten mit flachen Pultdächern, Verwaltungsgebäude mit steilem Satteldach";"Geschichtlich, Städtebaulich, Technisch";"gesamtes Objekt";"https://opendata.schleswig-holstein.de/data/denkmalpflege/fotos/11130.jpg"
6199;"Bauliche Anlage";"Kreis Hzgt. Lauenburg";"Lauenburg/Elbe, Stadt";"Elbstraße 8";"Wohnhaus";"Alteintragung (Aktualisierung vorgesehen)";"Geschichtlich, Städtebaulich";"gesamtes Objekt";"https://opendata.schleswig-holstein.de/data/denkmalpflege/fotos/6199.jpg"
8597;"Bauliche Anlage";"Kreis Hzgt. Lauenburg";"Lauenburg/Elbe, Stadt";"Elbstraße 12";"Wohn- und Geschäftshaus";"Alteintragung (Aktualisierung vorgesehen)";"Geschichtlich, Städtebaulich";"Alteintragung (Aktualisierung vorgesehen)";"https://opendata.schleswig-holstein.de/data/denkmalpflege/fotos/8597.jpg"
8600;"Bauliche Anlage";"Kreis Hzgt. Lauenburg";"Lauenburg/Elbe, Stadt";"Elbstraße 14";"ehem. Gasthaus Hamburger Keller";"ehem. Gasthaus 'Hamburger Keller'; 2. Hälfte 17. Jh., Umbau 18. Jh.; zweigeschossiger Fachwerkbau in Traufstellung mit Satteldach, vorkragende Obergeschosse, Fußbänder, Zierausfachungen";"Geschichtlich, Städtebaulich";"gesamtes Objekt";"https://opendata.schleswig-holstein.de/data/denkmalpflege/fotos/8600.jpg"
8599;"Bauliche Anlage";"Kreis Hzgt. Lauenburg";"Lauenburg/Elbe, Stadt";"Elbstraße 16";"Wohn- und Geschäftshaus";"Alteintragung (Aktualisierung vorgesehen)";"Geschichtlich, Künstlerisch, Städtebaulich";"Wohn- und Geschäftshaus, Nebengebäude";"https://opendata.schleswig-holstein.de/data/denkmalpflege/fotos/8599.jpg"
3340;"Bauliche Anlage";"Kreis Hzgt. Lauenburg";"Lauenburg/Elbe, Stadt";"Elbstraße 18";"Wohn- und Geschäftshaus";"Wohn- und Geschäftshaus; 18. Jh.; zweigeschossiger Fachwerkbau mit hohem Halbwalmdach, Erdgeschoss in Backstein, Zwerchhaus in Mittelachse, Ladeluken im Obergeschoss und in zwei Dachebenen; rückwärtiger Fachwerkflügel mit Satteldach, elbseitig hoher Feldsteinsockel";"Geschichtlich, Künstlerisch, Städtebaulich";"gesamtes Objekt";"https://opendata.schleswig-holstein.de/data/denkmalpflege/fotos/3340.jpg"
3341;"Bauliche Anlage";"Kreis Hzgt. Lauenburg";"Lauenburg/Elbe, Stadt";"Elbstraße 20";"Wohnhaus";"Alteintragung (Aktualisierung vorgesehen)";"Geschichtlich, Künstlerisch, Städtebaulich";"gesamtes Äußeres";"https://opendata.schleswig-holstein.de/data/denkmalpflege/fotos/3341.jpg"
11128;"Bauliche Anlage";"Kreis Hzgt. Lauenburg";"Lauenburg/Elbe, Stadt";"Elbstraße 21";"Wohnhaus";"Wohnhaus, Anfang 19. Jh., zweigeschossiger Fachwerkbau mit Kurzwalmdach, Sockelzone Backstein verputzt";"Geschichtlich, Städtebaulich";"gesamtes Objekt";"https://opendata.schleswig-holstein.de/data/denkmalpflege/fotos/11128.jpg"
8601;"Bauliche Anlage";"Kreis Hzgt. Lauenburg";"Lauenburg/Elbe, Stadt";"Elbstraße 22";"Wohn- und Geschäftshaus";"Alteintragung (Aktualisierung vorgesehen)";"Geschichtlich, Städtebaulich";"gesamtes Objekt";"https://opendata.schleswig-holstein.de/data/denkmalpflege/fotos/8601.jpg"
8598;"Bauliche Anlage";"Kreis Hzgt. Lauenburg";"Lauenburg/Elbe, Stadt";"Elbstraße 23";"Wohnhaus";"Alteintragung (Aktualisierung vorgesehen)";"Geschichtlich, Städtebaulich";"Alteintragung (Aktualisierung vorgesehen)";"https://opendata.schleswig-holstein.de/data/denkmalpflege/fotos/8598.jpg"
8602;"Bauliche Anlage";"Kreis Hzgt. Lauenburg";"Lauenburg/Elbe, Stadt";"Elbstraße 24";"Wohnhaus";"Alteintragung (Aktualisierung vorgesehen)";"Geschichtlich, Städtebaulich";"gesamtes Objekt";"https://opendata.schleswig-holstein.de/data/denkmalpflege/fotos/8602.jpg"
3342;"Bauliche Anlage";"Kreis Hzgt. Lauenburg";"Lauenburg/Elbe, Stadt";"Elbstraße 25";"Wohnhaus";"Alteintragung (Aktualisierung vorgesehen)";"Geschichtlich, Städtebaulich";"Alteintragung (Aktualisierung vorgesehen)";"https://opendata.schleswig-holstein.de/data/denkmalpflege/fotos/3342.jpg"
8603;"Bauliche Anlage";"Kreis Hzgt. Lauenburg";"Lauenburg/Elbe, Stadt";"Elbstraße 26";"Altes Zollhaus";"Alteintragung (Aktualisierung vorgesehen)";"Geschichtlich, Städtebaulich";"gesamtes Objekt";"https://opendata.schleswig-holstein.de/data/denkmalpflege/fotos/8603.jpg"
8900;"Bauliche Anlage";"Kreis Hzgt. Lauenburg";"Lauenburg/Elbe, Stadt";"Elbstraße 28";"ehem. Hagenström'sches Warenhaus";"ehem. Hagenström'sches Warenhaus; 1875; zweigeschossiger Backsteinbau in Traufstellung mit Walmdach, elbseitig einseitiger Flügel, Hauptfassade mit Rundbogendurchgang, Obergeschoss mit sieben Achsen";"Geschichtlich, Städtebaulich";"gesamtes Äußeres";"https://opendata.schleswig-holstein.de/data/denkmalpflege/fotos/8900.jpg"
11124;"Bauliche Anlage";"Kreis Hzgt. Lauenburg";"Lauenburg/Elbe, Stadt";"Elbstraße 29";"Bürgerhaus";"Alteintragung (Aktualisierung vorgesehen)";"Geschichtlich, Städtebaulich";"Alteintragung (Aktualisierung vorgesehen)";"https://opendata.schleswig-holstein.de/data/denkmalpflege/fotos/11124.jpg"
11123;"Bauliche Anlage";"Kreis Hzgt. Lauenburg";"Lauenburg/Elbe, Stadt";"Elbstraße 31";"Bürgerhaus";"Alteintragung (Aktualisierung vorgesehen)";"Geschichtlich, Städtebaulich";"Alteintragung (Aktualisierung vorgesehen)";"https://opendata.schleswig-holstein.de/data/denkmalpflege/fotos/11123.jpg"
13519;"Bauliche Anlage";"Kreis Hzgt. Lauenburg";"Lauenburg/Elbe, Stadt";"Elbstraße 33";"Bürgerhaus";"Alteintragung (Aktualisierung vorgesehen)";"Geschichtlich, Städtebaulich";"Alteintragung (Aktualisierung vorgesehen)";"https://opendata.schleswig-holstein.de/data/denkmalpflege/fotos/13519.jpg"
10858;"Bauliche Anlage";"Kreis Hzgt. Lauenburg";"Lauenburg/Elbe, Stadt";"Elbstraße 35";"Wohn- und Geschäftshaus (Jacobisches Haus)";"Alteintragung (Aktualisierung vorgesehen)";"Geschichtlich, Künstlerisch, Städtebaulich, Wissenschaftlich";"gesamtes Objekt";"https://opendata.schleswig-holstein.de/data/denkmalpflege/fotos/10858.jpg"
11121;"Bauliche Anlage";"Kreis Hzgt. Lauenburg";"Lauenburg/Elbe, Stadt";"Elbstraße 36";"Wohnhaus";"Wohnhaus, im Kern wohl 18. Jh., zweigeschossiger Fachwerkbau, giebelständiges Walmdach, vorgeblendete Backsteinfassade Ende 19. Jh.";"Geschichtlich, Städtebaulich";"gesamtes Objekt";"https://opendata.schleswig-holstein.de/data/denkmalpflege/fotos/11121.jpg"
11120;"Bauliche Anlage";"Kreis Hzgt. Lauenburg";"Lauenburg/Elbe, Stadt";"Elbstraße 37";"Bürgerhaus";"Alteintragung (Aktualisierung vorgesehen)";"Geschichtlich, Städtebaulich";"gesamtes Äußeres";"https://opendata.schleswig-holstein.de/data/denkmalpflege/fotos/11120.jpg"
11119;"Bauliche Anlage";"Kreis Hzgt. Lauenburg";"Lauenburg/Elbe, Stadt";"Elbstraße 38";"Wohn- und Geschäftshaus";"Wohn- und Geschäftshaus; 18. Jh.; zweigeschossiger Fachwerkbau mit Satteldach, straßenseitiger Schildgiebel dreigeschossig in Backstein mit zeittypischen Gliederungselementen";"Geschichtlich, Städtebaulich";"gesamtes Objekt";"https://opendata.schleswig-holstein.de/data/denkmalpflege/fotos/11119.jpg"
11118;"Bauliche Anlage";"Kreis Hzgt. Lauenburg";"Lauenburg/Elbe, Stadt";"Elbstraße 39";"Bürgerhaus";"Alteintragung (Aktualisierung vorgesehen)";"Geschichtlich, Städtebaulich";"gesamtes Äußeres";"https://opendata.schleswig-holstein.de/data/denkmalpflege/fotos/11118.jpg"
50;"Bauliche Anlage";"Kreis Hzgt. Lauenburg";"Lauenburg/Elbe, Stadt";"Elbstraße 41";"Wohn- und Geschäftshaus / Schlosserei";"Alteintragung (Aktualisierung vorgesehen)";"Geschichtlich, Künstlerisch, Städtebaulich";"gesamtes Objekt";"https://opendata.schleswig-holstein.de/data/denkmalpflege/fotos/50.jpg"
11172;"Bauliche Anlage";"Kreis Hzgt. Lauenburg";"Lauenburg/Elbe, Stadt";"Elbstraße 43";"Wohnhaus";"Alteintragung (Aktualisierung vorgesehen)";"Geschichtlich, Städtebaulich";"gesamtes Objekt";"https://opendata.schleswig-holstein.de/data/denkmalpflege/fotos/11172.jpg"
11171;"Bauliche Anlage";"Kreis Hzgt. Lauenburg";"Lauenburg/Elbe, Stadt";"Elbstraße 44";"Hotel Zum Löwen";"Hotel zum Löwen, Kern E. 18. Jh., dreigeschossiger Backsteinbau mit giebelständigem Kurzwalmdach, neubarocke Fassade von 1924";"Geschichtlich, Künstlerisch, Städtebaulich";"gesamtes Objekt";"https://opendata.schleswig-holstein.de/data/denkmalpflege/fotos/11171.jpg"
11170;"Bauliche Anlage";"Kreis Hzgt. Lauenburg";"Lauenburg/Elbe, Stadt";"Elbstraße 46";"Hotel Möller";"Hotel Möller, ehem.Brennerei, Kern Ende 18. Jh., Fassade Mitte 19. Jh., dreigeschossiger Backsteinbau, reiche Backsteingliederung";"Geschichtlich, Künstlerisch, Städtebaulich";"gesamtes Objekt";"https://opendata.schleswig-holstein.de/data/denkmalpflege/fotos/11170.jpg"
11169;"Bauliche Anlage";"Kreis Hzgt. Lauenburg";"Lauenburg/Elbe, Stadt";"Elbstraße 47";"Bürgerhaus";"Alteintragung (Aktualisierung vorgesehen)";"Geschichtlich, Städtebaulich";"Alteintragung (Aktualisierung vorgesehen)";"https://opendata.schleswig-holstein.de/data/denkmalpflege/fotos/11169.jpg"
11167;"Bauliche Anlage";"Kreis Hzgt. Lauenburg";"Lauenburg/Elbe, Stadt";"Elbstraße 49";"Mensingsches Haus";"Alteintragung (Aktualisierung vorgesehen)";"Geschichtlich, Städtebaulich";"gesamtes Objekt";"https://opendata.schleswig-holstein.de/data/denkmalpflege/fotos/11167.jpg"
11165;"Bauliche Anlage";"Kreis Hzgt. Lauenburg";"Lauenburg/Elbe, Stadt";"Elbstraße 54";"Wohn- und Geschäftshaus";"Wohn- und Geschäftshaus, ehem. Gasthaus Schreyer, um 1875, Umbau 1927, dreigeschossiger Putzbau, Schildgiebel mit schlichten Geschossprofilen";"Geschichtlich, Städtebaulich";"gesamtes Objekt";"https://opendata.schleswig-holstein.de/data/denkmalpflege/fotos/11165.jpg"
11164;"Bauliche Anlage";"Kreis Hzgt. Lauenburg";"Lauenburg/Elbe, Stadt";"Elbstraße 55";"Wohn- und Geschäftshaus";"Wohn- und Geschäftshaus, 2. Hälfte 19. Jh., zweigeschossiger Backsteinbau mit repräsentativem dreigeschossigem Schildgiebel, Backsteingliederung";"Geschichtlich, Städtebaulich";"gesamtes Objekt";"https://opendata.schleswig-holstein.de/data/denkmalpflege/fotos/11164.jpg"
11163;"Bauliche Anlage";"Kreis Hzgt. Lauenburg";"Lauenburg/Elbe, Stadt";"Elbstraße 56";"Wohn- und Geschäftshaus";"Wohn- und Geschäftshaus; 1876; dreigeschossiger Backsteinbau mit Schildgiebel vor traufständigem Kurzwalmdach, schlichte zeittypische Backsteingliederung";"Geschichtlich, Städtebaulich";"gesamtes Objekt";"https://opendata.schleswig-holstein.de/data/denkmalpflege/fotos/11163.jpg"
7271;"Bauliche Anlage";"Kreis Hzgt. Lauenburg";"Lauenburg/Elbe, Stadt";"Elbstraße 59";"ehem. Rathaus";"Alteintragung (Aktualisierung vorgesehen)";"Geschichtlich, Städtebaulich";"gesamtes Objekt";"https://opendata.schleswig-holstein.de/data/denkmalpflege/fotos/7271.jpg"
3343;"Bauliche Anlage";"Kreis Hzgt. Lauenburg";"Lauenburg/Elbe, Stadt";"Elbstraße 61";"Schreyer'sches Haus";"Alteintragung (Aktualisierung vorgesehen)";"Geschichtlich, Künstlerisch, Städtebaulich";"Alteintragung (Aktualisierung vorgesehen)";"https://opendata.schleswig-holstein.de/data/denkmalpflege/fotos/3343.jpg"
11158;"Bauliche Anlage";"Kreis Hzgt. Lauenburg";"Lauenburg/Elbe, Stadt";"Elbstraße 63";"Bürgerhaus";"Alteintragung (Aktualisierung vorgesehen)";"Geschichtlich, Städtebaulich";"gesamtes Objekt";"https://opendata.schleswig-holstein.de/data/denkmalpflege/fotos/11158.jpg"
1649;"Bauliche Anlage";"Kreis Hzgt. Lauenburg";"Lauenburg/Elbe, Stadt";"Elbstraße 64";"Wohnhaus (ehem. Ratsapotheke)";"Alteintragung (Aktualisierung vorgesehen)";"Geschichtlich, Städtebaulich";"Alteintragung (Aktualisierung vorgesehen)";"https://opendata.schleswig-holstein.de/data/denkmalpflege/fotos/1649.jpg"
11162;"Bauliche Anlage";"Kreis Hzgt. Lauenburg";"Lauenburg/Elbe, Stadt";"Elbstraße 64";"Hinterhaus (ehem. Ratsapotheke)";"Freistehender Rückflügel der Rathsapotheke, Anfang 19. Jh., zweigeschossiger Fachwerkbau mit Satteldach, geböschter Natursteinsockel, Elbseitig im Erdgeschoss eingezogen, Backsteinwände (Ende 19. Jh.)";"Geschichtlich, Städtebaulich";"gesamtes Objekt";"https://opendata.schleswig-holstein.de/data/denkmalpflege/fotos/11162.jpg"
3344;"Bauliche Anlage";"Kreis Hzgt. Lauenburg";"Lauenburg/Elbe, Stadt";"Elbstraße 65";"Wohnhaus";"Alteintragung (Aktualisierung vorgesehen)";"Geschichtlich, Künstlerisch, Städtebaulich";"gesamtes Äußeres";"https://opendata.schleswig-holstein.de/data/denkmalpflege/fotos/3344.jpg"
32684;"Bauliche Anlage";"Kreis Hzgt. Lauenburg";"Lauenburg/Elbe, Stadt";"Elbstraße 67";"Wohnhaus";"Wohnhaus, 1909, zweigeschossiger Fachwerkbau, giebelständig, Satteldach, historisierende Fachwerkornamentik";"Geschichtlich, Künstlerisch, Städtebaulich";"gesamtes Objekt";"https://opendata.schleswig-holstein.de/data/denkmalpflege/fotos/32684.jpg"
11153;"Bauliche Anlage";"Kreis Hzgt. Lauenburg";"Lauenburg/Elbe, Stadt";"Elbstraße 73";"Handwerkerhaus";"Alteintragung (Aktualisierung vorgesehen)";"Geschichtlich, Städtebaulich";"gesamtes Objekt";"https://opendata.schleswig-holstein.de/data/denkmalpflege/fotos/11153.jpg"
11150;"Bauliche Anlage";"Kreis Hzgt. Lauenburg";"Lauenburg/Elbe, Stadt";"Elbstraße 79";"Wohn- und Geschäftshaus";"Alteintragung (Aktualisierung vorgesehen)";"Geschichtlich, Künstlerisch, Städtebaulich";"gesamtes Objekt";"https://opendata.schleswig-holstein.de/data/denkmalpflege/fotos/11150.jpg"
11147;"Bauliche Anlage";"Kreis Hzgt. Lauenburg";"Lauenburg/Elbe, Stadt";"Elbstraße 82";"Schiffer-Börse";"Alteintragung (Aktualisierung vorgesehen)";"Geschichtlich, Städtebaulich";"gesamtes Objekt";"https://opendata.schleswig-holstein.de/data/denkmalpflege/fotos/11147.jpg"
11146;"Bauliche Anlage";"Kreis Hzgt. Lauenburg";"Lauenburg/Elbe, Stadt";"Elbstraße 83";"Vorder- und Hinterhaus";"Vorderhaus Backstein aus der 2. Hälfte 20. Jh., Dachwerk des 17. Jhs. erhalten. Zweigeschossiges Fachwerkhinterhaus wohl 18. Jh. mit Kranbalken";"Geschichtlich, Städtebaulich";"gesamtes Objekt";"https://opendata.schleswig-holstein.de/data/denkmalpflege/fotos/11146.jpg"
9616;"Bauliche Anlage";"Kreis Hzgt. Lauenburg";"Lauenburg/Elbe, Stadt";"Elbstraße 85";"ehem. Marienkaland und Haus des Lauenburger Schiffamtes";"Alteintragung (Aktualisierung vorgesehen)";"Geschichtlich, Künstlerisch, Städtebaulich";"gesamtes Objekt";"https://opendata.schleswig-holstein.de/data/denkmalpflege/fotos/9616.jpg"
11145;"Bauliche Anlage";"Kreis Hzgt. Lauenburg";"Lauenburg/Elbe, Stadt";"Elbstraße 86";"Wohnhaus";"Wohnhaus; 17./18. Jh.; zweigeschossiges Giebelhaus, Fachwerkbau mit Backsteinausfachung, Giebel vorkragend mit breiten Fußbändern; im Inneren umfangreiche Substanz erhalten; mehrere historische Umbauphasen";"Geschichtlich, Städtebaulich, Wissenschaftlich";"Wohnhaus, ";"https://opendata.schleswig-holstein.de/data/denkmalpflege/fotos/11145.jpg"
11144;"Bauliche Anlage";"Kreis Hzgt. Lauenburg";"Lauenburg/Elbe, Stadt";"Elbstraße 87";"Handwerkerhaus";"Alteintragung (Aktualisierung vorgesehen)";"Geschichtlich, Städtebaulich";"gesamtes Objekt";"https://opendata.schleswig-holstein.de/data/denkmalpflege/fotos/11144.jpg"
11143;"Bauliche Anlage";"Kreis Hzgt. Lauenburg";"Lauenburg/Elbe, Stadt";"Elbstraße 88";"Wohn- und Geschäftshaus";"Wohn- und Geschäftshaus, Kern 18. Jh., zweigeschossiger Fachwerkbau in Traufstellung, Erdgeschoss in Backstein ersetzt";"Geschichtlich, Städtebaulich";"gesamtes Objekt";"https://opendata.schleswig-holstein.de/data/denkmalpflege/fotos/11143.jpg"
32724;"Bauliche Anlage";"Kreis Hzgt. Lauenburg";"Lauenburg/Elbe, Stadt";"Elbstraße 89";"Wohn- und Geschäftshaus";"Wohn- und Geschäftshaus, 1906, schmaler Backsteinbau mit dreigeschossigem Schildgiebel, Putzbandornamentik";"Geschichtlich, Städtebaulich";"gesamtes Objekt";"https://opendata.schleswig-holstein.de/data/denkmalpflege/fotos/32724.jpg"
32720;"Bauliche Anlage";"Kreis Hzgt. Lauenburg";"Lauenburg/Elbe, Stadt";"Elbstraße 91";"ehem. Kampffsches Kaufhaus";"Wohn- und Geschäftshaus, 1903, dreigeschossiger Backsteinbau mit Attikafront, neubarocke Stuckornamentik";"Geschichtlich, Städtebaulich";"gesamtes Objekt";"https://opendata.schleswig-holstein.de/data/denkmalpflege/fotos/32720.jpg"
11141;"Bauliche Anlage";"Kreis Hzgt. Lauenburg";"Lauenburg/Elbe, Stadt";"Elbstraße 93";"Wohn- und Geschäftshaus";"Wohn- und Geschäftshaus, 1868, Julius Basedau, Ladenfront 1912, zweigeschossiger Backsteinbau mit Satteldach, giebelständig, zeittypische Backsteingliederung";"Geschichtlich, Städtebaulich";"gesamtes Objekt";"https://opendata.schleswig-holstein.de/data/denkmalpflege/fotos/11141.jpg"
11140;"Bauliche Anlage";"Kreis Hzgt. Lauenburg";"Lauenburg/Elbe, Stadt";"Elbstraße 95";"Rumpf'sches Haus";"Alteintragung (Aktualisierung vorgesehen)";"Geschichtlich, Künstlerisch, Städtebaulich";"gesamtes Objekt";"https://opendata.schleswig-holstein.de/data/denkmalpflege/fotos/11140.jpg"
11139;"Bauliche Anlage";"Kreis Hzgt. Lauenburg";"Lauenburg/Elbe, Stadt";"Elbstraße 97";"Bürgerhaus";"Alteintragung (Aktualisierung vorgesehen)";"Geschichtlich, Städtebaulich";"gesamtes Objekt";"https://opendata.schleswig-holstein.de/data/denkmalpflege/fotos/11139.jpg"
11138;"Bauliche Anlage";"Kreis Hzgt. Lauenburg";"Lauenburg/Elbe, Stadt";"Elbstraße 99";"ehem. Zigarrenmanufaktur";"Alteintragung (Aktualisierung vorgesehen)";"Geschichtlich, Städtebaulich";"gesamtes Objekt";"https://opendata.schleswig-holstein.de/data/denkmalpflege/fotos/11138.jpg"
11137;"Bauliche Anlage";"Kreis Hzgt. Lauenburg";"Lauenburg/Elbe, Stadt";"Elbstraße 101";"Bürgerhaus";"Alteintragung (Aktualisierung vorgesehen)";"Geschichtlich, Künstlerisch";"gesamtes Objekt";"https://opendata.schleswig-holstein.de/data/denkmalpflege/fotos/11137.jpg"
32976;"Bauliche Anlage";"Kreis Hzgt. Lauenburg";"Lauenburg/Elbe, Stadt";"Elbstraße 102 - 104";"Der Rufer über den Strom von Karlheinz Goedtke";"Bronzeplastik 'Der Rufer', 1959, Karlheinz Goedtke, rufende jugendliche Schifferfigur, vieldeutiges Freiheits- und Hoffnungssymbol der Stadt";"Geschichtlich, Städtebaulich";"gesamtes Objekt";"https://opendata.schleswig-holstein.de/data/denkmalpflege/fotos/32976.jpg"
2870;"Bauliche Anlage";"Kreis Hzgt. Lauenburg";"Lauenburg/Elbe, Stadt";"Elbstraße 103";"ehem. Speicher";"Alteintragung (Aktualisierung vorgesehen)";"Geschichtlich, Künstlerisch, Städtebaulich";"gesamtes Objekt";"https://opendata.schleswig-holstein.de/data/denkmalpflege/fotos/2870.jpg"
2871;"Bauliche Anlage";"Kreis Hzgt. Lauenburg";"Lauenburg/Elbe, Stadt";"Elbstraße 105";"Wohn- und Geschäftshaus";"Alteintragung (Aktualisierung vorgesehen)";"Geschichtlich, Städtebaulich";"gesamtes Objekt";"https://opendata.schleswig-holstein.de/data/denkmalpflege/fotos/2871.jpg"
3345;"Bauliche Anlage";"Kreis Hzgt. Lauenburg";"Lauenburg/Elbe, Stadt";"Elbstraße 106";"ehem. Bundeszollamt (1868)";"Alteintragung (Aktualisierung vorgesehen)";"Geschichtlich, Städtebaulich";"gesamtes Objekt";""
11218;"Bauliche Anlage";"Kreis Hzgt. Lauenburg";"Lauenburg/Elbe, Stadt";"Elbstraße 107";"Handwerkerhaus";"Alteintragung (Aktualisierung vorgesehen)";"Geschichtlich, Städtebaulich";"gesamtes Objekt";"https://opendata.schleswig-holstein.de/data/denkmalpflege/fotos/11218.jpg"
11217;"Bauliche Anlage";"Kreis Hzgt. Lauenburg";"Lauenburg/Elbe, Stadt";"Elbstraße 108";"ehem. Postamt";"Kaiserliches Postamt, zw. 1885 und 1899, zweigeschossiger Putzbau mit Attika, Putzornamentik";"Geschichtlich, Städtebaulich";"gesamtes Äußeres";"https://opendata.schleswig-holstein.de/data/denkmalpflege/fotos/11217.jpg"
11214;"Bauliche Anlage";"Kreis Hzgt. Lauenburg";"Lauenburg/Elbe, Stadt";"Elbstraße 109";"ehem. Speicher";"Alteintragung (Aktualisierung vorgesehen)";"Geschichtlich, Städtebaulich";"gesamtes Objekt";"https://opendata.schleswig-holstein.de/data/denkmalpflege/fotos/11214.jpg"
3346;"Bauliche Anlage";"Kreis Hzgt. Lauenburg";"Lauenburg/Elbe, Stadt";"Elbstraße 111";"Bürgerhaus";"Alteintragung (Aktualisierung vorgesehen)";"Geschichtlich, Städtebaulich";"Alteintragung (Aktualisierung vorgesehen)";"https://opendata.schleswig-holstein.de/data/denkmalpflege/fotos/3346.jpg"
11215;"Bauliche Anlage";"Kreis Hzgt. Lauenburg";"Lauenburg/Elbe, Stadt";"Elbstraße 113";"Wohnhaus";"Wohnhaus, um 1900, zweigeschossiger Backsteinbau, traufständig mit Mansarddach, historistische Putzgliederung";"Geschichtlich, Städtebaulich";"gesamtes Objekt";"https://opendata.schleswig-holstein.de/data/denkmalpflege/fotos/11215.jpg"
11216;"Bauliche Anlage";"Kreis Hzgt. Lauenburg";"Lauenburg/Elbe, Stadt";"Elbstraße 114";"Elbschifferhaus";"Alteintragung (Aktualisierung vorgesehen)";"Geschichtlich, Städtebaulich";"gesamtes Objekt";"https://opendata.schleswig-holstein.de/data/denkmalpflege/fotos/11216.jpg"
10853;"Bauliche Anlage";"Kreis Hzgt. Lauenburg";"Lauenburg/Elbe, Stadt";"Elbstraße 116";"Wohnhaus";"Alteintragung (Aktualisierung vorgesehen)";"Geschichtlich, Städtebaulich";"gesamtes Objekt";"https://opendata.schleswig-holstein.de/data/denkmalpflege/fotos/10853.jpg"
11212;"Bauliche Anlage";"Kreis Hzgt. Lauenburg";"Lauenburg/Elbe, Stadt";"Elbstraße 119";"Fährleutehaus";"Alteintragung (Aktualisierung vorgesehen)";"Geschichtlich, Künstlerisch, Städtebaulich";"gesamtes Objekt";"https://opendata.schleswig-holstein.de/data/denkmalpflege/fotos/11212.jpg"
7272;"Bauliche Anlage";"Kreis Hzgt. Lauenburg";"Lauenburg/Elbe, Stadt";"Elbstraße 122";"ehem. Seifenfabrik";"Alteintragung (Aktualisierung vorgesehen)";"Geschichtlich, Städtebaulich";"gesamtes Objekt";"https://opendata.schleswig-holstein.de/data/denkmalpflege/fotos/7272.jpg"
10950;"Bauliche Anlage";"Kreis Hzgt. Lauenburg";"Lauenburg/Elbe, Stadt";"Elbstraße 123";"Spangenbergsches Haus";"Alteintragung (Aktualisierung vorgesehen)";"Geschichtlich, Künstlerisch, Städtebaulich";"gesamtes Objekt";"https://opendata.schleswig-holstein.de/data/denkmalpflege/fotos/10950.jpg"
11209;"Bauliche Anlage";"Kreis Hzgt. Lauenburg";"Lauenburg/Elbe, Stadt";"Elbstraße 124";"Bürgerhaus";"Alteintragung (Aktualisierung vorgesehen)";"Geschichtlich, Städtebaulich";"gesamtes Äußeres";"https://opendata.schleswig-holstein.de/data/denkmalpflege/fotos/11209.jpg"
11210;"Bauliche Anlage";"Kreis Hzgt. Lauenburg";"Lauenburg/Elbe, Stadt";"Elbstraße 126";"Wohnhaus";"Alteintragung (Aktualisierung vorgesehen)";"Geschichtlich, Künstlerisch, Städtebaulich";"gesamtes Objekt";"https://opendata.schleswig-holstein.de/data/denkmalpflege/fotos/11210.jpg"
11204;"Bauliche Anlage";"Kreis Hzgt. Lauenburg";"Lauenburg/Elbe, Stadt";"Elbstraße 133";"ehem. Schifferhaus";"Alteintragung (Aktualisierung vorgesehen)";"Geschichtlich, Künstlerisch, Städtebaulich";"gesamtes Äußeres";"https://opendata.schleswig-holstein.de/data/denkmalpflege/fotos/11204.jpg"
11203;"Bauliche Anlage";"Kreis Hzgt. Lauenburg";"Lauenburg/Elbe, Stadt";"Elbstraße 135";"ehem. Schifferhaus";"Alteintragung (Aktualisierung vorgesehen)";"Geschichtlich, Städtebaulich";"gesamtes Objekt";"https://opendata.schleswig-holstein.de/data/denkmalpflege/fotos/11203.jpg"
11202;"Bauliche Anlage";"Kreis Hzgt. Lauenburg";"Lauenburg/Elbe, Stadt";"Elbstraße 137";"ehem. Schifferhaus";"Alteintragung (Aktualisierung vorgesehen)";"Geschichtlich, Städtebaulich";"gesamtes Objekt";"https://opendata.schleswig-holstein.de/data/denkmalpflege/fotos/11202.jpg"
11200;"Bauliche Anlage";"Kreis Hzgt. Lauenburg";"Lauenburg/Elbe, Stadt";"Elbstraße 139";"ehem. Schifferhaus";"Alteintragung (Aktualisierung vorgesehen)";"Geschichtlich, Städtebaulich";"gesamtes Objekt";"https://opendata.schleswig-holstein.de/data/denkmalpflege/fotos/11200.jpg"
11199;"Bauliche Anlage";"Kreis Hzgt. Lauenburg";"Lauenburg/Elbe, Stadt";"Elbstraße 141";"Wohn- und Geschäftshaus";"Wohn- und Geschäftshaus, nach 1836, viergeschossiger Fachwerkbau, giebelständig mit gestaffeltem Schildgiebel, Putzfassade Anfang 20. Jh.";"Geschichtlich, Städtebaulich";"gesamtes Objekt";"https://opendata.schleswig-holstein.de/data/denkmalpflege/fotos/11199.jpg"
11198;"Bauliche Anlage";"Kreis Hzgt. Lauenburg";"Lauenburg/Elbe, Stadt";"Elbstraße 145";"ehem. Bahnhofshotel";"ehem. Bahnhofshotel, 1861, zweigeschossiger Mauerwerksbau mit weißer Schlämme, traufständig mit Satteldach";"Geschichtlich, Städtebaulich";"gesamtes Objekt";"https://opendata.schleswig-holstein.de/data/denkmalpflege/fotos/11198.jpg"
11201;"Bauliche Anlage";"Kreis Hzgt. Lauenburg";"Lauenburg/Elbe, Stadt";"Elbstraße 145 a";"ehem. Tanzsaal Heinrich-Osterwold-Halle";"ehem. Tanzsaal, 1876, giebelständiger, zweigeschossiger Backsteinbau mit gemäßigtem Satteldach, Bühnenanbau von 1908";"Geschichtlich, Städtebaulich";"gesamtes Objekt";"https://opendata.schleswig-holstein.de/data/denkmalpflege/fotos/11201.jpg"
11135;"Bauliche Anlage";"Kreis Hzgt. Lauenburg";"Lauenburg/Elbe, Stadt";"Friedrichsbrücke";"Friedrichsbrücke";"Friedrichsbrücke, 1807, erneuert 1949, Rundbogenbrücke aus Ziegeln über Granitquadern, ornamentierte Schlusssteine";"Geschichtlich, Städtebaulich";"gesamtes Objekt";"https://opendata.schleswig-holstein.de/data/denkmalpflege/fotos/11135.jpg"
11196;"Bauliche Anlage";"Kreis Hzgt. Lauenburg";"Lauenburg/Elbe, Stadt";"Fürstengarten 29";"ehem. Verwaltungsgebäude";"ehem. Verwaltungsgebäude, Ende 18./Anfang 19. Jh., eingeschossiger Backsteinbau, giebelständig mit Kurzwalmdach";"Geschichtlich, Städtebaulich";"gesamtes Objekt";"https://opendata.schleswig-holstein.de/data/denkmalpflege/fotos/11196.jpg"
11195;"Bauliche Anlage";"Kreis Hzgt. Lauenburg";"Lauenburg/Elbe, Stadt";"Glüsinger Weg 6";"St. Annen-Hospital";"St. Annen Hospital, 1904, zweigeschossiger Backsteinbau mit Walmdach, Mittelrisalit, Einfriedung";"Geschichtlich, Städtebaulich";"St. Annen-Hospital, Einfriedung";"https://opendata.schleswig-holstein.de/data/denkmalpflege/fotos/11195.jpg"
11192;"Bauliche Anlage";"Kreis Hzgt. Lauenburg";"Lauenburg/Elbe, Stadt";"Graben 9";"Wohnhaus";"Wohnhaus, 17./18. Jh., zweigeschossiger Fachwerkbau, giebelständig, Satteldach, Giebel leicht vorkragend, Backsteinzierverbände";"Geschichtlich, Städtebaulich";"gesamtes Objekt";"https://opendata.schleswig-holstein.de/data/denkmalpflege/fotos/11192.jpg"
32882;"Bauliche Anlage";"Kreis Hzgt. Lauenburg";"Lauenburg/Elbe, Stadt";"Graben 18";"Wohnhaus mit Gewerbe";"Wohnhaus mit Gewerbe, 2. Hälfte 19. Jh., Wohnhaus in städtebaulich exponierter Ecksituation, eingeschossiger Backsteinbau mit Zwerchhaus, Satteldach und Backsteinziergliederung, Flügel an Ostseite, zweigeschossiger Werkstatttrakt an Nordseite";"Geschichtlich, Städtebaulich";"gesamtes Objekt";"https://opendata.schleswig-holstein.de/data/denkmalpflege/fotos/32882.jpg"
8134;"Bauliche Anlage";"Kreis Hzgt. Lauenburg";"Lauenburg/Elbe, Stadt";"Graben 19";"Wohnhaus";"Alteintragung (Aktualisierung vorgesehen)";"Geschichtlich, Städtebaulich";"gesamtes Objekt";"https://opendata.schleswig-holstein.de/data/denkmalpflege/fotos/8134.jpg"
11190;"Bauliche Anlage";"Kreis Hzgt. Lauenburg";"Lauenburg/Elbe, Stadt";"Graben 29";"Wohnhaus";"Alteintragung (Aktualisierung vorgesehen)";"Geschichtlich, Städtebaulich";"Alteintragung (Aktualisierung vorgesehen)";"https://opendata.schleswig-holstein.de/data/denkmalpflege/fotos/11190.jpg"
11189;"Bauliche Anlage";"Kreis Hzgt. Lauenburg";"Lauenburg/Elbe, Stadt";"Graben 31";"Wohnhaus";"Alteintragung (Aktualisierung vorgesehen)";"Geschichtlich, Städtebaulich";"Alteintragung (Aktualisierung vorgesehen)";"https://opendata.schleswig-holstein.de/data/denkmalpflege/fotos/11189.jpg"
32899;"Bauliche Anlage";"Kreis Hzgt. Lauenburg";"Lauenburg/Elbe, Stadt";"Großer Sandberg 5";"Wohnhaus";"eingeschossiger traufständiger Backsteinbau von 1860 mit Mansarddach und leicht vorspringendem Zwerchhaus. Wandgliederung durch Segmentbogenöffnungen und reiche zeittypische Ornamentik wie den umlaufenden Treppenfries und Ecklisenen.";"Geschichtlich, Städtebaulich";"gesamtes Objekt";"https://opendata.schleswig-holstein.de/data/denkmalpflege/fotos/32899.jpg"
32830;"Bauliche Anlage";"Kreis Hzgt. Lauenburg";"Lauenburg/Elbe, Stadt";"Grünstraße 9";"Villa";"Wohnhaus, 1. Drittel 20. Jh., eingeschossiger Backsteinbau im Heimatschutzstil, steiles ausgebautes Satteldach mit hohen Zwerchhäusern, abgesetzter Eingangsvorbau.";"Geschichtlich, Städtebaulich";"gesamtes Objekt";"https://opendata.schleswig-holstein.de/data/denkmalpflege/fotos/32830.jpg"
8607;"Bauliche Anlage";"Kreis Hzgt. Lauenburg";"Lauenburg/Elbe, Stadt";"Grünstraße 10";"Wohnhaus";"Alteintragung (Aktualisierung vorgesehen)";"Geschichtlich, Städtebaulich";"gesamtes Äußeres";"https://opendata.schleswig-holstein.de/data/denkmalpflege/fotos/8607.jpg"
8608;"Bauliche Anlage";"Kreis Hzgt. Lauenburg";"Lauenburg/Elbe, Stadt";"Grünstraße 12";"Wohnhaus";"Alteintragung (Aktualisierung vorgesehen)";"Geschichtlich, Städtebaulich";"gesamtes Äußeres";"https://opendata.schleswig-holstein.de/data/denkmalpflege/fotos/8608.jpg"
11180;"Bauliche Anlage";"Kreis Hzgt. Lauenburg";"Lauenburg/Elbe, Stadt";"Grünstraße 16";"Wasser- und Schifffahrtsamt";"Wasser- und Schifffahrtsamt, Mi 19. Jh., zweigeschossiger Putzbau in Traufstellung, fünfachsig mit Mitteleingang und Freitreppe, Walmdach";"Geschichtlich, Städtebaulich";"gesamtes Objekt";"https://opendata.schleswig-holstein.de/data/denkmalpflege/fotos/11180.jpg"
11177;"Bauliche Anlage";"Kreis Hzgt. Lauenburg";"Lauenburg/Elbe, Stadt";"Hafenstraße 16";"Wohnhaus";"Wohnhaus, 18./19. Jh., traufständiger eingeschossiger Backsteinbau mit Kurzwalmdach, eingeschossiger Backsteinflügel mit Pultdach";"Geschichtlich, Städtebaulich";"gesamtes Objekt";"https://opendata.schleswig-holstein.de/data/denkmalpflege/fotos/11177.jpg"
11176;"Bauliche Anlage";"Kreis Hzgt. Lauenburg";"Lauenburg/Elbe, Stadt";"Hafenstraße 30";"Speicher";"Speichergebäude Ende 19./Anfang 20. Jh., sechsgeschossiger Backsteinbau mit seitlichen, sechsgeschossigem Anbau, flache Satteldächer, Mittelachse mit Eingang, Ladeluken und Kranbalkenanlage";"Geschichtlich, Kulturlandschaftlich";"gesamtes Objekt";"https://opendata.schleswig-holstein.de/data/denkmalpflege/fotos/11176.jpg"
11116;"Bauliche Anlage";"Kreis Hzgt. Lauenburg";"Lauenburg/Elbe, Stadt";"Hamburger Straße 32";"ehem. Schützenhaus";"ehem. Schützenhaus, 1818, stattlicher Fachwerkbau mit zwei Geschossen, traufständig, Kurzwalmdach mit breiter Schleppgaube, Backsteineinfriedung";"Geschichtlich, Städtebaulich";"gesamtes Objekt";"https://opendata.schleswig-holstein.de/data/denkmalpflege/fotos/11116.jpg"
2054;"Bauliche Anlage";"Kreis Hzgt. Lauenburg";"Lauenburg/Elbe, Stadt";"Hamburger Straße";"Friedhof Lauenburg: Friedhofskapelle";"Alteintragung (Aktualisierung vorgesehen)";"Geschichtlich, Künstlerisch, Städtebaulich";"Alteintragung (Aktualisierung vorgesehen)";"https://opendata.schleswig-holstein.de/data/denkmalpflege/fotos/2054.jpg"
11115;"Bauliche Anlage";"Kreis Hzgt. Lauenburg";"Lauenburg/Elbe, Stadt";"Hohler Weg 1";"ehem. Schule";"ehem. Schule, 1824. Eingeschossiger Backsteinbau mit Natursteinsteinsockel und ausgebautem Kurzwalmdach";"Geschichtlich, Städtebaulich";"ehem. Schule, Vorgarten";"https://opendata.schleswig-holstein.de/data/denkmalpflege/fotos/11115.jpg"
32844;"Bauliche Anlage";"Kreis Hzgt. Lauenburg";"Lauenburg/Elbe, Stadt";"Hohler Weg 2";"Gemeindehaus";"Gemeindehaus errichtet 1860, zweigeschossiger Backsteinbau mit Natursteinsockel, giebelständig mit Satteldach, zeittypische Backsteingliederung und Bauzier";"Geschichtlich, Städtebaulich";"gesamtes Objekt";"https://opendata.schleswig-holstein.de/data/denkmalpflege/fotos/32844.jpg"
11114;"Bauliche Anlage";"Kreis Hzgt. Lauenburg";"Lauenburg/Elbe, Stadt";"Hohler Weg 3";"Bürgerhaus";"Alteintragung (Aktualisierung vorgesehen)";"Geschichtlich, Künstlerisch, Städtebaulich";"gesamtes Objekt";"https://opendata.schleswig-holstein.de/data/denkmalpflege/fotos/11114.jpg"
11113;"Bauliche Anlage";"Kreis Hzgt. Lauenburg";"Lauenburg/Elbe, Stadt";"Hohler Weg 4";"Bürgerhaus";"Alteintragung (Aktualisierung vorgesehen)";"Geschichtlich, Städtebaulich";"gesamtes Äußeres";"https://opendata.schleswig-holstein.de/data/denkmalpflege/fotos/11113.jpg"
3347;"Bauliche Anlage";"Kreis Hzgt. Lauenburg";"Lauenburg/Elbe, Stadt";"Hohler Weg 5";"Wohnhaus";"Alteintragung (Aktualisierung vorgesehen)";"Geschichtlich, Städtebaulich";"gesamtes Äußeres";"https://opendata.schleswig-holstein.de/data/denkmalpflege/fotos/3347.jpg"
11112;"Bauliche Anlage";"Kreis Hzgt. Lauenburg";"Lauenburg/Elbe, Stadt";"Hohler Weg 6";"Bürgerhaus Freystatzkysches Haus";"Alteintragung (Aktualisierung vorgesehen)";"Geschichtlich, Künstlerisch, Städtebaulich";"gesamtes Objekt";"https://opendata.schleswig-holstein.de/data/denkmalpflege/fotos/11112.jpg"
11111;"Bauliche Anlage";"Kreis Hzgt. Lauenburg";"Lauenburg/Elbe, Stadt";"Hohler Weg 7";"Bürgerhaus";"Alteintragung (Aktualisierung vorgesehen)";"Geschichtlich, Künstlerisch";"gesamtes Objekt";"https://opendata.schleswig-holstein.de/data/denkmalpflege/fotos/11111.jpg"
11110;"Bauliche Anlage";"Kreis Hzgt. Lauenburg";"Lauenburg/Elbe, Stadt";"Hohler Weg 8";"Wohnhaus";"Alteintragung (Aktualisierung vorgesehen)";"Geschichtlich, Städtebaulich, Wissenschaftlich";"gesamtes Objekt";"https://opendata.schleswig-holstein.de/data/denkmalpflege/fotos/11110.jpg"
3348;"Bauliche Anlage";"Kreis Hzgt. Lauenburg";"Lauenburg/Elbe, Stadt";"Hohler Weg 13";"ehem. Wohn- und Wirtschaftsgebäude Alte Kaserne";"Alteintragung (Aktualisierung vorgesehen)";"Geschichtlich, Städtebaulich";"gesamtes Objekt";"https://opendata.schleswig-holstein.de/data/denkmalpflege/fotos/3348.jpg"
3349;"Bauliche Anlage";"Kreis Hzgt. Lauenburg";"Lauenburg/Elbe, Stadt";"Hohler Weg 15";"Bürgerhaus (zweistöckig)";"Alteintragung (Aktualisierung vorgesehen)";"Geschichtlich, Städtebaulich";"Alteintragung (Aktualisierung vorgesehen)";"https://opendata.schleswig-holstein.de/data/denkmalpflege/fotos/3349.jpg"
11107;"Bauliche Anlage";"Kreis Hzgt. Lauenburg";"Lauenburg/Elbe, Stadt";"Hohler Weg 15";"Bürgerhaus (einstöckig)";"Alteintragung (Aktualisierung vorgesehen)";"Geschichtlich, Städtebaulich";"Alteintragung (Aktualisierung vorgesehen)";"https://opendata.schleswig-holstein.de/data/denkmalpflege/fotos/11107.jpg"
11106;"Bauliche Anlage";"Kreis Hzgt. Lauenburg";"Lauenburg/Elbe, Stadt";"Hohler Weg 18";"Wohnhaus";"Wohnhaus, Kern von 1726, eineschossiger Fachwerkbau, giebelständig mit Satteldach, vorgeblendete Mauerwerksfassade";"Geschichtlich, Städtebaulich";"gesamtes Objekt";"https://opendata.schleswig-holstein.de/data/denkmalpflege/fotos/11106.jpg"
8531;"Bauliche Anlage";"Kreis Hzgt. Lauenburg";"Lauenburg/Elbe, Stadt";"Hohler Weg 21";"Wohnhaus";"Alteintragung (Aktualisierung vorgesehen)";"Geschichtlich, Städtebaulich";"gesamtes Objekt";"https://opendata.schleswig-holstein.de/data/denkmalpflege/fotos/8531.jpg"
11104;"Bauliche Anlage";"Kreis Hzgt. Lauenburg";"Lauenburg/Elbe, Stadt";"Hohler Weg 31";"Altes Pastorat";"Alteintragung (Aktualisierung vorgesehen)";"Geschichtlich, Künstlerisch, Städtebaulich";"gesamtes Objekt";"https://opendata.schleswig-holstein.de/data/denkmalpflege/fotos/11104.jpg"
11098;"Bauliche Anlage";"Kreis Hzgt. Lauenburg";"Lauenburg/Elbe, Stadt";"Hunnenburg 1";"Handwerkerhaus";"Alteintragung (Aktualisierung vorgesehen)";"Geschichtlich, Städtebaulich";"gesamtes Objekt";"https://opendata.schleswig-holstein.de/data/denkmalpflege/fotos/11098.jpg"
11097;"Bauliche Anlage";"Kreis Hzgt. Lauenburg";"Lauenburg/Elbe, Stadt";"Hunnenburg 4";"Wohnhaus";"Wohnhaus, Kernbau 17. Jh., erweitert 18. Jh., eingeschossiger Fachwerkbau, giebelständig mit Satteldach, Ankerbalken mit doppelten Zapfenschlössern";"Geschichtlich, Städtebaulich";"Wohnhaus, Vorgarten, Einfriedung";"https://opendata.schleswig-holstein.de/data/denkmalpflege/fotos/11097.jpg"
11095;"Bauliche Anlage";"Kreis Hzgt. Lauenburg";"Lauenburg/Elbe, Stadt";"Kirchplatz 1";"Kirche Lauenburg: ehem. Diakonenhaus";"Alteintragung (Aktualisierung vorgesehen)";"Geschichtlich, Künstlerisch, Städtebaulich";"gesamtes Objekt";"https://opendata.schleswig-holstein.de/data/denkmalpflege/fotos/11095.jpg"
3351;"Bauliche Anlage";"Kreis Hzgt. Lauenburg";"Lauenburg/Elbe, Stadt";"Kirchplatz 5";"Kirche Lauenburg: Pfarrwitwenhaus";"Alteintragung (Aktualisierung vorgesehen)";"Geschichtlich, Städtebaulich";"gesamtes Objekt";"https://opendata.schleswig-holstein.de/data/denkmalpflege/fotos/3351.jpg"
3350;"Bauliche Anlage";"Kreis Hzgt. Lauenburg";"Lauenburg/Elbe, Stadt";"Kirchplatz";"Kirche St. Maria Magdalena mit Ausstattung";"Alteintragung (Aktualisierung vorgesehen)";"Geschichtlich, Künstlerisch, Städtebaulich";"gesamtes Objekt";"https://opendata.schleswig-holstein.de/data/denkmalpflege/fotos/3350.jpg"
8262;"Bauliche Anlage";"Kreis Hzgt. Lauenburg";"Lauenburg/Elbe, Stadt";"Körtingstraße 7";"Wohnhaus";"Alteintragung (Aktualisierung vorgesehen)";"Geschichtlich, Städtebaulich";"Alteintragung (Aktualisierung vorgesehen)";"https://opendata.schleswig-holstein.de/data/denkmalpflege/fotos/8262.jpg"
32979;"Bauliche Anlage";"Kreis Hzgt. Lauenburg";"Lauenburg/Elbe, Stadt";"Körtingstraße 9";"ehem. Werftarbeiterhaus";"ehem. Werftarbeiterhaus, 1858-70, Friedrich Uhrbrock, eingeschossiger Typenbau in Backstein, traufständig, Satteldach";"Geschichtlich, Städtebaulich";"gesamtes Objekt";"https://opendata.schleswig-holstein.de/data/denkmalpflege/fotos/32979.jpg"
20663;"Bauliche Anlage";"Kreis Hzgt. Lauenburg";"Lauenburg/Elbe, Stadt";"Körtingstraße";"Straßenpflasterung";"Alteintragung (Aktualisierung vorgesehen)";"Geschichtlich, Städtebaulich";"Alteintragung (Aktualisierung vorgesehen)";"https://opendata.schleswig-holstein.de/data/denkmalpflege/fotos/20663.jpg"
3352;"Bauliche Anlage";"Kreis Hzgt. Lauenburg";"Lauenburg/Elbe, Stadt";"Neustadt 1";"Wohnhaus (Maacksches Witwenhaus)";"Alteintragung (Aktualisierung vorgesehen)";"Geschichtlich, Städtebaulich";"gesamtes Äußeres, gepflasterter Vorplatz";""
3353;"Bauliche Anlage";"Kreis Hzgt. Lauenburg";"Lauenburg/Elbe, Stadt";"Neustadt 3";"Wohnhaus";"Alteintragung (Aktualisierung vorgesehen)";"Geschichtlich, Städtebaulich";"gesamtes Äußeres, Vorgarten";"https://opendata.schleswig-holstein.de/data/denkmalpflege/fotos/3353.jpg"
7639;"Bauliche Anlage";"Kreis Hzgt. Lauenburg";"Lauenburg/Elbe, Stadt";"Neustadt 4";"ehem. Gasthaus Zum Rautenkranz";"Alteintragung (Aktualisierung vorgesehen)";"Geschichtlich, Städtebaulich";"Alteintragung (Aktualisierung vorgesehen)";"https://opendata.schleswig-holstein.de/data/denkmalpflege/fotos/7639.jpg"
3354;"Bauliche Anlage";"Kreis Hzgt. Lauenburg";"Lauenburg/Elbe, Stadt";"Neustadt 7";"Wohnhaus";"Alteintragung (Aktualisierung vorgesehen)";"Geschichtlich, Städtebaulich";"Wohnhaus, Vorgarten";"https://opendata.schleswig-holstein.de/data/denkmalpflege/fotos/3354.jpg"
3355;"Bauliche Anlage";"Kreis Hzgt. Lauenburg";"Lauenburg/Elbe, Stadt";"Neustadt 9";"Wohnhaus";"Alteintragung (Aktualisierung vorgesehen)";"Geschichtlich, Städtebaulich";"gesamtes Äußeres, Vorgarten";"https://opendata.schleswig-holstein.de/data/denkmalpflege/fotos/3355.jpg"
3356;"Bauliche Anlage";"Kreis Hzgt. Lauenburg";"Lauenburg/Elbe, Stadt";"Neustadt 13";"Wohnhaus";"Alteintragung (Aktualisierung vorgesehen)";"Geschichtlich, Städtebaulich";"gesamtes Äußeres, Vorgarten";"https://opendata.schleswig-holstein.de/data/denkmalpflege/fotos/3356.jpg"
20662;"Bauliche Anlage";"Kreis Hzgt. Lauenburg";"Lauenburg/Elbe, Stadt";"Schäferstraße";"Straßenpflasterung";"Alteintragung (Aktualisierung vorgesehen)";"Geschichtlich, Städtebaulich";"Alteintragung (Aktualisierung vorgesehen)";"https://opendata.schleswig-holstein.de/data/denkmalpflege/fotos/20662.jpg"
8263;"Bauliche Anlage";"Kreis Hzgt. Lauenburg";"Lauenburg/Elbe, Stadt";"Uhrbrockstraße";"Straßenpflasterung";"Alteintragung (Aktualisierung vorgesehen)";"Geschichtlich, Städtebaulich";"Alteintragung (Aktualisierung vorgesehen)";"https://opendata.schleswig-holstein.de/data/denkmalpflege/fotos/8263.jpg"
11084;"Bauliche Anlage";"Kreis Hzgt. Lauenburg";"Lauenburg/Elbe, Stadt";"Weingarten 7";"Wohnhaus Friedrich Adolph Schoenfeld";"Wohnhaus Friedrich A. Schoenfeld, 1894, zweigeschossiger Backsteinbau mit Walmdach, Risalit und Putzornamentik, Vorgarten mit Einfriedung";"Geschichtlich, Städtebaulich";"Wohnhaus Friedrich Adolph Schoenfeld, Vorgarten, Einfriedung";"https://opendata.schleswig-holstein.de/data/denkmalpflege/fotos/11084.jpg"
33054;"Teil einer baulichen Anlage";"Kreis Hzgt. Lauenburg";"Lauenburg/Elbe, Stadt";"Weingarten 12";"Mosaik Lesendes Mädchen";"Lesendes Mädchen, Mosaikrelief 1959 von Karlheinz Goedtke, ursprünglich am Außenbau der Gesamtdeutschen Bücherei, durch Überbauung heute im Gebäudeinnern";"Geschichtlich, Künstlerisch, Städtebaulich";"gesamtes Objekt";"https://opendata.schleswig-holstein.de/data/denkmalpflege/fotos/33054.jpg"
38091;"Gründenkmal";"Kreis Hzgt. Lauenburg";"Lauenburg/Elbe, Stadt";"Glüsinger Weg";"Ehrenfriedhof";"Ehrenfriedhof für Gefallene des 2. Weltkriegs, 1953, torartiges Glockenhaus mit Gedenktafeln, rechteckige Grünanlage mit Basalttafeln- und Kreuzen sowie Ehrenmal mit Kreuz und Tumba, Eichenhain, Ziergehölze und Staudenbeete";"Geschichtlich, Städtebaulich";"gesamtes Objekt";""
19676;"Gründenkmal";"Kreis Hzgt. Lauenburg";"Lauenburg/Elbe, Stadt";"Graben 29";"Zwei Hausbäume";"Alteintragung (Aktualisierung vorgesehen)";"Geschichtlich, Städtebaulich";"gesamtes Objekt";"https://opendata.schleswig-holstein.de/data/denkmalpflege/fotos/19676.jpg"
7963;"Bauliche Anlage";"Kreis Hzgt. Lauenburg";"Lehmrade";"Herrenstraße 19";"Fachhallenhaus";"Fachhallenhaus; vor 1783; giebelständiger Fachwerkbau als Durchfahrtsdielenhaus, reetgedecktes Vollwalmdach, Keller";"Geschichtlich, Kulturlandschaftlich";"gesamtes Objekt";"https://opendata.schleswig-holstein.de/data/denkmalpflege/fotos/7963.jpg"
9942;"Bauliche Anlage";"Kreis Hzgt. Lauenburg";"Linau";"Dorfstraße 22";"Wohn- und Wirtschaftsgebäude";"Wohn- und Wirtschaftsgebäude; 1914, Umbau nach Brand 1936, Bauherr Hans Hr. Fritz Kruse; Backsteinbau, traufständiges Wohngebäude mit Walmdach und Zwerchgiebel, anschließendes, L-förmiges Wirtschaftsgebäude mit hohem Mansarddach. Umfriedung aus behauenen Feldsteinen";"Geschichtlich, Künstlerisch, Kulturlandschaftlich, Städtebaulich";"Wohn- und Wirtschaftsgebäude, Einfriedung";"https://opendata.schleswig-holstein.de/data/denkmalpflege/fotos/9942.jpg"
9948;"Bauliche Anlage";"Kreis Hzgt. Lauenburg";"Linau";"In de Twiet 14";"Fachhallenhaus";"Fachhallenhaus; Anfang 19. Jh.; Eichenfachwerk mit einfacher Riegellage, Ausfachungen in Backstein und Lehm erneuert, Halbwalmdach reetgedeckt, Binnenstruktur und Gefüge gut erhalten";"Geschichtlich, Kulturlandschaftlich";"gesamtes Objekt";"https://opendata.schleswig-holstein.de/data/denkmalpflege/fotos/9948.jpg"
35464;"Sachgesamtheit";"Kreis Hzgt. Lauenburg";"Lütau";"Alte Salzstraße 29";"Hofanlage Alte Salzstraße 29";"Hofanlage Alte Salzstraße 29; ab 1726; historisches und regionaltypisches Ensemble bestehend aus Fachhallenhaus, Fachwerkscheune und aus Feldsteinen gemauerter Einfriedung";"Geschichtlich, Städtebaulich";"Fachhallenhaus mit Einfriedung, Fachwerkscheune";"https://opendata.schleswig-holstein.de/data/denkmalpflege/fotos/35464.jpg"
40576;"Sachgesamtheit";"Kreis Hzgt. Lauenburg";"Lütau";"Redderallee";"Kirche St. Jacobus und St. Dionys";"Aktualisierung vorgesehen";"Geschichtlich, Künstlerisch, Kulturlandschaftlich, Städtebaulich";"Kirche St. Jacobus und St. Dionys mit Ausstattung, Kirchhof, Grabmale bis 1870, Feldsteinböschungsmauer, Lindenkranz";"https://opendata.schleswig-holstein.de/data/denkmalpflege/fotos/40576.jpg"
29;"Bauliche Anlage";"Kreis Hzgt. Lauenburg";"Lütau";"Alte Salzstraße 29";"Fachhallenhaus";"Fachhallenhaus; ab 1726; ursprünglich reetgedecktes Fachhallenhaus mit Mauerwerksausfachung, der Wirtschaftsteil in den 1950er Jahren aufgemauert und durch einen Kuhlstallanbau ergänzt";"Geschichtlich, Städtebaulich";"Fachhallenhaus, Einfriedung";"https://opendata.schleswig-holstein.de/data/denkmalpflege/fotos/29.jpg"
23630;"Bauliche Anlage";"Kreis Hzgt. Lauenburg";"Lütau";"Katthof 1";"Wohn- und Wirtschaftsgebäude";"Wohn- und Wirtschaftsgebäude; im Kern 19. Jh.; eingeschossiger Backsteinbau unter Schopfwalmdach, repräsentativer Eingangsrisalit mit Säulenportikus; mit Vorgarten und Einfriedung";"Geschichtlich, Kulturlandschaftlich";"Wohn- und Wirtschaftsgebäude, Einfriedung, Vorgarten";"https://opendata.schleswig-holstein.de/data/denkmalpflege/fotos/23630.jpg"
23492;"Bauliche Anlage";"Kreis Hzgt. Lauenburg";"Lütau";"Redderallee 6";"Pastorat";"Pastorat; 1856/57; eingeschossiger, langgestreckter Mauerwerksbau unter flachgeneigtem Satteldach, backsteinsichtige Fassaden mit gemauertem Bauschmuck in zeittypischer Formensprache";"Geschichtlich, Städtebaulich";"gesamtes Objekt";"https://opendata.schleswig-holstein.de/data/denkmalpflege/fotos/23492.jpg"
3380;"Bauliche Anlage";"Kreis Hzgt. Lauenburg";"Lütau";"Redderallee";"Kirche St. Jacobus und St. Dionys mit Ausstattung";"Alteintragung (Aktualisierung vorgesehen)";"Geschichtlich, Künstlerisch, Städtebaulich";"gesamtes Objekt";"https://opendata.schleswig-holstein.de/data/denkmalpflege/fotos/3380.jpg"
20703;"Gründenkmal";"Kreis Hzgt. Lauenburg";"Lütau";"Redderallee";"Kirchhof";"Alteintragung (Aktualisierung vorgesehen)";"Geschichtlich, Kulturlandschaftlich";"Kirchhof, Grabmale bis 1870, Feldsteinböschungsmauer, Lindenkranz";"https://opendata.schleswig-holstein.de/data/denkmalpflege/fotos/20703.jpg"
916;"Bauliche Anlage";"Kreis Hzgt. Lauenburg";"Mechow";"Gut Mechow";"Pächterwohnhaus";"Alteintragung (Aktualisierung vorgesehen)";"";"Alteintragung (Aktualisierung vorgesehen)";""
13619;"Bauliche Anlage";"Kreis Hzgt. Lauenburg";"Mechow";"Gut Mechow";"Vierständerscheune";"Alteintragung (Aktualisierung vorgesehen)";"";"Alteintragung (Aktualisierung vorgesehen)";"https://opendata.schleswig-holstein.de/data/denkmalpflege/fotos/13619.jpg"
13620;"Bauliche Anlage";"Kreis Hzgt. Lauenburg";"Mechow";"Gut Mechow";"Pferdestall";"Alteintragung (Aktualisierung vorgesehen)";"";"Alteintragung (Aktualisierung vorgesehen)";""
13621;"Bauliche Anlage";"Kreis Hzgt. Lauenburg";"Mechow";"Gut Mechow";"Vorplatz";"Alteintragung (Aktualisierung vorgesehen)";"";"Alteintragung (Aktualisierung vorgesehen)";""
13623;"Bauliche Anlage";"Kreis Hzgt. Lauenburg";"Mechow";"Gut Mechow";"Torhaus";"Alteintragung (Aktualisierung vorgesehen)";"";"Alteintragung (Aktualisierung vorgesehen)";"https://opendata.schleswig-holstein.de/data/denkmalpflege/fotos/13623.jpg"
13622;"Gründenkmal";"Kreis Hzgt. Lauenburg";"Mechow";"Gut Mechow";"Gutspark";"Alteintragung (Aktualisierung vorgesehen)";"Geschichtlich, Kulturlandschaftlich";"gesamtes Objekt";""
38819;"Sachgesamtheit";"Kreis Hzgt. Lauenburg";"Mölln, Stadt";"Am Markt 1, 2, 3, 12, 13, Am Markt, Marktstraße 5";"Marktplatz Mölln";"Marktplatz Mölln; im Kern 14.-17. Jahrhundert; Ensemble bestehend aus Rathaus, Wohnhäuser Am Markt 1, 3, 13 und Marktstraße 5, Heimatmuseum Am Markt 2, Eulenspiegelbrunnen, Shaw-Plakette und Pflasterung des Marktplatzes";"Geschichtlich, Künstlerisch, Städtebaulich";"Wohnhäuser (Am Markt 1, 3, 13); Wohn- und Geschäftshaus (Marktstraße 5); Heimatmuseum/Bürgerhaus (Am Markt 2); Rathaus (Am Markt 12); Eulenspiegelbrunnen, Shaw-Plakette, Pflasterung Marktplatz";"https://opendata.schleswig-holstein.de/data/denkmalpflege/fotos/38819.jpg"
40577;"Sachgesamtheit";"Kreis Hzgt. Lauenburg";"Mölln, Stadt";"Am Markt";"Kirche St. Nikolai";"Aktualisierung vorgesehen";"Geschichtlich, Künstlerisch, Kulturlandschaftlich, Städtebaulich";"Kirche St. Nikolai mit Ausstattung, Kirchhof, Grabmale bis 1870, Böschungsmauern mit Treppen und Geländern, Lindenkranz";"https://opendata.schleswig-holstein.de/data/denkmalpflege/fotos/40577.jpg"
36354;"Sachgesamtheit";"Kreis Hzgt. Lauenburg";"Mölln, Stadt";"Hauptstraße 109";"Wohnhaus mit Hofgebäude";"Wohnhaus mit Hofgebäude; 1789 (archivalisch), Sanierung 1987/88; historische und städtebauliche Einheit aus zweigeschossigem, giebelständigem Fachwerk-Wohnhaus und Hofgebäude";"Geschichtlich, Städtebaulich";"Wohnhaus, Hofgebäude";""
32891;"Sachgesamtheit";"Kreis Hzgt. Lauenburg";"Mölln, Stadt";"Hauptstraße 142a, 144-148, 148a, 150";"Stadthauptmannshof";"Stadthauptmannshof; im Ursprung mittelalterliche Anlage mit ehem. Stadthauptmannshaus von 1413/14, ehem. Gästehaus von 1550, ehem. Lehrerwohnungen um 1820 und ehem. Schule von 1859";"Geschichtlich, Städtebaulich";"ehem. Stadthauptmannshaus (Hauptstraße 150); ehem. Gästehaus ?Medaillongebäude? (Hauptstraße 148a); ehem. Lehrerwohnungen (Hauptstraße 144-148); ehem. Schule (Hauptstraße 142a)";"https://opendata.schleswig-holstein.de/data/denkmalpflege/fotos/32891.jpg"
40375;"Sachgesamtheit";"Kreis Hzgt. Lauenburg";"Mölln, Stadt";"Hauptstraße 1, 3, DB 1121, Feuergräfenstraße, Hauptstraße";"Bahnhof Mölln";"Bahnhof Mölln; ab 1850; historische Bahnhofsanlage der Strecke Lübeck?Lüneburg, bestehend aus dem alten und dem neuen Empfangsgebäude, dem ehem. Güterbahnhof sowie zwei Stellwerken";"Geschichtlich, Städtebaulich, Technisch";"Neuer Bahnhof (Hauptstraße 1); Alter Bahnhof (Hauptstraße 3); ehem. Güterbahnhof (Feuergräfenstraße); Stellwerk 'Mn' (Hauptstraße); Stellwerk 'Mf' (DB 1121)";""
50718;"Sachgesamtheit";"Kreis Hzgt. Lauenburg";"Mölln, Stadt";"Mühlenplatz 9, Auf den Dämmen, Brunnenstraße, Mühlenplatz u.a.";"Stadtmühle Mölln";"Stadtmühle Mölln; 2. Hälfte 19. Jh., Ensemble bestehend aus ehem. Stadtmühle mit Hofpflasterung, Mühlenwehr, Gusseisengeländer, Wasserpumpe, Mühlengraben mit Geländer Brunnenstraße und Regulierungswehr";"Geschichtlich, Städtebaulich, Technisch";"ehem. Stadtmühle mit Hofpflasterung, Mühlenwehr mit Gusseisengeländer und Wasserpumpe (Mühlenplatz 9); Mühlengraben mit Geländer an Brunnenstraße (Mühlenplatz, Brunnenstraße); Regulierwehr (Auf den Dämmen)";"https://opendata.schleswig-holstein.de/data/denkmalpflege/fotos/50718.jpg"
35985;"Sachgesamtheit";"Kreis Hzgt. Lauenburg";"Mölln, Stadt";"Schmilauer Straße 64-66";"ehem. Landwirtschaftsschule";"ehem. Landwirtschaftsschule; im Kern 19. Jh., Umbau 1938; bestehend aus dem ehemaligen Schulgebäude, den dazugehörigen Garagen und der Bronzeplastik 'Gänsegruppe' von 1961";"Geschichtlich, Künstlerisch, Städtebaulich";"Schulgebäude; Garagen; Bronzeplastik 'Gänsegruppe'";""
35977;"Sachgesamtheit";"Kreis Hzgt. Lauenburg";"Mölln, Stadt";"Schmilauer Straße";"Ehrenmalgruppe im Hohen Holz";"Ehrenmalgruppe im Hohen Holz; 1865, 1925, 1939; Gruppe von vier eigenständigen, im lichten Wald angeordneten Ehrenmalen am Ort eines im Zuge der Befreiungskriege stattgefundenen Gefechts";"Geschichtlich, Künstlerisch, Städtebaulich";"Ehrenmal zum Befreiungskrieg 1813; Hanseatendenkmal; Ehrenmal zum Deutsch-Französischen Krieg 1870/71; Ehrenmal der Gefallenen des Ersten Weltkrieges";""
50714;"Sachgesamtheit";"Kreis Hzgt. Lauenburg";"Mölln, Stadt";"Ziegenmarkt 2, 3, 4, Seestraße 11, Ziegenmarkt";"Ziegenmarkt Mölln";"Ziegenmarkt Mölln; 17.-19 Jh., Baugruppe von ein- bzw. zweigeschossigen, giebelständigen Fachwerkbauten an sich platzartig erweiternder, historischer Straßenpflasterung";"Geschichtlich, Städtebaulich";"Wohnhaus mit Vorgarten, Einfriedung (Ziegenmarkt 2); Wohnhäuser (Ziegenmarkt 3, 4, Seestraße 11); Pflasterung (Ziegenmarkt)";"https://opendata.schleswig-holstein.de/data/denkmalpflege/fotos/50714.jpg"
38583;"Mehrheit von baulichen Anlagen";"Kreis Hzgt. Lauenburg";"Mölln, Stadt";"Am Markt 4, 5, 6, 7, 8, 9";"Baugruppe Am Markt 4-9";"Baugruppe Am Markt 4-9; 19. Jh.; überwiegend zweigeschossige Bebauung mit Giebelwohnhäusern des 19. Jahrhunderts mit backsteinsichtigen Straßenfassaden gegenüber der St.-Nicolai-Kirche";"Geschichtlich, Städtebaulich";"Wohnhäuser (Am Markt 4, 5, 6, 9); Wohnhaus, Goedtke-Museum (Am Markt 7); Gasthaus 'Eulenspiegelklause' (Am Markt 8)";"https://opendata.schleswig-holstein.de/data/denkmalpflege/fotos/38583.jpg"
38579;"Mehrheit von baulichen Anlagen";"Kreis Hzgt. Lauenburg";"Mölln, Stadt";"Am Wall 3, 4, 5";"Wohnhäuser Am Wall 3, 4, 5";"Wohnhäuser Am Wall 3, 4, 5; 2. Hälfte 19. Jh.; kleinteilige, zweigeschossige Wohnbebauung aus traufständigen Fachwerkhäusern unter Satteldach mit schmalen Brandgassen";"Geschichtlich, Städtebaulich";"Wohnhäuser Am Wall 3, 4, 5";""
38582;"Mehrheit von baulichen Anlagen";"Kreis Hzgt. Lauenburg";"Mölln, Stadt";"Bleistraße 3, 4, 5";"Wohnhäuser Bleistraße 3, 4, 5";"Wohnhäuser Bleistraße 3, 4, 5; 17. bis 18. Jahrhundert; kleinteilige, überwiegend zweigeschossige Bebauung aus Fachwerkbauten in Giebelstellung";"Geschichtlich, Städtebaulich";"Wohnhäuser Bleistraße 3, 4, 5";"https://opendata.schleswig-holstein.de/data/denkmalpflege/fotos/38582.jpg"
35992;"Mehrheit von baulichen Anlagen";"Kreis Hzgt. Lauenburg";"Mölln, Stadt";"Brunnenstraße 2, 3, Auf dem Wall 7";"Wohnbebauung Brunnenstraße 2-3/Auf dem Wall 7";"Wohnbebauung Brunnenstraße 2-3/Auf dem Wall 7; 2. Hälfte 19. Jh.; Reihenhäuser, verputzte Mauerwerksbauten mit Risalit bzw. Zwerchhaus sowie Eckgebäude, Fachwerkbau unter Satteldach";"Geschichtlich, Städtebaulich";"Wohnhaus (Auf dem Wall 7); Reihenhäuser (Brunnenstraße 2, 3)";"https://opendata.schleswig-holstein.de/data/denkmalpflege/fotos/35992.jpg"
38811;"Mehrheit von baulichen Anlagen";"Kreis Hzgt. Lauenburg";"Mölln, Stadt";"Grubenstraße 1, 2, 3-4, 5, 6-7, 8, 9";"Wohnhäuser Grubenstraße 1-9";"Wohnhäuser Grubenstraße 1, 2, 3-4, 5, 6-7, 8, 9; 17. bis 19. Jh.; kleinteilige, überwiegend zweigeschossige Bebauung aus Fachwerkbauten mit zum Teil vorgesetzten Backsteinfassaden";"Geschichtlich, Städtebaulich";"Wohnhäuser Grubenstraße 1, 5, 8, 9; Wohn- und Geschäftshaus Grubenstraße 2; Doppelhäuser Grubenstraße 3-4, 6-7";"https://opendata.schleswig-holstein.de/data/denkmalpflege/fotos/38811.jpg"
50971;"Mehrheit von baulichen Anlagen";"Kreis Hzgt. Lauenburg";"Mölln, Stadt";"Hauptstraße 74, 76";"Wohn- und Geschäftshäuser Hauptstraße 74-76";"Wohn- und Geschäftshäuser Hauptstraße 74-76; um 1858; zweieinhalbgeschossige, traufständige Wohn- und Geschäftshäuser mit historistischer Stuckgliederung, mittelalterlicher Stadtmauerrest in Seitenflügel";"Geschichtlich, Städtebaulich";"Wohn- und Geschäftshäuser Hauptstraße 74, 76";"https://opendata.schleswig-holstein.de/data/denkmalpflege/fotos/50971.jpg"
36281;"Mehrheit von baulichen Anlagen";"Kreis Hzgt. Lauenburg";"Mölln, Stadt";"Hauptstraße 86a, 86, 88, 90, 92, 94";"Wohn- und Geschäftshäuser Hauptstraße 86-94";"Wohn- und Geschäftshäuser Hauptstraße 86-94; 19. Jh./um 1900; dreigeschossige, traufständige Bebauung aus Mauerwerksbauten unter Satteldach, z.T. mit reicher historistischer Stuckgliederung";"Geschichtlich, Städtebaulich";"Wohn- und Geschäftshäuser Hauptstraße 86, 86a, 88, 90, 92, 94";"https://opendata.schleswig-holstein.de/data/denkmalpflege/fotos/36281.jpg"
38827;"Mehrheit von baulichen Anlagen";"Kreis Hzgt. Lauenburg";"Mölln, Stadt";"Marktstraße 1, 2, 3, 4, 9-10, 11, 12, 13, 14, 15, Hauptstraße 91, Marktstraße u.a.";"Marktstraße Mölln";"Marktstraße Mölln; 17.-19. Jh.; auf die mittelalterliche Stadtanlage zurückgehender Straßenzug zwischen historischem Markt und Hauptstraße, kleinteilige Bebauung mit zum Teil verputzten Fachwerkbauten";"Geschichtlich, Künstlerisch, Städtebaulich";"Wohn- und Geschäftshäuser (Hauptstraße 91, Marktstraße 1, 2, 3, 4, 11); Wohnhäuser (Marktstraße 9-10, 12, 13, 15); ehem. Apotheke (Marktstraße 14); Rückgebäude (Marktstraße 9-10/Plettengang); Straßenpflasterung";"https://opendata.schleswig-holstein.de/data/denkmalpflege/fotos/38827.jpg"
50717;"Mehrheit von baulichen Anlagen";"Kreis Hzgt. Lauenburg";"Mölln, Stadt";"Mühlenplatz 3, 4, 5, Mühlenstraße 24";"Wohnbebauung Mühlenplatz 3-5/Mühlenstraße 24";"Wohnbebauung Mühlenplatz 3, 4, 5, Mühlenstraße 24; 17. bis Anfang 19. Jh.; kleinteilige, überwiegend zweigeschossige Wohnbebauung in Fachwerkbauweise";"Geschichtlich, Städtebaulich";"Wohnhäuser (Mühlenplatz 3, Mühlenstraße 24); Wohn- und Geschäftshaus (Mühlenplatz 4); Wohn- und Wirtschaftsgebäude (Mühlenplatz 5)";"https://opendata.schleswig-holstein.de/data/denkmalpflege/fotos/50717.jpg"
38584;"Mehrheit von baulichen Anlagen";"Kreis Hzgt. Lauenburg";"Mölln, Stadt";"Mühlenstraße 7, 8, 9";"Baugruppe Mühlenstraße 7, 8, 9";"Baugruppe Mühlenstraße 7, 8, 9; 19. Jh.; zweigeschossige, giebelständige Wohnbebauung aus Fachwerkbauten unter Kurzwalmdach, Rückgebäude Mühlenstraße 9 ehem. Lohgerberei";"Geschichtlich, Städtebaulich";"Wohnhäuser (Mühlenstraße 7, 8, 9); ehem. Lohgerberei (Mühlenstraße 9)";""
50723;"Mehrheit von baulichen Anlagen";"Kreis Hzgt. Lauenburg";"Mölln, Stadt";"Mühlenstraße 29, 30, 31, 32, 33, Grubenstraße 19";"Baugruppe Grubenstraße 19/Mühlenstraße 29-33";"Wohnhäuser Grubenstraße 19, Mühlenstraße 29, 30, 31, 32, 33; 19. Jh.; kleinteilige, überwiegend zweigeschossige, traufständige Bebauung aus Fachwerk- und Mauerwerksbauten";"Geschichtlich, Städtebaulich";"Wohnhaus (Grubenstraße 19); Wohnhäuser (Mühlenstraße 29, 30, 31, 32); ehem. Gasthof (Mühlenstraße 33)";"https://opendata.schleswig-holstein.de/data/denkmalpflege/fotos/50723.jpg"
50724;"Mehrheit von baulichen Anlagen";"Kreis Hzgt. Lauenburg";"Mölln, Stadt";"Mühlenstraße 35, 36, 37";"Wohnhäuser Mühlenstraße 35-37";"Wohnhäuser Mühlenstraße 35, 36, 37; 18. und Wende zum 19. Jahrhundert; kleinteilige, überwiegend zweigeschossige, traufständige Bebauung aus Fachwerk- und Mauerwerksbauten";"Geschichtlich, Städtebaulich";"Wohnhäuser Mühlenstraße 35, 36, 37";"https://opendata.schleswig-holstein.de/data/denkmalpflege/fotos/50724.jpg"
50730;"Mehrheit von baulichen Anlagen";"Kreis Hzgt. Lauenburg";"Mölln, Stadt";"Seestraße 64, 65, 66, 67, 68, 69, 70, 71, 72, 73, 74, 75, 76";"Wohnhäuser Seestraße 64-76";"Wohnhäuser Seestraße 64-76; 2. Hälfte 19. Jh.; überwiegend zweigeschossige, traufständige Bebauung aus Mauerwerksbauten mit verputzten Straßenfassaden und Satteldach";"Geschichtlich, Städtebaulich";"Wohnhäuser Seestraße 64, 65, 66, 67, 68, 69, 70, 71, 72, 73, 74, 75, 76";"https://opendata.schleswig-holstein.de/data/denkmalpflege/fotos/50730.jpg"
45305;"Mehrheit von baulichen Anlagen";"Kreis Hzgt. Lauenburg";"Mölln, Stadt";"Wallstraße 9, 10, 11";"Wohnhäuser Wallstraße 9, 10, 11";"Baugruppe Wallstraße 9, 10, 11; 18. / 19. Jh.; platzartige Erweiterung des südwestlichen Endes der Wallstraße, Wohnhaus Nr. 10, repräsentativer zweigeschossiger Putzbau Ende 18. Jh. und zwei seitlich gelegene Wohnhäuser des 19. Jhs.";"Geschichtlich, Künstlerisch, Städtebaulich";"Wohnhäuser Wallstraße 9, 10, 11";"https://opendata.schleswig-holstein.de/data/denkmalpflege/fotos/45305.jpg"
3411;"Bauliche Anlage";"Kreis Hzgt. Lauenburg";"Mölln, Stadt";"Am Markt 1";"Wohnhaus";"Wohnhaus; 1632 (inschriftlich); zweigeschossiger, giebelständiger Fachwerkbau in prominenter Ecklage unter Satteldach, reichbeschnitzte Schauseiten mit vorkragendem Ober- und Giebelgeschoss";"Geschichtlich, Städtebaulich";"gesamtes Objekt";"https://opendata.schleswig-holstein.de/data/denkmalpflege/fotos/3411.jpg"
3412;"Bauliche Anlage";"Kreis Hzgt. Lauenburg";"Mölln, Stadt";"Am Markt 2";"Heimatmuseum/Bürgerhaus";"Heimatmuseum, Bürgerhaus; 1582 (inschriftlich); zweigeschossiger, giebelständiger Fachwerkbau in Ecklage unter Satteldach, reichbeschnitzte Schauseiten mit vorkragendem Ober- und Giebelgeschoss";"Geschichtlich, Städtebaulich";"gesamtes Objekt";"https://opendata.schleswig-holstein.de/data/denkmalpflege/fotos/3412.jpg"
2864;"Bauliche Anlage";"Kreis Hzgt. Lauenburg";"Mölln, Stadt";"Am Markt 3";"Wohnhaus";"Wohnhaus; 1591 (dendrochronologisch); eingeschossiger, giebelständiger Fachwerkbau unter Satteldach, zum Marktplatz hin nachträglich aufgemauerte Fassade mit einer ziegelgedeckter Utlucht";"Geschichtlich, Städtebaulich";"gesamtes Objekt";"https://opendata.schleswig-holstein.de/data/denkmalpflege/fotos/2864.jpg"
3413;"Bauliche Anlage";"Kreis Hzgt. Lauenburg";"Mölln, Stadt";"Am Markt 9";"Wohnhaus";"Wohnhaus; Anfang 19. Jh., Sanierung 1984-88; zweigeschossiger, giebelständiger Mauerwerksbau unter Kurzwalmdach, straßenseitig dreigeschossige, klassizistische Putzfassade mit gestufter Attika";"Geschichtlich, Städtebaulich";"gesamtes Objekt";"https://opendata.schleswig-holstein.de/data/denkmalpflege/fotos/3413.jpg"
5175;"Bauliche Anlage";"Kreis Hzgt. Lauenburg";"Mölln, Stadt";"Am Markt 10";"Pastorat";"Alteintragung (Aktualisierung vorgesehen)";"Geschichtlich, Künstlerisch, Städtebaulich";"Pastorat, Gartenpavillon";"https://opendata.schleswig-holstein.de/data/denkmalpflege/fotos/5175.jpg"
3414;"Bauliche Anlage";"Kreis Hzgt. Lauenburg";"Mölln, Stadt";"Am Markt 11";"Wohnhaus";"Alteintragung (Aktualisierung vorgesehen)";"Geschichtlich, Städtebaulich";"gesamtes Äußeres";"https://opendata.schleswig-holstein.de/data/denkmalpflege/fotos/3414.jpg"
3426;"Bauliche Anlage";"Kreis Hzgt. Lauenburg";"Mölln, Stadt";"Am Markt 12";"Rathaus";"Rathaus; 2. Hälfte 14. Jh.; zweigeschossiger gotischer Backsteinbau, im Nordosten reichgegliederter Stufengiebel von 1373, südwestlicher Stufengiebel 1896/97, im Nordwesten zwei jüngere Querflügel";"Geschichtlich, Künstlerisch, Städtebaulich";"gesamtes Objekt";"https://opendata.schleswig-holstein.de/data/denkmalpflege/fotos/3426.jpg"
2214;"Bauliche Anlage";"Kreis Hzgt. Lauenburg";"Mölln, Stadt";"Am Markt";"Kirche St. Nikolai mit Ausstattung";"Alteintragung (Aktualisierung vorgesehen)";"Geschichtlich, Künstlerisch, Städtebaulich";"gesamtes Objekt";"https://opendata.schleswig-holstein.de/data/denkmalpflege/fotos/2214.jpg"
9619;"Bauliche Anlage";"Kreis Hzgt. Lauenburg";"Mölln, Stadt";"Am Markt";"Eulenspiegelbrunnen";"Eulenspiegelbrunnen; 1950; Bronzefigur des Till Eulenspiegel auf Granitsockel, davor rechteckiges Wasserbassin, im Auftrag der Stadt Mölln von dem Bildhauer Karlheinz Goedtke geschaffen";"Geschichtlich, Künstlerisch, Städtebaulich";"gesamtes Objekt";"https://opendata.schleswig-holstein.de/data/denkmalpflege/fotos/9619.jpg"
23316;"Bauliche Anlage";"Kreis Hzgt. Lauenburg";"Mölln, Stadt";"Am Wall 3";"Wohnhaus";"Wohn- und Geschäftshaus; 18./19. Jh.; zweigeschossiger, traufständiger Fachwerkbau unter Satteldach, straßenseitig vorgeblendete Backsteinfassade";"Geschichtlich, Städtebaulich";"gesamtes Objekt";"https://opendata.schleswig-holstein.de/data/denkmalpflege/fotos/23316.jpg"
10915;"Bauliche Anlage";"Kreis Hzgt. Lauenburg";"Mölln, Stadt";"Am Wall 7";"Wohnhaus";"Wohnhaus; um 1856; zweigeschossiger, giebelständiger Fachwerkbau unter Satteldach, Erdgeschoss massiv gemauert, Eckgebäude, Straßengiebel schiffsbugartig vorspringend";"Geschichtlich, Städtebaulich";"gesamtes Objekt";"https://opendata.schleswig-holstein.de/data/denkmalpflege/fotos/10915.jpg"
36453;"Bauliche Anlage";"Kreis Hzgt. Lauenburg";"Mölln, Stadt";"Am Ziegelsee 2";"Jugendherberge";"Jugendherberge; 1935/36, Architekt Karl Schöning; zweigeschossiger Bau mit Fachwerk-Obergeschoss, Satteldach mit Schleppgauben, Speiseräume mit Wandgemälden von Werner Lange";"Geschichtlich, Künstlerisch, Städtebaulich";"gesamtes Objekt";"https://opendata.schleswig-holstein.de/data/denkmalpflege/fotos/36453.jpg"
3416;"Bauliche Anlage";"Kreis Hzgt. Lauenburg";"Mölln, Stadt";"Auf dem Klüschenberg";"Wasserturm";"Alteintragung (Aktualisierung vorgesehen)";"Geschichtlich, Städtebaulich";"gesamtes Äußeres";"https://opendata.schleswig-holstein.de/data/denkmalpflege/fotos/3416.jpg"
23320;"Bauliche Anlage";"Kreis Hzgt. Lauenburg";"Mölln, Stadt";"Bauhof 2";"ehem. Kaiserliches Postamt";"ehem. Kaiserliches Postamt; 1884; zweigeschossiger, traufständiger Mauerwerksbau unter flachgeneigtem Dach, aufwändige Stuckgliederung im Stil des Historismus, prominente Ecklage";"Geschichtlich, Städtebaulich";"gesamtes Objekt";"https://opendata.schleswig-holstein.de/data/denkmalpflege/fotos/23320.jpg"
35981;"Bauliche Anlage";"Kreis Hzgt. Lauenburg";"Mölln, Stadt";"Bergstraße 1";"ehem. Garnisonlazarett";"ehem. Garnisonlazarett; 1872; verputzter Mauerwerksbau unter flach geneigtem Satteldach, gut erhaltene Hälfte eines ursprünglich aus Mittelbau und zwei Seitenrisaliten bestehenden Gebäudes";"Geschichtlich, Städtebaulich";"gesamtes Objekt";"https://opendata.schleswig-holstein.de/data/denkmalpflege/fotos/35981.jpg"
35984;"Bauliche Anlage";"Kreis Hzgt. Lauenburg";"Mölln, Stadt";"Birkenweg 10";"Wohnhaus";"Wohnhaus; 1920er Jahre; zweigeschossiger, kubischer Mauerwerksbau unter Zeltdach, backsteinsichtige Fassaden mit expressionistischen Details";"Geschichtlich, Künstlerisch, Städtebaulich";"gesamtes Objekt";"https://opendata.schleswig-holstein.de/data/denkmalpflege/fotos/35984.jpg"
7948;"Bauliche Anlage";"Kreis Hzgt. Lauenburg";"Mölln, Stadt";"Bleistraße 4";"Wohnhaus";"Wohnhaus; um 1650; zweigeschossiges Giebelhaus mit Satteldach, straßenseitig vorkragendes Giebelgeschoss in Fachwerk über gemauertem Erd- und Obergeschoss";"Geschichtlich, Städtebaulich";"gesamtes Objekt";""
52;"Bauliche Anlage";"Kreis Hzgt. Lauenburg";"Mölln, Stadt";"Bleistraße 5";"Wohnhaus";"Wohnhaus; 1631; eingeschossiges Giebelhaus von 5 Gebinden unter Satteldach, straßenseitig vorkragendes Zwischen- und Giebelgeschoss in Fachwerk über gemauertem Erdgeschoss";"Geschichtlich, Städtebaulich";"gesamtes Objekt";"https://opendata.schleswig-holstein.de/data/denkmalpflege/fotos/52.jpg"
29614;"Bauliche Anlage";"Kreis Hzgt. Lauenburg";"Mölln, Stadt";"Bleistraße 14";"Werkstattgebäude";"Werkstattgebäude; vermutlich 19. Jh.; eingeschossiger, giebelständiger Mauerwerksbau unter Satteldach, funktional gestaltet mit schlichten, backsteinsichtigen Fassaden";"Geschichtlich, Städtebaulich, Technisch";"gesamtes Objekt";"https://opendata.schleswig-holstein.de/data/denkmalpflege/fotos/29614.jpg"
35958;"Bauliche Anlage";"Kreis Hzgt. Lauenburg";"Mölln, Stadt";"Falkenweg 3";"Wohnhaus";"Wohnhaus; 1920er Jahre; eingeschossiger, giebelständiger Mauerwerksbau unter Spitztonnendach, backsteinsichtige Fassaden mit expressionistischen Details";"Geschichtlich, Städtebaulich";"gesamtes Objekt";"https://opendata.schleswig-holstein.de/data/denkmalpflege/fotos/35958.jpg"
34787;"Bauliche Anlage";"Kreis Hzgt. Lauenburg";"Mölln, Stadt";"Feuergräfenstraße 1";"Wohnhaus";"Wohnhaus; Ende 19. Jh.; zweigeschossiger Backsteinbau in Ecklage, mit Kieler Dach und geschmiedeter Einfriedung";"Geschichtlich, Städtebaulich";"gesamtes Objekt";"https://opendata.schleswig-holstein.de/data/denkmalpflege/fotos/34787.jpg"
29649;"Bauliche Anlage";"Kreis Hzgt. Lauenburg";"Mölln, Stadt";"Grambeker Weg 52";"Heinrich-Langhans-Stift";"Heinrich-Langhans-Stift; 1904/05, Architekt Westphal; zweigeschossiger, quergelagerter Putzbau unter Kurzwalmdach, repräsentative historistische Fassadengliederung; mit vorgelagerter Grünfläche";"Geschichtlich, Städtebaulich";"Heinrich-Langhans-Stift, Grünfläche";"https://opendata.schleswig-holstein.de/data/denkmalpflege/fotos/29649.jpg"
2896;"Bauliche Anlage";"Kreis Hzgt. Lauenburg";"Mölln, Stadt";"Grubenstraße 1";"Wohnhaus";"Wohnhaus; 18./19. Jh.; zweigeschossiger, traufständiger Fachwerkbau unter Satteldach mit straßenseitiger Backsteinfassade";"Geschichtlich, Städtebaulich";"gesamtes Objekt";"https://opendata.schleswig-holstein.de/data/denkmalpflege/fotos/2896.jpg"
22633;"Bauliche Anlage";"Kreis Hzgt. Lauenburg";"Mölln, Stadt";"Grubenstraße 2";"Wohn- und Geschäftshaus";"Wohn- und Geschäftshaus; 18./19. Jh.; Zweigeschossiger, giebelständiger Fachwerkbau mit Mauerwerksausfachung unter Krüppelwalmdach, straßenseitig Backsteinfassade";"Geschichtlich, Städtebaulich";"gesamtes Objekt";"https://opendata.schleswig-holstein.de/data/denkmalpflege/fotos/22633.jpg"
2894;"Bauliche Anlage";"Kreis Hzgt. Lauenburg";"Mölln, Stadt";"Grubenstraße 5";"Wohn- und Geschäftshaus";"Wohn- und Geschäftshaus; 18./19. Jh.; zweigeschossiger, giebelständiger Fachwerkbau mit Mauerwerksausfachung unter Satteldach, straßenseitig reichgegliederte Backsteinfassade";"Geschichtlich, Städtebaulich";"gesamtes Objekt";"https://opendata.schleswig-holstein.de/data/denkmalpflege/fotos/2894.jpg"
20643;"Bauliche Anlage";"Kreis Hzgt. Lauenburg";"Mölln, Stadt";"Grubenstraße 8";"Wohnhaus";"Wohnhaus; im Kern 17. Jh., überbaut 18./Anfang 19. Jh.; zweigeschossiger, giebelständiger Wohnbau unter Kurzwalmdach mit verputzten Fassaden";"Geschichtlich, Städtebaulich";"gesamtes Objekt";"https://opendata.schleswig-holstein.de/data/denkmalpflege/fotos/20643.jpg"
2895;"Bauliche Anlage";"Kreis Hzgt. Lauenburg";"Mölln, Stadt";"Grubenstraße 19";"Wohnhaus";"Wohnhaus; vermutlich Anfang 19. Jh., umfassende Sanierung 1986; zweigeschossiger, giebelständiger Fachwerkbau unter Kurzwalmdach";"Geschichtlich, Städtebaulich";"gesamtes Objekt";"https://opendata.schleswig-holstein.de/data/denkmalpflege/fotos/2895.jpg"
36026;"Bauliche Anlage";"Kreis Hzgt. Lauenburg";"Mölln, Stadt";"Hafenstraße 5";"Speicher";"Hafenspeicher Michelsen; 1939; sechsgeschossiger Backsteinbau (vermutlich Betonskelett) mit zweigeschossig ausgebautem Satteldach, giebelständig zur Wasserseite (nördlich), hier wie an Südseite vierstufiger Staffelgiebel ausgebildet. Wirksam auf die Stadtsilhouette";"Geschichtlich, Städtebaulich";"gesamtes Objekt";"https://opendata.schleswig-holstein.de/data/denkmalpflege/fotos/36026.jpg"
3124;"Bauliche Anlage";"Kreis Hzgt. Lauenburg";"Mölln, Stadt";"Hauptstraße 3";"Alter Bahnhof";"Alter Bahnhof; 1851; zweigeschossiger, traufständiger Mauerwerksbau unter flachem, vorkragendem Satteldach, Fassadengliederung mit Sandstein-Zierelementen in klassizistischer Formensprache";"Geschichtlich, Städtebaulich";"gesamtes Objekt";"https://opendata.schleswig-holstein.de/data/denkmalpflege/fotos/3124.jpg"
36309;"Bauliche Anlage";"Kreis Hzgt. Lauenburg";"Mölln, Stadt";"Hauptstraße 32";"Wohnhaus";"Wohnhaus; Anfang 20. Jh.; zweigeschossiger, traufständiger Putzbau unter Satteldach mit zwei Dachgauben, straßenseitig mit Stuckverzierungen und Balkon, bauzeitliches Rückgebäude";"Geschichtlich, Städtebaulich";"gesamtes Objekt";"https://opendata.schleswig-holstein.de/data/denkmalpflege/fotos/36309.jpg"
23324;"Bauliche Anlage";"Kreis Hzgt. Lauenburg";"Mölln, Stadt";"Hauptstraße 47";"Apotheke";"Apotheke; 1846, Umbau 1936, Sanierung 1983/83; dreigeschossiger, traufständiger Putzbau unter Satteldach, straßenseitig im Erdgeschoss Fassadengestaltung mit Spitzbogenfenstern von 1936";"Geschichtlich, Städtebaulich";"gesamtes Objekt";"https://opendata.schleswig-holstein.de/data/denkmalpflege/fotos/23324.jpg"
23328;"Bauliche Anlage";"Kreis Hzgt. Lauenburg";"Mölln, Stadt";"Hauptstraße 60";"Wohn- und Geschäftshaus";"Wohn- und Geschäftshaus; 1830, Umbau 19. Jh., Zimmermeister Elberling; zweigeschossiger, traufständiger Bau, im Kern vermutlich Fachwerk, Backsteinfassade, einseitiges Kurzwalmdach";"Geschichtlich, Städtebaulich";"gesamtes Objekt";"https://opendata.schleswig-holstein.de/data/denkmalpflege/fotos/23328.jpg"
23335;"Bauliche Anlage";"Kreis Hzgt. Lauenburg";"Mölln, Stadt";"Hauptstraße 74";"Wohn- und Geschäftshaus";"Wohn- und Geschäftshaus; um 1858; zweieinhalbgeschossiger, traufständiger Putzbau unter Walmdach, aufwändige historistischer Stuckgliederung mit ornamentierten Fensterverdachungen";"Geschichtlich, Städtebaulich";"gesamtes Objekt";"https://opendata.schleswig-holstein.de/data/denkmalpflege/fotos/23335.jpg"
23336;"Bauliche Anlage";"Kreis Hzgt. Lauenburg";"Mölln, Stadt";"Hauptstraße 76";"Wohn- und Geschäftshaus";"Wohn- und Geschäftshaus; um 1858; zweieinhalbgeschossiger, traufständiger Putzbau mit aufwändiger historistischer Stuckgliederung, mittelalterlicher Stadtmauerrest im Seitenflügel";"Geschichtlich, Städtebaulich";"gesamtes Objekt";"https://opendata.schleswig-holstein.de/data/denkmalpflege/fotos/23336.jpg"
29618;"Bauliche Anlage";"Kreis Hzgt. Lauenburg";"Mölln, Stadt";"Hauptstraße 86";"Wohn- und Geschäftshaus";"Wohn- und Geschäftshaus; um 1900; dreigeschossiger, traufständiger Mauerwerksbau unter Satteldach, straßenseitig verputztes Erdgeschoss und Stuckgliederung in den Obergeschossen";"Geschichtlich, Städtebaulich";"gesamtes Äußeres";"https://opendata.schleswig-holstein.de/data/denkmalpflege/fotos/29618.jpg"
50964;"Bauliche Anlage";"Kreis Hzgt. Lauenburg";"Mölln, Stadt";"Hauptstraße 86 a";"Wohn- und Geschäftshaus";"Wohn- und Geschäftshaus; um 1900; dreigeschossiger, traufständiger Mauerwerksbau unter Satteldach, straßenseitig verputztes Erdgeschoss und Stuckgliederung in den Obergeschossen";"Geschichtlich, Städtebaulich";"gesamtes Äußeres";""
29619;"Bauliche Anlage";"Kreis Hzgt. Lauenburg";"Mölln, Stadt";"Hauptstraße 88";"Wohn- und Geschäftshaus";"Wohn- und Geschäftshaus; um 1900; dreigeschossiger, traufständiger Mauerwerksbau unter Satteldach, straßenseitig verputztes Erdgeschoss und Stuckgliederung in den Obergeschossen";"Geschichtlich, Städtebaulich";"gesamtes Objekt";"https://opendata.schleswig-holstein.de/data/denkmalpflege/fotos/29619.jpg"
29620;"Bauliche Anlage";"Kreis Hzgt. Lauenburg";"Mölln, Stadt";"Hauptstraße 90";"Wohn- und Geschäftshaus";"Wohn- und Geschäftshaus; um 1900; dreigeschossiger, traufständiger Mauerwerksbau unter Satteldach, straßenseitig verputztes Erdgeschoss und Stuckgliederung in den Obergeschossen";"Geschichtlich, Städtebaulich";"gesamtes Objekt";"https://opendata.schleswig-holstein.de/data/denkmalpflege/fotos/29620.jpg"
24184;"Bauliche Anlage";"Kreis Hzgt. Lauenburg";"Mölln, Stadt";"Hauptstraße 91";"Wohn- und Geschäftshaus";"Wohn- und Geschäftshaus; 18. und 19 Jh., im Kern 1696 (dendrochronologisch); zweigeschossiger Fachwerk- und Backsteinbau in mehreren Bauphasen, traufständige Walmdächer, prominente Ecklage, im Keller spätgotisches Kreuzrippengewölbe";"Geschichtlich, Städtebaulich, Wissenschaftlich";"gesamtes Objekt";"https://opendata.schleswig-holstein.de/data/denkmalpflege/fotos/24184.jpg"
2893;"Bauliche Anlage";"Kreis Hzgt. Lauenburg";"Mölln, Stadt";"Hauptstraße 99";"Wohnhaus";"Alteintragung (Aktualisierung vorgesehen)";"";"Alteintragung (Aktualisierung vorgesehen)";"https://opendata.schleswig-holstein.de/data/denkmalpflege/fotos/2893.jpg"
3417;"Bauliche Anlage";"Kreis Hzgt. Lauenburg";"Mölln, Stadt";"Hauptstraße 99";"Wohnhaus (Rückflügel)";"Alteintragung (Aktualisierung vorgesehen)";"";"Alteintragung (Aktualisierung vorgesehen)";"https://opendata.schleswig-holstein.de/data/denkmalpflege/fotos/3417.jpg"
2897;"Bauliche Anlage";"Kreis Hzgt. Lauenburg";"Mölln, Stadt";"Hauptstraße 103";"Wohnhaus";"Alteintragung (Aktualisierung vorgesehen)";"";"Alteintragung (Aktualisierung vorgesehen)";"https://opendata.schleswig-holstein.de/data/denkmalpflege/fotos/2897.jpg"
3418;"Bauliche Anlage";"Kreis Hzgt. Lauenburg";"Mölln, Stadt";"Hauptstraße 106";"Wohn- und Geschäftshaus";"Wohn- und Geschäftshaus; 1667-69; zweigeschossiger Fachwerkbau, Ecklage, straßenseitiger Kraggiebel mit geschweiften Knaggen und Backsteinzierverbänden, umfassender Fachwerkbestand im Innern, Aufzugswinde; Fachwerkrückflügel 1685 und 1696";"Geschichtlich, Städtebaulich, Wissenschaftlich";"gesamtes Objekt";"https://opendata.schleswig-holstein.de/data/denkmalpflege/fotos/3418.jpg"
2898;"Bauliche Anlage";"Kreis Hzgt. Lauenburg";"Mölln, Stadt";"Hauptstraße 107";"Wohnhaus";"Alteintragung (Aktualisierung vorgesehen)";"";"Alteintragung (Aktualisierung vorgesehen)";"https://opendata.schleswig-holstein.de/data/denkmalpflege/fotos/2898.jpg"
2899;"Bauliche Anlage";"Kreis Hzgt. Lauenburg";"Mölln, Stadt";"Hauptstraße 109";"Hauptstraße 109 Mölln: Wohnhaus";"Wohnhaus; 1789 (archivalisch), Sanierung 1987/88; zweigeschossiger, giebelständiger Fachwerkbau mit Mauerwerksausfachung unter Satteldach, westliche Traufseite im Obergeschoss weit auskragend";"Geschichtlich, Städtebaulich";"gesamtes Objekt";""
26673;"Bauliche Anlage";"Kreis Hzgt. Lauenburg";"Mölln, Stadt";"Hauptstraße 114";"Wohn- und Geschäftshaus";"Wohn- und Geschäftshaus; 18. Jh.; zweigeschossiger, giebelständiger Fachwerkbau unter Kurzwalmdach, leicht vorkragende Schwellbalken und paarweise angeordnete Fachwerkständer";"Geschichtlich, Städtebaulich";"gesamtes Objekt";"https://opendata.schleswig-holstein.de/data/denkmalpflege/fotos/26673.jpg"
29626;"Bauliche Anlage";"Kreis Hzgt. Lauenburg";"Mölln, Stadt";"Hauptstraße 116";"Wohn- und Geschäftshaus";"Wohn- und Geschäftshaus; Ende 19. Jh.; zweigeschossiger, traufständiger Mauerwerksbau unter Satteldach, verputztes Erdgeschoss und Stuckgliederung im Obergeschoss, prominente Ecklage";"Geschichtlich, Städtebaulich";"gesamtes Objekt";"https://opendata.schleswig-holstein.de/data/denkmalpflege/fotos/29626.jpg"
29627;"Bauliche Anlage";"Kreis Hzgt. Lauenburg";"Mölln, Stadt";"Hauptstraße 117";"Wohnhaus";"Wohnhaus; 1. Hälfte 19. Jh.; zweigeschossiger, giebelständiger Fachwerkbau unter Satteldach mit straßenseitiger Backsteinfassade, zweigeschossiger Rückflügel von 1753 (inschriftlich)";"Geschichtlich, Städtebaulich";"gesamtes Objekt";"https://opendata.schleswig-holstein.de/data/denkmalpflege/fotos/29627.jpg"
3419;"Bauliche Anlage";"Kreis Hzgt. Lauenburg";"Mölln, Stadt";"Hauptstraße 118 - 120";"Wohnhaus";"Alteintragung (Aktualisierung vorgesehen)";"Geschichtlich, Städtebaulich, Wissenschaftlich";"gesamtes Objekt";"https://opendata.schleswig-holstein.de/data/denkmalpflege/fotos/3419.jpg"
23342;"Bauliche Anlage";"Kreis Hzgt. Lauenburg";"Mölln, Stadt";"Hauptstraße 121";"ehem. Predigerwitwenhaus";"ehem. Predigerwitwenhaus; 1795 (inschriftlich); zweigeschossiger, giebelständiger Fachwerkbau mit Mauerwerksausfachung unter Kurzwalmdach, Straßenfassade in Erd- und Obergeschoss aufgemauert";"Geschichtlich, Städtebaulich";"gesamtes Objekt";"https://opendata.schleswig-holstein.de/data/denkmalpflege/fotos/23342.jpg"
29629;"Bauliche Anlage";"Kreis Hzgt. Lauenburg";"Mölln, Stadt";"Hauptstraße 123";"Wohn- und Geschäftshaus";"Wohn- und Geschäftshaus; Ende 19. Jh.; zweigeschossiger Backsteinbau in Ecklage, traufständig mit Satteldach, Backsteingliederung";"Geschichtlich, Städtebaulich";"gesamtes Objekt";"https://opendata.schleswig-holstein.de/data/denkmalpflege/fotos/29629.jpg"
29630;"Bauliche Anlage";"Kreis Hzgt. Lauenburg";"Mölln, Stadt";"Hauptstraße 127";"Wohn- und Geschäftshaus";"Wohn- und Geschäftshaus; Ende 19. Jh.; zweieinhalbgeschossiger, traufständiger Mauerwerksbau unter Satteldach, verputzte Straßenfassade mit zeittypischer Stuckgliederung";"Geschichtlich, Städtebaulich";"gesamtes Objekt";"https://opendata.schleswig-holstein.de/data/denkmalpflege/fotos/29630.jpg"
23343;"Bauliche Anlage";"Kreis Hzgt. Lauenburg";"Mölln, Stadt";"Hauptstraße 128";"Wohn- und Geschäftshaus";"Wohn- und Geschäftshaus; spätes 18. Jh.; zweigeschossiger, giebelständiger Fachwerkbau mit Mauerwerksausfachung unter Mansarddach, straßenseitig klassizistische Backsteinfassade";"Geschichtlich, Städtebaulich";"gesamtes Objekt";"https://opendata.schleswig-holstein.de/data/denkmalpflege/fotos/23343.jpg"
3420;"Bauliche Anlage";"Kreis Hzgt. Lauenburg";"Mölln, Stadt";"Hauptstraße 129";"Wohnhaus";"Alteintragung (Aktualisierung vorgesehen)";"";"Alteintragung (Aktualisierung vorgesehen)";"https://opendata.schleswig-holstein.de/data/denkmalpflege/fotos/3420.jpg"
50716;"Bauliche Anlage";"Kreis Hzgt. Lauenburg";"Mölln, Stadt";"Hauptstraße 131";"Pumpenhaus";"Pumpenhaus; Anfang des 20. Jh.; eingeschossiger, backsteinsichtiger Mauerwerksbau auf rundem Grundriss unter Kegeldach, Betonsprossenfenster mit Drahtglasscheiben";"Geschichtlich, Städtebaulich, Technisch";"gesamtes Objekt";"https://opendata.schleswig-holstein.de/data/denkmalpflege/fotos/50716.jpg"
23344;"Bauliche Anlage";"Kreis Hzgt. Lauenburg";"Mölln, Stadt";"Hauptstraße 132";"Wohnhaus";"Wohnhaus; 19. Jh.; zweigeschossiger, giebelständiger Fachwerkbau mit Mauerwerksausfachung unter Kurzwalmdach, Straßenfassade in Erd- und Obergeschoss aufgemauert, prominente Ecklage";"Geschichtlich, Städtebaulich";"gesamtes Objekt";"https://opendata.schleswig-holstein.de/data/denkmalpflege/fotos/23344.jpg"
23345;"Bauliche Anlage";"Kreis Hzgt. Lauenburg";"Mölln, Stadt";"Hauptstraße 136";"Wohn- und Geschäftshaus";"Wohn- und Geschäftshaus; 1815 (inschriftlich); dreigeschossiger, traufständiger Mauerwerksbau unter Walmdach, 1817-33 Reiseunterkunft des Königs von Dänemark und Norwegen Friedrich VI.";"Geschichtlich, Städtebaulich";"gesamtes Objekt";"https://opendata.schleswig-holstein.de/data/denkmalpflege/fotos/23345.jpg"
3423;"Bauliche Anlage";"Kreis Hzgt. Lauenburg";"Mölln, Stadt";"Hauptstraße 142 a";"ehem. Schule";"ehem. Schule; 1859, Umbau 1878, Sanierung 1988-90; eingeschossiger, klassizistischer Putzbau unter Satteldach mit Mittelrisalit, Fassaden der Langseiten mit Fugenschnitt, Rundbogenfenster";"Geschichtlich, Städtebaulich";"gesamtes Objekt";"https://opendata.schleswig-holstein.de/data/denkmalpflege/fotos/3423.jpg"
3421;"Bauliche Anlage";"Kreis Hzgt. Lauenburg";"Mölln, Stadt";"Hauptstraße 144 - 148";"ehem. Lehrerwohnungen";"ehem. Lehrerwohnungen; um 1820, Sanierung 1995; eingeschossiges Fachwerkreihenhaus mit Mauerwerksausfachung unter Kurzwalmdach, auf der Hofseite drei übergiebelte Zwerchhäuser";"Geschichtlich, Städtebaulich";"gesamtes Objekt";"https://opendata.schleswig-holstein.de/data/denkmalpflege/fotos/3421.jpg"
3424;"Bauliche Anlage";"Kreis Hzgt. Lauenburg";"Mölln, Stadt";"Hauptstraße 148 a";"ehem. Gästehaus Medaillongebäude";"ehem. Gästehaus 'Medaillongebäude'; 1550 (dendrochronologisch und inschriftlich), Sanierung 1992-96; zweigeschossiger, backsteinsichtiger Mauerwerksbau auf L-förmigem Grundriss, Satteldach";"Geschichtlich, Städtebaulich";"gesamtes Objekt";"https://opendata.schleswig-holstein.de/data/denkmalpflege/fotos/3424.jpg"
3422;"Bauliche Anlage";"Kreis Hzgt. Lauenburg";"Mölln, Stadt";"Hauptstraße 150";"ehem. Stadthauptmannshaus";"ehem. Stadthauptmannshaus; 1413/14 (dendrochronologisch), Sanierung 1984/89; eingeschossiger Backsteinbau unter Kurzwalmdach, L-förmig daran anschließend dreigeschossiger Trakt des 16. Jh.";"Geschichtlich, Städtebaulich";"gesamtes Objekt";"https://opendata.schleswig-holstein.de/data/denkmalpflege/fotos/3422.jpg"
36029;"Bauliche Anlage";"Kreis Hzgt. Lauenburg";"Mölln, Stadt";"Hempschört 34";"Kath. Kirche Heilig Kreuz";"Kath. Kirche Heilig Kreuz; 1957-58, Architekt Walter Bebert; dreischiffige, backsteinsichtige Basilika mit angeschlossenem Glockenturm; eingeschossiges Pfarrhaus mit Garagenanbau";"Geschichtlich, Künstlerisch, Städtebaulich";"gesamtes Objekt";"https://opendata.schleswig-holstein.de/data/denkmalpflege/fotos/36029.jpg"
32242;"Bauliche Anlage";"Kreis Hzgt. Lauenburg";"Mölln, Stadt";"Hindenburgstraße 5 - 15";"Hauptgebäude (Dreiflügelbau)";"Alteintragung (Aktualisierung vorgesehen)";"Geschichtlich, Künstlerisch, Städtebaulich, Wissenschaftlich";"gesamtes Äußeres";"https://opendata.schleswig-holstein.de/data/denkmalpflege/fotos/32242.jpg"
32243;"Bauliche Anlage";"Kreis Hzgt. Lauenburg";"Mölln, Stadt";"Hindenburgstraße 5 - 15";"Offiziersvilla (Haus 2)";"Alteintragung (Aktualisierung vorgesehen)";"Geschichtlich, Künstlerisch, Städtebaulich";"gesamtes Äußeres";"https://opendata.schleswig-holstein.de/data/denkmalpflege/fotos/32243.jpg"
32244;"Bauliche Anlage";"Kreis Hzgt. Lauenburg";"Mölln, Stadt";"Hindenburgstraße 5 - 15";"Offiziersvilla (Haus 4)";"Alteintragung (Aktualisierung vorgesehen)";"Geschichtlich, Künstlerisch, Städtebaulich";"gesamtes Äußeres";""
32245;"Bauliche Anlage";"Kreis Hzgt. Lauenburg";"Mölln, Stadt";"Hindenburgstraße 5 - 15";"Offiziersvilla (Haus 11)";"Alteintragung (Aktualisierung vorgesehen)";"Geschichtlich, Künstlerisch, Städtebaulich";"gesamtes Äußeres";"https://opendata.schleswig-holstein.de/data/denkmalpflege/fotos/32245.jpg"
32246;"Bauliche Anlage";"Kreis Hzgt. Lauenburg";"Mölln, Stadt";"Hindenburgstraße 5 - 15";"Offiziersvilla (Haus 12)";"Alteintragung (Aktualisierung vorgesehen)";"Geschichtlich, Künstlerisch, Städtebaulich";"gesamtes Äußeres";"https://opendata.schleswig-holstein.de/data/denkmalpflege/fotos/32246.jpg"
22519;"Bauliche Anlage";"Kreis Hzgt. Lauenburg";"Mölln, Stadt";"Hindenburgstraße";"Mausoleum Dahm";"Mausoleum Dahm; 1841, Bauherr Senator Georg Dahm; eingeschossiger Putzbau unter flachem Zeltdach, klassizistische Fassadengestaltung, Portikus mit Dreiecksgiebel auf dorischen Säulen";"Geschichtlich, Städtebaulich";"gesamtes Objekt";"https://opendata.schleswig-holstein.de/data/denkmalpflege/fotos/22519.jpg"
20787;"Bauliche Anlage";"Kreis Hzgt. Lauenburg";"Mölln, Stadt";"Immenstelle 13";"Heiliggeistkirche";"Heiliggeistkirche; 1955/56, Architekt Hanns Engelhardt; einschiffige, backsteinsichtige Saalkirche unter Satteldach mit Dachreiter, betont schlichte, traditionelle Formensprache; mit Einfriedung";"Geschichtlich, Künstlerisch, Städtebaulich";"Heiliggeistkirche, mit Einfriedung";"https://opendata.schleswig-holstein.de/data/denkmalpflege/fotos/20787.jpg"
36227;"Bauliche Anlage";"Kreis Hzgt. Lauenburg";"Mölln, Stadt";"Jähnenstraße 3";"Wohnhaus";"Wohnhaus; 1792/93 (archivalisch); eingeschossiger, giebelständiger Fachwerkbau unter Schopfwalmdach mit breit gelagerter Straßenfront, Innenstruktur und Ausstattung in Teilen erhalten";"Geschichtlich, Städtebaulich";"gesamtes Objekt";"https://opendata.schleswig-holstein.de/data/denkmalpflege/fotos/36227.jpg"
36042;"Bauliche Anlage";"Kreis Hzgt. Lauenburg";"Mölln, Stadt";"Kaiser-Friedrich-Straße 8";"Wohnhaus";"Wohnhaus; 1905 (inschriftlich); zweigeschossiger Putzbau mit dreigeschossigem Querflügel, Giebel der Satteldächer mit Freigespärre, repräsentative Fassadengestaltung mit Jugendstilornamentik";"Geschichtlich, Städtebaulich";"gesamtes Objekt";"https://opendata.schleswig-holstein.de/data/denkmalpflege/fotos/36042.jpg"
36052;"Bauliche Anlage";"Kreis Hzgt. Lauenburg";"Mölln, Stadt";"Kerschensteinerstraße 2";"Bronzeplastik Handwerker am Bau";"Bronzeplastik 'Handwerker am Bau'; 1963, Bildhauer Karlheinz Goedtke; überlebensgroße Bronzeplastik auf dem Gelände der Beruflichen Schulen des Kreises Herzogtum Lauenburg";"Geschichtlich, Künstlerisch, Städtebaulich";"gesamtes Objekt";"https://opendata.schleswig-holstein.de/data/denkmalpflege/fotos/36052.jpg"
10736;"Bauliche Anlage";"Kreis Hzgt. Lauenburg";"Mölln, Stadt";"Lindenweg 1 a";"Konzertmuschel";"Konzertmuschel; 1912; Holzkonstruktion auf gemauertem Sockelgeschoss mit Souterrainräumen, halbrunde Kalotte aus Putzträger und Mörtel unter Mansarddach, seitliche Außentreppe";"Geschichtlich, Städtebaulich";"gesamtes Objekt";"https://opendata.schleswig-holstein.de/data/denkmalpflege/fotos/10736.jpg"
30975;"Bauliche Anlage";"Kreis Hzgt. Lauenburg";"Mölln, Stadt";"Lindenweg 2";"Wohnhaus";"Wohnhaus; Ende 19. Jh.; eingeschossiger Putzbau mit Seitenrisalit, Satteldach in den Giebeln zum Teil mit Schnitzwerk gestaltet, reiche Fassadengliederung mit Eckrustika, Loggia und Erkern";"Geschichtlich, Städtebaulich";"gesamtes Objekt";"https://opendata.schleswig-holstein.de/data/denkmalpflege/fotos/30975.jpg"
36057;"Bauliche Anlage";"Kreis Hzgt. Lauenburg";"Mölln, Stadt";"Lindenweg 8";"Wohnhaus";"Wohnhaus; Ende 19. Jh.; zweigeschossiger, traufständiger Putzbau unter flachgeneigtem Satteldach, in den Giebeln Freigespärre, reiche Fassadengliederung mit Eckrustika, Balkonen und Erkern";"Geschichtlich, Städtebaulich";"gesamtes Objekt";"https://opendata.schleswig-holstein.de/data/denkmalpflege/fotos/36057.jpg"
36048;"Bauliche Anlage";"Kreis Hzgt. Lauenburg";"Mölln, Stadt";"Lindenweg";"ehem. Forsthaus";"ehem. Forsthaus; 1947; eingeschossiger, traufständiger Holzbau in Blockbauweise unter Satteldach, Sockelgeschoss aus Feldsteinen, bauzeitliche Holzsprossenfenster";"Geschichtlich, Städtebaulich";"gesamtes Objekt";"https://opendata.schleswig-holstein.de/data/denkmalpflege/fotos/36048.jpg"
23351;"Bauliche Anlage";"Kreis Hzgt. Lauenburg";"Mölln, Stadt";"Marktstraße 4";"Wohn- und Geschäftshaus";"Wohn- und Geschäftshaus; im Kern vermutlich Anfang 19. Jh., Fassade Ende 19. Jh.; dreigeschossiger Fachwerkbau mit Walmdach, Traufstellung, reiche Putzgliederung in neubarocken Formen mit Mittelbalkon";"Geschichtlich, Künstlerisch, Städtebaulich";"gesamtes Objekt";"https://opendata.schleswig-holstein.de/data/denkmalpflege/fotos/23351.jpg"
3425;"Bauliche Anlage";"Kreis Hzgt. Lauenburg";"Mölln, Stadt";"Marktstraße 14";"ehem. Apotheke";"ehem. Apotheke; 1622 (dendrochronologisch), 1649/50; zweigeschossiges Fachwerkgiebelhaus mit Halbwalmdach in Ecklage am Markt, vorkragende Geschosse auf ornamentierten Knaggen und Bohlen, bauzeitliche Haustür mit Oberlicht";"Geschichtlich, Künstlerisch, Städtebaulich";"gesamtes Objekt";"https://opendata.schleswig-holstein.de/data/denkmalpflege/fotos/3425.jpg"
36058;"Bauliche Anlage";"Kreis Hzgt. Lauenburg";"Mölln, Stadt";"Mühlenplatz 1";"ehem. Feuerwache";"ehem. Feuerwache; 1934; zweigeschossiger, backsteinsichtiger Mauerwerksbau auf t-förmigem Grundriss unter Walmdach mit Schleppgauben, straßenseitig vier Toreinfahrten";"Geschichtlich, Städtebaulich";"gesamtes Objekt";"https://opendata.schleswig-holstein.de/data/denkmalpflege/fotos/36058.jpg"
24186;"Bauliche Anlage";"Kreis Hzgt. Lauenburg";"Mölln, Stadt";"Mühlenplatz 3";"Wohnhaus";"Wohnhaus; um 1671 (dendrochronologisch), Straßenfassade 1906 erneuert, Sanierung 1989; eingeschossiger, giebelständiger Fachwerkbau unter Kurzwalmdach, straßenseitig Backsteinfassade";"Geschichtlich, Städtebaulich";"gesamtes Objekt";"https://opendata.schleswig-holstein.de/data/denkmalpflege/fotos/24186.jpg"
24187;"Bauliche Anlage";"Kreis Hzgt. Lauenburg";"Mölln, Stadt";"Mühlenplatz 4";"Wohn- und Geschäftshaus";"Wohn- und Geschäftshaus; 18. Jh., Straßenfassade 1983 wiederhergestellt; zweigeschossiger, traufständiger Fachwerkbau mit Mauerwerksausfachung unter Kurzwalmdach";"Geschichtlich, Städtebaulich";"gesamtes Objekt";"https://opendata.schleswig-holstein.de/data/denkmalpflege/fotos/24187.jpg"
3415;"Bauliche Anlage";"Kreis Hzgt. Lauenburg";"Mölln, Stadt";"Mühlenplatz 9";"ehem. Stadtmühle";"ehem. Stadtmühle; 1864/65, Sanierung 1992/93; dreigeschossiger, backsteinsichtiger Mauerwerksbau unter Satteldach, eingeschossiger Turbinenhausanbau; mit Hofpflasterung";"Geschichtlich, Städtebaulich, Technisch";"ehem. Stadtmühle, Hofpflasterung";"https://opendata.schleswig-holstein.de/data/denkmalpflege/fotos/3415.jpg"
23266;"Bauliche Anlage";"Kreis Hzgt. Lauenburg";"Mölln, Stadt";"Mühlenplatz 9";"Mühlenwehr";"Mühlenwehr; vermutlich 2. Hälfte 19. Jh.; bestehend aus zweiteiliger Rechenanlage und Brücke; mit spätklassizistischem Gusseisengeländer und historischer Wasserpumpe";"Geschichtlich, Städtebaulich, Technisch";"Mühlenwehr, Gusseisengeländer, Wasserpumpe";"https://opendata.schleswig-holstein.de/data/denkmalpflege/fotos/23266.jpg"
2900;"Bauliche Anlage";"Kreis Hzgt. Lauenburg";"Mölln, Stadt";"Mühlenstraße 1";"Wohnhaus";"Alteintragung (Aktualisierung vorgesehen)";"";"Alteintragung (Aktualisierung vorgesehen)";"https://opendata.schleswig-holstein.de/data/denkmalpflege/fotos/2900.jpg"
23360;"Bauliche Anlage";"Kreis Hzgt. Lauenburg";"Mölln, Stadt";"Mühlenstraße 2";"Wohnhaus";"Wohnhaus; Mitte 19. Jh.; zweigeschossiger, traufständiger Fachwerkbau mit Mauerwerksausfachung unter Satteldach, straßenseitig vorgeblendete Backsteinfassade";"Geschichtlich, Städtebaulich";"gesamtes Objekt";"https://opendata.schleswig-holstein.de/data/denkmalpflege/fotos/23360.jpg"
29637;"Bauliche Anlage";"Kreis Hzgt. Lauenburg";"Mölln, Stadt";"Mühlenstraße 7";"Wohnhaus";"Wohnhaus; Mitte 19. Jh.; zweigeschossiger, giebelständiger Fachwerkbau unter Kurzwalmdach, straßenseitig vorgeblendete, verputzte Backsteinfassade mit repräsentativer Stuckgliederung";"Geschichtlich, Städtebaulich";"gesamtes Objekt";"https://opendata.schleswig-holstein.de/data/denkmalpflege/fotos/29637.jpg"
29638;"Bauliche Anlage";"Kreis Hzgt. Lauenburg";"Mölln, Stadt";"Mühlenstraße 8";"Wohnhaus";"Wohnhaus; Mitte 19. Jh.; zweigeschossiger, giebelständiger Fachwerkbau mit Mauerwerksausfachung unter Kurzwalmdach, straßenseitig vorgeblendete Backsteinfassade";"Geschichtlich, Städtebaulich";"gesamtes Objekt";"https://opendata.schleswig-holstein.de/data/denkmalpflege/fotos/29638.jpg"
23361;"Bauliche Anlage";"Kreis Hzgt. Lauenburg";"Mölln, Stadt";"Mühlenstraße 9";"ehem. Lohgerberei";"ehem. Lohgerberei; 1889, Anbau 1929; zweigeschossiger, traufständiger Fachwerkbau mit Mauerwerksausfachung unter Satteldach mit südöstlich anschließendem ehem. Lederlager";"Geschichtlich, Städtebaulich";"gesamtes Äußeres";"https://opendata.schleswig-holstein.de/data/denkmalpflege/fotos/23361.jpg"
2901;"Bauliche Anlage";"Kreis Hzgt. Lauenburg";"Mölln, Stadt";"Mühlenstraße 24";"Wohnhaus";"Wohnhaus; um 1700, vermutl. umgebaut Anfang 19. Jh., Sanierung 1986; zweigeschossiger, giebelständiger Fachwerkbau mit Mauerwerksausfachung unter Satteldach, Eckgebäude";"Geschichtlich, Städtebaulich";"gesamtes Objekt";"https://opendata.schleswig-holstein.de/data/denkmalpflege/fotos/2901.jpg"
2902;"Bauliche Anlage";"Kreis Hzgt. Lauenburg";"Mölln, Stadt";"Mühlenstraße 25 a";"Wohn- und Geschäftshaus";"Alteintragung (Aktualisierung vorgesehen)";"";"Alteintragung (Aktualisierung vorgesehen)";"https://opendata.schleswig-holstein.de/data/denkmalpflege/fotos/2902.jpg"
23365;"Bauliche Anlage";"Kreis Hzgt. Lauenburg";"Mölln, Stadt";"Mühlenstraße 29";"Wohnhaus";"Wohnhaus; vermutl. 1834; zweigeschossiger, traufständiger Fachwerkbau mit Mauerwerksausfachung unter Satteldach";"Geschichtlich, Städtebaulich";"gesamtes Objekt";"https://opendata.schleswig-holstein.de/data/denkmalpflege/fotos/23365.jpg"
23368;"Bauliche Anlage";"Kreis Hzgt. Lauenburg";"Mölln, Stadt";"Mühlenstraße 33";"Wohnhaus";"Wohnhaus; Ende 19./Anfang 20. Jh.; eingeschossiger, traufständiger Fachwerkbau unter Satteldach mit übergiebeltem Zwerchhaus";"Geschichtlich, Städtebaulich";"gesamtes Objekt";"https://opendata.schleswig-holstein.de/data/denkmalpflege/fotos/23368.jpg"
2903;"Bauliche Anlage";"Kreis Hzgt. Lauenburg";"Mölln, Stadt";"Mühlenstraße 36";"Wohnhaus";"Wohnhaus; 18. Jh.; zweigeschossiger, traufständiger Fachwerkbau mit Mauerwerksausfachung unter Satteldach, Erdgeschoss gemauert";"Geschichtlich, Städtebaulich";"gesamtes Objekt";"https://opendata.schleswig-holstein.de/data/denkmalpflege/fotos/2903.jpg"
24185;"Bauliche Anlage";"Kreis Hzgt. Lauenburg";"Mölln, Stadt";"Mühlenstraße 37";"Wohnhaus";"Wohnhaus; 1810 (inschriftlich); zweigeschossiger, giebelständiger Fachwerkbau mit Mauerwerksausfachung unter Kurzwalmdach, Erdgeschoss gemauert";"Geschichtlich, Städtebaulich";"gesamtes Objekt";"https://opendata.schleswig-holstein.de/data/denkmalpflege/fotos/24185.jpg"
29642;"Bauliche Anlage";"Kreis Hzgt. Lauenburg";"Mölln, Stadt";"Schäferstraße 1";"ehem. Speichergebäude";"ehem. Speichergebäude; 18./19. Jh.; zweigeschossiger, traufständiger Mauerwerksbau unter Satteldach, Dachgeschoss in Fachwerk ausgeführt, straßenseitig Mittelrisalit mit Tor und Ladeluken";"Geschichtlich, Städtebaulich";"gesamtes Objekt";"https://opendata.schleswig-holstein.de/data/denkmalpflege/fotos/29642.jpg"
23340;"Bauliche Anlage";"Kreis Hzgt. Lauenburg";"Mölln, Stadt";"Schäferstraße 3 a";"Rückflügel";"Rückflügel; im Kern vermutlich Mitte 17. Jh., 1988 teilweise umgebaut; zweigeschossiger Fachwerkbau unter Satteldach, doppelte Stockwerksschwellen, Fußstreben und K-Verstrebungen im Obergeschoss";"Geschichtlich, Städtebaulich, Wissenschaftlich";"gesamtes Objekt";"https://opendata.schleswig-holstein.de/data/denkmalpflege/fotos/23340.jpg"
35986;"Bauliche Anlage";"Kreis Hzgt. Lauenburg";"Mölln, Stadt";"Schmilauer Straße 64 - 66";"Schulgebäude";"Schulgebäude; im Kern 19. Jh., Umbau 1938; zweigeschossiger, backsteinsichtiger Mauerwerksbau unter Satteldach, straßenseitig Mittelrisalit mit Stufengiebel, Haupteingang hinter offener Galerie";"Geschichtlich, Städtebaulich";"gesamtes Objekt";""
35979;"Bauliche Anlage";"Kreis Hzgt. Lauenburg";"Mölln, Stadt";"Schmilauer Straße";"Ehrenmal zum Befreiungskrieg 1813";"Ehrenmal zum Befreiungskrieg 1813; 1865; so genanntes Hanseatengrab, von Pfeilern umstandene Ehrengrabanlage mit bronzener Gedenktafel für die Gefallenen der Hanseatischen Legion";"Geschichtlich, Städtebaulich";"gesamtes Objekt";"https://opendata.schleswig-holstein.de/data/denkmalpflege/fotos/35979.jpg"
35980;"Bauliche Anlage";"Kreis Hzgt. Lauenburg";"Mölln, Stadt";"Schmilauer Straße";"Hanseatendenkmal";"Hanseatendenkmal; 1865; steinerne Stele mit einer Bekrönung aus in Bronze gearbeiteten, pyramidenartig arrangierten Kanonenkugeln, Einfassung mit niedrigen Bronzepfeilern";"Geschichtlich, Städtebaulich";"gesamtes Objekt";"https://opendata.schleswig-holstein.de/data/denkmalpflege/fotos/35980.jpg"
35982;"Bauliche Anlage";"Kreis Hzgt. Lauenburg";"Mölln, Stadt";"Schmilauer Straße";"Ehrenmal zum Deutsch-Französischen Krieg 1870/71";"Ehrenmal zum Deutsch-Französischen Krieg 1870/71; 1879; Säule mit korinthischem Kapitell und bekrönender Adlerfigur auf einem aufwändig gestalteten Sockel mit stilisierten Kanonenläufen";"Geschichtlich, Künstlerisch, Städtebaulich";"gesamtes Objekt";"https://opendata.schleswig-holstein.de/data/denkmalpflege/fotos/35982.jpg"
35983;"Bauliche Anlage";"Kreis Hzgt. Lauenburg";"Mölln, Stadt";"Schmilauer Straße";"Ehrenmal für die Gefallenen des Ersten Weltkrieges";"Ehrenmal der Gefallenen des 1. Weltkrieges; 1925; turmartige Stele mit kuppelförmigem Abschluss auf zweistufigem Sockel; eingefasst von fünf schlanken, die Stele zinnenartig überragende Säulen";"Geschichtlich, Städtebaulich";"gesamtes Objekt";"https://opendata.schleswig-holstein.de/data/denkmalpflege/fotos/35983.jpg"
23391;"Bauliche Anlage";"Kreis Hzgt. Lauenburg";"Mölln, Stadt";"Seestraße 25";"Wohnhaus";"Wohnhaus, 1.Hälfte 19. Jh., zweigeschossiger Fachwerkbau, giebelständig mit Kurzwalmdach, Feldsteinsockel, Eichenfachwerk mit Doppelständern";"Geschichtlich, Städtebaulich";"gesamtes Objekt";"https://opendata.schleswig-holstein.de/data/denkmalpflege/fotos/23391.jpg"
23392;"Bauliche Anlage";"Kreis Hzgt. Lauenburg";"Mölln, Stadt";"Seestraße 26";"Wohnhaus";"Wohnhaus; vermutlich 18. Jh.; eingeschossiger, traufständiger Fachwerkbau mit Mauerwerksausfachung unter Kurzwalmdach, hoher Feldsteinsockel, straßenseitiges Zwerchhaus";"Geschichtlich, Städtebaulich";"gesamtes Objekt";"https://opendata.schleswig-holstein.de/data/denkmalpflege/fotos/23392.jpg"
23394;"Bauliche Anlage";"Kreis Hzgt. Lauenburg";"Mölln, Stadt";"Seestraße 28";"Wohnhaus";"Wohnhaus; im Kern um 1750, Umbau Mitte 19. Jh.; zweigeschossiger, traufständiger Fachwerkbau unter Satteldach mit straßenseitig aufgemauerter Backsteinfassade, vor Haupteingang Freitreppe";"Geschichtlich, Städtebaulich";"gesamtes Objekt";"https://opendata.schleswig-holstein.de/data/denkmalpflege/fotos/23394.jpg"
23397;"Bauliche Anlage";"Kreis Hzgt. Lauenburg";"Mölln, Stadt";"Seestraße 33 - 34";"Doppelhaus";"Doppelhaus; Ende 19. Jh., Sanierung und Rekonstruktion 1980er/1990er Jahre; zweigeschossiger, traufständiger Putzbau unter Satteldach, straßenseitig im Erdgeschoss Fugenschnitt";"Geschichtlich, Städtebaulich";"gesamtes Objekt";"https://opendata.schleswig-holstein.de/data/denkmalpflege/fotos/23397.jpg"
5868;"Bauliche Anlage";"Kreis Hzgt. Lauenburg";"Mölln, Stadt";"Seestraße 35";"Wohnhaus";"Alteintragung (Aktualisierung vorgesehen)";"";"Alteintragung (Aktualisierung vorgesehen)";""
29648;"Bauliche Anlage";"Kreis Hzgt. Lauenburg";"Mölln, Stadt";"Seestraße 42";"Wohnhaus";"Wohnhaus; Anfang 20. Jh.; eingeschossiger, giebelständiger Putzbau unter Kurzwalmdach, Sockel aus Natursteinmauerwerk, südwestliche Traufseite mit Fachwerkgaube; gemauerte Einfriedung";"Geschichtlich, Städtebaulich";"Wohnhaus, Einfriedung";"https://opendata.schleswig-holstein.de/data/denkmalpflege/fotos/29648.jpg"
9841;"Bauliche Anlage";"Kreis Hzgt. Lauenburg";"Mölln, Stadt";"Seestraße 47";"ehem. Armenhaus";"Alteintragung (Aktualisierung vorgesehen)";"Geschichtlich, Künstlerisch, Städtebaulich";"gesamtes Objekt";"https://opendata.schleswig-holstein.de/data/denkmalpflege/fotos/9841.jpg"
24192;"Bauliche Anlage";"Kreis Hzgt. Lauenburg";"Mölln, Stadt";"Seestraße 77";"Wohnhaus";"Wohnhaus; Ende 19. Jh.; zweigeschossiger, traufständiger Backsteinbau unter Schopfwalmdach, Straßenfassade mit gemauerten Wandvorlagen und einem übergiebelten Mittelrisalit";"Geschichtlich, Städtebaulich";"gesamtes Objekt";"https://opendata.schleswig-holstein.de/data/denkmalpflege/fotos/24192.jpg"
3427;"Bauliche Anlage";"Kreis Hzgt. Lauenburg";"Mölln, Stadt";"Seestraße 81";"Wohnhaus";"Alteintragung (Aktualisierung vorgesehen)";"";"Alteintragung (Aktualisierung vorgesehen)";"https://opendata.schleswig-holstein.de/data/denkmalpflege/fotos/3427.jpg"
23414;"Bauliche Anlage";"Kreis Hzgt. Lauenburg";"Mölln, Stadt";"Villenstraße 9";"Villa Quisisana";"Villa ?Quisisana?; 1891; zweigeschossiger Putzbau mit seitlich angeordnetem dreigeschossigen Turm, flache schiefergedeckte Walmdächer mit weitem Überstand, reiche Fassadengliederung, Erker und Loggien, historistische Formensprache mit Elementen der italienischen Neurenaissance, Einfriedung";"Geschichtlich, Städtebaulich";"Villa 'Quisisana', Einfriedung";"https://opendata.schleswig-holstein.de/data/denkmalpflege/fotos/23414.jpg"
36236;"Bauliche Anlage";"Kreis Hzgt. Lauenburg";"Mölln, Stadt";"Villenstraße 10";"Villa";"Villa; 1892, Architekt Carl Elvers; zweigeschossiger Putzbau in spätklassizistischer Formensprache; mit straßenseitiger Einfriedung und Freitreppenanlage auf dem rückwärtigem Grundstück";"Geschichtlich, Städtebaulich";"Villa, Einfriedung, Freitreppenanlage";"https://opendata.schleswig-holstein.de/data/denkmalpflege/fotos/36236.jpg"
2904;"Bauliche Anlage";"Kreis Hzgt. Lauenburg";"Mölln, Stadt";"Wallstraße 10";"Wohnhaus";"Wohnhaus; Ende 18. Jh.; zweigeschossiger Backsteinbau mit Mansarddach, sparsame Putzgliederung, rustizierte Ecken, straßenseitig flach übergiebelter Mittelrisalit, gartenseitig hausbreite, eingezogene Erdgeschoss-Loggia mit gemauerten und verputzten dorischen Säulen.";"Geschichtlich, Künstlerisch, Städtebaulich";"gesamtes Objekt";"https://opendata.schleswig-holstein.de/data/denkmalpflege/fotos/2904.jpg"
36013;"Bauliche Anlage";"Kreis Hzgt. Lauenburg";"Mölln, Stadt";"Wasserkrüger Weg 14";"ehem. Turnhalle";"ehem. Turnhalle; 1904/05; ursprünglich eingeschossiger, seit Umbau von 1948 ein zweigeschossiger giebelständiger Mauerwerksbau in neogotischer Formensprache mit Kopfbau und Ecktürmchen";"Geschichtlich, Städtebaulich";"gesamtes Objekt";"https://opendata.schleswig-holstein.de/data/denkmalpflege/fotos/36013.jpg"
3428;"Bauliche Anlage";"Kreis Hzgt. Lauenburg";"Mölln, Stadt";"Ziegenmarkt 2";"Wohnhaus";"Wohnhaus; im Kern 17. Jh., Sanierung 1978/79; eingeschossiger, giebelständiger Fachwerkbau mit Mauerwerksausfachung unter Satteldach, Eckhaus; Vorgarten mit Einfriedung";"Geschichtlich, Städtebaulich";"Wohnhaus, Vorgarten, Einfriedung";"https://opendata.schleswig-holstein.de/data/denkmalpflege/fotos/3428.jpg"
3429;"Bauliche Anlage";"Kreis Hzgt. Lauenburg";"Mölln, Stadt";"Ziegenmarkt 3";"Wohnhaus";"Wohnhaus, 17. Jh.; eingeschossiger Fachwerkbau mit Satteldach in Giebelstellung, Front mit Backsteinsockel, vorkragendem Giebel und inschriftgezierter Schwelle, zweigeschossiger Rückflügel in Fachwerk mit Satteldach";"Geschichtlich, Städtebaulich";"gesamtes Objekt";"https://opendata.schleswig-holstein.de/data/denkmalpflege/fotos/3429.jpg"
20764;"Gründenkmal";"Kreis Hzgt. Lauenburg";"Mölln, Stadt";"Am Markt";"Kirchhof";"Alteintragung (Aktualisierung vorgesehen)";"Geschichtlich, Städtebaulich";"Kirchhof, Grabmale bis 1870, Böschungsmauern mit Treppen und Geländern, Lindenkranz";"https://opendata.schleswig-holstein.de/data/denkmalpflege/fotos/20764.jpg"
22827;"Gründenkmal";"Kreis Hzgt. Lauenburg";"Mölln, Stadt";"An der Wallpforte";"Kurpark";"Kurpark, 1966 von Gustav Lüttge (1909-1968) entworfen, rd. 4 ha groß im Stil der Nachkriegsmoderne; mit Wallgraben, Rest der ehe. Befestigungsanlage; nur die ersten beiden Bauabschnitte: der Japangarten mit Teich, Wasserterrasse, großem Wasserbecken mit Wandkaskade sowie südlicher Promenade mit Staudenbeeten und Gartenhöfen im Niederungsbereich des Wallgrabens; westl. und südl. Eingangstore aus seitlichen Klinkerwänden mit holzverschalten Dach und Kassenhäuschen sowie Mühlensteinbrunnen nach Entwurf von Wilhelm Henze (1929-1990), die Eisentore von Karl-Heinz Goedtke (1915-1995) geschmiedet ebenso wie die Masken an der Wandkaskade";"Geschichtlich, Künstlerisch, Städtebaulich";"Kurpark, Japanischer Garten, Wasserbecken im Japanischen Garten, Pergola am Japanischen Garten, Mühlensteinbrunnen mit Quellbecken, Eingangstor (östlicher Eingang), Eingangstor (westlicher Eingang), Wasserbecken am westlichen Eingang, Wandkaskade mit Masken, Promenade, Rhododendron- und Azaleengarten entlang der Promenade, Wallgraben";"https://opendata.schleswig-holstein.de/data/denkmalpflege/fotos/22827.jpg"
23497;"Bauliche Anlage";"Kreis Hzgt. Lauenburg";"Müssen";"Bergstraße 9";"Wohnhaus";"Wohnhaus; Ende 19./Anfang 20. Jh.; eingeschossiger Putzbau mit Kurzwalmdach und zweigeschossigem Fachwerkrisalit mit reichem Zierfachwerk";"Geschichtlich, Kulturlandschaftlich";"gesamtes Objekt";"https://opendata.schleswig-holstein.de/data/denkmalpflege/fotos/23497.jpg"
23202;"Bauliche Anlage";"Kreis Hzgt. Lauenburg";"Müssen";"Bergstraße 21";"Wohn- und Wirtschaftsgebäude";"Backsteinhallenhaus; Ende 19. Jh.; Kurzwalmdach mit Pfannendeckung, Wohngiebel mit aufwendiger Backsteingliederung, Wirtschaftsgiebel mit Dieleneinfahrt; Baumreihe";"Geschichtlich, Kulturlandschaftlich, Städtebaulich";"Wohn- und Wirtschaftsgebäude, Baumreihe";"https://opendata.schleswig-holstein.de/data/denkmalpflege/fotos/23202.jpg"
31023;"Bauliche Anlage";"Kreis Hzgt. Lauenburg";"Müssen";"Dorfstraße 24";"Katharinen-Kapelle";"Katharinen-Kapelle; 1963, Architekt Gert Johannsen, dritter Preis Kapellenbauprogram 1961; backsteinsichtige Saalkirche/Kapelle auf Fünfeck-Grundriss mit überhöhtem Glockenturm und nordwestlich anschließender Sakristei; Einfriedung.";"Geschichtlich, Künstlerisch, Kulturlandschaftlich, Städtebaulich";"Katharinen-Kapelle, Einfriedung";"https://opendata.schleswig-holstein.de/data/denkmalpflege/fotos/31023.jpg"
40578;"Sachgesamtheit";"Kreis Hzgt. Lauenburg";"Mustin";"Dorfstraße";"Kirche St. Maria Magdalena";"Aktualisierung vorgesehen";"Geschichtlich, Künstlerisch, Kulturlandschaftlich, Städtebaulich";"Kirche St. Maria Magdalena mit Ausstattung, Kirchhof, Grabmale bis 1870, Lindenkranz, Granit-Böschungsmauer";"https://opendata.schleswig-holstein.de/data/denkmalpflege/fotos/40578.jpg"
3434;"Bauliche Anlage";"Kreis Hzgt. Lauenburg";"Mustin";"Dorfstraße";"Kirche St. Maria Magdalena mit Ausstattung";"Alteintragung (Aktualisierung vorgesehen)";"Geschichtlich, Künstlerisch, Städtebaulich";"gesamtes Objekt";"https://opendata.schleswig-holstein.de/data/denkmalpflege/fotos/3434.jpg"
20748;"Gründenkmal";"Kreis Hzgt. Lauenburg";"Mustin";"Dorfstraße";"Kirchhof";"Alteintragung (Aktualisierung vorgesehen)";"Geschichtlich, Kulturlandschaftlich";"Kirchhof, Grabmale bis 1870, Lindenkranz, Granit-Böschungsmauer";"https://opendata.schleswig-holstein.de/data/denkmalpflege/fotos/20748.jpg"
40579;"Sachgesamtheit";"Kreis Hzgt. Lauenburg";"Niendorf/Stecknitz";"Dorfstraße";"Kirche St. Anna";"Aktualisierung vorgesehen";"Geschichtlich, Künstlerisch, Kulturlandschaftlich, Städtebaulich";"Kirche St. Anna mit Ausstattung, Kirchhof, Feldsteinböschungsmauern";"https://opendata.schleswig-holstein.de/data/denkmalpflege/fotos/40579.jpg"
3486;"Bauliche Anlage";"Kreis Hzgt. Lauenburg";"Niendorf/Stecknitz";"Dorfstraße";"Kirche St. Anna mit Ausstattung";"Alteintragung (Aktualisierung vorgesehen)";"Geschichtlich, Künstlerisch, Städtebaulich";"gesamtes Objekt";"https://opendata.schleswig-holstein.de/data/denkmalpflege/fotos/3486.jpg"
917;"Bauliche Anlage";"Kreis Hzgt. Lauenburg";"Niendorf/Stecknitz";"Gut Niendorf";"Herrenhaus";"Alteintragung (Aktualisierung vorgesehen)";"";"Alteintragung (Aktualisierung vorgesehen)";"https://opendata.schleswig-holstein.de/data/denkmalpflege/fotos/917.jpg"
6934;"Bauliche Anlage";"Kreis Hzgt. Lauenburg";"Niendorf/Stecknitz";"Gut Niendorf";"Gärtnerhaus";"Alteintragung (Aktualisierung vorgesehen)";"";"Alteintragung (Aktualisierung vorgesehen)";""
8506;"Bauliche Anlage";"Kreis Hzgt. Lauenburg";"Niendorf/Stecknitz";"Gut Niendorf";"Schafstall";"Alteintragung (Aktualisierung vorgesehen)";"";"Alteintragung (Aktualisierung vorgesehen)";"https://opendata.schleswig-holstein.de/data/denkmalpflege/fotos/8506.jpg"
8883;"Bauliche Anlage";"Kreis Hzgt. Lauenburg";"Niendorf/Stecknitz";"Gut Niendorf";"Trockenmauer mit Torpfeilern";"Alteintragung (Aktualisierung vorgesehen)";"";"Alteintragung (Aktualisierung vorgesehen)";""
8884;"Bauliche Anlage";"Kreis Hzgt. Lauenburg";"Niendorf/Stecknitz";"Gut Niendorf";"Pflasterung ( Zuwegung zum Herrenhaus)";"Alteintragung (Aktualisierung vorgesehen)";"";"Alteintragung (Aktualisierung vorgesehen)";""
29672;"Bauliche Anlage";"Kreis Hzgt. Lauenburg";"Niendorf/Stecknitz";"Gut Niendorf";"Burggraben (nördlicher Arm)";"Alteintragung (Aktualisierung vorgesehen)";"";"Alteintragung (Aktualisierung vorgesehen)";"https://opendata.schleswig-holstein.de/data/denkmalpflege/fotos/29672.jpg"
9400;"Bauliche Anlage";"Kreis Hzgt. Lauenburg";"Niendorf/Stecknitz";"Woltersdorfer Weg 2";"Pastorat";"Alteintragung (Aktualisierung vorgesehen)";"";"Alteintragung (Aktualisierung vorgesehen)";""
20773;"Gründenkmal";"Kreis Hzgt. Lauenburg";"Niendorf/Stecknitz";"Dorfstraße";"Kirchhof";"Alteintragung (Aktualisierung vorgesehen)";"Geschichtlich, Kulturlandschaftlich";"Kirchhof, Feldsteinböschungsmauern";"https://opendata.schleswig-holstein.de/data/denkmalpflege/fotos/20773.jpg"
8011;"Gründenkmal";"Kreis Hzgt. Lauenburg";"Niendorf/Stecknitz";"Gut Niendorf";"Landschaftsgarten";"Alteintragung (Aktualisierung vorgesehen)";"Geschichtlich, Künstlerisch, Kulturlandschaftlich";"Landschaftsgarten, Linden an der ehem. Kegelbahn, Spiegelteich, Teich";"https://opendata.schleswig-holstein.de/data/denkmalpflege/fotos/8011.jpg"
40580;"Sachgesamtheit";"Kreis Hzgt. Lauenburg";"Nusse";"Kirchstraße";"Kirche Nusse";"Aktualisierung vorgesehen";"Geschichtlich, Künstlerisch, Kulturlandschaftlich, Städtebaulich";"Kirche mit Ausstattung, Kirchhof, Grabmale bis 1870, Granitböschungsmauer, Lindenkranz, Ehrenmal";"https://opendata.schleswig-holstein.de/data/denkmalpflege/fotos/40580.jpg"
32915;"Sachgesamtheit";"Kreis Hzgt. Lauenburg";"Nusse";"Kirchstraße 6b, 8, Lindenweg 3a, 3";"Pfarrhof Nusse";"Aktualisierung vorgesehen";"Geschichtlich, Kulturlandschaftlich, Städtebaulich";"Pastorat, Pastoratsgarten, Kastanienhecke, Weißbuchen-Laubengang (Kirchstraße 8); ehem. Küster- und Schulhaus (Kirchstraße 6 b), Pfarrscheune (Lindenweg 3), Predigerwitwenhaus (Lindenweg 3 a)";"https://opendata.schleswig-holstein.de/data/denkmalpflege/fotos/32915.jpg"
2058;"Bauliche Anlage";"Kreis Hzgt. Lauenburg";"Nusse";"Hauptstraße 1 a";"Fachhallenkate";"Fachhallenkate; 1823; Zweiständer-Fachwerkbau mit reetgedecktem Halbwalmdach, Raum- und Ständerstruktur im Innern weitgehend erhalten";"Geschichtlich, Kulturlandschaftlich";"gesamtes Objekt";"https://opendata.schleswig-holstein.de/data/denkmalpflege/fotos/2058.jpg"
6909;"Bauliche Anlage";"Kreis Hzgt. Lauenburg";"Nusse";"Kirchstraße 6 b";"ehem. Küster- und Schulhaus";"Alteintragung (Aktualisierung vorgesehen)";"Geschichtlich, Städtebaulich";"Alteintragung (Aktualisierung vorgesehen)";"https://opendata.schleswig-holstein.de/data/denkmalpflege/fotos/6909.jpg"
6906;"Bauliche Anlage";"Kreis Hzgt. Lauenburg";"Nusse";"Kirchstraße 8";"Pastorat";"Alteintragung (Aktualisierung vorgesehen)";"Geschichtlich, Städtebaulich";"Alteintragung (Aktualisierung vorgesehen)";"https://opendata.schleswig-holstein.de/data/denkmalpflege/fotos/6906.jpg"
13862;"Bauliche Anlage";"Kreis Hzgt. Lauenburg";"Nusse";"Kirchstraße 16";"Alte Apotheke";"Alte Apotheke; um 1868; in Gartengrundstück frei stehender, zweigeschossiger Backsteinbau mit Satteldach, schlichte dreiachsige Gliederung mit Mitteleingang, frühklassizistische Haustür mit Oberlicht, scheitrechte Stürze. Nebengebäude Backstein 19. Jh.";"Geschichtlich, Kulturlandschaftlich, Wissenschaftlich";"Alte Apotheke, Nebengebäude";"https://opendata.schleswig-holstein.de/data/denkmalpflege/fotos/13862.jpg"
3496;"Bauliche Anlage";"Kreis Hzgt. Lauenburg";"Nusse";"Kirchstraße";"Kirche mit Ausstattung";"Alteintragung (Aktualisierung vorgesehen)";"Geschichtlich, Künstlerisch, Städtebaulich";"gesamtes Objekt";"https://opendata.schleswig-holstein.de/data/denkmalpflege/fotos/3496.jpg"
26532;"Bauliche Anlage";"Kreis Hzgt. Lauenburg";"Nusse";"Kirchstraße";"Ehrenmal";"Alteintragung (Aktualisierung vorgesehen)";"Geschichtlich";"Alteintragung (Aktualisierung vorgesehen)";"https://opendata.schleswig-holstein.de/data/denkmalpflege/fotos/26532.jpg"
6907;"Bauliche Anlage";"Kreis Hzgt. Lauenburg";"Nusse";"Lindenweg 3";"Pfarrscheune";"Alteintragung (Aktualisierung vorgesehen)";"Geschichtlich, Städtebaulich";"Alteintragung (Aktualisierung vorgesehen)";""
6908;"Bauliche Anlage";"Kreis Hzgt. Lauenburg";"Nusse";"Lindenweg 3 a";"Predigerwitwenhaus";"Alteintragung (Aktualisierung vorgesehen)";"Geschichtlich, Städtebaulich";"Alteintragung (Aktualisierung vorgesehen)";"https://opendata.schleswig-holstein.de/data/denkmalpflege/fotos/6908.jpg"
11328;"Gründenkmal";"Kreis Hzgt. Lauenburg";"Nusse";"Kirchstraße 8";"Pastoratsgarten";"Alteintragung (Aktualisierung vorgesehen)";"Geschichtlich, Kulturlandschaftlich";"Pastoratsgarten, Kastanienhecke, Weißbuchen-Laubengang";""
11325;"Gründenkmal";"Kreis Hzgt. Lauenburg";"Nusse";"Kirchstraße";"Kirchhof";"Alteintragung (Aktualisierung vorgesehen)";"Geschichtlich, Kulturlandschaftlich";"Kirchhof, Grabmale bis 1870, Granitböschungsmauer, Lindenkranz";"https://opendata.schleswig-holstein.de/data/denkmalpflege/fotos/11325.jpg"
35260;"Sachgesamtheit";"Kreis Hzgt. Lauenburg";"Panten";"Hauptstraße 18, Hauptstraße, Twiete";"ehem. Vogtei Mannhagen";"ehem. Vogtei Mannhagen; 1. Hälfte 19. Jh. und Anf. 20. Jh.; Hofanlage aus Haupthaus, Einfriedung mit Pfeiler, Dreiständerscheune und Stallscheune";"Geschichtlich, Kulturlandschaftlich, Städtebaulich";"Haupthaus mit Einfriedung und Pfeiler (Hauptstraße 18), Stallscheune (Hauptstraße), Dreiständerscheune (Twiete)";"https://opendata.schleswig-holstein.de/data/denkmalpflege/fotos/35260.jpg"
2263;"Bauliche Anlage";"Kreis Hzgt. Lauenburg";"Panten";"Alt Möllner Straße 16";"ehem. Armenkate";"ehem. Armenkate; 19. Jh.; Doppelkate, Wandständerbau, rechteckiger Grundriss, Feldsteinsockel, Eichenfachwerk mit Backsteinausfachungen, reetgedecktes Walmdach";"Geschichtlich, Kulturlandschaftlich, Städtebaulich";"gesamtes Objekt";"https://opendata.schleswig-holstein.de/data/denkmalpflege/fotos/2263.jpg"
13885;"Bauliche Anlage";"Kreis Hzgt. Lauenburg";"Panten";"Hauptstraße 18";"Haupthaus";"Haupthaus; 1833; ehem. Vogtei Mannhagen, geschlämmter eingeschossiger Backsteinbau mit Halbwalmdach, Hofseite backsteinsichtig mit Mittelrisalit und Zwerchhaus";"Geschichtlich, Kulturlandschaftlich, Städtebaulich";"Haupthaus, Einfriedung mit Pfeiler";"https://opendata.schleswig-holstein.de/data/denkmalpflege/fotos/13885.jpg"
6520;"Bauliche Anlage";"Kreis Hzgt. Lauenburg";"Panten";"Schmiedestraße 12";"Fachhallenkate";"Fachhallenkate; Innengefüge 1725 (d); eingeschossiger Fachwerkbau mit älteren, zweitverwendeten Hölzern um 1560 (d), Durchgangsdielenkonstruktion, Lehmausfachungen, giebelständig, reetgedecktes Walmdach.";"Geschichtlich, Kulturlandschaftlich, Städtebaulich";"gesamtes Objekt";""
13886;"Bauliche Anlage";"Kreis Hzgt. Lauenburg";"Panten";"Twiete";"Dreiständerscheune";"Dreiständerscheune; 19. Jh.; Durchfahrtsscheune auf Feldsteinfundament; Fachwerk mit Backsteinausfachungen, Halbwalmdach mit Welleternitdeckung";"Geschichtlich, Kulturlandschaftlich, Städtebaulich";"gesamtes Objekt";"https://opendata.schleswig-holstein.de/data/denkmalpflege/fotos/13886.jpg"
5267;"Bauliche Anlage";"Kreis Hzgt. Lauenburg";"Pogeez";"Alte Salzstraße 8";"Hofanlage: Altenteilerhaus";"Alteintragung (Aktualisierung vorgesehen)";"";"Alteintragung (Aktualisierung vorgesehen)";""
6362;"Bauliche Anlage";"Kreis Hzgt. Lauenburg";"Pogeez";"Alte Salzstraße 8";"Hofanlage: Kleinviehstall";"Alteintragung (Aktualisierung vorgesehen)";"";"Alteintragung (Aktualisierung vorgesehen)";""
5266;"Bauliche Anlage";"Kreis Hzgt. Lauenburg";"Pogeez";"Alte Salzstraße 10";"Hofanlage: Haupthaus";"Alteintragung (Aktualisierung vorgesehen)";"";"Alteintragung (Aktualisierung vorgesehen)";""
5268;"Bauliche Anlage";"Kreis Hzgt. Lauenburg";"Pogeez";"Alte Salzstraße 10";"Hofanlage: Scheune";"Alteintragung (Aktualisierung vorgesehen)";"";"Alteintragung (Aktualisierung vorgesehen)";""
5269;"Bauliche Anlage";"Kreis Hzgt. Lauenburg";"Pogeez";"Alte Salzstraße 10";"Hofanlage: Backhaus";"Alteintragung (Aktualisierung vorgesehen)";"";"Alteintragung (Aktualisierung vorgesehen)";""
50117;"Bauliche Anlage";"Kreis Hzgt. Lauenburg";"Pogeez";"Alte Salzstraße";"Alte Salzstraße (gepflastertes Teilstück)";"Alte Salzstraße (gepflastertes Teilstück); Anlage auf Anfang 18. Jh. zurückgehend; örtliches Teilstück der ?via regia?, dem wichtigsten befestigten Heer- und Handelsweg in Nord-Süd-Richtung, zwischen Lüneburg und Lübeck im 12.-16. Jh. bedeutend für den Salztransport, Natursteinpflasterung wohl 19. Jh.";"Geschichtlich, Kulturlandschaftlich, Technisch";"gesamtes Objekt";"https://opendata.schleswig-holstein.de/data/denkmalpflege/fotos/50117.jpg"
27274;"Bauliche Anlage";"Kreis Hzgt. Lauenburg";"Pogeez";"Hauptstraße 28";"ehem. Tankstelle";"Alteintragung (Aktualisierung vorgesehen)";"Geschichtlich, Künstlerisch";"gesamtes Objekt";"https://opendata.schleswig-holstein.de/data/denkmalpflege/fotos/27274.jpg"
36795;"Sachgesamtheit";"Kreis Hzgt. Lauenburg";"Ratzeburg, Stadt";"Am Steindamm";"Friedhöfe Am Steindamm";"Friedhöfe am Steindamm; ab 1788; parkartige Anlage, bestehend aus zwei Friedhofsbereichen, mit klassizistischer Gruftreihe, historischen Grabanlagen und vierreihiger Lindenallee";"Geschichtlich, Städtebaulich";"Friedhöfe am Steindamm, Gruftreihe, historische Grabanlagen, vierreihige Lindenallee";"https://opendata.schleswig-holstein.de/data/denkmalpflege/fotos/36795.jpg"
40581;"Sachgesamtheit";"Kreis Hzgt. Lauenburg";"Ratzeburg, Stadt";"Barlachplatz 7";"Stadtkirche Ratzeburg";"Aktualisierung vorgesehen";"Geschichtlich, Künstlerisch, Kulturlandschaftlich, Städtebaulich";"Kirche St. Petri (Stadtkirche) mit Ausstattung, Kirchhof";"https://opendata.schleswig-holstein.de/data/denkmalpflege/fotos/40581.jpg"
37186;"Sachgesamtheit";"Kreis Hzgt. Lauenburg";"Ratzeburg, Stadt";"Domhof 3-9";"A.-Paul-Weber-Haus";"A.-Paul-Weber-Haus; Mitte 17. Jh.; Ensemble bestehend aus einem Mitte des 17. Jahrhunderts errichteten Wohnhaus, dem heutigen A.-Paul-Weber-Haus, und der umgebenden Gartenfläche";"Geschichtlich, Städtebaulich";"A.-Paul-Weber-Haus, Garten";"https://opendata.schleswig-holstein.de/data/denkmalpflege/fotos/37186.jpg"
46567;"Sachgesamtheit";"Kreis Hzgt. Lauenburg";"Ratzeburg, Stadt";"Domhof 11-13, 11-12, 12, 13";"Domprobstei Ratzeburg";"Domprobstei; 1764-66; erbaut als Residenz der Herzöge von Mecklenburg-Strelitz, barocke Anlage bestehend aus Herrenhaus, zwei Nebengebäuden, Ehrenhof mit Einfriedung sowie zwei Linden";"Geschichtlich, Städtebaulich";"Herrenhaus (Domhof 11-12), nördliches Nebengebäude (Domhof 13), südliches Nebengebäude (Domhof 12); Einfriedung, Ehrenhof, zwei Linden (Domhof 11-13)";"https://opendata.schleswig-holstein.de/data/denkmalpflege/fotos/46567.jpg"
36823;"Sachgesamtheit";"Kreis Hzgt. Lauenburg";"Ratzeburg, Stadt";"Dorotheenhof 1";"Dorotheenhof";"Dorotheenhof; ab 1902, Maurermeister Herrmann Rautenberg; historische Gutsanlage bestehend aus dem Haupthaus, zwei Scheunen, einem Pferdestall und einer zum Haupthaus führenden Lindenallee";"Geschichtlich, Kulturlandschaftlich";"Haupthaus, Scheune, Scheune, Pferdestall, Allee zum Haupthaus";"https://opendata.schleswig-holstein.de/data/denkmalpflege/fotos/36823.jpg"
35293;"Sachgesamtheit";"Kreis Hzgt. Lauenburg";"Ratzeburg, Stadt";"Mechower Straße 79";"ehem. Gärtnerei Georg Picker";"ehem. Gärtnerei Georg Picker; 1920-22, Architektengemeinschaft Carl Arp und Fritz Basedow; hofartige dreigliedrige Anlage mit Wohnhaus, Stall- und Wirtschaftsgebäude, Blumen- und Obstgarten";"Geschichtlich, Kulturlandschaftlich, Städtebaulich";"Wohnhaus Gärtnerei Picker, Stallgebäude, Wirtschaftsgebäude, Blumengarten, Obstgarten";""
30045;"Sachgesamtheit";"Kreis Hzgt. Lauenburg";"Ratzeburg, Stadt";"Neuvorwerk 1, 3, 5, Neuvorwerk";"Domäne Neuvorwerk";"Domäne Neuvorwerk; 19. Jh.; Anlage aus Pächterhaus, Meierei und Stallscheune sowie Zufahrtsallee, Park und Hofpflasterung, kulturlandschaftsprägend und silhouettenbildend für Ratzeburg";"Geschichtlich, Kulturlandschaftlich, Städtebaulich";"Pächterwohnhaus, Park des Pächterhauses mit zwei ehem. Fischteichen(Neuvorwerk 1); Alte Meierei (Neuvorwerk 3); ehem. Stallgebäude mit Hofpflasterung (Neuvorwerk 5); einreihige Zufahrtsallee mit Weißdornhecke";"https://opendata.schleswig-holstein.de/data/denkmalpflege/fotos/30045.jpg"
36828;"Sachgesamtheit";"Kreis Hzgt. Lauenburg";"Ratzeburg, Stadt";"Seedorfer Straße 7, Seedorfer Straße";"Friedhof Seedorfer Straße";"Friedhof Seedorfer Straße; 1860; bestehend aus dem Friedhofsgelände, der Friedhofskapelle, der Grabstätte Familie Barlach, dem Mausoleum 'Memento Mori' und dem Mausoleum Spehr";"Geschichtlich, Künstlerisch, Städtebaulich";"Friedhof Seedorfer Straße, Grabstätte Familie Barlach, Mausoleum 'Memento Mori', Mausoleum Spehr (Seedorfer Straße); Friedhofskapelle (Seedorfer Straße 7)";"https://opendata.schleswig-holstein.de/data/denkmalpflege/fotos/36828.jpg"
36773;"Sachgesamtheit";"Kreis Hzgt. Lauenburg";"Ratzeburg, Stadt";"Seekenkamp 2, 10, 14, Bergstraße 45";"Wohnbebauung Seekenkamp";"Wohnbebauung Seekenkamp, 1928-30, Architekturbüro Carl Arp und Fritz Basedow; Ensemble von Einfamilienhäusern, qualitätvolle Gestaltung mit Anleihen an Expressionismus und Heimatschutzstil";"Geschichtlich, Städtebaulich";"Wohnhäuser Seekenkamp 2, 10, 14 mit Garage, Bergstraße 45";"https://opendata.schleswig-holstein.de/data/denkmalpflege/fotos/36773.jpg"
45494;"Sachgesamtheit";"Kreis Hzgt. Lauenburg";"Ratzeburg, Stadt";"Wedenberg 11, 12, 13, 15";"Altes Landratsamt";"Baugruppe Altes Landratsamt; 18./19.Jh., 1862; Baugruppe um das 1862 unter dänischer Herrschaft errichtete Amtsgebäude aus bestehenden und jüngeren Wohnhäusern und einem Wirtschaftsgebäude";"Geschichtlich, Künstlerisch, Städtebaulich";"Altes Landratsamt (Wedenberg 13), Wohnhäuser (Wedenberg 11, 12), Wirtschaftsgebäude (Wedenberg 15)";"https://opendata.schleswig-holstein.de/data/denkmalpflege/fotos/45494.jpg"
40583;"Sachgesamtheit";"Kreis Hzgt. Lauenburg";"Ratzeburg, Stadt";"Wedenberg";"Kirche St. Georg auf dem Berge";"Aktualisierung vorgesehen";"Geschichtlich, Künstlerisch, Kulturlandschaftlich, Städtebaulich";"Kirche St. Georg auf dem Berge mit Ausstattung, Kirchhof (Alter Friedhof), Granit-Böschungsmauern, Pflasterstraße und Stützmauern, Treppe am St. Georgsberg";"https://opendata.schleswig-holstein.de/data/denkmalpflege/fotos/40583.jpg"
51196;"Mehrheit von baulichen Anlagen";"Kreis Hzgt. Lauenburg";"Ratzeburg, Stadt";"Schmiedestraße 1, 2, 6, 8, Gr.Kreuzstraße 20, Kl.Kreuzstraße 13, 15, Schmiedestraße";"Wohnhäuser Schmiedestraße/Kl.Kreuzstraße";"Wohnhäuser Schmiedestraße/Kl.Kreuzstraße; 18. Jh.; kleinteilige Wohnbebauung mit eingeschossigen Fachwerkhäusern aus dem 18. Jahrhundert";"Geschichtlich, Städtebaulich";"Wohnhäuser (Schmiedestraße 1, 2, 6, 8; Kl.Kreuzstraße 13); Wohnhaus mit Nebengebäude (Kl.Kreuzstraße 15); Nebengebäude (Gr.Kreuzstraße 20); Pflasterung (Schmiedestraße)";"https://opendata.schleswig-holstein.de/data/denkmalpflege/fotos/51196.jpg"
37193;"Mehrheit von baulichen Anlagen";"Kreis Hzgt. Lauenburg";"Ratzeburg, Stadt";"Schulstraße 7, 9, 11, 13";"Wohnhäuser Schulstraße 7-13";"Wohnhäuser Schulstraße 7-13; 1842-1852; kleinteilige Bebauung mit eingeschossigen, traufständigen Fachwerkwohnhäusern aus der Mitte des 19. Jahrhunderts";"Geschichtlich, Städtebaulich";"Wohnhäuser Schulstraße 7, 9, 11, 13";"https://opendata.schleswig-holstein.de/data/denkmalpflege/fotos/37193.jpg"
37195;"Mehrheit von baulichen Anlagen";"Kreis Hzgt. Lauenburg";"Ratzeburg, Stadt";"Töpferstraße 12, 14, 16-18";"Baugruppe Töpferstraße 12-18";"Wohn- und Geschäftshäuser Töpferstraße 12-18; Mitte 18. Jh.; in sich geschlossene Bebauung mit zweigeschossigen, traufständigen Wohn- und Geschäftshäusern aus der Mitte des 18. Jahrhunderts";"Geschichtlich, Städtebaulich";"Wohn- und Geschäftshäuser Töpferstraße 12, 14, 16-18";"https://opendata.schleswig-holstein.de/data/denkmalpflege/fotos/37195.jpg"
3593;"Bauliche Anlage";"Kreis Hzgt. Lauenburg";"Ratzeburg, Stadt";"Am Markt 1";"ehem. Rathaus";"Alteintragung (Aktualisierung vorgesehen)";"";"Alteintragung (Aktualisierung vorgesehen)";"https://opendata.schleswig-holstein.de/data/denkmalpflege/fotos/3593.jpg"
34858;"Bauliche Anlage";"Kreis Hzgt. Lauenburg";"Ratzeburg, Stadt";"Am Markt 4 - 5";"Bronzeplastik Der Taschenmann";"Bronzeplastik ?Taschenmann?; 1957, Bildhauer Karlheinz Goedtke; lebensgroße Bronzeplastik vor dem Haupteingang der Kreissparkasse am historischen Marktplatz von Ratzeburg";"Geschichtlich, Künstlerisch, Städtebaulich";"gesamtes Objekt";"https://opendata.schleswig-holstein.de/data/denkmalpflege/fotos/34858.jpg"
3566;"Bauliche Anlage";"Kreis Hzgt. Lauenburg";"Ratzeburg, Stadt";"Am Markt 9";"Alte Wache (ehem. Hauptwache)";"Alteintragung (Aktualisierung vorgesehen)";"";"Alteintragung (Aktualisierung vorgesehen)";"https://opendata.schleswig-holstein.de/data/denkmalpflege/fotos/3566.jpg"
3567;"Bauliche Anlage";"Kreis Hzgt. Lauenburg";"Ratzeburg, Stadt";"Am Markt 10";"Kreishaus";"Alteintragung (Aktualisierung vorgesehen)";"";"Alteintragung (Aktualisierung vorgesehen)";"https://opendata.schleswig-holstein.de/data/denkmalpflege/fotos/3567.jpg"
12366;"Bauliche Anlage";"Kreis Hzgt. Lauenburg";"Ratzeburg, Stadt";"Am Mühlengraben u.a.";"Fußgängerbrücke Kamelbrücke";"Alteintragung (Aktualisierung vorgesehen)";"Geschichtlich, Wissenschaftlich";"gesamtes Objekt";"https://opendata.schleswig-holstein.de/data/denkmalpflege/fotos/12366.jpg"
26688;"Bauliche Anlage";"Kreis Hzgt. Lauenburg";"Ratzeburg, Stadt";"Am Rensemoor 28";"Wohnhaus Wolff";"Wohnhaus Wolff; 1921-23; Kreisbaumeister Joh. Wolff; Eingeschossiger Lehmbau unter ausgebautem Satteldach; Im Inneren Kappendecken aus Lehmsteinen sowie bauzeitliche Ausstattung";"Geschichtlich, Städtebaulich, Wissenschaftlich";"Wohnhaus Wolff, ";"https://opendata.schleswig-holstein.de/data/denkmalpflege/fotos/26688.jpg"
10098;"Bauliche Anlage";"Kreis Hzgt. Lauenburg";"Ratzeburg, Stadt";"Am Steindamm";"Gruftreihe";"Gruftreihe; ab 1825; aneinandergereihte Einzelgrüfte mit klassizistischen Portalen aus Granitquadern bzw. verputztem Ziegelmauerwerk an der nördlichen Umfassungsmauer des Friedhofs am Steindamm";"Geschichtlich, Künstlerisch, Wissenschaftlich";"gesamtes Objekt";"https://opendata.schleswig-holstein.de/data/denkmalpflege/fotos/10098.jpg"
6326;"Bauliche Anlage";"Kreis Hzgt. Lauenburg";"Ratzeburg, Stadt";"Am Wall";"Kasematten";"Alteintragung (Aktualisierung vorgesehen)";"";"Alteintragung (Aktualisierung vorgesehen)";""
3596;"Bauliche Anlage";"Kreis Hzgt. Lauenburg";"Ratzeburg, Stadt";"An der Brauerei 1";"Burgtheater: ehem. Wohnhaus/Brauerei";"Alteintragung (Aktualisierung vorgesehen)";"";"Alteintragung (Aktualisierung vorgesehen)";"https://opendata.schleswig-holstein.de/data/denkmalpflege/fotos/3596.jpg"
10182;"Bauliche Anlage";"Kreis Hzgt. Lauenburg";"Ratzeburg, Stadt";"An der Brauerei 1";"Burgtheater: Kasematten";"Alteintragung (Aktualisierung vorgesehen)";"";"Alteintragung (Aktualisierung vorgesehen)";""
3115;"Bauliche Anlage";"Kreis Hzgt. Lauenburg";"Ratzeburg, Stadt";"Bahnhof 1";"Bahnhofsgebäude";"Alteintragung (Aktualisierung vorgesehen)";"";"Alteintragung (Aktualisierung vorgesehen)";"https://opendata.schleswig-holstein.de/data/denkmalpflege/fotos/3115.jpg"
22855;"Bauliche Anlage";"Kreis Hzgt. Lauenburg";"Ratzeburg, Stadt";"Bahnhofsallee 20";"Finanzamt";"Finanzamt; 1938-39; zweigeschossiger, breit gelagerter Backsteinbau mit zwei Querflügeln, sachliche zeittypische Formen und akzentuierte kunstkeramische Bauzier";"Geschichtlich, Städtebaulich";"gesamtes Objekt";"https://opendata.schleswig-holstein.de/data/denkmalpflege/fotos/22855.jpg"
3568;"Bauliche Anlage";"Kreis Hzgt. Lauenburg";"Ratzeburg, Stadt";"Barlachplatz 3";"Museum Barlachhaus";"Alteintragung (Aktualisierung vorgesehen)";"";"Alteintragung (Aktualisierung vorgesehen)";"https://opendata.schleswig-holstein.de/data/denkmalpflege/fotos/3568.jpg"
3592;"Bauliche Anlage";"Kreis Hzgt. Lauenburg";"Ratzeburg, Stadt";"Barlachplatz 7";"Kirche St. Petri (Stadtkirche) mit Ausstattung";"Alteintragung (Aktualisierung vorgesehen)";"Geschichtlich, Künstlerisch, Städtebaulich";"gesamtes Objekt";"https://opendata.schleswig-holstein.de/data/denkmalpflege/fotos/3592.jpg"
3569;"Bauliche Anlage";"Kreis Hzgt. Lauenburg";"Ratzeburg, Stadt";"Barlachplatz 10";"Altersheim";"Alteintragung (Aktualisierung vorgesehen)";"";"Alteintragung (Aktualisierung vorgesehen)";"https://opendata.schleswig-holstein.de/data/denkmalpflege/fotos/3569.jpg"
36693;"Bauliche Anlage";"Kreis Hzgt. Lauenburg";"Ratzeburg, Stadt";"Barlachstraße 2";"Kreishaus";"Kreishaus; 1977-80, Architekt Schüler/Schleiff; 1981, Karlheinz Goedtke; Verwaltungsbau auf E-förmigem Grundriss um drei offene Höfe angelegt, integrierte Ladenzeile, Stahlbeton-Skelettkonstruktion mit roter Klinkerverkleidung, vertikale und horizontale Gliederung und Staffelung der Baumasse mit Rücksicht auf das kleinteilige städtische Umfeld, reiche Klinkerzierverbände, im Innern großzügiges Treppenfoyer, Sitzungssaal und Cafeteria. Außenbereich mit Pflanzungen, Brunnen und Stufenanlagen gestaltet. Im Hof Bronzeplastik ?Der Kranich? von Karlheinz Goedtke v. 1981";"Geschichtlich, Künstlerisch, Städtebaulich";"Kreishaus, Freiflächen, Freiplastik 'Der Kranich'";"https://opendata.schleswig-holstein.de/data/denkmalpflege/fotos/36693.jpg"
36527;"Bauliche Anlage";"Kreis Hzgt. Lauenburg";"Ratzeburg, Stadt";"Barlachstraße 4";"Kreisgesundheitsamt";"Kreisgesundheitsamt; 1962-64, Kreisbauamt Herzogtum Lauenburg; flach gedeckter Bau auf etwa quadratischem Grundriss mit Innenhof, zweigeschossiger Hauptflügel mit sichtbarem Stahlbetonskelett, eingeschossiger U-förmiger Bauteil mit dunkler Holzschalung, bauzeitliches Zubehör; begrünter Innenhof mit rechteckigem Brunnen und Bronzeplastik 'Sich waschender Junge' von K. Goedtke";"Geschichtlich, Künstlerisch, Städtebaulich";"Kreisgesundheitsamt, Brunnen mit Bronzeplastik: Sich waschender Knabe ";"https://opendata.schleswig-holstein.de/data/denkmalpflege/fotos/36527.jpg"
23281;"Bauliche Anlage";"Kreis Hzgt. Lauenburg";"Ratzeburg, Stadt";"Barlachstraße 5";"ehem. Präparandeum";"ehem. Präparandeum; 1907-08; zweigeschossiger, kubischer Baukörper unter Walmdach, backsteinsichtige Fassaden in der Formensprache des Historismus";"Geschichtlich, Städtebaulich";"gesamtes Objekt";"https://opendata.schleswig-holstein.de/data/denkmalpflege/fotos/23281.jpg"
36737;"Bauliche Anlage";"Kreis Hzgt. Lauenburg";"Ratzeburg, Stadt";"Bergstraße 66";"Wohnhaus";"Wohnhaus; Ende 19. Jh.; eingeschossiger, traufständiger Mauerwerksbau mit Drempelgeschoss unter Satteldach, backsteinsichtige Fassaden mit detailreichem Bauchmuck in zeittypischer Formensprache";"Geschichtlich, Städtebaulich";"Wohnhaus, ";"https://opendata.schleswig-holstein.de/data/denkmalpflege/fotos/36737.jpg"
3570;"Bauliche Anlage";"Kreis Hzgt. Lauenburg";"Ratzeburg, Stadt";"Böterstraße 11";"Wohnhaus";"Alteintragung (Aktualisierung vorgesehen)";"";"Alteintragung (Aktualisierung vorgesehen)";"https://opendata.schleswig-holstein.de/data/denkmalpflege/fotos/3570.jpg"
11937;"Bauliche Anlage";"Kreis Hzgt. Lauenburg";"Ratzeburg, Stadt";"Dermin 27";"Gutshaus Dermin";"Alteintragung (Aktualisierung vorgesehen)";"";"Alteintragung (Aktualisierung vorgesehen)";"https://opendata.schleswig-holstein.de/data/denkmalpflege/fotos/11937.jpg"
3575;"Bauliche Anlage";"Kreis Hzgt. Lauenburg";"Ratzeburg, Stadt";"Domhof 3 - 9";"A.-Paul-Weber-Haus";"A.-Paul-Weber-Haus; Mitte 17. Jh.; zweigeschossiger, traufständiger Fachwerkbau mit nachträglich aufgemauerter, klassizistischer Straßenfassade, unter hohem Walmdach mit Fledermausgauben";"Geschichtlich, Städtebaulich";"gesamtes Objekt";"https://opendata.schleswig-holstein.de/data/denkmalpflege/fotos/3575.jpg"
36513;"Bauliche Anlage";"Kreis Hzgt. Lauenburg";"Ratzeburg, Stadt";"Domhof 6 - 8";"Wohnhaus";"Wohnhaus; Ende 19. Jh.; zweigeschossiges, traufständiges Eckgebäude unter Satteldach, backsteinsichtige Fassaden mit historistischer Putzgliederung, turmartige Gebäudeecke mit Balkon";"Geschichtlich, Städtebaulich";"gesamtes Objekt";"https://opendata.schleswig-holstein.de/data/denkmalpflege/fotos/36513.jpg"
8662;"Bauliche Anlage";"Kreis Hzgt. Lauenburg";"Ratzeburg, Stadt";"Domhof 10";"Wohnhaus";"Wohnhaus; Ende 19. Jh.; zweigeschossiger, traufständiger Mauerwerksbau unter Satteldach mit Mittelrisalit, backsteinsichtige Fassaden mit aufwändiger historistischer Putzgliederung";"Geschichtlich, Städtebaulich";"gesamtes Objekt";"https://opendata.schleswig-holstein.de/data/denkmalpflege/fotos/8662.jpg"
3576;"Bauliche Anlage";"Kreis Hzgt. Lauenburg";"Ratzeburg, Stadt";"Domhof 11 - 12";"Herrenhaus";"Herrenhaus; 1764-66; erbaut als Residenzschloss der Herzöge von Mecklenburg-Strelitz, zweigeschossiger Backsteinbau unter hohem Walmdach, an den Langseiten je ein dreiachsiger Mittelrisalit";"Geschichtlich, Städtebaulich";"gesamtes Objekt";"https://opendata.schleswig-holstein.de/data/denkmalpflege/fotos/3576.jpg"
11361;"Bauliche Anlage";"Kreis Hzgt. Lauenburg";"Ratzeburg, Stadt";"Domhof 12";"südliches Nebengebäude";"südliches Nebengebäude; 1764-66; eingeschossiger, backsteinsichtiger Mauerwerksbau unter Walmdach, durch Flügelmauer mit dem Herrenhaus verbunden";"Geschichtlich, Städtebaulich";"gesamtes Objekt";"https://opendata.schleswig-holstein.de/data/denkmalpflege/fotos/11361.jpg"
11360;"Bauliche Anlage";"Kreis Hzgt. Lauenburg";"Ratzeburg, Stadt";"Domhof 13";"nördliches Nebengebäude";"nördliches Nebengebäude; 1764-66; eingeschossiger, backsteinsichtiger Mauerwerksbau unter Walmdach, durch Flügelmauer mit dem Herrenhaus verbunden";"Geschichtlich, Städtebaulich";"gesamtes Objekt";"https://opendata.schleswig-holstein.de/data/denkmalpflege/fotos/11360.jpg"
3577;"Bauliche Anlage";"Kreis Hzgt. Lauenburg";"Ratzeburg, Stadt";"Domhof 14";"Alte Kaplanei (Organistenhaus)";"Alteintragung (Aktualisierung vorgesehen)";"Geschichtlich, Städtebaulich";"gesamtes Äußeres, ehem. Stallgebäude";"https://opendata.schleswig-holstein.de/data/denkmalpflege/fotos/3577.jpg"
3578;"Bauliche Anlage";"Kreis Hzgt. Lauenburg";"Ratzeburg, Stadt";"Domhof 15";"ehem. Hospital (Wohnhaus)";"Alteintragung (Aktualisierung vorgesehen)";"Geschichtlich, Städtebaulich";"gesamtes Äußeres";"https://opendata.schleswig-holstein.de/data/denkmalpflege/fotos/3578.jpg"
29330;"Bauliche Anlage";"Kreis Hzgt. Lauenburg";"Ratzeburg, Stadt";"Domhof 17";"Wohnhaus Höfer";"Wohnhaus Höfer; 1934, Architekt Fritz Basedow; eingeschossiger, backsteinsichtiger Mauerwerksbau unter Mansardwalmdach; mit weitläufigem Hausgarten nach Entwurf des Gartenarchitekten Harry Massz";"Geschichtlich, Städtebaulich";"Wohnhaus Höfer, Hausgarten";"https://opendata.schleswig-holstein.de/data/denkmalpflege/fotos/29330.jpg"
2009;"Bauliche Anlage";"Kreis Hzgt. Lauenburg";"Ratzeburg, Stadt";"Domhof 18";"Ratzeburger Dom mit Ausstattung";"Alteintragung (Aktualisierung vorgesehen)";"Geschichtlich, Künstlerisch, Städtebaulich";"Ratzeburger Dom mit Ausstattung, Domkloster";"https://opendata.schleswig-holstein.de/data/denkmalpflege/fotos/2009.jpg"
2669;"Bauliche Anlage";"Kreis Hzgt. Lauenburg";"Ratzeburg, Stadt";"Domhof 24";"Wohnhaus";"Alteintragung (Aktualisierung vorgesehen)";"";"Alteintragung (Aktualisierung vorgesehen)";"https://opendata.schleswig-holstein.de/data/denkmalpflege/fotos/2669.jpg"
3579;"Bauliche Anlage";"Kreis Hzgt. Lauenburg";"Ratzeburg, Stadt";"Domhof 27";"Wohnhaus";"Alteintragung (Aktualisierung vorgesehen)";"Geschichtlich, Künstlerisch, Städtebaulich";"gesamtes Äußeres";"https://opendata.schleswig-holstein.de/data/denkmalpflege/fotos/3579.jpg"
3580;"Bauliche Anlage";"Kreis Hzgt. Lauenburg";"Ratzeburg, Stadt";"Domhof 28";"Alte Probstei";"Alte Probstei; 1694-95; zweigeschossiges Fachwerktraufenhaus mit Walmdach";"Geschichtlich, Städtebaulich, Wissenschaftlich";"gesamtes Objekt";"https://opendata.schleswig-holstein.de/data/denkmalpflege/fotos/3580.jpg"
3581;"Bauliche Anlage";"Kreis Hzgt. Lauenburg";"Ratzeburg, Stadt";"Domhof 30";"Wohnhaus (Steintor)";"Alteintragung (Aktualisierung vorgesehen)";"";"Alteintragung (Aktualisierung vorgesehen)";"https://opendata.schleswig-holstein.de/data/denkmalpflege/fotos/3581.jpg"
3582;"Bauliche Anlage";"Kreis Hzgt. Lauenburg";"Ratzeburg, Stadt";"Domhof 31";"Wohnhaus (ehem. Bischofsherberge)";"Alteintragung (Aktualisierung vorgesehen)";"";"Alteintragung (Aktualisierung vorgesehen)";"https://opendata.schleswig-holstein.de/data/denkmalpflege/fotos/3582.jpg"
3583;"Bauliche Anlage";"Kreis Hzgt. Lauenburg";"Ratzeburg, Stadt";"Domhof 32";"Wohnhaus";"Alteintragung (Aktualisierung vorgesehen)";"Geschichtlich, Städtebaulich";"gesamtes Äußeres";"https://opendata.schleswig-holstein.de/data/denkmalpflege/fotos/3583.jpg"
3584;"Bauliche Anlage";"Kreis Hzgt. Lauenburg";"Ratzeburg, Stadt";"Domhof 33";"Wohnhaus";"Alteintragung (Aktualisierung vorgesehen)";"Geschichtlich, Städtebaulich";"gesamtes Äußeres";"https://opendata.schleswig-holstein.de/data/denkmalpflege/fotos/3584.jpg"
36516;"Bauliche Anlage";"Kreis Hzgt. Lauenburg";"Ratzeburg, Stadt";"Domhof 34";"Wohnhaus";"Wohnhaus; Anfang 20. Jh.; zweigeschossiger Putzbau mit Backsteinsockel und schiefergedecktem Kurzwalmdach, Mittelrisalit mit Standerker und Zwerchhaus mit hölzernem Balkon und steilem Halbwalmdach, akzentuierte Backsteingliederung durch Geschossfriese und Fenstereinfassungen";"Geschichtlich, Städtebaulich";"gesamtes Objekt";"https://opendata.schleswig-holstein.de/data/denkmalpflege/fotos/36516.jpg"
3585;"Bauliche Anlage";"Kreis Hzgt. Lauenburg";"Ratzeburg, Stadt";"Domhof 40";"ehem. Direktorenhaus (Domschule)";"Alteintragung (Aktualisierung vorgesehen)";"Geschichtlich, Städtebaulich";"ehem. Direktorenhaus (Domschule), ehem. Stallgebäude";"https://opendata.schleswig-holstein.de/data/denkmalpflege/fotos/3585.jpg"
3586;"Bauliche Anlage";"Kreis Hzgt. Lauenburg";"Ratzeburg, Stadt";"Domhof 41";"sog. Domkaserne Haus Mecklenburg";"Alteintragung (Aktualisierung vorgesehen)";"Geschichtlich, Städtebaulich";"gesamtes Äußeres, ";"https://opendata.schleswig-holstein.de/data/denkmalpflege/fotos/3586.jpg"
3587;"Bauliche Anlage";"Kreis Hzgt. Lauenburg";"Ratzeburg, Stadt";"Domhof 42";"ehem. Pfarrwitwenhaus";"Alteintragung (Aktualisierung vorgesehen)";"";"Alteintragung (Aktualisierung vorgesehen)";"https://opendata.schleswig-holstein.de/data/denkmalpflege/fotos/3587.jpg"
6333;"Bauliche Anlage";"Kreis Hzgt. Lauenburg";"Ratzeburg, Stadt";"Domhof 44";"Wohnhaus";"Alteintragung (Aktualisierung vorgesehen)";"";"Alteintragung (Aktualisierung vorgesehen)";"https://opendata.schleswig-holstein.de/data/denkmalpflege/fotos/6333.jpg"
6305;"Bauliche Anlage";"Kreis Hzgt. Lauenburg";"Ratzeburg, Stadt";"Domhof 46";"Wohnhaus";"Alteintragung (Aktualisierung vorgesehen)";"";"Alteintragung (Aktualisierung vorgesehen)";"https://opendata.schleswig-holstein.de/data/denkmalpflege/fotos/6305.jpg"
6410;"Bauliche Anlage";"Kreis Hzgt. Lauenburg";"Ratzeburg, Stadt";"Domhof 48";"Haus Am Heinrichstein";"Alteintragung (Aktualisierung vorgesehen)";"";"Alteintragung (Aktualisierung vorgesehen)";"https://opendata.schleswig-holstein.de/data/denkmalpflege/fotos/6410.jpg"
6334;"Bauliche Anlage";"Kreis Hzgt. Lauenburg";"Ratzeburg, Stadt";"Domstraße 12";"Wohn- und Geschäftshaus";"Alteintragung (Aktualisierung vorgesehen)";"Geschichtlich, Städtebaulich";"gesamtes Objekt";"https://opendata.schleswig-holstein.de/data/denkmalpflege/fotos/6334.jpg"
26635;"Bauliche Anlage";"Kreis Hzgt. Lauenburg";"Ratzeburg, Stadt";"Domstraße 24";"Wohnhaus";"Wohnhaus; erste Hälfte 19. Jh.; zweigeschossiger, giebelständiger Mauerwerksbau mit ausgebautem Satteldach, Straßenfassade mit gemauerten Gliederungselementen in zeittypischer Formensprache";"Geschichtlich, Städtebaulich";"gesamtes Objekt";"https://opendata.schleswig-holstein.de/data/denkmalpflege/fotos/26635.jpg"
23291;"Bauliche Anlage";"Kreis Hzgt. Lauenburg";"Ratzeburg, Stadt";"Domstraße 27";"Wohn- und Geschäftshaus";"Wohn- und Geschäftshaus; 19. Jh.; zweigeschossiger Fachwerkbau mit Putzfassade, traufständig, Satteldach mit breiter Mittelzwerchhaus";"Geschichtlich, Städtebaulich";"gesamtes Objekt";"https://opendata.schleswig-holstein.de/data/denkmalpflege/fotos/23291.jpg"
36833;"Bauliche Anlage";"Kreis Hzgt. Lauenburg";"Ratzeburg, Stadt";"Dorotheenhof 1";"Haupthaus";"Haupthaus; 1902/03; eingeschossiger, traufständiger Mauerwerksbau unter Schopfwalmdach, verputzte Fassaden mit detailreichem Bauschmuck in zeittypischer Formensprache";"Geschichtlich, Kulturlandschaftlich";"gesamtes Objekt";"https://opendata.schleswig-holstein.de/data/denkmalpflege/fotos/36833.jpg"
3589;"Bauliche Anlage";"Kreis Hzgt. Lauenburg";"Ratzeburg, Stadt";"Fünfhausen 1";"Amtsverwaltung";"Alteintragung (Aktualisierung vorgesehen)";"Geschichtlich, Städtebaulich";"gesamtes Äußeres";"https://opendata.schleswig-holstein.de/data/denkmalpflege/fotos/3589.jpg"
6329;"Bauliche Anlage";"Kreis Hzgt. Lauenburg";"Ratzeburg, Stadt";"Gr.Kreuzstraße 9";"Wohnhaus";"Alteintragung (Aktualisierung vorgesehen)";"";"Alteintragung (Aktualisierung vorgesehen)";"https://opendata.schleswig-holstein.de/data/denkmalpflege/fotos/6329.jpg"
10881;"Bauliche Anlage";"Kreis Hzgt. Lauenburg";"Ratzeburg, Stadt";"Gr.Kreuzstraße 9";"Nebengebäude";"Alteintragung (Aktualisierung vorgesehen)";"";"Alteintragung (Aktualisierung vorgesehen)";""
28612;"Bauliche Anlage";"Kreis Hzgt. Lauenburg";"Ratzeburg, Stadt";"Gr.Kreuzstraße 10";"ehem. Hotel Fürst Bismarck";"ehem. Hotel ?Fürst Bismarck?; im Kern 1686; zweigeschossiger Fachwerkbau mit nachträglich aufgemauerter, zum Teil verputzter Giebelfassade in historistischen bzw. spätklassizistischen Formen";"Geschichtlich, Städtebaulich";"gesamtes Objekt";"https://opendata.schleswig-holstein.de/data/denkmalpflege/fotos/28612.jpg"
6319;"Bauliche Anlage";"Kreis Hzgt. Lauenburg";"Ratzeburg, Stadt";"Gr. Wallstraße 2";"Geschäftshaus";"Alteintragung (Aktualisierung vorgesehen)";"Geschichtlich, Städtebaulich";"gesamtes Objekt";"https://opendata.schleswig-holstein.de/data/denkmalpflege/fotos/6319.jpg"
36692;"Bauliche Anlage";"Kreis Hzgt. Lauenburg";"Ratzeburg, Stadt";"Gr. Wallstraße 5";"Wohn- und Geschäftshaus";"Wohn- und Geschäftshaus; um 1900; dreigeschossiger, traufständiger Mauerwerksbau unter Satteldach, die Straßenfassade im Erdgeschoss vermutlich in der ersten Hälfte des 20. Jh. umgestaltet";"Geschichtlich, Städtebaulich";"gesamtes Objekt";"https://opendata.schleswig-holstein.de/data/denkmalpflege/fotos/36692.jpg"
23293;"Bauliche Anlage";"Kreis Hzgt. Lauenburg";"Ratzeburg, Stadt";"Gr. Wallstraße 12";"Wohn- und Geschäftshaus";"Wohnhaus; vermutl. 18. Jh.; eingeschossiger, giebelständiger Fachwerkbau mit Mauerwerksausfachung unter Schopfwalmdach";"Geschichtlich, Städtebaulich";"gesamtes Objekt";"https://opendata.schleswig-holstein.de/data/denkmalpflege/fotos/23293.jpg"
36806;"Bauliche Anlage";"Kreis Hzgt. Lauenburg";"Ratzeburg, Stadt";"Heinrich-Scheele-Straße 1";"Freiplastik Balance";"Freiplastik 'Balance'; 1957, Bildhauer Karlheinz Goedtke; lebensgroße Steinguss-Plastik, situiert auf dem Gelände der Gemeinschaftsschule Lauenburgische Seen";"Geschichtlich, Künstlerisch, Städtebaulich";"gesamtes Objekt";"https://opendata.schleswig-holstein.de/data/denkmalpflege/fotos/36806.jpg"
3590;"Bauliche Anlage";"Kreis Hzgt. Lauenburg";"Ratzeburg, Stadt";"Herrenstraße 9";"Katasteramt";"Alteintragung (Aktualisierung vorgesehen)";"";"Alteintragung (Aktualisierung vorgesehen)";"https://opendata.schleswig-holstein.de/data/denkmalpflege/fotos/3590.jpg"
13562;"Bauliche Anlage";"Kreis Hzgt. Lauenburg";"Ratzeburg, Stadt";"Herrenstraße 11";"Amtsgericht";"Amtsgericht; um 1900; zweigeschossiger Backsteinbau in neugotischen Formen auf winkelförmigem Grundriss mit Walmdächern, Eingangsfront mit Freitreppe und übergiebeltem Risalit, seitlich Treppenturm mit polygonaler Haube, Seitengiebel ehemals mit Staffelgiebel, heute vereinfacht, rückwärtige Backsteinmauer mit bekrönten Pfeilern";"Geschichtlich, Städtebaulich";"Amtsgericht, Einfriedung";"https://opendata.schleswig-holstein.de/data/denkmalpflege/fotos/13562.jpg"
23294;"Bauliche Anlage";"Kreis Hzgt. Lauenburg";"Ratzeburg, Stadt";"Herrenstraße 12";"Postamt";"Postamt; 1911-13; zweigeschossiger, traufständiger Mauerwerksbau unter hohem Kurzwalmdach, repräsentative Fassadengestaltung im Stil des Historismus, prominente Ecklage";"Geschichtlich, Städtebaulich";"gesamtes Objekt";"https://opendata.schleswig-holstein.de/data/denkmalpflege/fotos/23294.jpg"
23295;"Bauliche Anlage";"Kreis Hzgt. Lauenburg";"Ratzeburg, Stadt";"Herrenstraße 20 - 22";"Wohn- und Geschäftshaus";"Wohn- und Geschäftshaus; 1926-27; Doppelhaus bestehend aus zwei zweigeschossigen Gebäudeteilen und einem Zwischenbau, backsteinsichtige Fassaden mit expressionistischen Details";"Geschichtlich, Städtebaulich";"gesamtes Objekt";"https://opendata.schleswig-holstein.de/data/denkmalpflege/fotos/23295.jpg"
2632;"Bauliche Anlage";"Kreis Hzgt. Lauenburg";"Ratzeburg, Stadt";"Hindenburghöhe 9";"Wasserturm";"Alteintragung (Aktualisierung vorgesehen)";"Geschichtlich, Künstlerisch, Städtebaulich";"gesamtes Objekt";"https://opendata.schleswig-holstein.de/data/denkmalpflege/fotos/2632.jpg"
32163;"Bauliche Anlage";"Kreis Hzgt. Lauenburg";"Ratzeburg, Stadt";"Jägerdenkmal";"Denkmal Lauenburgisches Jägerbataillon";"Denkmal Lauenburgisches Jägerbataillon; 1921; schlanke Sandsteinstele mit plastisch gearbeitetem Pferdekopf als Denkmal für die im 1. Weltkrieg Gefallenen des Lauenburgischen Jägerbataillons Nr. 9";"Geschichtlich, Künstlerisch, Städtebaulich";"gesamtes Objekt";"https://opendata.schleswig-holstein.de/data/denkmalpflege/fotos/32163.jpg"
6328;"Bauliche Anlage";"Kreis Hzgt. Lauenburg";"Ratzeburg, Stadt";"Junkernstraße 5";"Wohnhaus";"Alteintragung (Aktualisierung vorgesehen)";"";"Alteintragung (Aktualisierung vorgesehen)";"https://opendata.schleswig-holstein.de/data/denkmalpflege/fotos/6328.jpg"
8157;"Bauliche Anlage";"Kreis Hzgt. Lauenburg";"Ratzeburg, Stadt";"Junkernstraße 7";"Wohnhaus";"Wohnhaus; um 1900; zweigeschossiger Mauerwerksbau unter Mansardgiebeldach mit bauzeitlichen Gauben und Zwerchhaus, Straßenfassade mit detailreicher, vom Jugendstil geprägter Putzornamentik";"Geschichtlich, Städtebaulich";"gesamtes Objekt";"https://opendata.schleswig-holstein.de/data/denkmalpflege/fotos/8157.jpg"
23298;"Bauliche Anlage";"Kreis Hzgt. Lauenburg";"Ratzeburg, Stadt";"Kl.Kreuzstraße 3";"Wohnhaus";"Wohnhaus; 19. Jh.; zweigeschossiger, traufständiger Fachwerkbau mit Mauerwerksausfachung unter Satteldach, straßenseitig vorgeblendete Backsteinfassade";"Geschichtlich, Städtebaulich";"gesamtes Objekt";"https://opendata.schleswig-holstein.de/data/denkmalpflege/fotos/23298.jpg"
6330;"Bauliche Anlage";"Kreis Hzgt. Lauenburg";"Ratzeburg, Stadt";"Kl.Kreuzstraße 13";"Wohnhaus";"Wohnhaus; vermutlich 2. Hälfte 18. Jh.; zweigeschossiger, traufständiger Fachwerkbau unter Satteldach, straßenseitig gemauerte Erdgeschossfassade, ehem. Nebengebäude des Grundstücks Schmiedestraße 6-8";"Geschichtlich, Städtebaulich";"gesamtes Objekt";"https://opendata.schleswig-holstein.de/data/denkmalpflege/fotos/6330.jpg"
2039;"Bauliche Anlage";"Kreis Hzgt. Lauenburg";"Ratzeburg, Stadt";"Kl.Kreuzstraße 15";"Wohnhaus";"Wohnhaus; 1781; eingeschossiger, traufständiger Fachwerkbau mit Mauerwerksausfachung unter Satteldach, straßenseitig aufgemauerte Fassade mit Zwerchhaus; mit Nebengebäude";"Geschichtlich, Städtebaulich";"Wohnhaus, Nebengebäude";"https://opendata.schleswig-holstein.de/data/denkmalpflege/fotos/2039.jpg"
3588;"Bauliche Anlage";"Kreis Hzgt. Lauenburg";"Ratzeburg, Stadt";"Kl.Kreuzstraße";"Graf-Heinrich-Stein";"Alteintragung (Aktualisierung vorgesehen)";"";"Alteintragung (Aktualisierung vorgesehen)";"https://opendata.schleswig-holstein.de/data/denkmalpflege/fotos/3588.jpg"
28613;"Bauliche Anlage";"Kreis Hzgt. Lauenburg";"Ratzeburg, Stadt";"Klopstockweg 38";"Wasserturm";"Wasserturm; 1927; mehr als 12 m hoher, backsteinsichtiger Baukörper auf oktogonalem Grundriss, charakteristische konische Kubatur mit stufenartig zurückspringenden Geschossen";"Geschichtlich, Städtebaulich, Technisch";"gesamtes Objekt";"https://opendata.schleswig-holstein.de/data/denkmalpflege/fotos/28613.jpg"
23300;"Bauliche Anlage";"Kreis Hzgt. Lauenburg";"Ratzeburg, Stadt";"Königsdamm 1";"Wohnhaus";"Wohnhaus; 1910; eingeschossiger, traufständiger Backsteinbau unter Mansarddach, straßenseitiges Zwerchhaus mit Schweifgiebel, exponierte Lage am westlichen Ende des Königsdamms; mit Nebengebäude";"Geschichtlich, Städtebaulich";"Wohnhaus, Nebengebäude";""
36518;"Bauliche Anlage";"Kreis Hzgt. Lauenburg";"Ratzeburg, Stadt";"Langenbrücker Straße 4";"Wohn- und Geschäftshaus";"Wohn- und Geschäftshaus; Mitte 19. Jh.; zweigeschossiger Mauerwerksbau unter Satteldach mit Zwerchhaus, Straßenfassade Anfang 20. Jh. in der Formensprache des Jugendstils umgestaltet";"Geschichtlich, Städtebaulich";"gesamtes Objekt";"https://opendata.schleswig-holstein.de/data/denkmalpflege/fotos/36518.jpg"
6336;"Bauliche Anlage";"Kreis Hzgt. Lauenburg";"Ratzeburg, Stadt";"Langenbrücker Straße 6";"Geschäftshaus";"Alteintragung (Aktualisierung vorgesehen)";"Geschichtlich, Städtebaulich";"gesamtes Objekt";"https://opendata.schleswig-holstein.de/data/denkmalpflege/fotos/6336.jpg"
6310;"Bauliche Anlage";"Kreis Hzgt. Lauenburg";"Ratzeburg, Stadt";"Langenbrücker Straße 17";"Altes Brückenzollhaus";"Alteintragung (Aktualisierung vorgesehen)";"Geschichtlich, Städtebaulich";"gesamtes Objekt";"https://opendata.schleswig-holstein.de/data/denkmalpflege/fotos/6310.jpg"
22773;"Bauliche Anlage";"Kreis Hzgt. Lauenburg";"Ratzeburg, Stadt";"Langenbrücker Straße 18 - 20";"Wohnhaus";"Wohnhaus; Ende 19. Jh.; zweigeschossiger, traufständiger Backsteinbau unter Satteldach, Doppelhaus in exponierter Ecklage";"Geschichtlich, Städtebaulich";"gesamtes Objekt";"https://opendata.schleswig-holstein.de/data/denkmalpflege/fotos/22773.jpg"
4348;"Bauliche Anlage";"Kreis Hzgt. Lauenburg";"Ratzeburg, Stadt";"Lübecker Straße 13";"Wohnhaus";"Wohnhaus; 1822; eingeschossiger, traufständiger Fachwerkbau mit Mauerwerksausfachungen unter Satteldach, um 1900 Dachausbau zu Wohnzwecken mit breiter Schleppgaube an der Straßenfront";"Geschichtlich, Städtebaulich";"gesamtes Objekt";""
36743;"Bauliche Anlage";"Kreis Hzgt. Lauenburg";"Ratzeburg, Stadt";"Lübecker Straße 19";"Wohnhaus";"Wohnhaus; 1910 (inschriftlich); eingeschossiger, backsteinsichtiger Mauerwerksbau unter Mansarddach, Baudekor nimmt Bezug auf regionale Fachwerkarchitektur; mit Einfriedung";"Geschichtlich, Städtebaulich";"Wohnhaus, Einfriedung";"https://opendata.schleswig-holstein.de/data/denkmalpflege/fotos/36743.jpg"
2834;"Bauliche Anlage";"Kreis Hzgt. Lauenburg";"Ratzeburg, Stadt";"Lübecker Straße 25";"Wohnhaus";"Wohnhaus; 1911; eingeschossiger, backsteinsichtiger Mauerwerksbau unter Mansarddach, mit Anklängen an Reformstil und Heimatschutzarchitektur gestaltet";"Geschichtlich, Städtebaulich";"gesamtes Objekt";"https://opendata.schleswig-holstein.de/data/denkmalpflege/fotos/2834.jpg"
36747;"Bauliche Anlage";"Kreis Hzgt. Lauenburg";"Ratzeburg, Stadt";"Lübecker Straße 35";"Wohnhaus";"Wohnhaus; 1902 (inschriftlich); eingeschossiger, giebelständiger Putzbau unter Kurzwalmdach, repräsentative ?Villa Waldfriede? mit verglaster Veranda und großzügigem Balkon; mit Einfriedung";"Geschichtlich, Städtebaulich";"Wohnhaus, Einfriedung";"https://opendata.schleswig-holstein.de/data/denkmalpflege/fotos/36747.jpg"
30488;"Bauliche Anlage";"Kreis Hzgt. Lauenburg";"Ratzeburg, Stadt";"Mechower Straße 79";"Wohnhaus Gärtnerei Picker";"Wohnhaus Gärtnerei Picker; 1920-22, Architektengemeinschaft Carl Arp und Fritz Basedow; eingeschossiger Backsteinbau, mit Anklängen an Reformstil und Heimatschutzarchitektur gestaltet";"Geschichtlich, Kulturlandschaftlich, Städtebaulich";"gesamtes Objekt";"https://opendata.schleswig-holstein.de/data/denkmalpflege/fotos/30488.jpg"
36751;"Bauliche Anlage";"Kreis Hzgt. Lauenburg";"Ratzeburg, Stadt";"Möllner Straße 11";"Wohnhaus";"Wohnhaus, 1930er Jahre; eingeschossiger, kubischer Mauerwerksbau unter hohem Mansarddach mit Schopfwalm, einfach gegliedertes, dabei aber im Detail qualitätvoll gestaltetes Bauwerk";"Geschichtlich, Städtebaulich";"gesamtes Objekt";"https://opendata.schleswig-holstein.de/data/denkmalpflege/fotos/36751.jpg"
36754;"Bauliche Anlage";"Kreis Hzgt. Lauenburg";"Ratzeburg, Stadt";"Möllner Straße 21";"Villa Bertha";"Villa Bertha; um 1900; am Hang gelegener, historistischer Putzbau unter Satteldach, an der Nordseite anschließender Querflügel mit Erker und Balkon, im Giebel Freigespärre; mit Einfriedung";"Geschichtlich, Städtebaulich";"Villa Bertha, Einfriedung";"https://opendata.schleswig-holstein.de/data/denkmalpflege/fotos/36754.jpg"
22859;"Bauliche Anlage";"Kreis Hzgt. Lauenburg";"Ratzeburg, Stadt";"Möllner Straße 27";"Wohnhaus";"Wohnhaus; um 1900; zweigeschossiger Putzbau in Hanglage, Mansarddach mit drei Gauben, seeseitig dreigeschossig, Fassade schlicht gebändert, an Nordseite zinnenbesetzter Turm, umlaufende Einfriedungsmauer und schmiedeeisernes Tor";"Geschichtlich, Städtebaulich";"gesamtes Äußeres, Einfriedung";"https://opendata.schleswig-holstein.de/data/denkmalpflege/fotos/22859.jpg"
23315;"Bauliche Anlage";"Kreis Hzgt. Lauenburg";"Ratzeburg, Stadt";"Neuvorwerk 1";"Pächterwohnhaus";"Pächterwohnhaus; 1826; eingeschossiger Backsteinbau auf hohem Bruchsteinsockel mit pfannengedecktem Halbwalmdach, rückwärtig Zopfstilhaustür in Zweitverwendung von 1702";"Geschichtlich, Kulturlandschaftlich";"gesamtes Objekt";"https://opendata.schleswig-holstein.de/data/denkmalpflege/fotos/23315.jpg"
11288;"Bauliche Anlage";"Kreis Hzgt. Lauenburg";"Ratzeburg, Stadt";"Oelmannsallee 9";"Wohnhaus";"Wohnhaus; 1928, Architekturbüro Carl Arp und Fritz Basedow; eingeschossiger, kubischer Mauerwerksbau unter Schopfwalmdach, backsteinsichtige Fassaden mit expressionistischen Details";"Geschichtlich, Städtebaulich";"Wohnhaus, Pergola und Einfriedung";"https://opendata.schleswig-holstein.de/data/denkmalpflege/fotos/11288.jpg"
36687;"Bauliche Anlage";"Kreis Hzgt. Lauenburg";"Ratzeburg, Stadt";"Promenade";"Bootshaus der Lauenburgischen Gelehrtenschule";"Bootshaus der Lauenburgischen Gelehrtenschule; 1896; eingeschossiger Holzbau mit reetgedecktem Satteldach, geschichtlich eng verbunden mit dem renommierten Ratzeburger Rudertrainer Karl Adam";"Geschichtlich, Städtebaulich";"gesamtes Objekt";"https://opendata.schleswig-holstein.de/data/denkmalpflege/fotos/36687.jpg"
3594;"Bauliche Anlage";"Kreis Hzgt. Lauenburg";"Ratzeburg, Stadt";"Rathausstraße 10";"Wohnhaus (südl. Gebäudeteil)";"Alteintragung (Aktualisierung vorgesehen)";"Geschichtlich, Städtebaulich";"gesamtes Äußeres";"https://opendata.schleswig-holstein.de/data/denkmalpflege/fotos/3594.jpg"
9595;"Bauliche Anlage";"Kreis Hzgt. Lauenburg";"Ratzeburg, Stadt";"Röpersberg 20";"Villa";"Alteintragung (Aktualisierung vorgesehen)";"";"Alteintragung (Aktualisierung vorgesehen)";"https://opendata.schleswig-holstein.de/data/denkmalpflege/fotos/9595.jpg"
10965;"Bauliche Anlage";"Kreis Hzgt. Lauenburg";"Ratzeburg, Stadt";"Röpersberg";"Ehrenmal für die Gefallenen des Ersten Weltkrieges";"Alteintragung (Aktualisierung vorgesehen)";"Geschichtlich, Künstlerisch, Städtebaulich";"Alteintragung (Aktualisierung vorgesehen)";"https://opendata.schleswig-holstein.de/data/denkmalpflege/fotos/10965.jpg"
36731;"Bauliche Anlage";"Kreis Hzgt. Lauenburg";"Ratzeburg, Stadt";"Röpersberg";"Straßenbrücke";"Straßenbrücke; 1907/08; gemauerte, backsteinsichtige Brücke, die mit drei Bögen und zwei sich nach oben leicht verjüngenden Pfeilern die ehemalige Ratzeburger Kleinbahntrasse überquert";"Geschichtlich, Städtebaulich, Technisch";"gesamtes Objekt";"https://opendata.schleswig-holstein.de/data/denkmalpflege/fotos/36731.jpg"
36713;"Bauliche Anlage";"Kreis Hzgt. Lauenburg";"Ratzeburg, Stadt";"Schloßwiese 3";"Badeanstalt";"Badeanstalt; 1938-39; langgestreckter, eingeschossiger Mauerwerksbau im Heimatschutzstil mit reetgedecktem Satteldach, auf leicht geschwungenem, u-förmigem Grundriss mit kurzen Seitenflügeln";"Geschichtlich, Städtebaulich";"gesamtes Objekt";"https://opendata.schleswig-holstein.de/data/denkmalpflege/fotos/36713.jpg"
3595;"Bauliche Anlage";"Kreis Hzgt. Lauenburg";"Ratzeburg, Stadt";"Schmiedestraße 1";"Wohnhaus";"Wohnhaus; 18. Jh.; eingeschossiger, traufständiger Fachwerkbau unter Satteldach, langgestreckte, neunachsige Straßenfront mit Oberlichttür in der Formensprache des Zopfstils";"Geschichtlich, Städtebaulich";"gesamtes Äußeres";"https://opendata.schleswig-holstein.de/data/denkmalpflege/fotos/3595.jpg"
6331;"Bauliche Anlage";"Kreis Hzgt. Lauenburg";"Ratzeburg, Stadt";"Schmiedestraße 2";"Wohnhaus";"Wohnhaus; vermutlich 18. Jh.; eingeschossiger, traufständiger Fachwerkbau mit Mauerwerksausfachung unter Schopfwalmdach, straßenseitig aufgemauerte Fassade";"Geschichtlich, Städtebaulich";"gesamtes Objekt";"https://opendata.schleswig-holstein.de/data/denkmalpflege/fotos/6331.jpg"
8821;"Bauliche Anlage";"Kreis Hzgt. Lauenburg";"Ratzeburg, Stadt";"Schmiedestraße 6";"Wohnhaus";"Wohnhaus; erste Hälfte 18. Jh.; eingeschossiger, traufständiger Fachwerkbau mit Mauerwerksausfachung unter Satteldach, straßenseitig zweiachsiges Zwerchhaus";"Geschichtlich, Städtebaulich";"gesamtes Objekt";"https://opendata.schleswig-holstein.de/data/denkmalpflege/fotos/8821.jpg"
6332;"Bauliche Anlage";"Kreis Hzgt. Lauenburg";"Ratzeburg, Stadt";"Schmiedestraße 8";"Wohnhaus";"Wohnhaus; um 1702; eingeschossiger, traufständiger Fachwerkbau mit Mauerwerksausfachung unter Satteldach, straßenseitig zweiachsiges Zwerchhaus";"Geschichtlich, Städtebaulich";"gesamtes Objekt";"https://opendata.schleswig-holstein.de/data/denkmalpflege/fotos/6332.jpg"
2075;"Bauliche Anlage";"Kreis Hzgt. Lauenburg";"Ratzeburg, Stadt";"Schrangenstraße 3";"Herberge zur Heimat";"Alteintragung (Aktualisierung vorgesehen)";"";"Alteintragung (Aktualisierung vorgesehen)";"https://opendata.schleswig-holstein.de/data/denkmalpflege/fotos/2075.jpg"
36825;"Bauliche Anlage";"Kreis Hzgt. Lauenburg";"Ratzeburg, Stadt";"Schweriner Straße 7";"Wohnhaus";"Wohnhaus; nach 1884, Maurermeister Bartels; eingeschossiger, traufständiger Backsteinbau mit pfannengedecktem Satteldach mit Zwerchgiebel, aufwändige Putzgliederung im Stil des Historismus; rückwärtiges Wirtschaftsgebäude";"Geschichtlich, Künstlerisch, Städtebaulich";"Wohnhaus, Wirtschaftsgebäude";"https://opendata.schleswig-holstein.de/data/denkmalpflege/fotos/36825.jpg"
31030;"Bauliche Anlage";"Kreis Hzgt. Lauenburg";"Ratzeburg, Stadt";"Seedorfer Straße 7";"Friedhofskapelle";"Friedhofskapelle; 1963, Architekt Wilhelm Neveling; kompakter, backsteinsichtiger Baukörper auf quadratischem Grundriss unter bündig mit der Fassade abschließendem Satteldach mit Dachreiter";"Geschichtlich, Künstlerisch, Städtebaulich";"gesamtes Objekt";"https://opendata.schleswig-holstein.de/data/denkmalpflege/fotos/31030.jpg"
26524;"Bauliche Anlage";"Kreis Hzgt. Lauenburg";"Ratzeburg, Stadt";"Seekenkamp";"Ehrenmal für die Gefallenen beider Weltkriege";"Alteintragung (Aktualisierung vorgesehen)";"Geschichtlich, Künstlerisch";"Alteintragung (Aktualisierung vorgesehen)";"https://opendata.schleswig-holstein.de/data/denkmalpflege/fotos/26524.jpg"
36725;"Bauliche Anlage";"Kreis Hzgt. Lauenburg";"Ratzeburg, Stadt";"Seestraße 6";"ehem. Wohnhaus Ernst Barlach";"Wohnhaus; Ende 19. Jh.; ehem. Wohnhaus Ernst Barlachs, eingeschossiger Backsteinbau mit Satteldach, traufständig mit mittigem breiten Zwerchhaus und zeittypische Putzornamentik, Giebelseite holzverkleidet";"Geschichtlich, Städtebaulich";"gesamtes Objekt";"https://opendata.schleswig-holstein.de/data/denkmalpflege/fotos/36725.jpg"
22860;"Bauliche Anlage";"Kreis Hzgt. Lauenburg";"Ratzeburg, Stadt";"Seminarweg 1";"ehem. Lehrerseminar";"ehem. Lehrerseminar; 1896; dreigeschossiger, backsteinsichtiger Mauerwerksbau unter Schopfwalmdach, seitlicher Querbau mit Stufengiebeln, Gestaltung in neogotischer Formansprache";"Geschichtlich, Städtebaulich";"gesamtes Objekt";"https://opendata.schleswig-holstein.de/data/denkmalpflege/fotos/22860.jpg"
10183;"Bauliche Anlage";"Kreis Hzgt. Lauenburg";"Ratzeburg, Stadt";"Theaterplatz 1";"Burgtheater: Kino";"Alteintragung (Aktualisierung vorgesehen)";"";"Alteintragung (Aktualisierung vorgesehen)";"https://opendata.schleswig-holstein.de/data/denkmalpflege/fotos/10183.jpg"
23312;"Bauliche Anlage";"Kreis Hzgt. Lauenburg";"Ratzeburg, Stadt";"Töpferstraße 1";"Wohn- und Geschäftshaus";"Wohn- und Geschäftshaus; um 1900; dreigeschossiger, traufständiger Putzbau auf L-förmigem Grundriss unter Mansarddach, zeittypische Putzornamentik, historischer Gewölbekeller";"Geschichtlich, Städtebaulich";"gesamtes Objekt";"https://opendata.schleswig-holstein.de/data/denkmalpflege/fotos/23312.jpg"
9592;"Bauliche Anlage";"Kreis Hzgt. Lauenburg";"Ratzeburg, Stadt";"Töpferstraße 9";"Wohnhaus";"Alteintragung (Aktualisierung vorgesehen)";"Geschichtlich, Städtebaulich, Wissenschaftlich";"gesamtes Objekt";"https://opendata.schleswig-holstein.de/data/denkmalpflege/fotos/9592.jpg"
6335;"Bauliche Anlage";"Kreis Hzgt. Lauenburg";"Ratzeburg, Stadt";"Töpferstraße 10";"Stadtapotheke";"Alteintragung (Aktualisierung vorgesehen)";"";"Alteintragung (Aktualisierung vorgesehen)";"https://opendata.schleswig-holstein.de/data/denkmalpflege/fotos/6335.jpg"
6327;"Bauliche Anlage";"Kreis Hzgt. Lauenburg";"Ratzeburg, Stadt";"Töpferstraße 14";"Wohn- und Geschäftshaus";"Wohn- und Geschäftshaus; um 1760; zweigeschossiger, traufständiger Fachwerkbau mit verputzter Straßenfassade, überdeckt von einseitig abgewalmten Satteldach mit breitgelagerter Fledermausgaube";"Geschichtlich, Städtebaulich";"gesamtes Objekt";"https://opendata.schleswig-holstein.de/data/denkmalpflege/fotos/6327.jpg"
2631;"Bauliche Anlage";"Kreis Hzgt. Lauenburg";"Ratzeburg, Stadt";"Unter den Linden 1";"ehem. Turnhalle der Gelehrtenschule";"Alteintragung (Aktualisierung vorgesehen)";"Geschichtlich, Städtebaulich";"gesamtes Objekt";"https://opendata.schleswig-holstein.de/data/denkmalpflege/fotos/2631.jpg"
3597;"Bauliche Anlage";"Kreis Hzgt. Lauenburg";"Ratzeburg, Stadt";"Unter den Linden 1";"ehem. Gelehrtenschule";"Alteintragung (Aktualisierung vorgesehen)";"Geschichtlich, Städtebaulich";"Alteintragung (Aktualisierung vorgesehen)";"https://opendata.schleswig-holstein.de/data/denkmalpflege/fotos/3597.jpg"
36697;"Bauliche Anlage";"Kreis Hzgt. Lauenburg";"Ratzeburg, Stadt";"Unter den Linden u.a.";"Bronzeplastik Junger Weidehengst";"Bronzeplastik 'Junger Weidehengst'; 1962, Bildhauer Karlheinz Goedtke; lebensgroße Bronzeplastik auf einer am westlichen Rand der Stadtinsel gelegenen Grünfläche";"Geschichtlich, Künstlerisch, Städtebaulich";"gesamtes Objekt";"https://opendata.schleswig-holstein.de/data/denkmalpflege/fotos/36697.jpg"
23313;"Bauliche Anlage";"Kreis Hzgt. Lauenburg";"Ratzeburg, Stadt";"Wasserstraße 3";"Wohnhaus";"Wohnhaus; 19. Jh.; zweigeschossiger, traufständiger Fachwerkbau mit Mauerwerksausfachung unter Satteldach, straßenseitig vorgeblendete Backsteinfassade";"Geschichtlich, Städtebaulich";"gesamtes Objekt";"https://opendata.schleswig-holstein.de/data/denkmalpflege/fotos/23313.jpg"
6337;"Bauliche Anlage";"Kreis Hzgt. Lauenburg";"Ratzeburg, Stadt";"Wasserstraße 7";"Wohnhaus";"Alteintragung (Aktualisierung vorgesehen)";"";"Alteintragung (Aktualisierung vorgesehen)";"https://opendata.schleswig-holstein.de/data/denkmalpflege/fotos/6337.jpg"
3598;"Bauliche Anlage";"Kreis Hzgt. Lauenburg";"Ratzeburg, Stadt";"Wedenberg 11";"Wohnhaus";"Wohnhaus; 18./19. Jh.; eingeschossiges Fachwerk mit Kurzwalmdach, giebelständig in Hanglage";"Geschichtlich, Städtebaulich";"gesamtes Äußeres";"https://opendata.schleswig-holstein.de/data/denkmalpflege/fotos/3598.jpg"
3599;"Bauliche Anlage";"Kreis Hzgt. Lauenburg";"Ratzeburg, Stadt";"Wedenberg 13";"Altes Landratsamt";"Altes Landratsamt; 1862, C. Lohmeyer; stattliche auf den Ratzeburger See ausgerichtete Dreiflügelanlage, eingeschossiger Gelbsteinbau mit neugotischer Ornamentik, breite zweigeschossige Seitenrisalite und Mittelrisalit";"Geschichtlich, Städtebaulich";"gesamtes Objekt";"https://opendata.schleswig-holstein.de/data/denkmalpflege/fotos/3599.jpg"
3600;"Bauliche Anlage";"Kreis Hzgt. Lauenburg";"Ratzeburg, Stadt";"Wedenberg 15";"Wohn- und Wirtschaftsgebäude";"Wirtschaftsgebäude; 18./19. Jahrhundert; langgestreckter, auf der abfallenden Hangseite auf einer Feldsteinstützwand stehender eingeschossiger Fachwerkbau mit Halbwalmdach; nachträgliche Wohnnutzung im  Westteil";"Geschichtlich, Städtebaulich";"gesamtes Äußeres";"https://opendata.schleswig-holstein.de/data/denkmalpflege/fotos/3600.jpg"
2434;"Bauliche Anlage";"Kreis Hzgt. Lauenburg";"Ratzeburg, Stadt";"Wedenberg";"Pflasterstraße und Stützmauern";"Alteintragung (Aktualisierung vorgesehen)";"Geschichtlich, Städtebaulich";"Alteintragung (Aktualisierung vorgesehen)";"https://opendata.schleswig-holstein.de/data/denkmalpflege/fotos/2434.jpg"
2666;"Bauliche Anlage";"Kreis Hzgt. Lauenburg";"Ratzeburg, Stadt";"Wedenberg";"Treppe am St. Georgsberg";"Alteintragung (Aktualisierung vorgesehen)";"Geschichtlich, Städtebaulich";"Alteintragung (Aktualisierung vorgesehen)";"https://opendata.schleswig-holstein.de/data/denkmalpflege/fotos/2666.jpg"
3591;"Bauliche Anlage";"Kreis Hzgt. Lauenburg";"Ratzeburg, Stadt";"Wedenberg";"Kirche St. Georg auf dem Berge mit Ausstattung";"Alteintragung (Aktualisierung vorgesehen)";"Geschichtlich, Künstlerisch, Städtebaulich";"gesamtes Objekt";"https://opendata.schleswig-holstein.de/data/denkmalpflege/fotos/3591.jpg"
31876;"Teil einer baulichen Anlage";"Kreis Hzgt. Lauenburg";"Ratzeburg, Stadt";"Herrenstraße 19";"Fassade";"Fassade; 1819; Westfassade eines zweigeschossigen Putzbaus unter Schopfwalmdach in prominenter Ecklage, schlichte, zeittypische Fassadengliederung mit Quaderputz im Erdgeschoss";"Geschichtlich, Städtebaulich";"gesamtes Objekt";"https://opendata.schleswig-holstein.de/data/denkmalpflege/fotos/31876.jpg"
20736;"Gründenkmal";"Kreis Hzgt. Lauenburg";"Ratzeburg, Stadt";"Barlachplatz 7";"Kirchhof";"Alteintragung (Aktualisierung vorgesehen)";"Geschichtlich, Kulturlandschaftlich";"gesamtes Objekt";"https://opendata.schleswig-holstein.de/data/denkmalpflege/fotos/20736.jpg"
11938;"Gründenkmal";"Kreis Hzgt. Lauenburg";"Ratzeburg, Stadt";"Dermin 27";"Landschaftspark";"Alteintragung (Aktualisierung vorgesehen)";"Geschichtlich, Kulturlandschaftlich";"gesamtes Objekt";"https://opendata.schleswig-holstein.de/data/denkmalpflege/fotos/11938.jpg"
10879;"Gründenkmal";"Kreis Hzgt. Lauenburg";"Ratzeburg, Stadt";"Domhof 18";"Kirchhof";"Alteintragung (Aktualisierung vorgesehen)";"Geschichtlich, Kulturlandschaftlich, Städtebaulich";"Kirchhof, Grabmale, Gruftanlagen, Welfendenkmal, Kirchhofsmauer, Kirchhofstor, Lindenkranz";"https://opendata.schleswig-holstein.de/data/denkmalpflege/fotos/10879.jpg"
26522;"Gründenkmal";"Kreis Hzgt. Lauenburg";"Ratzeburg, Stadt";"Domhof";"Palmberg";"Palmberg; 18. Jh.; in ihrer grundlegenden Struktur barocke Grünanlage mit vier historischen Lindenalleen und dem Mahnmal 'Kreuz des Ostens' von 1950";"Geschichtlich, Städtebaulich";"Palmberg, 'Kreuz des Ostens', Dreistrahl, Lindenallee am Domhof, Lindenallee Südseite, östliche Lindenreihe";"https://opendata.schleswig-holstein.de/data/denkmalpflege/fotos/26522.jpg"
13661;"Gründenkmal";"Kreis Hzgt. Lauenburg";"Ratzeburg, Stadt";"Röpersberg 20";"Villengarten";"Alteintragung (Aktualisierung vorgesehen)";"Geschichtlich, Künstlerisch, Städtebaulich";"gesamtes Objekt";""
28841;"Gründenkmal";"Kreis Hzgt. Lauenburg";"Ratzeburg, Stadt";"Röpersberg";"Ehrenmal: Lindenallee";"Alteintragung (Aktualisierung vorgesehen)";"Geschichtlich, Künstlerisch";"gesamtes Objekt";"https://opendata.schleswig-holstein.de/data/denkmalpflege/fotos/28841.jpg"
28842;"Gründenkmal";"Kreis Hzgt. Lauenburg";"Ratzeburg, Stadt";"Röpersberg";"Ehrenmal: Lindenkranz";"Alteintragung (Aktualisierung vorgesehen)";"Geschichtlich, Kulturlandschaftlich";"gesamtes Objekt";"https://opendata.schleswig-holstein.de/data/denkmalpflege/fotos/28842.jpg"
26527;"Gründenkmal";"Kreis Hzgt. Lauenburg";"Ratzeburg, Stadt";"Seedorfer Straße";"Friedhof Seedorfer Straße";"Friedhof Seedorfer Straße; 1860; Friedhofsgelände mit zeittypischem achsensymmetrischem Wegesystem, historischen Grabmalen und altem Baumbestand";"Geschichtlich, Städtebaulich";"gesamtes Objekt";"https://opendata.schleswig-holstein.de/data/denkmalpflege/fotos/26527.jpg"
26525;"Gründenkmal";"Kreis Hzgt. Lauenburg";"Ratzeburg, Stadt";"Seekenkamp";"Militärfriedhof";"Alteintragung (Aktualisierung vorgesehen)";"Geschichtlich, Künstlerisch, Kulturlandschaftlich";"Militärfriedhof, Grabmal v. Bessel, Grabmal Berger, Grabmal v. d. Oelsnitz, Grabmal v. Notz, Grabmal Fritz Wolff, Grabmal Kanehls, Grabmal Cordes, Grabmal Johannes Wolff, Grabmal v. Weber, Grabmal Strutz, Grabmal Kille";""
20733;"Gründenkmal";"Kreis Hzgt. Lauenburg";"Ratzeburg, Stadt";"Wedenberg";"Kirchhof (Alter Friedhof)";"Alteintragung (Aktualisierung vorgesehen)";"Geschichtlich, Kulturlandschaftlich";"Kirchhof (Alter Friedhof), Granit-Böschungsmauern";"https://opendata.schleswig-holstein.de/data/denkmalpflege/fotos/20733.jpg"
51352;"Sachgesamtheit";"Kreis Hzgt. Lauenburg";"Ritzerau";"Forstgehöft 2, Frankenbreite";"Altes Forstamt Ritzerau";"Altes Forstamt Ritzerau; um 1880, 1. Hälfte 20. Jh.; Forstgehöft aus Wohn- und Amtsgebäude mit Pferdestall, Remise und zweitem Wohnhaus";"Geschichtlich, Kulturlandschaftlich, Städtebaulich";"Altes Forstamt, Remise (Frankenbreite), Wohnhaus (Forstgehöft 2)";""
8906;"Bauliche Anlage";"Kreis Hzgt. Lauenburg";"Ritzerau";"Frankenbreite";"Altes Forstamt";"Altes Forstamt; um 1880; eingeschossiger Backsteinbau mit ausgebautem Drempel, flach geneigtes Satteldach mit Pappdeckung und Ziergespärren; angebauter Pferdestall mit hölzernen Dachabzügen";"Geschichtlich, Kulturlandschaftlich, Städtebaulich";"gesamtes Objekt";""
51057;"Bauliche Anlage";"Kreis Hzgt. Lauenburg";"Ritzerau";"Grünrade";"Holzkohlenmeiler";"Holzkohlenmeiler; 1940er Jahre; im Ritzerauer Forst gelegenes, halbkreisförmig angeordnetes Ensemble bestehend aus fünf als kuppelförmige Mauerwerksbauten errichteten Kohlenmeilern";"Geschichtlich, Kulturlandschaftlich, Technisch";"gesamtes Objekt";"https://opendata.schleswig-holstein.de/data/denkmalpflege/fotos/51057.jpg"
28443;"Sachgesamtheit";"Kreis Hzgt. Lauenburg";"Römnitz";"Dorfstraße 26, 28, Dorfstraße";"Domäne Römnitz";"Domäne Römnitz, 1854 ? 1910, bestehend aus Pächterhaus, 1854, Umbau 1900 und anschließendem Wirtschaftsgebäude, 1880, ehem. Pferdestall, 1880, Schmiede; 2. H. 20. Jh., ehem. Kuhstall, 1899 (i), Feldscheune, 1910, Straßenpflaster, 1959";"Geschichtlich, Kulturlandschaftlich, Städtebaulich";"Wirtschaftsgebäude, ehem. Pferdestall, ehem. Kuhstall, Feldscheune (Dorfstraße 26), Pächterhaus (Dorfstraße 28), Schmiede, Straßenpflaster (Dorfstraße)";"https://opendata.schleswig-holstein.de/data/denkmalpflege/fotos/28443.jpg"
28374;"Bauliche Anlage";"Kreis Hzgt. Lauenburg";"Römnitz";"Dorfstraße 28";"Pächterhaus";"Pächterhaus; 1854, Umbau 1900; traufständiger Bachsteinbau mit pfannengedecktem Kurzwalmdach und Zwerchhaus, niedriger Zwischenbau, nördlich anschließender ehem. Wirtschaftsteil";"Geschichtlich, Kulturlandschaftlich, Städtebaulich";"gesamtes Objekt";"https://opendata.schleswig-holstein.de/data/denkmalpflege/fotos/28374.jpg"
29718;"Bauliche Anlage";"Kreis Hzgt. Lauenburg";"Rondeshagen";"Dorfstraße 18";"Alte Dorfschule";"Alte Dorfschule;  Ende 19. Jh.; eingeschossiger Backsteinbau mit Walmdach, zweigeschossiger Mittelrisalit mit eigenem Walmdach, Eingang und rundbogigem Windfang";"Geschichtlich, Städtebaulich";"gesamtes Objekt";""
918;"Bauliche Anlage";"Kreis Hzgt. Lauenburg";"Rondeshagen";"Gut Rondeshagen";"Herrenhaus";"Alteintragung (Aktualisierung vorgesehen)";"";"Alteintragung (Aktualisierung vorgesehen)";"https://opendata.schleswig-holstein.de/data/denkmalpflege/fotos/918.jpg"
919;"Bauliche Anlage";"Kreis Hzgt. Lauenburg";"Rondeshagen";"Gut Rondeshagen";"Turmburganlage";"Alteintragung (Aktualisierung vorgesehen)";"";"Alteintragung (Aktualisierung vorgesehen)";""
2735;"Bauliche Anlage";"Kreis Hzgt. Lauenburg";"Rondeshagen";"Zum Gutshof 7";"Gut Groß Weeden: Herrenhaus";"Alteintragung (Aktualisierung vorgesehen)";"";"Alteintragung (Aktualisierung vorgesehen)";"https://opendata.schleswig-holstein.de/data/denkmalpflege/fotos/2735.jpg"
724;"Bauliche Anlage";"Kreis Hzgt. Lauenburg";"Roseburg";"Gut Wotersen";"Herrenhaus";"Alteintragung (Aktualisierung vorgesehen)";"";"Alteintragung (Aktualisierung vorgesehen)";"https://opendata.schleswig-holstein.de/data/denkmalpflege/fotos/724.jpg"
725;"Bauliche Anlage";"Kreis Hzgt. Lauenburg";"Roseburg";"Gut Wotersen";"Verwalterhaus (Haus 2)";"Alteintragung (Aktualisierung vorgesehen)";"";"Alteintragung (Aktualisierung vorgesehen)";"https://opendata.schleswig-holstein.de/data/denkmalpflege/fotos/725.jpg"
726;"Bauliche Anlage";"Kreis Hzgt. Lauenburg";"Roseburg";"Gut Wotersen";"Speicher (Haus IV) Brauerei";"Alteintragung (Aktualisierung vorgesehen)";"";"Alteintragung (Aktualisierung vorgesehen)";""
727;"Bauliche Anlage";"Kreis Hzgt. Lauenburg";"Roseburg";"Gut Wotersen";"Reithalle (Haus 5) mit Anbauten";"Alteintragung (Aktualisierung vorgesehen)";"";"Alteintragung (Aktualisierung vorgesehen)";"https://opendata.schleswig-holstein.de/data/denkmalpflege/fotos/727.jpg"
728;"Bauliche Anlage";"Kreis Hzgt. Lauenburg";"Roseburg";"Gut Wotersen";"Haferscheune (Haus I)";"Alteintragung (Aktualisierung vorgesehen)";"";"Alteintragung (Aktualisierung vorgesehen)";""
729;"Bauliche Anlage";"Kreis Hzgt. Lauenburg";"Roseburg";"Gut Wotersen";"Wohnhaus (Haus 3) - ehem. Back- und Waschhaus";"Alteintragung (Aktualisierung vorgesehen)";"";"Alteintragung (Aktualisierung vorgesehen)";"https://opendata.schleswig-holstein.de/data/denkmalpflege/fotos/729.jpg"
730;"Bauliche Anlage";"Kreis Hzgt. Lauenburg";"Roseburg";"Gut Wotersen";"Wohnhaus (Haus 6)";"Alteintragung (Aktualisierung vorgesehen)";"";"Alteintragung (Aktualisierung vorgesehen)";"https://opendata.schleswig-holstein.de/data/denkmalpflege/fotos/730.jpg"
731;"Bauliche Anlage";"Kreis Hzgt. Lauenburg";"Roseburg";"Gut Wotersen";"Verwalterhaus (Haus 10)";"Alteintragung (Aktualisierung vorgesehen)";"";"Alteintragung (Aktualisierung vorgesehen)";""
3671;"Bauliche Anlage";"Kreis Hzgt. Lauenburg";"Roseburg";"Mühlenweg 22";"Wassermühle";"Alteintragung (Aktualisierung vorgesehen)";"";"Alteintragung (Aktualisierung vorgesehen)";""
27332;"Bauliche Anlage";"Kreis Hzgt. Lauenburg";"Roseburg";"Mühlenweg 22";"Wasserführung mit Mühlenwehr";"Alteintragung (Aktualisierung vorgesehen)";"";"Alteintragung (Aktualisierung vorgesehen)";""
37384;"Bauliche Anlage";"Kreis Hzgt. Lauenburg";"Roseburg";"Wotersener Weg 1";"Fachhallenkate";"Fachhallenkate; 1787 (i); Zweiständerbau mit Satteldach und Dreiviertelwalmen, hofseitige Front mit Dielentor und Eichenfachwerk mit ?Wilder- Mann?-Motiven, Natursteinsockel, Seitenwände zu Teilen in Backstein erneuert";"Geschichtlich, Kulturlandschaftlich";"gesamtes Objekt";""
732;"Gründenkmal";"Kreis Hzgt. Lauenburg";"Roseburg";"Gut Wotersen";"Gutspark";"Alteintragung (Aktualisierung vorgesehen)";"Geschichtlich, Künstlerisch";"Gutspark, Tränke/Schwemme, nördliche Gartenallee (Kastanien), südliche Gartenallee (Roteichen), neugotisches Gartentor, Grotte, Teich, Eiskeller, Gewächshaus (Weinhaus)";"https://opendata.schleswig-holstein.de/data/denkmalpflege/fotos/732.jpg"
31449;"Gründenkmal";"Kreis Hzgt. Lauenburg";"Roseburg";"Gut Wotersen";"Familienbegräbnis v. Bernstorff";"Alteintragung (Aktualisierung vorgesehen)";"Geschichtlich, Kulturlandschaftlich";"gesamtes Objekt";"https://opendata.schleswig-holstein.de/data/denkmalpflege/fotos/31449.jpg"
40584;"Sachgesamtheit";"Kreis Hzgt. Lauenburg";"Sahms";"An der Kirche";"Kirche St. Andreas";"Aktualisierung vorgesehen";"Geschichtlich, Künstlerisch, Kulturlandschaftlich, Städtebaulich";"Kirche St. Andreas mit Ausstattung, Kirchhof, Grabmale bis 1870, Kirchhofsmauer";"https://opendata.schleswig-holstein.de/data/denkmalpflege/fotos/40584.jpg"
2753;"Bauliche Anlage";"Kreis Hzgt. Lauenburg";"Sahms";"An der Kirche";"Kirche St. Andreas mit Ausstattung";"Alteintragung (Aktualisierung vorgesehen)";"Geschichtlich, Künstlerisch, Städtebaulich";"gesamtes Objekt";"https://opendata.schleswig-holstein.de/data/denkmalpflege/fotos/2753.jpg"
20726;"Gründenkmal";"Kreis Hzgt. Lauenburg";"Sahms";"An der Kirche";"Kirchhof";"Alteintragung (Aktualisierung vorgesehen)";"Geschichtlich, Kulturlandschaftlich";"Kirchhof, Grabmale bis 1870, Kirchhofsmauer";"https://opendata.schleswig-holstein.de/data/denkmalpflege/fotos/20726.jpg"
40587;"Sachgesamtheit";"Kreis Hzgt. Lauenburg";"Salem";"Silberberg";"Kapelle Salem";"Aktualisierung vorgesehen";"Geschichtlich, Künstlerisch, Kulturlandschaftlich, Städtebaulich";"Kapelle, Kirchhof, Grabmale, Granitböschungsmauer";"https://opendata.schleswig-holstein.de/data/denkmalpflege/fotos/40587.jpg"
23736;"Bauliche Anlage";"Kreis Hzgt. Lauenburg";"Salem";"Heideweg 3";"ehem. Segelflughalle";"Alteintragung (Aktualisierung vorgesehen)";"Geschichtlich";"gesamtes Objekt";"https://opendata.schleswig-holstein.de/data/denkmalpflege/fotos/23736.jpg"
26697;"Bauliche Anlage";"Kreis Hzgt. Lauenburg";"Salem";"Schaalseekanal";"Schaalseekanal";"Alteintragung (Aktualisierung vorgesehen)";"";"Alteintragung (Aktualisierung vorgesehen)";""
26629;"Bauliche Anlage";"Kreis Hzgt. Lauenburg";"Salem";"Schaalseeweg 1";"Backhaus";"Alteintragung (Aktualisierung vorgesehen)";"Geschichtlich, Kulturlandschaftlich";"gesamtes Objekt";"https://opendata.schleswig-holstein.de/data/denkmalpflege/fotos/26629.jpg"
20860;"Bauliche Anlage";"Kreis Hzgt. Lauenburg";"Salem";"Seestraße 33";"Dreiständerscheune";"Alteintragung (Aktualisierung vorgesehen)";"Geschichtlich, Kulturlandschaftlich";"gesamtes Objekt";"https://opendata.schleswig-holstein.de/data/denkmalpflege/fotos/20860.jpg"
20861;"Bauliche Anlage";"Kreis Hzgt. Lauenburg";"Salem";"Seestraße 44";"Dreiständerscheune";"Alteintragung (Aktualisierung vorgesehen)";"Geschichtlich, Kulturlandschaftlich, Wissenschaftlich";"gesamtes Objekt";"https://opendata.schleswig-holstein.de/data/denkmalpflege/fotos/20861.jpg"
3673;"Bauliche Anlage";"Kreis Hzgt. Lauenburg";"Salem";"Silberberg";"Kapelle";"Alteintragung (Aktualisierung vorgesehen)";"Geschichtlich, Künstlerisch, Städtebaulich";"Alteintragung (Aktualisierung vorgesehen)";"https://opendata.schleswig-holstein.de/data/denkmalpflege/fotos/3673.jpg"
10880;"Gründenkmal";"Kreis Hzgt. Lauenburg";"Salem";"Silberberg";"Kirchhof";"Alteintragung (Aktualisierung vorgesehen)";"Geschichtlich, Kulturlandschaftlich";"Kirchhof, Grabmale, Granitböschungsmauer";"https://opendata.schleswig-holstein.de/data/denkmalpflege/fotos/10880.jpg"
40588;"Sachgesamtheit";"Kreis Hzgt. Lauenburg";"Sandesneben";"Altes Dorf";"Kirche St. Marien";"Aktualisierung vorgesehen";"Geschichtlich, Künstlerisch, Kulturlandschaftlich, Städtebaulich";"Kirche St. Marien mit Ausstattung, Kirchhof, Feldsteinböschungsmauern, Lindenkranz";"https://opendata.schleswig-holstein.de/data/denkmalpflege/fotos/40588.jpg"
6762;"Bauliche Anlage";"Kreis Hzgt. Lauenburg";"Sandesneben";"Altes Dorf 5";"Altes Pastorat";"Alteintragung (Aktualisierung vorgesehen)";"Geschichtlich, Städtebaulich";"Alteintragung (Aktualisierung vorgesehen)";"https://opendata.schleswig-holstein.de/data/denkmalpflege/fotos/6762.jpg"
3674;"Bauliche Anlage";"Kreis Hzgt. Lauenburg";"Sandesneben";"Altes Dorf";"Kirche St. Marien mit Ausstattung";"Alteintragung (Aktualisierung vorgesehen)";"Geschichtlich, Künstlerisch, Städtebaulich";"gesamtes Objekt";"https://opendata.schleswig-holstein.de/data/denkmalpflege/fotos/3674.jpg"
9985;"Bauliche Anlage";"Kreis Hzgt. Lauenburg";"Sandesneben";"Hauptstraße 7";"Friedhofskapelle";"Alteintragung (Aktualisierung vorgesehen)";"Geschichtlich, Künstlerisch, Städtebaulich";"Alteintragung (Aktualisierung vorgesehen)";""
9979;"Gründenkmal";"Kreis Hzgt. Lauenburg";"Sandesneben";"Altes Dorf";"Kirchhof";"Alteintragung (Aktualisierung vorgesehen)";"Geschichtlich, Kulturlandschaftlich";"Kirchhof, Feldsteinböschungsmauern, Lindenkranz";"https://opendata.schleswig-holstein.de/data/denkmalpflege/fotos/9979.jpg"
40589;"Sachgesamtheit";"Kreis Hzgt. Lauenburg";"Schmilau";"Dorfstraße";"Kapelle Schmilau";"Aktualisierung vorgesehen";"Geschichtlich, Künstlerisch, Kulturlandschaftlich, Städtebaulich";"Kapelle mit Ausstattung, Kirchhof, Kirchhofsmauer, Lindenkranz";"https://opendata.schleswig-holstein.de/data/denkmalpflege/fotos/40589.jpg"
3761;"Bauliche Anlage";"Kreis Hzgt. Lauenburg";"Schmilau";"Dorfstraße";"Kapelle mit Ausstattung";"Alteintragung (Aktualisierung vorgesehen)";"Geschichtlich, Künstlerisch, Städtebaulich";"Alteintragung (Aktualisierung vorgesehen)";"https://opendata.schleswig-holstein.de/data/denkmalpflege/fotos/3761.jpg"
9872;"Bauliche Anlage";"Kreis Hzgt. Lauenburg";"Schmilau";"Farchauer Mühle";"Wasserkraftwerk mit Maschinensatz I";"Alteintragung (Aktualisierung vorgesehen)";"";"Alteintragung (Aktualisierung vorgesehen)";""
26695;"Bauliche Anlage";"Kreis Hzgt. Lauenburg";"Schmilau";"Farchauer Mühle";"Splitterschutz-Bunker";"Alteintragung (Aktualisierung vorgesehen)";"";"Alteintragung (Aktualisierung vorgesehen)";""
10111;"Bauliche Anlage";"Kreis Hzgt. Lauenburg";"Schmilau";"Hof Farchau 1";"ehem. Papiermühle: Mühlengebäude";"Alteintragung (Aktualisierung vorgesehen)";"";"Alteintragung (Aktualisierung vorgesehen)";""
12689;"Bauliche Anlage";"Kreis Hzgt. Lauenburg";"Schmilau";"Hof Farchau 1";"ehem. Papiermühle: Bootshaus";"Alteintragung (Aktualisierung vorgesehen)";"";"Alteintragung (Aktualisierung vorgesehen)";""
12690;"Bauliche Anlage";"Kreis Hzgt. Lauenburg";"Schmilau";"Hof Farchau 1";"ehem. Papiermühle: Scheune";"Alteintragung (Aktualisierung vorgesehen)";"";"Alteintragung (Aktualisierung vorgesehen)";""
26698;"Bauliche Anlage";"Kreis Hzgt. Lauenburg";"Schmilau";"Ratzeburger Straße 9";"Fachhallenhaus";"Fachhallenhaus; spätes 18./ frühes 19. Jh.; traufständig mit mittiger Dieleneinfahrt, Fachwerk mit Backsteinausfachungen, reetgedecktes Halbwalmdach, gepflasterte Hoffläche";"Geschichtlich, Kulturlandschaftlich";"gesamtes Objekt";""
26694;"Bauliche Anlage";"Kreis Hzgt. Lauenburg";"Schmilau";"Schaalseekanal";"Schaalseekanal";"Alteintragung (Aktualisierung vorgesehen)";"";"Alteintragung (Aktualisierung vorgesehen)";""
20753;"Gründenkmal";"Kreis Hzgt. Lauenburg";"Schmilau";"Dorfstraße";"Kirchhof";"Alteintragung (Aktualisierung vorgesehen)";"Geschichtlich, Kulturlandschaftlich";"Kirchhof, Kirchhofsmauer, Lindenkranz";""
35397;"Sachgesamtheit";"Kreis Hzgt. Lauenburg";"Schnakenbek";"Glüsinger Grund 1";"Gasthaus Waldhaus Glüsing";"Gasthaus 'Waldhaus Glüsing'; ab 1901; historisches Ensemble bestehend aus dem ehemaligen Gasthaus mit Saalanbau und vorgelagerter Terrassenanlage";"Geschichtlich, Kulturlandschaftlich";"Gasthaus 'Waldhaus Glüsing', Saalbau, Gartenterrasse";"https://opendata.schleswig-holstein.de/data/denkmalpflege/fotos/35397.jpg"
35409;"Sachgesamtheit";"Kreis Hzgt. Lauenburg";"Schnakenbek";"Sandkrug 15";"Sandkrughof";"Sandkrughof; nach 1912, um 1920, Bauherr Dr. jur. Bernhard Bleichröder; bestehend aus Wohnhaus mit Erweiterung 1975, Einfriedung mit Portal, Holzhaus, Backsteinhaus, Gartenpavillon und Garage auf parkartigem Elbgrundstück";"Geschichtlich, Künstlerisch, Kulturlandschaftlich, Städtebaulich";"Landhaus mit Einfriedung mit Portal, Garage, Gartenpavillon, Holzhaus, Backsteinhaus";"https://opendata.schleswig-holstein.de/data/denkmalpflege/fotos/35409.jpg"
9092;"Bauliche Anlage";"Kreis Hzgt. Lauenburg";"Schnakenbek";"An der Schule";"Kapelle St. Johannes mit Ausstattung";"Kapelle St. Johannes; 1855, Architekt vermutlich Carl August Wilhelm Lohmeyer; einschiffiger, backsteinsichtiger Saalbau in neogotischer Formensprache; mit Leichenhaus";"Geschichtlich, Künstlerisch, Kulturlandschaftlich, Städtebaulich";"Kapelle St. Johannes mit Ausstattung, Leichenhaus";"https://opendata.schleswig-holstein.de/data/denkmalpflege/fotos/9092.jpg"
6466;"Bauliche Anlage";"Kreis Hzgt. Lauenburg";"Schnakenbek";"Glüsinger Grund 1";"Gasthaus Waldhaus Glüsing";"Gasthaus 'Waldhaus Glüsing'; 1901; zweigeschossiger, in der Formensprache des Historismus gestalteter Mauerwerksbau unter Mansarddach, Hauptfront mit turmartigem Mittelrisalit";"Geschichtlich, Kulturlandschaftlich";"gesamtes Objekt";"https://opendata.schleswig-holstein.de/data/denkmalpflege/fotos/6466.jpg"
26589;"Bauliche Anlage";"Kreis Hzgt. Lauenburg";"Schnakenbek";"Sandkrug 1";"Landhaus Coutinho";"Alteintragung (Aktualisierung vorgesehen)";"";"Alteintragung (Aktualisierung vorgesehen)";"https://opendata.schleswig-holstein.de/data/denkmalpflege/fotos/26589.jpg"
26803;"Bauliche Anlage";"Kreis Hzgt. Lauenburg";"Schnakenbek";"Sandkrug 1";"ehem. Reithalle";"Alteintragung (Aktualisierung vorgesehen)";"";"Alteintragung (Aktualisierung vorgesehen)";""
26804;"Bauliche Anlage";"Kreis Hzgt. Lauenburg";"Schnakenbek";"Sandkrug 1";"ehem. Stallgebäude";"Alteintragung (Aktualisierung vorgesehen)";"";"Alteintragung (Aktualisierung vorgesehen)";""
35415;"Bauliche Anlage";"Kreis Hzgt. Lauenburg";"Schnakenbek";"Sandkrug 15";"Landhaus";"Sandkrughof; nach 1912, um 1920, Bauherr Dr. jur. Bernhard Bleichröder; eingeschossiges, mehrflügeliges Landhaus, Backstein, moderate Heimatschutzformen, ziegelgedecktes Vollwalmdach mit Zwerchhäusern; östlicher Saalanbau von 1975; hölzerner Garagenbau, Einfriedung mit Portal, Gartenpavillon";"Geschichtlich, Künstlerisch, Kulturlandschaftlich";"Landhaus, Einfriedung mit Portal, Garage, Gartenpavillon";"https://opendata.schleswig-holstein.de/data/denkmalpflege/fotos/35415.jpg"
35420;"Bauliche Anlage";"Kreis Hzgt. Lauenburg";"Schnakenbek";"Sandkrug 15";"Holzhaus";"Holzhaus; 1920er Jahre; Bauherr Dr. Jur. Bernhard Bleichröder, eingeschossiges Wohnhaus mit dunkler Holzverkleidung, weiße Sprossenfenster mit Fensterläden, pfannengedecktes ausgebautes Vollwalmdach mit Gauben";"Geschichtlich, Kulturlandschaftlich";"gesamtes Objekt";"https://opendata.schleswig-holstein.de/data/denkmalpflege/fotos/35420.jpg"
26590;"Gründenkmal";"Kreis Hzgt. Lauenburg";"Schnakenbek";"Sandkrug 1";"Landhausgarten";"Alteintragung (Aktualisierung vorgesehen)";"Geschichtlich, Künstlerisch, Kulturlandschaftlich";"gesamtes Objekt";"https://opendata.schleswig-holstein.de/data/denkmalpflege/fotos/26590.jpg"
40590;"Sachgesamtheit";"Kreis Hzgt. Lauenburg";"Schretstaken";"A.-Paul-Weber-Straße";"Kapelle Großschretstaken";"Aktualisierung vorgesehen";"Geschichtlich, Künstlerisch, Kulturlandschaftlich, Städtebaulich";"Kapelle mit Ausstattung, Kirchhof, Granit-Böschungsmauer";"https://opendata.schleswig-holstein.de/data/denkmalpflege/fotos/40590.jpg"
2856;"Bauliche Anlage";"Kreis Hzgt. Lauenburg";"Schretstaken";"A.-Paul-Weber-Straße";"Kapelle mit Ausstattung";"Alteintragung (Aktualisierung vorgesehen)";"Geschichtlich, Künstlerisch, Städtebaulich";"Alteintragung (Aktualisierung vorgesehen)";"https://opendata.schleswig-holstein.de/data/denkmalpflege/fotos/2856.jpg"
10817;"Gründenkmal";"Kreis Hzgt. Lauenburg";"Schretstaken";"A.-Paul-Weber-Straße";"Kirchhof";"Alteintragung (Aktualisierung vorgesehen)";"Geschichtlich, Kulturlandschaftlich";"Kirchhof, Granit-Böschungsmauer";"https://opendata.schleswig-holstein.de/data/denkmalpflege/fotos/10817.jpg"
23510;"Sachgesamtheit";"Kreis Hzgt. Lauenburg";"Schulendorf";"Zum Strüken 11";"Hofanlage Zum Strüken 11";"Hofanlage Zum Strüken 11; 1668, 1844 (i); Hofanlage aus zurückliegendem Haupthaus, an der Straße liegender Durchfahrtscheune und Bruchsteineinfriedung, Fachwerkbauten mit Walmdächern";"Geschichtlich, Kulturlandschaftlich";"Haupthaus mit Einfriedung, Fachwerkscheune";""
23504;"Bauliche Anlage";"Kreis Hzgt. Lauenburg";"Schulendorf";"Dorfstraße 2";"Wohn- und Wirtschaftsgebäude";"Backsteinhallenhaus; 2.Hälfte 19. Jh.; Satteldach, Wohngiebel mit Backsteingliederung, Wirtschaftsgiebel mit Dieleneinfahrt; Baumreihe";"Geschichtlich, Kulturlandschaftlich";"Wohn- und Wirtschaftsgebäude, Lindenreihe";"https://opendata.schleswig-holstein.de/data/denkmalpflege/fotos/23504.jpg"
23509;"Bauliche Anlage";"Kreis Hzgt. Lauenburg";"Schulendorf";"Zum Strüken 5";"Wohn- und Wirtschaftsgebäude";"Wohn- und Wirtschaftsgebäude; Mitte 19. bis Anfang 20. Jh.; zweigeschossiges Backsteingebäude, traufständig mit Lisenengliederung und umlaufenden Stockwerkgesims, akzentuierte Eingangsnische, flaches Satteldach; Einfriedung aus Bruchstein";"Geschichtlich, Kulturlandschaftlich";"Wohn- und Wirtschaftsgebäude, Einfriedung";"https://opendata.schleswig-holstein.de/data/denkmalpflege/fotos/23509.jpg"
51914;"Bauliche Anlage";"Kreis Hzgt. Lauenburg";"Schulendorf";"Zum Strüken 11";"Haupthaus";"Fachhallenhaus; 1844 (i), giebelständig mit mittiger Dieleneinfahrt und Halbwalmdach, südlicher Wohnteilanbau von 1912";"Geschichtlich, Kulturlandschaftlich";"Haupthaus, Einfriedung";""
51915;"Bauliche Anlage";"Kreis Hzgt. Lauenburg";"Schulendorf";"Zum Strüken 11";"Fachwerkscheune";"Durchfahrtscheune; 1668 (i), Mitte 19. Jh.; Fachwerk mit Backsteinausfachung, seitliche Einfahrt, Vollwalmdach mit Eternitwellplatten";"Geschichtlich, Kulturlandschaftlich";"gesamtes Objekt";""
3774;"Bauliche Anlage";"Kreis Hzgt. Lauenburg";"Schwarzenbek, Stadt";"Compestraße 8";"Amtsgericht";"Alteintragung (Aktualisierung vorgesehen)";"";"Alteintragung (Aktualisierung vorgesehen)";"https://opendata.schleswig-holstein.de/data/denkmalpflege/fotos/3774.jpg"
6404;"Bauliche Anlage";"Kreis Hzgt. Lauenburg";"Schwarzenbek, Stadt";"Compestraße";"Kirche St.Franziskus mit Ausstattung";"Alteintragung (Aktualisierung vorgesehen)";"Geschichtlich, Künstlerisch, Städtebaulich";"gesamtes Objekt";"https://opendata.schleswig-holstein.de/data/denkmalpflege/fotos/6404.jpg"
3775;"Bauliche Anlage";"Kreis Hzgt. Lauenburg";"Schwarzenbek, Stadt";"Körnerplatz 5";"ehem. Alte Post";"Alteintragung (Aktualisierung vorgesehen)";"Geschichtlich, Kulturlandschaftlich";"Alteintragung (Aktualisierung vorgesehen)";"https://opendata.schleswig-holstein.de/data/denkmalpflege/fotos/3775.jpg"
3777;"Bauliche Anlage";"Kreis Hzgt. Lauenburg";"Schwarzenbek, Stadt";"Körnerplatz 10";"ehem. Amtsschreiberhaus";"Alteintragung (Aktualisierung vorgesehen)";"";"Alteintragung (Aktualisierung vorgesehen)";"https://opendata.schleswig-holstein.de/data/denkmalpflege/fotos/3777.jpg"
23512;"Bauliche Anlage";"Kreis Hzgt. Lauenburg";"Schwarzenbek, Stadt";"Lauenburger Straße 18";"sog. Doktorhaus";"sog. Doktorhaus; 1912, Architekt Wilhelm Matthies; im Heimatschutzstil gestalteter, eingeschossiger Backsteinbau mit hohem, ausgebautem Mansarddach, verglaste Veranda an der Gartenseite";"Geschichtlich, Städtebaulich";"gesamtes Objekt";"https://opendata.schleswig-holstein.de/data/denkmalpflege/fotos/23512.jpg"
37481;"Bauliche Anlage";"Kreis Hzgt. Lauenburg";"Schwarzenbek, Stadt";"Schefestraße 6";"Villa Schefe";"Villa Schefe; um 1895; eingeschossiger Putzbau mit Kurzwalmdach und seitliches Zwerchhaus, bauzeitlicher schmiedeeiserner Zaun";"Geschichtlich, Städtebaulich";"Villa Schefe, Einfriedung";"https://opendata.schleswig-holstein.de/data/denkmalpflege/fotos/37481.jpg"
37482;"Bauliche Anlage";"Kreis Hzgt. Lauenburg";"Schwarzenbek, Stadt";"Schefestraße 8";"Villa Sauer";"Villa Sauer; 1895, Maurermeister Lassen; zweigeschossiger Putzbau mit Walmdach, turmartiger Eingangstrakt mit geschweifter Haube und Laterne; bauzeitliche Remise";"Geschichtlich, Städtebaulich";"Villa Sauer, Remise";"https://opendata.schleswig-holstein.de/data/denkmalpflege/fotos/37482.jpg"
40591;"Sachgesamtheit";"Kreis Hzgt. Lauenburg";"Seedorf";"Schloßstraße";"Kirche St. Clemens - St. Katharinen";"Aktualisierung vorgesehen";"Geschichtlich, Künstlerisch, Kulturlandschaftlich, Städtebaulich";"Kirche St. Clemens - St. Katharinen mit Ausstattung, Kirchhof, Granitmauer";"https://opendata.schleswig-holstein.de/data/denkmalpflege/fotos/40591.jpg"
5247;"Bauliche Anlage";"Kreis Hzgt. Lauenburg";"Seedorf";"Dorfstraße";"Alte Schmiede";"Alteintragung (Aktualisierung vorgesehen)";"";"Alteintragung (Aktualisierung vorgesehen)";""
23603;"Bauliche Anlage";"Kreis Hzgt. Lauenburg";"Seedorf";"Lindenallee 13";"Fachwerkwohnhaus, sog. Inspektorhaus";"ehem. Inspektorenhaus; um 1800; stattlicher eingeschossiger Fachwerkbau am Eingang zum Gut, Halbwalmdach mit Biberschwanz-Kronendeckung, im Innern Mittellängsflur, Teilunterkellerung und Raumfolgen erhalten";"Geschichtlich, Kulturlandschaftlich, Städtebaulich";"gesamtes Objekt";"https://opendata.schleswig-holstein.de/data/denkmalpflege/fotos/23603.jpg"
3780;"Bauliche Anlage";"Kreis Hzgt. Lauenburg";"Seedorf";"Schloßstraße";"Kirche St. Clemens - St. Katharinen mit Ausstattung";"Alteintragung (Aktualisierung vorgesehen)";"Geschichtlich, Künstlerisch, Städtebaulich";"gesamtes Objekt";"https://opendata.schleswig-holstein.de/data/denkmalpflege/fotos/3780.jpg"
7393;"Bauliche Anlage";"Kreis Hzgt. Lauenburg";"Seedorf";"Schloßstraße";"Herrenhaus";"Alteintragung (Aktualisierung vorgesehen)";"";"Alteintragung (Aktualisierung vorgesehen)";""
767;"Gründenkmal";"Kreis Hzgt. Lauenburg";"Seedorf";"Schloßstraße";"Park";"Alteintragung (Aktualisierung vorgesehen)";"Geschichtlich, Kulturlandschaftlich";"gesamtes Objekt";""
20778;"Gründenkmal";"Kreis Hzgt. Lauenburg";"Seedorf";"Schloßstraße";"Kirchhof";"Alteintragung (Aktualisierung vorgesehen)";"Geschichtlich, Kulturlandschaftlich";"Kirchhof, Granitmauer";"https://opendata.schleswig-holstein.de/data/denkmalpflege/fotos/20778.jpg"
40592;"Sachgesamtheit";"Kreis Hzgt. Lauenburg";"Siebenbäumen";"Dorfstraße,";"Kirche St. Marien";"Aktualisierung vorgesehen";"Geschichtlich, Künstlerisch, Kulturlandschaftlich, Städtebaulich";"Kirche St. Marien mit Ausstattung, Kirchhof, Granit-Böschungsmauer";"https://opendata.schleswig-holstein.de/data/denkmalpflege/fotos/40592.jpg"
3789;"Bauliche Anlage";"Kreis Hzgt. Lauenburg";"Siebenbäumen";"Dorfstraße";"Kirche St. Marien mit Ausstattung";"Alteintragung (Aktualisierung vorgesehen)";"Geschichtlich, Städtebaulich";"gesamtes Objekt";"https://opendata.schleswig-holstein.de/data/denkmalpflege/fotos/3789.jpg"
9763;"Bauliche Anlage";"Kreis Hzgt. Lauenburg";"Siebenbäumen";"Mühlenstraße 18 a";"Windmühle";"Windmühle; 1885; einstöckiger Galerieholländer auf backsteinernem Erdgeschoss, sechseckiger Pyramidenstumpf mit Schindeldeckung, Jalousieflügel, Mühlentechnik teilweise rekonstruiert und in reduziertem Umfang erhalten";"Geschichtlich, Kulturlandschaftlich, Technisch";"gesamtes Objekt";"https://opendata.schleswig-holstein.de/data/denkmalpflege/fotos/9763.jpg"
20730;"Gründenkmal";"Kreis Hzgt. Lauenburg";"Siebenbäumen";"Dorfstraße";"Kirchhof";"Alteintragung (Aktualisierung vorgesehen)";"Geschichtlich, Kulturlandschaftlich";"Kirchhof, Granit-Böschungsmauer";"https://opendata.schleswig-holstein.de/data/denkmalpflege/fotos/20730.jpg"
40593;"Sachgesamtheit";"Kreis Hzgt. Lauenburg";"Siebeneichen";"Dorfstraße";"Kirche St. Johannis";"Aktualisierung vorgesehen";"Geschichtlich, Künstlerisch, Kulturlandschaftlich, Städtebaulich";"Kirche St. Johannis mit Ausstattung, Kirchhof, Grabmale bis 1870, Tympanonschild v. Bernstorff, zwei Kirchhofspforten, Feldsteinwall, Lindenkranz";"https://opendata.schleswig-holstein.de/data/denkmalpflege/fotos/40593.jpg"
23516;"Bauliche Anlage";"Kreis Hzgt. Lauenburg";"Siebeneichen";"Dorfstraße 10";"Wohn- und Wirtschaftsgebäude";"Wohn- und Wirtschaftsgebäude; 1909 (i); traufständiger, eingeschossiger Backsteinbau mit Drempelgeschoss unter pfannengedecktem Kurzwalmdach, seitlicher Mittelrisalit, reiches Ziermauerwerk; Kleinviehstall";"Geschichtlich, Kulturlandschaftlich, Städtebaulich";"Wohn- und Wirtschaftsgebäude, Kleinviehstall";"https://opendata.schleswig-holstein.de/data/denkmalpflege/fotos/23516.jpg"
3790;"Bauliche Anlage";"Kreis Hzgt. Lauenburg";"Siebeneichen";"Dorfstraße";"Kirche St. Johannis mit Ausstattung";"Alteintragung (Aktualisierung vorgesehen)";"Geschichtlich, Künstlerisch, Städtebaulich";"gesamtes Objekt";"https://opendata.schleswig-holstein.de/data/denkmalpflege/fotos/3790.jpg"
23518;"Bauliche Anlage";"Kreis Hzgt. Lauenburg";"Siebeneichen";"Schulstraße 2";"Fachhallenkate";"Fachhallenkate, ca.1800, eingeschossiger, traufständiger Fachwerkbau in Zweiständerbauweise aus Eichenholz mit Backsteinausfachung unter Halbwalmdach in Reetdeckung";"Geschichtlich, Kulturlandschaftlich, Städtebaulich";"Fachhallenkate, ";"https://opendata.schleswig-holstein.de/data/denkmalpflege/fotos/23518.jpg"
20718;"Gründenkmal";"Kreis Hzgt. Lauenburg";"Siebeneichen";"Dorfstraße";"Kirchhof";"Alteintragung (Aktualisierung vorgesehen)";"Geschichtlich, Kulturlandschaftlich";"Kirchhof, Grabmale bis 1870, Tympanonschild v. Bernstorff, zwei Kirchhofspforten, Feldsteinwall, Lindenkranz";"https://opendata.schleswig-holstein.de/data/denkmalpflege/fotos/20718.jpg"
10735;"Bauliche Anlage";"Kreis Hzgt. Lauenburg";"Steinhorst";"Hauptstraße 4";"Wohnhaus, ehem. Bau- und Fuhrunternehmen Elberling";"Wohnhaus; 1872; traufständiger, eingeschossiger Putzbau mit Keller, Mezzaningeschoss und flach geneigtem Walmdach, straßenseitig breiter, zweigeschossiger Risalit mit Satteldach, davor Verandaanbau mit rustizierten Ecken";"Geschichtlich, Kulturlandschaftlich";"gesamtes Objekt";"https://opendata.schleswig-holstein.de/data/denkmalpflege/fotos/10735.jpg"
922;"Bauliche Anlage";"Kreis Hzgt. Lauenburg";"Steinhorst";"Von Wedderkopstraße 2";"Gut Steinhorst: sog. Pförtner- und Gefangenenhaus";"Alteintragung (Aktualisierung vorgesehen)";"";"Alteintragung (Aktualisierung vorgesehen)";"https://opendata.schleswig-holstein.de/data/denkmalpflege/fotos/922.jpg"
925;"Bauliche Anlage";"Kreis Hzgt. Lauenburg";"Steinhorst";"Von Wedderkopstraße 2 - 4";"Gut Steinhorst: Wassergraben";"Alteintragung (Aktualisierung vorgesehen)";"";"Alteintragung (Aktualisierung vorgesehen)";"https://opendata.schleswig-holstein.de/data/denkmalpflege/fotos/925.jpg"
27260;"Bauliche Anlage";"Kreis Hzgt. Lauenburg";"Steinhorst";"Von Wedderkopstraße 2 - 4";"Gut Steinhorst: Sonnenuhr";"Alteintragung (Aktualisierung vorgesehen)";"";"Alteintragung (Aktualisierung vorgesehen)";""
920;"Bauliche Anlage";"Kreis Hzgt. Lauenburg";"Steinhorst";"Von Wedderkopstraße 4";"Gut Steinhorst: Herrenhaus";"Alteintragung (Aktualisierung vorgesehen)";"";"Alteintragung (Aktualisierung vorgesehen)";"https://opendata.schleswig-holstein.de/data/denkmalpflege/fotos/920.jpg"
6717;"Bauliche Anlage";"Kreis Hzgt. Lauenburg";"Steinhorst";"Von Wedderkopstraße 5";"Domäne Steinhorst: Pächterwohnhaus";"Alteintragung (Aktualisierung vorgesehen)";"";"Alteintragung (Aktualisierung vorgesehen)";"https://opendata.schleswig-holstein.de/data/denkmalpflege/fotos/6717.jpg"
923;"Gründenkmal";"Kreis Hzgt. Lauenburg";"Steinhorst";"Von Wedderkopstraße 2 - 4";"Gut Steinhorst: Zufahrtsallee";"Alteintragung (Aktualisierung vorgesehen)";"Geschichtlich, Kulturlandschaftlich";"gesamtes Objekt";"https://opendata.schleswig-holstein.de/data/denkmalpflege/fotos/923.jpg"
926;"Gründenkmal";"Kreis Hzgt. Lauenburg";"Steinhorst";"Von Wedderkopstraße 2 - 4";"Gut Steinhorst: Barockgarten";"Alteintragung (Aktualisierung vorgesehen)";"Geschichtlich, Kulturlandschaftlich";"Gut Steinhorst: Barockgarten, Vorplatz, Gartenallee (westlich), Gartenallee (östlich)";"https://opendata.schleswig-holstein.de/data/denkmalpflege/fotos/926.jpg"
40595;"Sachgesamtheit";"Kreis Hzgt. Lauenburg";"Sterley";"Alte Dorfstraße";"Kirche St. Johannes";"Aktualisierung vorgesehen";"Geschichtlich, Künstlerisch, Kulturlandschaftlich, Städtebaulich";"Kirche St. Johannes mit Ausstattung, Kirchhof, Feldsteineinfassung, zwei Eisenpforten";"https://opendata.schleswig-holstein.de/data/denkmalpflege/fotos/40595.jpg"
20858;"Bauliche Anlage";"Kreis Hzgt. Lauenburg";"Sterley";"Alte Dorfstraße 8";"Dreiständerscheune";"Alteintragung (Aktualisierung vorgesehen)";"";"Alteintragung (Aktualisierung vorgesehen)";""
20859;"Bauliche Anlage";"Kreis Hzgt. Lauenburg";"Sterley";"Alte Dorfstraße 8";"Fachwerkschuppen";"Alteintragung (Aktualisierung vorgesehen)";"";"Alteintragung (Aktualisierung vorgesehen)";""
13797;"Bauliche Anlage";"Kreis Hzgt. Lauenburg";"Sterley";"Alte Dorfstraße 14";"ehem. Tankstelle";"Alteintragung (Aktualisierung vorgesehen)";"Geschichtlich, Wissenschaftlich";"gesamtes Objekt";"https://opendata.schleswig-holstein.de/data/denkmalpflege/fotos/13797.jpg"
5138;"Bauliche Anlage";"Kreis Hzgt. Lauenburg";"Sterley";"Alte Dorfstraße";"Kirche St. Johannes mit Ausstattung";"Alteintragung (Aktualisierung vorgesehen)";"Geschichtlich, Künstlerisch, Städtebaulich";"gesamtes Objekt";"https://opendata.schleswig-holstein.de/data/denkmalpflege/fotos/5138.jpg"
10404;"Bauliche Anlage";"Kreis Hzgt. Lauenburg";"Sterley";"Johann-Heitmann-Weg 1";"Gut Kogel: ehem. Gutsgerichtsgebäude";"Alteintragung (Aktualisierung vorgesehen)";"";"Alteintragung (Aktualisierung vorgesehen)";"https://opendata.schleswig-holstein.de/data/denkmalpflege/fotos/10404.jpg"
23613;"Bauliche Anlage";"Kreis Hzgt. Lauenburg";"Sterley";"Kogeler Mühle 1";"Windmühle";"Alteintragung (Aktualisierung vorgesehen)";"Geschichtlich, Kulturlandschaftlich, Technisch";"gesamtes Objekt";"https://opendata.schleswig-holstein.de/data/denkmalpflege/fotos/23613.jpg"
10403;"Bauliche Anlage";"Kreis Hzgt. Lauenburg";"Sterley";"Redder";"Gut Kogel: Gutshaus";"Alteintragung (Aktualisierung vorgesehen)";"";"Alteintragung (Aktualisierung vorgesehen)";"https://opendata.schleswig-holstein.de/data/denkmalpflege/fotos/10403.jpg"
26696;"Bauliche Anlage";"Kreis Hzgt. Lauenburg";"Sterley";"Schaalseekanal";"Schaalseekanal";"Alteintragung (Aktualisierung vorgesehen)";"";"Alteintragung (Aktualisierung vorgesehen)";""
20756;"Gründenkmal";"Kreis Hzgt. Lauenburg";"Sterley";"Alte Dorfstraße";"Kirchhof";"Alteintragung (Aktualisierung vorgesehen)";"Geschichtlich, Kulturlandschaftlich";"Kirchhof, Feldsteineinfassung, zwei Eisenpforten";"https://opendata.schleswig-holstein.de/data/denkmalpflege/fotos/20756.jpg"
9766;"Bauliche Anlage";"Kreis Hzgt. Lauenburg";"Stubben";"Dorfstraße 42";"ehem. Schule";"ehem. Schule; 1911-12, Architekt Mahlke; eingeschossiger Backsteinbau mit mächtigem ausgebautem Halbwalmdach, breitem Mittelzwerchhaus und ausgreifenden Bogengiebeln";"Geschichtlich, Künstlerisch, Kulturlandschaftlich, Städtebaulich";"gesamtes Objekt";"https://opendata.schleswig-holstein.de/data/denkmalpflege/fotos/9766.jpg"
40596;"Sachgesamtheit";"Kreis Hzgt. Lauenburg";"Tramm";"Dorfstraße";"Kapelle Tramm";"Aktualisierung vorgesehen";"Geschichtlich, Künstlerisch, Kulturlandschaftlich, Städtebaulich";"Kapelle mit Ausstattung, Kirchhof, Lindenkranz, Feldsteinwall";"https://opendata.schleswig-holstein.de/data/denkmalpflege/fotos/40596.jpg"
2857;"Bauliche Anlage";"Kreis Hzgt. Lauenburg";"Tramm";"Dorfstraße";"Kapelle mit Ausstattung";"Alteintragung (Aktualisierung vorgesehen)";"Geschichtlich, Künstlerisch, Städtebaulich";"Alteintragung (Aktualisierung vorgesehen)";"https://opendata.schleswig-holstein.de/data/denkmalpflege/fotos/2857.jpg"
20775;"Gründenkmal";"Kreis Hzgt. Lauenburg";"Tramm";"Dorfstraße";"Kirchhof";"Alteintragung (Aktualisierung vorgesehen)";"Geschichtlich, Kulturlandschaftlich";"Kirchhof, Lindenkranz, Feldsteinwall";"https://opendata.schleswig-holstein.de/data/denkmalpflege/fotos/20775.jpg"
23520;"Sachgesamtheit";"Kreis Hzgt. Lauenburg";"Wangelau";"Dorfstraße 10, 10a";"Hofanlage Koch";"Hofanlage Koch; ab 1864; historisches und regionaltypisches Ensemble bestehend aus Haupthaus, Fachwerkscheune, Fachwerkremise und Stallgebäude; mit Einfriedung mit Granitpfeilern";"Geschichtlich, Kulturlandschaftlich";"Haupthaus mit Einfriedung und Granitpfeilern, Fachwerkremise, Stallgebäude (Dorfstraße 10); Fachwerkscheune (Dorfstraße 10a)";"https://opendata.schleswig-holstein.de/data/denkmalpflege/fotos/23520.jpg"
32256;"Bauliche Anlage";"Kreis Hzgt. Lauenburg";"Wangelau";"Dorfstraße 3";"Fachhallenhaus";"Fachhallenhaus; Mitte 19. Jh.; regionaltypisches Fachhallenhaus mit Mauerwerksausfachung unter reetgedecktem Kurzwalmdach; mit Nebengebäude und Hausbäumen";"Geschichtlich, Kulturlandschaftlich";"Fachhallenhaus, Nebengebäude, Hausbäume";"https://opendata.schleswig-holstein.de/data/denkmalpflege/fotos/32256.jpg"
23519;"Bauliche Anlage";"Kreis Hzgt. Lauenburg";"Wangelau";"Dorfstraße 9 c";"ehem. Schmiede";"ehem. Schmiede; 1917; eingeschossiger, traufständiger Backsteinbau unter Satteldach am historischen Dorfanger der Gemeinde Wangelau";"Geschichtlich, Städtebaulich";"gesamtes Objekt";"https://opendata.schleswig-holstein.de/data/denkmalpflege/fotos/23519.jpg"
35800;"Bauliche Anlage";"Kreis Hzgt. Lauenburg";"Wangelau";"Dorfstraße 10";"Haupthaus";"Haupthaus; ab 1846; regionaltypisches Backsteinhallenhaus mit Wirtschafts- und Wohnteil unter Satteldach; mit Einfriedung mit Granitpfeilern";"Geschichtlich, Kulturlandschaftlich";"Haupthaus, Einfriedung mit Granitpfeilern";""
33097;"Sachgesamtheit";"Kreis Hzgt. Lauenburg";"Wentorf bei Hamburg";"Golfstraße 5";"ehem. Landsitz Weltevreden";"ehem. Landsitz ?Weltevreden?; 1914, 1921, 1941/42, Architekten August Ott (Ursprungsbau), William Rzekonski (Erweiterung), Gartenbauingenieur Rudolph Jürgens, Bauherr Georges Fester; bestehend aus Wohnhaus und Landschaftspark 1914, Torhaus, Gärtnerhaus, Waschhaus 1921; Säuglingsheim; 1941/42, Architekt Dr. Max Zoder, Bauherr Nationalsozialistische Volkswohlfahrt";"Geschichtlich, Künstlerisch, Kulturlandschaftlich, Städtebaulich";"Haupthaus, Torhaus, Gärtnerhaus, ehem. Säuglingsheim, ehem. Waschhaus, Park mit Schwimmbecken, Tennisplatz, Lindenreihe";"https://opendata.schleswig-holstein.de/data/denkmalpflege/fotos/33097.jpg"
50366;"Sachgesamtheit";"Kreis Hzgt. Lauenburg";"Wentorf bei Hamburg";"Reinbeker Weg 55, 76";"Wohn- und Wirtschaftsgebäude Reinbeker Weg";"Wohn- und Wirtschaftsgebäude Reinbeker Weg; 1896 und 1909; Ensemble mit zwei sich gegenüberliegenden Wohn- und Wirtschaftsgebäuden, die von der ehemals landwirtschaftlichen Prägung des Ortes zeugen";"Geschichtlich, Städtebaulich";"Wohn- und Wirtschaftsgebäude Reinbeker Weg 55, 76";"https://opendata.schleswig-holstein.de/data/denkmalpflege/fotos/50366.jpg"
30634;"Bauliche Anlage";"Kreis Hzgt. Lauenburg";"Wentorf bei Hamburg";"Am Haidberg 3";"Villa";"Villa; 1893, Maurermeister Jungclaus & Rathje; zweigeschossiger Putzbau unter flachgeneigtem Walmdach mit kleinem Turm; repräsentative Gestaltung in spätklassizistischer Formensprache";"Geschichtlich, Städtebaulich";"gesamtes Objekt";"https://opendata.schleswig-holstein.de/data/denkmalpflege/fotos/30634.jpg"
19270;"Bauliche Anlage";"Kreis Hzgt. Lauenburg";"Wentorf bei Hamburg";"Am Mühlenteich 2";"Villa Clara";"Villa Clara; 1892/93; zwei- bis dreigeschossiger Putzbau unter flachgeneigtem Walmdach; repräsentative Gestaltung in spätklassizistischer Formensprache";"Geschichtlich, Städtebaulich";"gesamtes Objekt";"https://opendata.schleswig-holstein.de/data/denkmalpflege/fotos/19270.jpg"
27396;"Bauliche Anlage";"Kreis Hzgt. Lauenburg";"Wentorf bei Hamburg";"Am Mühlenteich 10";"Landhaus Haase";"Landhaus Haase; 1889, Architekt Martin Haller; repräsentativer, zweigeschossiger Putzbau mit Sattel- und Schopfwalmdächern, von der Formensprache des Heimatschutzstils geprägtes Erscheinungsbild";"Geschichtlich, Städtebaulich";"gesamtes Objekt";"https://opendata.schleswig-holstein.de/data/denkmalpflege/fotos/27396.jpg"
1350;"Bauliche Anlage";"Kreis Hzgt. Lauenburg";"Wentorf bei Hamburg";"Am Sachsenberg 4";"Haus Billhoop";"Alteintragung (Aktualisierung vorgesehen)";"";"Alteintragung (Aktualisierung vorgesehen)";""
3885;"Bauliche Anlage";"Kreis Hzgt. Lauenburg";"Wentorf bei Hamburg";"An der Hege 18";"Landhaus Fellmer (Villa Miraflores)";"Alteintragung (Aktualisierung vorgesehen)";"";"Alteintragung (Aktualisierung vorgesehen)";"https://opendata.schleswig-holstein.de/data/denkmalpflege/fotos/3885.jpg"
9858;"Bauliche Anlage";"Kreis Hzgt. Lauenburg";"Wentorf bei Hamburg";"An der Hege 18";"Pförtnerhaus";"Alteintragung (Aktualisierung vorgesehen)";"";"Alteintragung (Aktualisierung vorgesehen)";"https://opendata.schleswig-holstein.de/data/denkmalpflege/fotos/9858.jpg"
37618;"Bauliche Anlage";"Kreis Hzgt. Lauenburg";"Wentorf bei Hamburg";"Augustastraße 6";"Villa Emmas Ruh";"Villa 'Emmas Ruh'; 1898, Architekt Hermann Reinhardt; zweigeschossiger Putzbau unter Satteldach; repräsentative Gestaltung in historistischer Formensprache mit farbig glasierten Backsteinen";"Geschichtlich, Städtebaulich";"gesamtes Objekt";"https://opendata.schleswig-holstein.de/data/denkmalpflege/fotos/37618.jpg"
8920;"Bauliche Anlage";"Kreis Hzgt. Lauenburg";"Wentorf bei Hamburg";"Augustastraße 7";"Villa Augusta";"Alteintragung (Aktualisierung vorgesehen)";"Geschichtlich, Künstlerisch";"gesamtes Objekt";"https://opendata.schleswig-holstein.de/data/denkmalpflege/fotos/8920.jpg"
37623;"Bauliche Anlage";"Kreis Hzgt. Lauenburg";"Wentorf bei Hamburg";"Billeweg 34";"Landhaus";"Landhaus; 1913/14, Architekten Oskar Fischer & Erwin Körbitz; zweigeschossiger Backsteinbau unter Mansarddach; im Reformstil gestaltet mit kleinteiligen Sprossenfenstern und hölzernen Fensterläden";"Geschichtlich, Städtebaulich";"gesamtes Objekt";"https://opendata.schleswig-holstein.de/data/denkmalpflege/fotos/37623.jpg"
37568;"Bauliche Anlage";"Kreis Hzgt. Lauenburg";"Wentorf bei Hamburg";"Gärtnerstraße 1";"Haus Hochfriede";"'Haus Hochfriede'; 1912/13; eingeschossiger Putzbau unter steilem Mansarddach; im Reformstil gestaltet mit in Putz nachgeahmten Fensterläden und ebensolchem Zierfachwerk";"Geschichtlich, Städtebaulich";"gesamtes Objekt";"https://opendata.schleswig-holstein.de/data/denkmalpflege/fotos/37568.jpg"
10256;"Bauliche Anlage";"Kreis Hzgt. Lauenburg";"Wentorf bei Hamburg";"Gartzer Ring 1";"ehem. Bismarck-Kaserne: Heimgebäude (Haus 3)";"Alteintragung (Aktualisierung vorgesehen)";"";"Alteintragung (Aktualisierung vorgesehen)";"https://opendata.schleswig-holstein.de/data/denkmalpflege/fotos/10256.jpg"
10255;"Bauliche Anlage";"Kreis Hzgt. Lauenburg";"Wentorf bei Hamburg";"Gartzer Ring 3";"ehem. Bismarck-Kaserne: Wirtschaftsgebäude (Haus 2)";"Alteintragung (Aktualisierung vorgesehen)";"";"Alteintragung (Aktualisierung vorgesehen)";"https://opendata.schleswig-holstein.de/data/denkmalpflege/fotos/10255.jpg"
9655;"Bauliche Anlage";"Kreis Hzgt. Lauenburg";"Wentorf bei Hamburg";"Gartzer Ring";"ehem. Bismarck-Kaserne";"Alteintragung (Aktualisierung vorgesehen)";"";"Alteintragung (Aktualisierung vorgesehen)";""
10913;"Bauliche Anlage";"Kreis Hzgt. Lauenburg";"Wentorf bei Hamburg";"Golfstraße 3";"Villen-Ruine";"Alteintragung (Aktualisierung vorgesehen)";"";"Alteintragung (Aktualisierung vorgesehen)";"https://opendata.schleswig-holstein.de/data/denkmalpflege/fotos/10913.jpg"
10914;"Bauliche Anlage";"Kreis Hzgt. Lauenburg";"Wentorf bei Hamburg";"Golfstraße 3";"Remise mit Pferdestall";"Alteintragung (Aktualisierung vorgesehen)";"";"Alteintragung (Aktualisierung vorgesehen)";"https://opendata.schleswig-holstein.de/data/denkmalpflege/fotos/10914.jpg"
2630;"Bauliche Anlage";"Kreis Hzgt. Lauenburg";"Wentorf bei Hamburg";"Golfstraße 5";"Haupthaus";"Haupthaus; 1914, 1921, Architekten August Ott, William Rzekonski, Bauherr Georges Fester; Wohnhaus im englischen Landhausstil, ein- und zweigeschossiger Backsteinbau, Kernbau rechteckiger Grundriss mit schräg ansetzender Erweiterung, Säulenportikus, Zierfachwerk und Walmdach mit großen Gauben, im Innern reiche Ausstattung";"Geschichtlich, Künstlerisch, Kulturlandschaftlich, Städtebaulich";"gesamtes Objekt";"https://opendata.schleswig-holstein.de/data/denkmalpflege/fotos/2630.jpg"
9905;"Bauliche Anlage";"Kreis Hzgt. Lauenburg";"Wentorf bei Hamburg";"Golfstraße 5";"Torhaus";"Torhaus; 1921 (i), Architekt William Rzekonski, Bauherr Georges Fester; mehrteiliger Backsteinbau aus Wohnhaus, Tor und Pferdestall auf L-förmigem Grundriss, Zierfachwerk im Torflügel und Dachgeschoss des Wohnhauses, reetgedeckte Kurz- und Vollwalmdächer; Holz aus Zweitverwendung";"Geschichtlich, Künstlerisch, Kulturlandschaftlich, Städtebaulich";"gesamtes Objekt";"https://opendata.schleswig-holstein.de/data/denkmalpflege/fotos/9905.jpg"
9906;"Bauliche Anlage";"Kreis Hzgt. Lauenburg";"Wentorf bei Hamburg";"Golfstraße 5";"Gärtnerhaus";"Gärtnerhaus; 1921-22, Architekt William Rzekonski, Bauherr Georges Fester; eingeschossiger Backsteinbau, rechteckiger Grundriss mit Auskragungen, Fachwerk mit reichen Ziersteinsetzungen, Kniestock, reetgedecktes Kurzwalmdach, Veranda, Erker mit Balkon";"Geschichtlich, Künstlerisch, Kulturlandschaftlich, Städtebaulich";"gesamtes Objekt";"https://opendata.schleswig-holstein.de/data/denkmalpflege/fotos/9906.jpg"
9907;"Bauliche Anlage";"Kreis Hzgt. Lauenburg";"Wentorf bei Hamburg";"Golfstraße 5";"ehem. Säuglingsheim";"ehem. Säuglingsheim; 1941/42, Architekt Dr. Max Zoder, Bauherr Nationalsozialistische Volkswohlfahrt; eingeschossiger Putzbau, T-förmiger Grundriss, Erdgeschoss mit Terrassentüren, pfannengedecktes Vollwalmdach mit Fenstergauben";"Geschichtlich, Kulturlandschaftlich, Städtebaulich";"gesamtes Objekt";"https://opendata.schleswig-holstein.de/data/denkmalpflege/fotos/9907.jpg"
9908;"Bauliche Anlage";"Kreis Hzgt. Lauenburg";"Wentorf bei Hamburg";"Golfstraße 5";"ehem. Waschhaus";"Waschhaus; 1921 (i), Architekt William Rzekonski, Bauherr Georges Fester; ein- bis zweigeschossiger Backsteinbau, längsrechteckiger Grundriss, überhöhter Mittelteil mit überdachtem Laubengang, Querdurchfahrt, reetgedecktes Vollwalmdach, Fledermausgauben";"Geschichtlich, Künstlerisch, Kulturlandschaftlich, Städtebaulich";"gesamtes Objekt";"https://opendata.schleswig-holstein.de/data/denkmalpflege/fotos/9908.jpg"
35297;"Bauliche Anlage";"Kreis Hzgt. Lauenburg";"Wentorf bei Hamburg";"Grübbenweg 11";"Wohn- und Wirtschaftsgebäude";"Sascha-Alm, Wohn- und Wirtschafsgebäude, zweigeschossiger Putzbau mit Holzschalung im Obergeschoss und flach geneigtem Satteldach, errichtet 1921 im alpenländischen Stil, Architekt Hugo Louis, Hamburg";"Geschichtlich, Kulturlandschaftlich";"gesamtes Objekt";"https://opendata.schleswig-holstein.de/data/denkmalpflege/fotos/35297.jpg"
9693;"Bauliche Anlage";"Kreis Hzgt. Lauenburg";"Wentorf bei Hamburg";"Hamburger Landstraße 28 b";"Fachhallenhaus (Greve-Lindau)";"Alteintragung (Aktualisierung vorgesehen)";"Geschichtlich, Städtebaulich";"gesamtes Objekt";"https://opendata.schleswig-holstein.de/data/denkmalpflege/fotos/9693.jpg"
10258;"Bauliche Anlage";"Kreis Hzgt. Lauenburg";"Wentorf bei Hamburg";"Hamburger Landstraße";"ehem. Bismarck-Kaserne: Nebeneingang";"Alteintragung (Aktualisierung vorgesehen)";"";"Alteintragung (Aktualisierung vorgesehen)";"https://opendata.schleswig-holstein.de/data/denkmalpflege/fotos/10258.jpg"
10259;"Bauliche Anlage";"Kreis Hzgt. Lauenburg";"Wentorf bei Hamburg";"Hamburger Landstraße";"ehem. Bismarck-Kaserne: Pfeiler mit Reichsadler am Haupteingang";"Alteintragung (Aktualisierung vorgesehen)";"";"Alteintragung (Aktualisierung vorgesehen)";"https://opendata.schleswig-holstein.de/data/denkmalpflege/fotos/10259.jpg"
9019;"Bauliche Anlage";"Kreis Hzgt. Lauenburg";"Wentorf bei Hamburg";"Heckenweg 10";"Villa";"Alteintragung (Aktualisierung vorgesehen)";"Geschichtlich, Künstlerisch";"gesamtes Objekt";"https://opendata.schleswig-holstein.de/data/denkmalpflege/fotos/9019.jpg"
21807;"Gründenkmal";"Kreis Hzgt. Lauenburg";"Wentorf bei Hamburg";"Am Sachsenberg 4";"Villengarten";"Alteintragung (Aktualisierung vorgesehen)";"Geschichtlich, Kulturlandschaftlich, Städtebaulich";"Villengarten, Stützmauer";""
9859;"Gründenkmal";"Kreis Hzgt. Lauenburg";"Wentorf bei Hamburg";"An der Hege 18";"Landhausgarten";"Alteintragung (Aktualisierung vorgesehen)";"Geschichtlich, Kulturlandschaftlich";"Landhausgarten, Garten-Einfriedung";""
10912;"Gründenkmal";"Kreis Hzgt. Lauenburg";"Wentorf bei Hamburg";"Golfstraße 3";"Landschaftspark";"Alteintragung (Aktualisierung vorgesehen)";"Geschichtlich, Künstlerisch, Kulturlandschaftlich";"gesamtes Objekt";"https://opendata.schleswig-holstein.de/data/denkmalpflege/fotos/10912.jpg"
9904;"Gründenkmal";"Kreis Hzgt. Lauenburg";"Wentorf bei Hamburg";"Golfstraße 5";"Park";"Park; 1914, Gartenbauingenieur Rudolph Jürgens, Bauherr Georges Fester; Landschaftsgarten bestehend aus großen Rasenflächen, Baumgruppen, Schwimmbecken, Lindenreihe und Tennisplatz, Terrassengarten und Nutzgarten";"Geschichtlich, Künstlerisch, Kulturlandschaftlich";"Park, Schwimmbecken, Tennisplatz, Lindenreihe";"https://opendata.schleswig-holstein.de/data/denkmalpflege/fotos/9904.jpg"
34819;"Sachgesamtheit";"Kreis Hzgt. Lauenburg";"Witzeeze";"An der Schleuse 1, An der Schleuse,";"Schleuse des Elbe-Lübeck-Kanals";"Schleuse des Elbe-Lübeck-Kanals; 1899/1900, Bauingenieur Ludwig Hotopp u.a.; Ensemble bestehend aus Kammerschleuse nach dem Hotopp?schen Prinzip, backsteinernem Steuerhaus am Schleusenunterhaupt, einer Kanalbrücke mit Stahlfachwerkträgern von 1949, zwei dreieckigen Ausgleichsbecken östlich des Schleusenoberhaupts und dem backsteinernen Wohnhaus des Schleusenmeisters östlich der Schleuse";"Geschichtlich, Kulturlandschaftlich, Technisch";"Kanalschleuse, Kanalbrücke, Ausgleichsbecken (An der Schleuse), Schleusenmeisterhaus, Steuerhaus (An der Schleuse 1)";"https://opendata.schleswig-holstein.de/data/denkmalpflege/fotos/34819.jpg"
23529;"Sachgesamtheit";"Kreis Hzgt. Lauenburg";"Witzeeze";"Dorfstraße 23, 23a";"Hofanlage Krafft-Bruhn";"Hofanlage Krafft-Bruhn; gegründet 1690, Zusammenlegung von zwei Vollhufnerstellen 18. Jahrhundert, Gebäude 19. Jahrhundert; Dreiseithof aus Fachhallenhaus, Altenteiler, Scheune, Stall, Backhaus; Hofpflaster, zwei Hausbäumen (Linden), grottenartige Sitznische; Feldsteinmauer mit Einfahrtspfeilern";"Geschichtlich, Kulturlandschaftlich, Städtebaulich";"Fachhallenhaus, zwei Hausbäume (Linden), Hofpflaster, grottenartige Sitznische, Backhaus, Scheune, Altenteil, Stall";"https://opendata.schleswig-holstein.de/data/denkmalpflege/fotos/23529.jpg"
34743;"Sachgesamtheit";"Kreis Hzgt. Lauenburg";"Witzeeze";"Dorfstraße 26";"Hofanlage Meyer/Basedaus";"Hofanlage Meyer/Basedaus; seit 1719 als Hofstelle Meyer belegt, 1844 Übernahme Familie Basedaus, Gebäude weitgehend 19. Jahrhundert; Eckgrundstück mit Fachhallenhaus und gegenüberliegender Scheune; Vorgarten, zwei Hausbäume, Hofpflaster, Feldsteinmauer";"Geschichtlich, Kulturlandschaftlich, Städtebaulich";"Fachhallenhaus mit zwei Hausbäumen, Hofpflaster, Vorgarten, Scheune";"https://opendata.schleswig-holstein.de/data/denkmalpflege/fotos/34743.jpg"
55058;"Sachgesamtheit";"Kreis Hzgt. Lauenburg";"Witzeeze";"Dorfstraße 5, 8-10, 14, 17, 18, 20, 21, 22, 23-23a, 24a, 24, 25, 26, 28, 29, 30, 31, Dorfstraße";"Dorfstraße Witzeeze";"Dorfstraße Witzeeze; 19.-20. Jahrhundert; Dorfstraße mit Feldsteinpflaster und Sommerweg, beidseitig eingegrenzt von den Feldsteinmauern und -portalen der Hofanlagen Dorfstraße 14, 17, 18, 20, 21, 22, 23-23a, 24, 25, 26, 29, 30, 31, der Grundstücke Dorfstraße 5 und 8-10, Feldsteinböschung mit der Dorfschulzenkoppel Dorfstraße 28; Lindenreihe in der Dorfmitte und am Festplatz";"Geschichtlich, Kulturlandschaftlich, Städtebaulich";"Dorfstraße mit Feldsteinpflaster und Sommerweg mit Lindenreihe Dorfmitte, Lindenreihe am Festplatz (Dorfstraße), Feldsteinmauer, Sockel (Dorfstraße 5), Feldsteinmauer (Dorfstraße 8-10, 14, 18, 20, 26, 29, 30), Feldsteinmauer mit Portalpfeilern (Dorfstraße 17, 21, 31), Feldsteinmauer, Eisenzaun (Dorfstraße 22), Feldsteinmauer mit Einfahrtspfeilern (Dorfstraße 23-23a), Einfriedung mit gemauerten Granitpfeilern, zwei Einfahrtssteine (Dorfstraße 24a), Einfahrtspfeiler (Dorfstraße 25), Dorfschulzenkoppel, Feldsteinböschung (Dorfstraße 28)";"https://opendata.schleswig-holstein.de/data/denkmalpflege/fotos/55058.jpg"
34823;"Bauliche Anlage";"Kreis Hzgt. Lauenburg";"Witzeeze";"An der Schleuse 1";"Steuerhaus";"Steuerhaus; 1899/1900; kleiner, eingeschossiger, traufständiger Backsteinbau unter flachem Satteldach, Segmentbogenfenster- und Türen, zeittypische Backsteinziergliederung, im Inneren bauzeitliche Steuerarmaturen";"Geschichtlich, Kulturlandschaftlich, Technisch";"gesamtes Objekt";"https://opendata.schleswig-holstein.de/data/denkmalpflege/fotos/34823.jpg"
34820;"Bauliche Anlage";"Kreis Hzgt. Lauenburg";"Witzeeze";"An der Schleuse";"Kanalschleuse";"Kanalschleuse; 1899/1900, Bauingenieur Ludwig Hotopp; Kammerschleuse in Betonbauweise und mit backsteinernen Kammermauern, Länge 80 m, Breite 17 m, Klapptor im Oberhaupt, Stemmtore im Unterhaupt, Mechanik mit Saugheber- und Druckluft-System nach eigens für den Elbe-Lübeck-Kanal entwickeltem Hotopp?schen Prinzip";"Geschichtlich, Kulturlandschaftlich, Technisch";"gesamtes Objekt";"https://opendata.schleswig-holstein.de/data/denkmalpflege/fotos/34820.jpg"
34824;"Bauliche Anlage";"Kreis Hzgt. Lauenburg";"Witzeeze";"An der Schleuse";"Kanalbrücke";"Kanalbrücke; 1949; genietete Stahlfachwerkkonstruktion zwischen Betonauflagern mit Backsteinböschungen, Fahrbahn mit Basaltkleinpflaster in Diagonalversatz";"Geschichtlich, Kulturlandschaftlich, Technisch";"gesamtes Objekt";"https://opendata.schleswig-holstein.de/data/denkmalpflege/fotos/34824.jpg"
34795;"Bauliche Anlage";"Kreis Hzgt. Lauenburg";"Witzeeze";"Dorfstraße 23";"Fachhallenhaus";"Fachhallenhaus; wohl Anfang 19. Jahrhundert; eingeschossiger, giebelständiger Fachwerkbau in Zweiständerbauweise unter Satteldach in Kunstschifferdeckung, Umfassungswände und Wohngiebel in Backstein, Wirtschaftsgiebel in Fachwerk, Reichsnährstandesplakette; Hofpflaster, zwei Hausbäume, grottenartige Sitznische, Feldsteinmauer mit Einfahrtspfeilern";"Geschichtlich, Kulturlandschaftlich, Städtebaulich";"Fachhallenhaus, zwei Hausbäume (Linden), Hofpflaster, grottenartige Sitznische";"https://opendata.schleswig-holstein.de/data/denkmalpflege/fotos/34795.jpg"
23945;"Bauliche Anlage";"Kreis Hzgt. Lauenburg";"Witzeeze";"Dorfstraße 26";"Fachhallenhaus";"Fachhallenhaus; 1866(i); eingeschossiger, giebelständiger Fachwerkbau mit Backsteinausfachung in Zweiständerbauweise unter Halbwalmdach in Kunstschieferdeckung; Vorgarten, zwei Hausbäume, Hofpflaster";"Geschichtlich, Kulturlandschaftlich, Städtebaulich";"Fachhallenhaus, zwei Hausbäume, Hofpflaster, Vorgarten";"https://opendata.schleswig-holstein.de/data/denkmalpflege/fotos/23945.jpg"
2879;"Bauliche Anlage";"Kreis Hzgt. Lauenburg";"Witzeeze";"Dorfstraße";"Kapelle mit Ausstattung";"Alteintragung (Aktualisierung vorgesehen)";"Geschichtlich, Künstlerisch, Städtebaulich";"Alteintragung (Aktualisierung vorgesehen)";"https://opendata.schleswig-holstein.de/data/denkmalpflege/fotos/2879.jpg"
26705;"Bauliche Anlage";"Kreis Hzgt. Lauenburg";"Witzeeze";"Dorfstraße";"Dorfstraße mit Feldsteinpflaster und Sommerweg";"Dorfstraße mit Feldsteinpflaster und Sommerweg; zweite Hälfte 19. Jahrhundert; Feldsteinpflasterung mit Kantensetzung und südlichem Sand- oder Grasweg; Lindenreihe in der Dorfmitte und am Festplatz";"Geschichtlich, Kulturlandschaftlich, Städtebaulich";"Dorfstraße mit Feldsteinpflaster und Sommerweg, Lindenreihe Dorfmitte, Lindenreihe am Festplatz";"https://opendata.schleswig-holstein.de/data/denkmalpflege/fotos/26705.jpg"
2852;"Bauliche Anlage";"Kreis Hzgt. Lauenburg";"Witzeeze";"Dückerschleuse 1";"Dückerschleuse: Schleusenmeisterhaus";"Alteintragung (Aktualisierung vorgesehen)";"";"Alteintragung (Aktualisierung vorgesehen)";"https://opendata.schleswig-holstein.de/data/denkmalpflege/fotos/2852.jpg"
4757;"Bauliche Anlage";"Kreis Hzgt. Lauenburg";"Witzeeze";"Dückerschleuse 1";"Dückerschleuse: Fachwerkscheune";"Alteintragung (Aktualisierung vorgesehen)";"";"Alteintragung (Aktualisierung vorgesehen)";"https://opendata.schleswig-holstein.de/data/denkmalpflege/fotos/4757.jpg"
2212;"Bauliche Anlage";"Kreis Hzgt. Lauenburg";"Witzeeze";"Dückerschleuse";"Dückerschleuse";"Alteintragung (Aktualisierung vorgesehen)";"";"Alteintragung (Aktualisierung vorgesehen)";"https://opendata.schleswig-holstein.de/data/denkmalpflege/fotos/2212.jpg"
30901;"Bauliche Anlage";"Kreis Hzgt. Lauenburg";"Wohltorf";"Alte Allee 1";"Hof Thies (Gemeindehaus)";"Hof Thies; 1867; eingeschossiges Wohn- und Wirtschaftsgebäude in Ecklage, Backsteinbau mit Kniestock und vorkragendem Satteldach, zeittypische Gliederungselemente, Hofgebäude, Baumreihe";"Geschichtlich, Kulturlandschaftlich";"Hof Thies (Gemeindehaus), Nebengebäude, Baumreihe";""
10847;"Bauliche Anlage";"Kreis Hzgt. Lauenburg";"Wohltorf";"Alter Knick 3";"Villa Sünnhus";"Villa 'Sünnhus'; Anfang 20. Jh.; zweigeschossiger, backsteinsichtiger Mauerwerksbau auf L-förmigen Grundriss unter hohem Walmdach, repräsentative Gestaltung im Heimatschutzstil";"Geschichtlich, Städtebaulich";"gesamtes Objekt";"https://opendata.schleswig-holstein.de/data/denkmalpflege/fotos/10847.jpg"
1390;"Bauliche Anlage";"Kreis Hzgt. Lauenburg";"Wohltorf";"Alter Knick 11";"Landhaus Russ";"Alteintragung (Aktualisierung vorgesehen)";"";"Alteintragung (Aktualisierung vorgesehen)";"https://opendata.schleswig-holstein.de/data/denkmalpflege/fotos/1390.jpg"
22657;"Bauliche Anlage";"Kreis Hzgt. Lauenburg";"Wohltorf";"Alter Knick 11";"Gartenpavillon";"Alteintragung (Aktualisierung vorgesehen)";"";"Alteintragung (Aktualisierung vorgesehen)";"https://opendata.schleswig-holstein.de/data/denkmalpflege/fotos/22657.jpg"
37550;"Bauliche Anlage";"Kreis Hzgt. Lauenburg";"Wohltorf";"Eichenallee 3 b";"Wohnhaus";"Wohnhaus; Anfang 20. Jh.; eingeschossiger Putzbau unter Satteldach, von der Formensprache des Heimatschutzstils geprägte Gestaltung, an der Südfassade expressionistisch anmutender Treppengiebel";"Geschichtlich, Städtebaulich";"gesamtes Objekt";""
50371;"Bauliche Anlage";"Kreis Hzgt. Lauenburg";"Wohltorf";"Vor den Hegen 20";"ehem. Duhn'sche Villa";"ehem. Duhn'sche Villa; 1914, Architekt Walther Baedeker; repräsentativer zweigeschossiger Backsteinbau in expressionistischen Formen, u-förmiger Grundriss, hoher Sockel, steiles Walmdach; rückwärtig Krypta von Klaus Dockendorf (1990); seitliche Garage";"Geschichtlich, Künstlerisch, Kulturlandschaftlich, Städtebaulich";"ehem. Duhn'sche Villa, Garage";"https://opendata.schleswig-holstein.de/data/denkmalpflege/fotos/50371.jpg"
13502;"Bauliche Anlage";"Kreis Hzgt. Lauenburg";"Woltersdorf";"Am Windberg 3";"Fachhallenkate";"Alteintragung (Aktualisierung vorgesehen)";"Geschichtlich, Kulturlandschaftlich";"gesamtes Objekt";""
40597;"Sachgesamtheit";"Kreis Hzgt. Lauenburg";"Worth";"Dorfstraße";"Kirche Worth";"Aktualisierung vorgesehen";"Geschichtlich, Künstlerisch, Kulturlandschaftlich, Städtebaulich";"Kirche mit Ausstattung, Kirchhof, Grabmale bis 1870, Feldsteinmauer, Lindenkranz";"https://opendata.schleswig-holstein.de/data/denkmalpflege/fotos/40597.jpg"
2209;"Bauliche Anlage";"Kreis Hzgt. Lauenburg";"Worth";"Bogenstraße 8";"Wohn- und Wirtschaftsgebäude";"Alteintragung (Aktualisierung vorgesehen)";"";"Alteintragung (Aktualisierung vorgesehen)";"https://opendata.schleswig-holstein.de/data/denkmalpflege/fotos/2209.jpg"
3932;"Bauliche Anlage";"Kreis Hzgt. Lauenburg";"Worth";"Dorfstraße";"Kirche mit Ausstattung";"Alteintragung (Aktualisierung vorgesehen)";"Geschichtlich, Künstlerisch, Städtebaulich";"gesamtes Objekt";"https://opendata.schleswig-holstein.de/data/denkmalpflege/fotos/3932.jpg"
12332;"Gründenkmal";"Kreis Hzgt. Lauenburg";"Worth";"Dorfstraße";"Kirchhof";"Alteintragung (Aktualisierung vorgesehen)";"Geschichtlich, Kulturlandschaftlich";"Kirchhof, Grabmale bis 1870, Feldsteinmauer, Lindenkranz";"https://opendata.schleswig-holstein.de/data/denkmalpflege/fotos/12332.jpg"
33107;"Sachgesamtheit";"Kreis Hzgt. Lauenburg";"Ziethen";"Kirchstraße 21";"Pastoratshof";"Aktualisierung vorgesehen";"Geschichtlich, Kulturlandschaftlich, Städtebaulich";"Pastorat, Pastoratsscheune, Viehhaus, Remise, Pastoratsgarten";"https://opendata.schleswig-holstein.de/data/denkmalpflege/fotos/33107.jpg"
40598;"Sachgesamtheit";"Kreis Hzgt. Lauenburg";"Ziethen";"Kirchstraße u.a.";"Kirche St. Laurentius";"Aktualisierung vorgesehen";"Geschichtlich, Künstlerisch, Kulturlandschaftlich, Städtebaulich";"Kirche St. Laurentius mit Ausstattung, Kirchhof, Feldsteinböschungsmauer, Lindenkranz";"https://opendata.schleswig-holstein.de/data/denkmalpflege/fotos/40598.jpg"
234;"Bauliche Anlage";"Kreis Hzgt. Lauenburg";"Ziethen";"Kirchstraße 13";"Dreiständer-Durchfahrtsscheune";"Alteintragung (Aktualisierung vorgesehen)";"";"Alteintragung (Aktualisierung vorgesehen)";"https://opendata.schleswig-holstein.de/data/denkmalpflege/fotos/234.jpg"
6766;"Bauliche Anlage";"Kreis Hzgt. Lauenburg";"Ziethen";"Kirchstraße 21";"Pastoratsscheune";"Alteintragung (Aktualisierung vorgesehen)";"Geschichtlich, Kulturlandschaftlich";"Alteintragung (Aktualisierung vorgesehen)";"https://opendata.schleswig-holstein.de/data/denkmalpflege/fotos/6766.jpg"
10036;"Bauliche Anlage";"Kreis Hzgt. Lauenburg";"Ziethen";"Kirchstraße 21";"Pastorat";"Alteintragung (Aktualisierung vorgesehen)";"Geschichtlich, Kulturlandschaftlich";"Alteintragung (Aktualisierung vorgesehen)";"https://opendata.schleswig-holstein.de/data/denkmalpflege/fotos/10036.jpg"
10037;"Bauliche Anlage";"Kreis Hzgt. Lauenburg";"Ziethen";"Kirchstraße 21";"Viehhaus";"Alteintragung (Aktualisierung vorgesehen)";"Geschichtlich, Kulturlandschaftlich";"Alteintragung (Aktualisierung vorgesehen)";"https://opendata.schleswig-holstein.de/data/denkmalpflege/fotos/10037.jpg"
10038;"Bauliche Anlage";"Kreis Hzgt. Lauenburg";"Ziethen";"Kirchstraße 21";"Remise";"Alteintragung (Aktualisierung vorgesehen)";"Geschichtlich, Kulturlandschaftlich";"Alteintragung (Aktualisierung vorgesehen)";"https://opendata.schleswig-holstein.de/data/denkmalpflege/fotos/10038.jpg"
3935;"Bauliche Anlage";"Kreis Hzgt. Lauenburg";"Ziethen";"Kirchstraße u.a.";"Kirche St. Laurentius mit Ausstattung";"Alteintragung (Aktualisierung vorgesehen)";"Geschichtlich, Künstlerisch, Städtebaulich";"gesamtes Objekt";"https://opendata.schleswig-holstein.de/data/denkmalpflege/fotos/3935.jpg"
23616;"Bauliche Anlage";"Kreis Hzgt. Lauenburg";"Ziethen";"Schönberger Straße 16 - 16a";"Durchfahrtscheune";"Durchfahrtscheune; 1833; Vierständerbau mit innerer Längswand, Wandständerkonstruktion auf Feldsteinsockel, Ausfachungen mit Lehmflechtwerk und Backstein, Vollwalmdach";"Geschichtlich, Kulturlandschaftlich, Städtebaulich, Wissenschaftlich";"gesamtes Objekt";""
9781;"Bauliche Anlage";"Kreis Hzgt. Lauenburg";"Ziethen";"Wietingsbek 7";"ehem. Fischerhaus";"Alteintragung (Aktualisierung vorgesehen)";"";"Alteintragung (Aktualisierung vorgesehen)";""
12687;"Bauliche Anlage";"Kreis Hzgt. Lauenburg";"Ziethen";"Wietingsbek 7";"Nebengebäude";"Alteintragung (Aktualisierung vorgesehen)";"";"Alteintragung (Aktualisierung vorgesehen)";""
10039;"Gründenkmal";"Kreis Hzgt. Lauenburg";"Ziethen";"Kirchstraße 21";"Pastoratsgarten";"Alteintragung (Aktualisierung vorgesehen)";"Geschichtlich, Kulturlandschaftlich";"gesamtes Objekt";""
10700;"Gründenkmal";"Kreis Hzgt. Lauenburg";"Ziethen";"Kirchstraße u.a.";"Kirchhof";"Alteintragung (Aktualisierung vorgesehen)";"Geschichtlich, Kulturlandschaftlich";"Kirchhof, Feldsteinböschungsmauer, Lindenkranz";"https://opendata.schleswig-holstein.de/data/denkmalpflege/fotos/10700.jpg"
