Datum/Uhrzeit;KBR.1011.IMK;KBR.1032.IMK;KBR.1041.IMK;KBR.1042.IMK;KBR.1071.IMK;KBR.1101.IMK;KBR.1111.IMK;KBR.1121.IMK;KBR.2011.IMK;KBR.2021.IMK;KBR.2041.IMK;KBR.2051.IMK;KBR.2061.IMK;KBR.2071.IMK;KBR.2081.IMK;KBR.2101.IMK;KBR.2111.IMK;KBR.2121.IMK;KBR.3011.IMK;KBR.3022.IMK;KBR.3031.IMK;KBR.3032.IMK;KBR.3051.IMK;KBR.3053.IMK;KBR.3055.IMK;KBR.3081.IMK;KBR.3091.IMK;KBR.3121.IMK;KKB.1031.IMK;KKB.1032.IMK;KKB.1041.IMK;KKB.1042.IMK;KKB.1091.IMK;KKB.1112.IMK;KKB.1121.IMK;KKB.2021.IMK;KKB.2031.IMK;KKB.2071.IMK;KKB.2091.IMK;KKB.2111.IMK;KKB.2121.IMK;KKB.3011.IMK;KKB.3031.IMK;KKB.3101.IMK;KKB.3121.IMK;KKB.3123.IMK;KKK.1001.IMK;KKK.1011.IMK;KKK.1031.IMK;KKK.1041.IMK;KKK.1051.IMK;KKK.1061.IMK;KKK.1082.IMK;KKK.1111.IMK;KKK.2011.IMK;KKK.2021.IMK;KKK.2031.IMK;KKK.2032.IMK;KKK.2041.IMK;KKK.2042.IMK;KKK.2051.IMK;KKK.2061.IMK;KKK.2072.IMK;KKK.2081.IMK;KKK.2091.IMK;KKK.2101.IMK;KKK.2111.IMK;KKK.2112.IMK;KKK.2121.IMK;KKK.3011.IMK;KKK.3012.IMK;KKK.3021.IMK;KKK.3031.IMK;KKK.3041.IMK;KKK.3051.IMK;KKK.3052.IMK;KKK.3061.IMK;KKK.3071.IMK;KKK.3101.IMK;KKK.3111.IMK;KKK.3122.IMK;KBR.TBAS.MET;KBR.NID1.MET;KBR.WRK.TIS;KBR.WGK.TIS;KKB.TBAS.MET;KKB.NIED.MET;KKB.WRK.TIS;KKB.WGK.TIS;KKK.TBAS.MET;KKK.NIED.MET;KKK.WRK.TIS;KKK.WGK.TIS;
;[µSv/h];[µSv/h];[µSv/h];[µSv/h];[µSv/h];[µSv/h];[µSv/h];[µSv/h];[µSv/h];[µSv/h];[µSv/h];[µSv/h];[µSv/h];[µSv/h];[µSv/h];[µSv/h];[µSv/h];[µSv/h];[µSv/h];[µSv/h];[µSv/h];[µSv/h];[µSv/h];[µSv/h];[µSv/h];[µSv/h];[µSv/h];[µSv/h];[µSv/h];[µSv/h];[µSv/h];[µSv/h];[µSv/h];[µSv/h];[µSv/h];[µSv/h];[µSv/h];[µSv/h];[µSv/h];[µSv/h];[µSv/h];[µSv/h];[µSv/h];[µSv/h];[µSv/h];[µSv/h];[µSv/h];[µSv/h];[µSv/h];[µSv/h];[µSv/h];[µSv/h];[µSv/h];[µSv/h];[µSv/h];[µSv/h];[µSv/h];[µSv/h];[µSv/h];[µSv/h];[µSv/h];[µSv/h];[µSv/h];[µSv/h];[µSv/h];[µSv/h];[µSv/h];[µSv/h];[µSv/h];[µSv/h];[µSv/h];[µSv/h];[µSv/h];[µSv/h];[µSv/h];[µSv/h];[µSv/h];[µSv/h];[µSv/h];[µSv/h];[µSv/h];[°C];[mm/h];[Grad];[m/s];[°C];[mm/h];[Grad];[m/s];[°C];[mm/h];[Grad];[m/s];
26.05.2023 01:00:00;7,775e-02;8,187e-02;1,024e-01;8,117e-02;1,082e-01;1,010e-01;1,105e-01;9,948e-02;1,195e-01;8,812e-02;7,663e-02;6,728e-02;8,397e-02;8,027e-02;8,638e-02;1,080e-01;1,075e-01;8,468e-02;7,030e-02;7,452e-02;5,585e-02;7,702e-02;9,598e-02;8,615e-02;6,990e-02;8,555e-02;1,280e-01;8,507e-02;6,290e-02;7,875e-02;7,823e-02;6,523e-02;7,730e-02;6,450e-02;5,955e-02;8,095e-02;7,175e-02;1,042e-01;8,220e-02;9,813e-02;8,290e-02;6,818e-02;8,133e-02;8,503e-02;8,102e-02;8,983e-02;1,050e-01;9,023e-02;8,792e-02;7,713e-02;7,637e-02;9,393e-02;8,330e-02;6,762e-02;8,443e-02;7,318e-02;7,843e-02;9,627e-02;6,968e-02;1,140e-01;;8,178e-02;7,737e-02;7,552e-02;7,960e-02;7,912e-02;9,240e-02;7,492e-02;7,398e-02;8,765e-02;8,045e-02;8,043e-02;1,063e-01;6,703e-02;7,668e-02;7,743e-02;7,903e-02;7,632e-02;8,523e-02;8,977e-02;7,078e-02;7,638e+00;0;3,463e+02;8,938e+00;8,172e+00;0;3,517e+02;9,675e+00;1,102e+01;0;3,272e+02;7,038e+00;
26.05.2023 02:00:00;7,518e-02;8,372e-02;1,058e-01;8,693e-02;1,105e-01;9,735e-02;1,103e-01;1,038e-01;1,177e-01;9,235e-02;7,968e-02;6,965e-02;8,330e-02;8,527e-02;8,657e-02;1,102e-01;1,030e-01;8,105e-02;6,742e-02;7,533e-02;5,842e-02;7,865e-02;9,640e-02;9,118e-02;7,117e-02;8,232e-02;1,273e-01;8,648e-02;6,428e-02;7,633e-02;7,633e-02;6,692e-02;7,513e-02;6,190e-02;5,857e-02;8,162e-02;7,368e-02;1,029e-01;7,868e-02;9,863e-02;8,252e-02;6,463e-02;8,038e-02;8,365e-02;8,002e-02;9,082e-02;1,047e-01;8,460e-02;8,677e-02;7,612e-02;8,082e-02;9,470e-02;8,390e-02;6,815e-02;8,632e-02;6,945e-02;7,900e-02;9,757e-02;7,360e-02;1,168e-01;;8,377e-02;7,882e-02;7,493e-02;8,023e-02;7,803e-02;9,275e-02;7,410e-02;7,593e-02;8,945e-02;8,085e-02;8,325e-02;1,056e-01;6,120e-02;7,730e-02;7,925e-02;8,173e-02;7,503e-02;8,430e-02;8,810e-02;7,440e-02;6,529e+00;0;3,494e+02;7,488e+00;7,818e+00;0;3,531e+02;1,009e+01;9,727e+00;0;3,294e+02;5,996e+00;
26.05.2023 03:00:00;7,553e-02;8,465e-02;1,082e-01;8,582e-02;1,118e-01;1,006e-01;1,113e-01;9,947e-02;1,173e-01;9,485e-02;8,193e-02;7,348e-02;8,312e-02;8,212e-02;8,723e-02;1,108e-01;1,032e-01;8,483e-02;6,845e-02;7,590e-02;5,887e-02;7,523e-02;9,177e-02;8,790e-02;7,130e-02;8,542e-02;1,247e-01;8,605e-02;6,297e-02;7,962e-02;7,718e-02;6,735e-02;7,958e-02;6,655e-02;5,972e-02;8,218e-02;7,378e-02;1,013e-01;7,910e-02;9,982e-02;8,635e-02;6,670e-02;7,903e-02;8,623e-02;8,180e-02;9,360e-02;1,092e-01;8,843e-02;8,587e-02;7,735e-02;7,935e-02;9,747e-02;8,505e-02;7,295e-02;8,673e-02;6,960e-02;8,123e-02;9,803e-02;6,985e-02;1,137e-01;;8,292e-02;7,615e-02;7,193e-02;7,977e-02;8,023e-02;9,140e-02;7,273e-02;7,528e-02;9,243e-02;7,968e-02;8,425e-02;1,028e-01;6,828e-02;7,578e-02;7,735e-02;8,198e-02;7,418e-02;8,410e-02;9,048e-02;7,277e-02;6,029e+00;0;3,494e+02;7,193e+00;7,220e+00;0;3,558e+02;8,425e+00;8,510e+00;0;3,347e+02;5,579e+00;
26.05.2023 04:00:00;7,870e-02;8,243e-02;1,053e-01;8,473e-02;1,153e-01;9,810e-02;1,125e-01;1,019e-01;1,193e-01;9,165e-02;7,915e-02;7,123e-02;8,223e-02;8,278e-02;8,860e-02;1,082e-01;1,067e-01;8,253e-02;7,165e-02;7,388e-02;5,928e-02;7,777e-02;9,162e-02;9,058e-02;7,062e-02;8,390e-02;1,213e-01;8,873e-02;6,610e-02;7,730e-02;7,620e-02;6,867e-02;7,598e-02;6,708e-02;5,890e-02;8,615e-02;7,607e-02;9,910e-02;8,157e-02;9,915e-02;8,352e-02;6,938e-02;7,703e-02;8,627e-02;7,752e-02;9,485e-02;1,045e-01;9,022e-02;8,710e-02;7,743e-02;7,827e-02;9,565e-02;8,498e-02;6,770e-02;8,682e-02;7,123e-02;7,982e-02;9,807e-02;7,182e-02;1,187e-01;;8,162e-02;7,803e-02;7,160e-02;8,282e-02;7,918e-02;9,285e-02;7,448e-02;7,685e-02;8,915e-02;8,357e-02;8,273e-02;1,060e-01;6,575e-02;7,807e-02;7,898e-02;8,160e-02;7,652e-02;8,565e-02;9,130e-02;7,720e-02;5,319e+00;0;3,512e+02;8,560e+00;6,592e+00;0;3,585e+02;9,492e+00;7,662e+00;0;3,367e+02;5,802e+00;
26.05.2023 05:00:00;7,580e-02;8,527e-02;1,034e-01;8,373e-02;1,093e-01;9,823e-02;1,107e-01;1,032e-01;1,190e-01;9,312e-02;8,143e-02;6,908e-02;8,460e-02;8,435e-02;8,667e-02;1,102e-01;1,067e-01;8,683e-02;6,853e-02;7,468e-02;5,817e-02;7,827e-02;8,817e-02;8,607e-02;7,188e-02;8,428e-02;1,275e-01;8,577e-02;6,673e-02;7,893e-02;7,850e-02;6,665e-02;7,573e-02;6,620e-02;5,762e-02;7,955e-02;7,652e-02;1,011e-01;8,178e-02;9,522e-02;8,477e-02;6,745e-02;7,915e-02;8,658e-02;8,027e-02;9,237e-02;1,092e-01;8,710e-02;8,605e-02;7,745e-02;8,210e-02;9,598e-02;8,197e-02;7,317e-02;8,717e-02;7,313e-02;8,098e-02;9,927e-02;7,053e-02;1,133e-01;;8,293e-02;7,783e-02;7,443e-02;8,007e-02;7,963e-02;9,075e-02;7,487e-02;7,532e-02;9,092e-02;8,313e-02;8,220e-02;1,030e-01;6,718e-02;7,992e-02;7,703e-02;7,415e-02;7,378e-02;8,528e-02;9,012e-02;7,528e-02;5,027e+00;0;3,522e+02;8,876e+00;6,204e+00;0;4,781e-02;8,412e+00;6,958e+00;0;3,431e+02;6,157e+00;
26.05.2023 06:00:00;7,903e-02;8,758e-02;1,050e-01;8,490e-02;1,095e-01;9,807e-02;1,103e-01;1,030e-01;1,182e-01;9,038e-02;7,835e-02;7,093e-02;8,282e-02;7,952e-02;8,528e-02;1,065e-01;1,072e-01;8,087e-02;7,023e-02;7,590e-02;5,838e-02;7,798e-02;9,235e-02;8,997e-02;7,128e-02;8,332e-02;1,262e-01;8,370e-02;6,555e-02;8,175e-02;7,665e-02;7,312e-02;7,753e-02;6,772e-02;6,170e-02;8,258e-02;7,470e-02;9,952e-02;7,562e-02;9,735e-02;8,453e-02;6,763e-02;8,128e-02;8,508e-02;7,843e-02;9,223e-02;1,082e-01;8,517e-02;8,508e-02;7,918e-02;7,783e-02;9,537e-02;8,525e-02;6,817e-02;8,783e-02;7,312e-02;8,145e-02;9,590e-02;7,052e-02;1,145e-01;;8,058e-02;7,920e-02;7,523e-02;7,962e-02;7,982e-02;9,088e-02;7,200e-02;7,655e-02;8,580e-02;7,758e-02;8,265e-02;1,063e-01;6,902e-02;7,547e-02;7,667e-02;7,943e-02;7,590e-02;8,410e-02;9,128e-02;7,295e-02;5,163e+00;0;3,541e+02;8,089e+00;5,964e+00;0;4,712e+00;8,142e+00;6,222e+00;0;3,478e+02;7,044e+00;
26.05.2023 07:00:00;7,720e-02;8,198e-02;1,080e-01;8,412e-02;1,093e-01;9,652e-02;1,110e-01;1,040e-01;1,197e-01;9,248e-02;7,978e-02;6,925e-02;8,465e-02;7,918e-02;8,725e-02;1,082e-01;1,047e-01;8,648e-02;6,887e-02;7,235e-02;5,948e-02;7,833e-02;9,262e-02;9,077e-02;7,225e-02;8,462e-02;1,275e-01;8,848e-02;6,567e-02;7,718e-02;7,747e-02;6,840e-02;7,562e-02;6,405e-02;6,230e-02;7,957e-02;7,582e-02;1,037e-01;7,800e-02;1,002e-01;8,468e-02;6,828e-02;7,750e-02;8,528e-02;7,710e-02;9,420e-02;1,054e-01;8,660e-02;8,548e-02;7,788e-02;7,965e-02;9,405e-02;8,612e-02;6,818e-02;8,847e-02;6,945e-02;7,915e-02;9,502e-02;7,200e-02;1,178e-01;;8,273e-02;7,548e-02;7,485e-02;8,367e-02;8,002e-02;9,015e-02;7,523e-02;7,525e-02;9,182e-02;8,170e-02;8,415e-02;1,042e-01;6,575e-02;7,498e-02;7,370e-02;8,145e-02;7,597e-02;8,162e-02;9,140e-02;7,452e-02;5,720e+00;0;3,501e+02;6,065e+00;7,158e+00;0;3,566e+02;7,721e+00;6,435e+00;0;3,524e+02;7,571e+00;
26.05.2023 08:00:00;7,443e-02;8,445e-02;1,102e-01;8,170e-02;1,115e-01;9,930e-02;1,102e-01;1,020e-01;1,198e-01;8,668e-02;8,018e-02;7,062e-02;8,098e-02;7,882e-02;9,077e-02;1,108e-01;1,037e-01;8,470e-02;6,693e-02;7,505e-02;5,932e-02;8,013e-02;9,137e-02;8,777e-02;7,203e-02;8,257e-02;1,267e-01;8,677e-02;6,597e-02;7,995e-02;7,875e-02;6,778e-02;7,382e-02;6,202e-02;6,115e-02;7,903e-02;7,598e-02;1,024e-01;7,830e-02;9,567e-02;8,340e-02;6,647e-02;8,160e-02;8,388e-02;7,807e-02;9,048e-02;1,054e-01;8,703e-02;8,570e-02;7,943e-02;7,458e-02;9,235e-02;8,232e-02;6,957e-02;8,682e-02;7,045e-02;7,755e-02;9,522e-02;7,068e-02;1,123e-01;;8,007e-02;7,643e-02;7,482e-02;7,923e-02;7,567e-02;8,772e-02;7,117e-02;7,348e-02;8,873e-02;8,192e-02;8,288e-02;1,048e-01;6,590e-02;7,815e-02;7,670e-02;7,947e-02;7,410e-02;8,110e-02;8,803e-02;7,628e-02;8,323e+00;0;3,429e+02;4,957e+00;8,852e+00;0;3,559e+02;6,434e+00;7,958e+00;0;3,515e+02;5,798e+00;
26.05.2023 09:00:00;7,450e-02;8,272e-02;1,087e-01;8,443e-02;1,059e-01;9,577e-02;1,080e-01;1,040e-01;1,167e-01;9,107e-02;7,495e-02;6,753e-02;7,788e-02;8,120e-02;8,420e-02;1,072e-01;1,032e-01;8,138e-02;6,628e-02;7,378e-02;5,678e-02;7,720e-02;9,232e-02;8,840e-02;7,278e-02;8,620e-02;1,240e-01;8,653e-02;6,397e-02;7,753e-02;7,565e-02;6,578e-02;7,193e-02;6,732e-02;5,838e-02;8,420e-02;7,358e-02;1,005e-01;7,610e-02;9,818e-02;8,457e-02;6,870e-02;7,773e-02;8,812e-02;8,077e-02;9,275e-02;1,049e-01;8,682e-02;8,448e-02;7,652e-02;7,582e-02;9,587e-02;8,565e-02;7,027e-02;8,710e-02;7,382e-02;7,900e-02;9,853e-02;7,465e-02;1,140e-01;;8,328e-02;7,887e-02;7,262e-02;7,993e-02;7,627e-02;9,018e-02;7,295e-02;7,400e-02;8,990e-02;7,767e-02;8,377e-02;1,057e-01;6,452e-02;7,465e-02;7,570e-02;7,958e-02;7,587e-02;8,225e-02;8,943e-02;7,475e-02;1,049e+01;0;3,393e+02;5,708e+00;1,068e+01;0;3,558e+02;6,222e+00;9,468e+00;0;3,543e+02;5,006e+00;
26.05.2023 10:00:00;7,482e-02;8,578e-02;1,050e-01;8,332e-02;1,068e-01;9,872e-02;1,125e-01;1,060e-01;1,163e-01;9,073e-02;7,660e-02;6,803e-02;8,228e-02;8,107e-02;8,603e-02;1,102e-01;1,031e-01;7,918e-02;7,145e-02;7,177e-02;5,455e-02;7,502e-02;9,293e-02;9,005e-02;6,848e-02;8,338e-02;1,247e-01;8,648e-02;6,165e-02;8,107e-02;7,893e-02;6,837e-02;7,183e-02;6,308e-02;5,957e-02;8,045e-02;7,062e-02;9,860e-02;7,477e-02;9,917e-02;8,232e-02;6,640e-02;7,920e-02;8,702e-02;8,180e-02;9,327e-02;1,038e-01;8,585e-02;8,432e-02;7,732e-02;7,882e-02;9,148e-02;8,475e-02;7,042e-02;8,668e-02;7,512e-02;8,083e-02;9,607e-02;7,070e-02;1,138e-01;;8,573e-02;7,813e-02;7,282e-02;8,258e-02;7,378e-02;8,927e-02;7,527e-02;7,493e-02;8,952e-02;7,748e-02;8,550e-02;1,040e-01;6,280e-02;7,778e-02;7,840e-02;7,778e-02;7,477e-02;8,395e-02;8,793e-02;7,037e-02;1,138e+01;0;3,516e+02;6,867e+00;1,128e+01;0;3,569e+02;7,185e+00;1,097e+01;0;3,547e+02;5,549e+00;
26.05.2023 11:00:00;7,937e-02;8,473e-02;1,105e-01;8,327e-02;1,082e-01;9,977e-02;1,097e-01;1,022e-01;1,220e-01;8,802e-02;7,825e-02;6,802e-02;8,078e-02;8,035e-02;8,398e-02;1,068e-01;1,082e-01;8,512e-02;6,415e-02;7,757e-02;5,642e-02;7,828e-02;9,235e-02;8,950e-02;6,990e-02;8,620e-02;1,260e-01;8,698e-02;5,970e-02;7,662e-02;7,522e-02;6,840e-02;7,390e-02;6,255e-02;5,992e-02;7,937e-02;7,623e-02;9,772e-02;7,740e-02;9,637e-02;8,518e-02;6,397e-02;8,087e-02;8,515e-02;7,893e-02;9,158e-02;1,036e-01;9,015e-02;8,732e-02;7,665e-02;7,468e-02;9,415e-02;8,403e-02;7,215e-02;8,753e-02;7,112e-02;7,885e-02;9,743e-02;7,110e-02;1,160e-01;;8,243e-02;8,032e-02;7,495e-02;7,953e-02;7,398e-02;9,335e-02;7,183e-02;7,775e-02;8,902e-02;7,735e-02;8,197e-02;1,033e-01;6,412e-02;7,835e-02;7,648e-02;8,060e-02;7,592e-02;8,558e-02;8,900e-02;7,413e-02;1,241e+01;0;3,413e+02;6,164e+00;1,195e+01;0;3,419e+02;5,343e+00;1,272e+01;0;3,456e+02;5,104e+00;
26.05.2023 12:00:00;7,565e-02;8,370e-02;1,058e-01;8,457e-02;1,103e-01;9,707e-02;1,088e-01;1,023e-01;1,200e-01;9,013e-02;7,873e-02;6,882e-02;8,515e-02;7,840e-02;8,690e-02;1,067e-01;1,053e-01;8,440e-02;6,943e-02;7,630e-02;5,688e-02;7,643e-02;9,260e-02;8,888e-02;6,758e-02;8,473e-02;1,260e-01;8,542e-02;6,137e-02;7,997e-02;7,792e-02;6,647e-02;7,432e-02;6,268e-02;6,233e-02;7,725e-02;7,390e-02;1,009e-01;7,927e-02;9,607e-02;8,380e-02;6,710e-02;8,073e-02;8,598e-02;7,612e-02;9,190e-02;1,037e-01;8,610e-02;8,787e-02;7,882e-02;7,608e-02;9,453e-02;8,580e-02;7,068e-02;8,585e-02;6,912e-02;7,883e-02;9,893e-02;7,162e-02;1,172e-01;;8,337e-02;7,990e-02;7,470e-02;8,003e-02;7,167e-02;9,020e-02;6,928e-02;7,623e-02;8,318e-02;7,728e-02;8,082e-02;1,037e-01;6,233e-02;7,680e-02;7,492e-02;7,848e-02;7,703e-02;8,137e-02;8,680e-02;7,303e-02;1,258e+01;0;3,267e+02;5,101e+00;1,242e+01;0;3,430e+02;5,244e+00;1,396e+01;0;3,404e+02;4,224e+00;
26.05.2023 13:00:00;7,627e-02;8,707e-02;1,087e-01;8,162e-02;1,058e-01;9,980e-02;1,088e-01;1,020e-01;1,202e-01;8,667e-02;7,878e-02;6,835e-02;8,195e-02;8,057e-02;8,605e-02;1,102e-01;1,036e-01;8,658e-02;6,952e-02;7,412e-02;5,807e-02;7,585e-02;9,228e-02;8,987e-02;7,033e-02;8,570e-02;1,248e-01;8,702e-02;6,325e-02;7,502e-02;7,840e-02;6,720e-02;7,443e-02;6,215e-02;5,923e-02;8,098e-02;7,133e-02;9,862e-02;7,897e-02;9,798e-02;8,393e-02;6,530e-02;7,798e-02;8,815e-02;8,182e-02;9,233e-02;1,043e-01;9,135e-02;8,610e-02;7,648e-02;7,760e-02;9,293e-02;8,595e-02;7,195e-02;8,335e-02;7,373e-02;7,967e-02;9,273e-02;7,248e-02;1,183e-01;;8,190e-02;7,645e-02;7,382e-02;7,690e-02;7,403e-02;9,098e-02;7,157e-02;7,502e-02;8,868e-02;7,832e-02;8,197e-02;1,021e-01;6,083e-02;7,582e-02;7,940e-02;7,927e-02;7,395e-02;8,483e-02;8,885e-02;7,485e-02;1,309e+01;0;3,326e+02;5,421e+00;1,329e+01;0;3,366e+02;7,383e+00;1,528e+01;0;3,132e+02;5,184e+00;
26.05.2023 14:00:00;7,603e-02;8,370e-02;1,100e-01;8,377e-02;1,093e-01;9,993e-02;1,117e-01;1,014e-01;1,178e-01;9,095e-02;7,922e-02;7,000e-02;8,008e-02;7,810e-02;8,723e-02;1,097e-01;1,063e-01;8,682e-02;6,598e-02;7,378e-02;5,770e-02;7,612e-02;9,565e-02;9,018e-02;7,007e-02;8,692e-02;1,263e-01;8,528e-02;6,472e-02;7,675e-02;7,773e-02;6,932e-02;7,198e-02;6,478e-02;5,990e-02;7,940e-02;7,395e-02;9,885e-02;7,987e-02;9,782e-02;7,818e-02;6,788e-02;8,198e-02;8,540e-02;7,628e-02;8,895e-02;1,043e-01;8,873e-02;8,660e-02;7,798e-02;7,693e-02;9,627e-02;8,443e-02;7,152e-02;8,315e-02;7,343e-02;7,732e-02;9,938e-02;7,120e-02;1,148e-01;;8,370e-02;7,498e-02;7,473e-02;7,920e-02;7,463e-02;9,320e-02;7,127e-02;7,820e-02;9,077e-02;7,582e-02;8,168e-02;1,060e-01;6,550e-02;7,322e-02;7,723e-02;7,787e-02;7,945e-02;8,478e-02;9,053e-02;7,295e-02;1,339e+01;0;3,305e+02;6,270e+00;1,332e+01;0;3,302e+02;6,738e+00;1,624e+01;0;3,086e+02;5,581e+00;
26.05.2023 15:00:00;7,720e-02;8,590e-02;1,070e-01;8,260e-02;1,100e-01;9,960e-02;1,103e-01;1,038e-01;1,183e-01;9,393e-02;7,703e-02;7,168e-02;8,207e-02;7,965e-02;8,317e-02;1,074e-01;1,042e-01;8,515e-02;6,947e-02;7,083e-02;5,570e-02;7,353e-02;9,072e-02;9,123e-02;7,215e-02;8,458e-02;1,227e-01;8,612e-02;6,352e-02;7,977e-02;7,540e-02;6,957e-02;7,373e-02;6,770e-02;5,920e-02;8,215e-02;7,157e-02;9,782e-02;7,982e-02;9,827e-02;8,243e-02;6,707e-02;7,802e-02;8,457e-02;7,955e-02;8,903e-02;1,051e-01;8,598e-02;8,587e-02;7,643e-02;7,748e-02;9,430e-02;8,562e-02;7,067e-02;8,207e-02;7,113e-02;8,073e-02;9,738e-02;7,140e-02;1,173e-01;;8,395e-02;7,657e-02;7,412e-02;8,205e-02;7,675e-02;9,343e-02;7,187e-02;7,355e-02;8,732e-02;7,893e-02;8,292e-02;1,011e-01;6,398e-02;7,677e-02;7,443e-02;8,013e-02;7,440e-02;8,448e-02;9,152e-02;7,333e-02;1,400e+01;0;3,324e+02;6,111e+00;1,418e+01;0;3,329e+02;6,259e+00;1,666e+01;0;3,124e+02;5,136e+00;
26.05.2023 16:00:00;7,422e-02;8,448e-02;1,097e-01;8,187e-02;1,123e-01;9,670e-02;1,108e-01;1,005e-01;1,163e-01;9,117e-02;8,000e-02;6,845e-02;8,488e-02;7,902e-02;8,393e-02;1,076e-01;1,051e-01;8,748e-02;6,910e-02;7,278e-02;6,160e-02;7,727e-02;9,207e-02;8,837e-02;7,152e-02;8,368e-02;1,263e-01;8,602e-02;6,480e-02;7,743e-02;7,672e-02;6,497e-02;7,510e-02;6,425e-02;6,018e-02;8,120e-02;7,515e-02;9,922e-02;7,607e-02;1,003e-01;8,525e-02;6,642e-02;7,912e-02;8,385e-02;7,850e-02;9,197e-02;1,083e-01;8,697e-02;8,845e-02;7,460e-02;7,835e-02;9,243e-02;8,352e-02;6,738e-02;8,335e-02;7,365e-02;7,548e-02;9,632e-02;6,915e-02;1,170e-01;;8,740e-02;7,620e-02;7,302e-02;8,090e-02;7,590e-02;9,165e-02;6,983e-02;7,485e-02;8,632e-02;7,748e-02;8,107e-02;1,038e-01;6,382e-02;7,578e-02;7,845e-02;7,958e-02;7,377e-02;8,532e-02;9,007e-02;7,062e-02;1,473e+01;0;3,378e+02;5,822e+00;1,480e+01;0;3,245e+02;6,813e+00;1,674e+01;0;3,069e+02;6,020e+00;
26.05.2023 17:00:00;7,545e-02;8,438e-02;1,045e-01;8,243e-02;1,089e-01;9,640e-02;1,117e-01;1,025e-01;1,205e-01;8,707e-02;7,843e-02;6,935e-02;8,317e-02;7,998e-02;8,577e-02;1,115e-01;1,057e-01;7,948e-02;6,980e-02;7,557e-02;5,668e-02;7,565e-02;9,257e-02;8,885e-02;7,007e-02;8,073e-02;1,265e-01;8,650e-02;6,215e-02;7,763e-02;7,743e-02;6,785e-02;7,518e-02;6,145e-02;6,175e-02;8,128e-02;7,390e-02;9,982e-02;7,767e-02;9,672e-02;8,610e-02;6,897e-02;8,223e-02;8,523e-02;8,112e-02;9,057e-02;1,098e-01;8,923e-02;8,690e-02;7,723e-02;7,678e-02;9,285e-02;8,442e-02;6,977e-02;8,427e-02;6,792e-02;7,957e-02;9,835e-02;7,030e-02;1,138e-01;;8,132e-02;7,592e-02;7,165e-02;8,025e-02;7,683e-02;9,135e-02;7,240e-02;7,852e-02;8,637e-02;8,193e-02;8,268e-02;1,035e-01;6,527e-02;7,510e-02;7,515e-02;8,153e-02;7,245e-02;8,803e-02;8,905e-02;7,245e-02;1,471e+01;0;3,274e+02;6,553e+00;1,431e+01;0;3,347e+02;6,499e+00;1,684e+01;0;3,087e+02;5,013e+00;
26.05.2023 18:00:00;7,700e-02;8,687e-02;1,077e-01;8,385e-02;1,069e-01;9,913e-02;1,123e-01;1,010e-01;1,170e-01;8,887e-02;7,953e-02;6,965e-02;7,983e-02;7,745e-02;8,450e-02;1,103e-01;1,070e-01;8,493e-02;7,180e-02;7,678e-02;5,770e-02;7,577e-02;9,027e-02;9,090e-02;7,168e-02;8,540e-02;1,272e-01;8,637e-02;6,485e-02;7,928e-02;7,832e-02;6,555e-02;7,367e-02;6,558e-02;5,950e-02;8,368e-02;7,412e-02;1,032e-01;7,698e-02;9,763e-02;8,362e-02;6,815e-02;7,723e-02;8,400e-02;7,860e-02;9,382e-02;1,055e-01;8,465e-02;8,532e-02;7,612e-02;8,055e-02;9,107e-02;8,768e-02;6,927e-02;8,415e-02;7,085e-02;8,003e-02;9,485e-02;7,115e-02;1,157e-01;;8,243e-02;7,797e-02;7,345e-02;8,040e-02;7,548e-02;9,298e-02;7,082e-02;7,582e-02;8,717e-02;7,978e-02;8,137e-02;1,020e-01;6,385e-02;7,682e-02;7,707e-02;8,145e-02;7,285e-02;8,618e-02;9,092e-02;7,327e-02;1,480e+01;0;3,230e+02;5,382e+00;1,443e+01;0;3,284e+02;6,636e+00;1,653e+01;0;3,317e+02;3,888e+00;
26.05.2023 19:00:00;7,557e-02;8,638e-02;1,075e-01;8,232e-02;1,090e-01;9,882e-02;1,080e-01;1,032e-01;1,200e-01;8,910e-02;7,872e-02;6,818e-02;7,895e-02;7,563e-02;8,502e-02;1,093e-01;1,055e-01;8,572e-02;6,853e-02;7,560e-02;5,947e-02;7,512e-02;9,010e-02;8,728e-02;7,202e-02;8,450e-02;1,248e-01;8,465e-02;6,382e-02;7,715e-02;7,883e-02;6,898e-02;7,357e-02;6,538e-02;5,745e-02;7,858e-02;7,427e-02;1,025e-01;7,713e-02;9,862e-02;8,698e-02;6,702e-02;7,850e-02;8,925e-02;7,873e-02;9,332e-02;1,062e-01;8,535e-02;9,135e-02;7,703e-02;7,908e-02;9,262e-02;8,443e-02;6,977e-02;8,362e-02;7,028e-02;7,827e-02;9,743e-02;6,932e-02;1,157e-01;;8,407e-02;7,460e-02;7,095e-02;8,148e-02;7,755e-02;9,258e-02;7,253e-02;7,555e-02;8,868e-02;7,873e-02;8,105e-02;1,038e-01;6,505e-02;7,582e-02;7,595e-02;7,503e-02;7,508e-02;8,227e-02;8,825e-02;7,042e-02;1,412e+01;0;3,242e+02;5,883e+00;1,411e+01;0;3,250e+02;6,924e+00;1,649e+01;0;3,299e+02;3,494e+00;
26.05.2023 20:00:00;7,493e-02;8,235e-02;1,105e-01;8,632e-02;1,063e-01;9,635e-02;1,095e-01;1,003e-01;1,188e-01;8,858e-02;8,010e-02;7,160e-02;7,993e-02;7,760e-02;8,482e-02;1,078e-01;1,050e-01;8,327e-02;6,983e-02;7,562e-02;6,193e-02;7,767e-02;8,987e-02;8,977e-02;6,998e-02;8,373e-02;1,267e-01;8,685e-02;6,480e-02;7,662e-02;7,758e-02;6,750e-02;7,293e-02;6,123e-02;6,050e-02;8,218e-02;7,203e-02;1,001e-01;7,370e-02;9,648e-02;8,432e-02;6,802e-02;7,948e-02;8,473e-02;7,940e-02;9,228e-02;1,075e-01;8,662e-02;8,557e-02;7,638e-02;7,800e-02;9,260e-02;8,360e-02;7,022e-02;8,243e-02;7,075e-02;7,813e-02;9,515e-02;7,063e-02;1,160e-01;;8,207e-02;7,677e-02;7,332e-02;7,773e-02;7,818e-02;9,097e-02;7,180e-02;7,445e-02;9,120e-02;7,910e-02;8,095e-02;1,031e-01;6,822e-02;7,355e-02;7,607e-02;8,198e-02;7,645e-02;8,178e-02;8,772e-02;7,248e-02;1,359e+01;0;3,231e+02;5,252e+00;1,314e+01;0;3,262e+02;6,750e+00;1,579e+01;0;3,360e+02;4,103e+00;
26.05.2023 21:00:00;7,693e-02;8,562e-02;1,096e-01;8,482e-02;1,110e-01;9,785e-02;1,150e-01;1,023e-01;1,162e-01;8,993e-02;7,477e-02;6,722e-02;7,700e-02;8,115e-02;8,612e-02;1,070e-01;1,053e-01;8,770e-02;7,222e-02;7,440e-02;5,670e-02;7,782e-02;8,923e-02;8,852e-02;6,912e-02;8,648e-02;1,272e-01;8,778e-02;6,382e-02;7,648e-02;7,793e-02;7,037e-02;7,547e-02;6,442e-02;6,002e-02;8,125e-02;7,440e-02;1,002e-01;7,785e-02;9,797e-02;8,363e-02;7,012e-02;7,998e-02;8,870e-02;7,997e-02;8,912e-02;1,098e-01;8,933e-02;8,487e-02;7,640e-02;7,822e-02;9,627e-02;8,428e-02;6,785e-02;8,508e-02;7,315e-02;7,865e-02;9,580e-02;7,048e-02;1,207e-01;;8,355e-02;7,650e-02;7,188e-02;7,993e-02;7,705e-02;9,207e-02;6,895e-02;7,665e-02;8,552e-02;7,977e-02;8,292e-02;1,063e-01;6,530e-02;7,757e-02;7,620e-02;7,873e-02;7,757e-02;8,693e-02;8,863e-02;7,457e-02;1,228e+01;0;3,232e+02;5,524e+00;1,218e+01;0;3,342e+02;7,026e+00;1,470e+01;0;3,485e+02;3,447e+00;
26.05.2023 22:00:00;7,435e-02;8,307e-02;1,085e-01;8,450e-02;1,090e-01;9,845e-02;1,132e-01;1,028e-01;1,183e-01;9,147e-02;7,913e-02;6,957e-02;8,193e-02;7,895e-02;8,555e-02;1,073e-01;1,042e-01;8,182e-02;6,768e-02;7,303e-02;5,998e-02;7,432e-02;8,938e-02;8,727e-02;7,010e-02;8,712e-02;1,292e-01;8,732e-02;6,415e-02;7,752e-02;7,952e-02;6,582e-02;7,498e-02;6,720e-02;6,125e-02;8,395e-02;7,593e-02;9,983e-02;8,075e-02;9,715e-02;8,355e-02;6,768e-02;7,845e-02;8,708e-02;8,040e-02;9,445e-02;1,045e-01;8,573e-02;8,488e-02;7,915e-02;8,052e-02;9,602e-02;8,272e-02;6,992e-02;8,410e-02;7,430e-02;8,077e-02;9,910e-02;7,207e-02;1,173e-01;;8,278e-02;7,790e-02;7,307e-02;8,088e-02;7,943e-02;9,248e-02;7,102e-02;7,498e-02;8,885e-02;7,880e-02;8,268e-02;1,015e-01;6,393e-02;7,668e-02;7,565e-02;7,432e-02;7,227e-02;8,400e-02;8,880e-02;7,307e-02;1,051e+01;0;3,258e+02;5,772e+00;1,089e+01;0;3,393e+02;7,806e+00;1,257e+01;0;3,294e+02;4,236e+00;
26.05.2023 23:00:00;7,632e-02;8,582e-02;1,075e-01;8,220e-02;1,087e-01;9,790e-02;1,100e-01;1,029e-01;1,182e-01;8,970e-02;8,068e-02;6,993e-02;7,877e-02;7,982e-02;8,838e-02;1,070e-01;1,050e-01;8,677e-02;7,138e-02;7,322e-02;5,807e-02;7,563e-02;9,273e-02;8,898e-02;7,215e-02;8,448e-02;1,257e-01;8,753e-02;6,560e-02;8,030e-02;7,960e-02;6,807e-02;7,287e-02;6,640e-02;5,668e-02;8,177e-02;7,437e-02;9,720e-02;8,100e-02;9,955e-02;8,585e-02;6,805e-02;8,155e-02;8,742e-02;7,972e-02;8,895e-02;1,073e-01;8,798e-02;8,737e-02;7,743e-02;7,628e-02;9,393e-02;8,340e-02;6,782e-02;8,503e-02;7,117e-02;8,185e-02;9,453e-02;7,082e-02;1,167e-01;;8,133e-02;7,565e-02;7,618e-02;8,115e-02;7,667e-02;9,240e-02;7,127e-02;7,428e-02;9,122e-02;7,860e-02;8,215e-02;1,069e-01;6,552e-02;7,697e-02;7,653e-02;8,023e-02;7,662e-02;8,190e-02;8,838e-02;7,448e-02;8,858e+00;0;3,355e+02;6,307e+00;9,708e+00;0;3,422e+02;6,898e+00;1,165e+01;0;3,293e+02;6,018e+00;
27.05.2023 00:00:00;7,670e-02;8,473e-02;1,078e-01;8,615e-02;1,083e-01;9,880e-02;1,103e-01;1,021e-01;1,175e-01;9,193e-02;7,843e-02;6,747e-02;8,015e-02;7,995e-02;8,793e-02;1,100e-01;1,078e-01;8,657e-02;6,923e-02;7,490e-02;5,965e-02;8,138e-02;9,212e-02;8,897e-02;6,853e-02;8,480e-02;1,290e-01;8,970e-02;6,278e-02;7,707e-02;7,945e-02;6,948e-02;7,418e-02;6,400e-02;6,138e-02;7,948e-02;7,560e-02;1,017e-01;7,903e-02;9,635e-02;8,452e-02;6,603e-02;7,843e-02;8,553e-02;7,973e-02;8,968e-02;1,047e-01;8,593e-02;8,433e-02;7,853e-02;7,913e-02;9,893e-02;8,345e-02;6,990e-02;8,660e-02;7,362e-02;7,665e-02;9,813e-02;7,112e-02;1,167e-01;;8,247e-02;7,375e-02;7,142e-02;7,758e-02;7,577e-02;9,315e-02;7,128e-02;7,773e-02;8,548e-02;8,112e-02;8,253e-02;1,009e-01;6,275e-02;7,360e-02;7,882e-02;7,947e-02;7,445e-02;8,562e-02;8,557e-02;7,332e-02;8,065e+00;0;3,421e+02;7,231e+00;8,900e+00;0;3,469e+02;7,169e+00;1,119e+01;0;3,343e+02;7,533e+00;
27.05.2023 01:00:00;7,615e-02;8,732e-02;1,058e-01;8,218e-02;1,096e-01;9,877e-02;1,127e-01;1,010e-01;1,215e-01;9,197e-02;7,915e-02;7,020e-02;8,415e-02;8,230e-02;8,690e-02;1,060e-01;1,029e-01;8,143e-02;7,128e-02;7,348e-02;6,150e-02;7,737e-02;9,377e-02;9,007e-02;7,012e-02;8,477e-02;1,285e-01;8,782e-02;6,613e-02;7,590e-02;7,808e-02;7,030e-02;7,373e-02;6,697e-02;5,880e-02;8,135e-02;7,940e-02;9,993e-02;7,823e-02;9,808e-02;8,687e-02;6,772e-02;7,990e-02;8,455e-02;7,895e-02;9,395e-02;1,073e-01;8,793e-02;8,260e-02;7,663e-02;7,672e-02;9,198e-02;8,553e-02;7,112e-02;8,968e-02;7,285e-02;8,027e-02;9,855e-02;7,170e-02;1,158e-01;;8,415e-02;7,637e-02;7,020e-02;8,242e-02;7,820e-02;9,237e-02;7,103e-02;7,185e-02;8,977e-02;7,582e-02;8,350e-02;1,060e-01;6,592e-02;7,660e-02;7,982e-02;7,912e-02;7,435e-02;8,395e-02;9,095e-02;7,235e-02;7,923e+00;0;3,513e+02;7,793e+00;8,239e+00;0;3,563e+02;8,148e+00;1,010e+01;0;3,265e+02;5,818e+00;
27.05.2023 02:00:00;7,540e-02;8,540e-02;1,088e-01;8,648e-02;1,088e-01;1,012e-01;1,062e-01;1,011e-01;1,192e-01;8,953e-02;7,953e-02;6,672e-02;8,062e-02;8,187e-02;8,957e-02;1,057e-01;1,085e-01;8,398e-02;7,065e-02;7,543e-02;5,650e-02;7,670e-02;9,090e-02;9,112e-02;6,855e-02;8,382e-02;1,257e-01;8,787e-02;6,645e-02;7,853e-02;7,828e-02;6,828e-02;7,547e-02;6,620e-02;5,858e-02;8,037e-02;7,562e-02;1,031e-01;8,270e-02;9,755e-02;8,477e-02;7,127e-02;7,712e-02;8,905e-02;8,215e-02;9,385e-02;1,052e-01;8,638e-02;8,937e-02;7,707e-02;7,940e-02;9,405e-02;8,623e-02;6,952e-02;8,480e-02;6,995e-02;8,268e-02;9,718e-02;7,082e-02;1,155e-01;;8,352e-02;7,627e-02;7,410e-02;7,827e-02;8,025e-02;9,285e-02;6,992e-02;7,482e-02;9,243e-02;7,868e-02;8,270e-02;1,072e-01;6,425e-02;7,937e-02;7,893e-02;7,887e-02;7,617e-02;8,245e-02;8,848e-02;7,565e-02;7,169e+00;0;3,548e+02;7,160e+00;7,923e+00;0;9,214e-01;7,967e+00;9,332e+00;0;3,296e+02;4,552e+00;
27.05.2023 03:00:00;7,672e-02;8,510e-02;1,056e-01;8,203e-02;1,073e-01;1,057e-01;1,093e-01;1,015e-01;1,147e-01;9,077e-02;7,750e-02;7,003e-02;8,198e-02;8,140e-02;8,807e-02;1,073e-01;1,063e-01;8,707e-02;6,907e-02;7,608e-02;6,062e-02;7,552e-02;9,418e-02;8,923e-02;7,087e-02;8,540e-02;1,277e-01;8,568e-02;6,322e-02;8,015e-02;7,573e-02;6,858e-02;7,737e-02;6,442e-02;5,868e-02;8,098e-02;7,653e-02;1,001e-01;7,870e-02;1,000e-01;8,670e-02;6,803e-02;8,118e-02;8,637e-02;7,610e-02;9,152e-02;1,058e-01;8,872e-02;8,517e-02;7,817e-02;7,693e-02;9,243e-02;8,327e-02;6,795e-02;8,582e-02;7,410e-02;7,840e-02;9,748e-02;7,178e-02;1,157e-01;;8,422e-02;8,098e-02;7,390e-02;8,167e-02;8,082e-02;8,967e-02;7,160e-02;7,287e-02;8,898e-02;8,023e-02;8,288e-02;1,072e-01;6,888e-02;7,705e-02;7,980e-02;7,840e-02;7,720e-02;8,478e-02;8,792e-02;7,650e-02;6,635e+00;0;2,375e+00;5,651e+00;7,585e+00;0;7,161e+00;7,116e+00;8,725e+00;0;3,430e+02;3,313e+00;
27.05.2023 04:00:00;7,550e-02;8,627e-02;1,054e-01;8,533e-02;1,095e-01;9,618e-02;1,113e-01;1,029e-01;1,237e-01;8,748e-02;7,790e-02;7,132e-02;8,098e-02;8,148e-02;8,810e-02;1,092e-01;1,038e-01;8,578e-02;7,032e-02;7,627e-02;5,997e-02;7,930e-02;9,088e-02;8,795e-02;7,282e-02;8,743e-02;1,232e-01;8,587e-02;6,518e-02;7,938e-02;7,712e-02;6,635e-02;7,625e-02;6,447e-02;5,972e-02;8,250e-02;7,452e-02;1,030e-01;8,325e-02;9,632e-02;8,645e-02;6,802e-02;8,090e-02;8,457e-02;8,270e-02;9,410e-02;1,043e-01;8,707e-02;8,737e-02;7,778e-02;7,868e-02;9,820e-02;8,390e-02;7,257e-02;8,823e-02;7,153e-02;8,118e-02;9,827e-02;7,340e-02;1,163e-01;;8,523e-02;7,982e-02;7,427e-02;8,267e-02;8,043e-02;9,173e-02;7,675e-02;7,577e-02;8,832e-02;8,190e-02;8,193e-02;1,068e-01;6,578e-02;7,507e-02;7,477e-02;8,048e-02;7,710e-02;7,987e-02;8,780e-02;7,447e-02;6,063e+00;0;1,014e+01;5,041e+00;6,983e+00;0;1,206e+01;5,962e+00;8,063e+00;0;3,576e+02;4,311e+00;
27.05.2023 05:00:00;7,757e-02;8,690e-02;1,082e-01;8,258e-02;1,107e-01;9,753e-02;1,110e-01;1,044e-01;1,217e-01;9,360e-02;8,077e-02;7,177e-02;8,423e-02;7,803e-02;8,762e-02;1,082e-01;1,028e-01;8,270e-02;6,833e-02;7,407e-02;5,775e-02;7,735e-02;9,325e-02;9,190e-02;7,188e-02;8,768e-02;1,273e-01;8,760e-02;6,488e-02;7,953e-02;8,120e-02;6,967e-02;7,600e-02;6,468e-02;6,130e-02;8,010e-02;7,670e-02;1,058e-01;7,973e-02;9,693e-02;8,610e-02;6,568e-02;7,740e-02;8,890e-02;7,970e-02;8,982e-02;1,087e-01;8,923e-02;8,823e-02;7,615e-02;7,978e-02;9,955e-02;9,055e-02;7,348e-02;8,840e-02;7,127e-02;8,035e-02;9,665e-02;7,173e-02;1,212e-01;;8,362e-02;7,932e-02;7,678e-02;8,412e-02;7,818e-02;9,157e-02;7,412e-02;7,523e-02;8,667e-02;7,865e-02;8,340e-02;1,023e-01;6,718e-02;7,498e-02;8,110e-02;7,703e-02;7,710e-02;8,215e-02;8,815e-02;7,648e-02;5,688e+00;0;1,429e+01;4,009e+00;6,320e+00;0;1,567e+01;6,646e+00;7,843e+00;0;1,378e+01;5,426e+00;
27.05.2023 06:00:00;7,808e-02;8,318e-02;1,064e-01;8,573e-02;1,062e-01;9,947e-02;1,122e-01;1,010e-01;1,173e-01;9,158e-02;7,838e-02;7,100e-02;8,350e-02;7,995e-02;8,925e-02;1,113e-01;1,087e-01;8,587e-02;6,823e-02;7,490e-02;5,457e-02;7,940e-02;9,343e-02;8,905e-02;7,247e-02;8,347e-02;1,255e-01;8,777e-02;6,115e-02;7,967e-02;7,735e-02;6,882e-02;7,487e-02;6,483e-02;6,107e-02;7,933e-02;7,848e-02;9,785e-02;8,232e-02;9,877e-02;8,678e-02;6,900e-02;8,015e-02;8,635e-02;7,728e-02;9,297e-02;1,107e-01;8,867e-02;8,627e-02;7,940e-02;8,213e-02;9,655e-02;8,965e-02;7,178e-02;8,982e-02;7,307e-02;8,135e-02;9,548e-02;7,070e-02;1,192e-01;;8,573e-02;8,105e-02;7,773e-02;8,312e-02;8,193e-02;9,457e-02;7,433e-02;7,457e-02;8,748e-02;8,172e-02;8,343e-02;1,058e-01;6,677e-02;7,918e-02;8,072e-02;8,020e-02;7,658e-02;8,228e-02;8,983e-02;7,582e-02;5,604e+00;0;1,609e+01;3,939e+00;6,040e+00;0;1,584e+01;5,910e+00;6,901e+00;0;2,442e+01;4,206e+00;
27.05.2023 07:00:00;7,705e-02;8,863e-02;1,097e-01;8,607e-02;1,085e-01;1,024e-01;1,068e-01;1,018e-01;1,218e-01;9,535e-02;7,953e-02;7,320e-02;8,268e-02;8,153e-02;8,902e-02;1,118e-01;1,074e-01;8,475e-02;7,168e-02;7,953e-02;5,728e-02;7,458e-02;9,548e-02;8,902e-02;7,130e-02;8,382e-02;1,267e-01;8,658e-02;6,445e-02;7,987e-02;7,908e-02;6,948e-02;7,588e-02;6,607e-02;6,020e-02;8,338e-02;7,470e-02;1,033e-01;8,090e-02;9,712e-02;8,495e-02;6,960e-02;8,048e-02;8,705e-02;8,010e-02;9,010e-02;1,089e-01;8,760e-02;8,858e-02;8,040e-02;8,243e-02;9,897e-02;8,815e-02;7,278e-02;8,757e-02;7,298e-02;7,995e-02;1,014e-01;7,073e-02;1,178e-01;;8,752e-02;7,738e-02;7,718e-02;8,057e-02;8,332e-02;9,122e-02;7,468e-02;7,402e-02;9,010e-02;8,073e-02;8,457e-02;1,058e-01;6,745e-02;8,007e-02;8,127e-02;8,208e-02;7,795e-02;8,373e-02;9,162e-02;7,890e-02;5,683e+00;0;2,168e+01;4,519e+00;6,452e+00;0;2,103e+01;5,101e+00;7,599e+00;0;4,416e+01;4,626e+00;
27.05.2023 08:00:00;7,695e-02;8,732e-02;1,087e-01;8,612e-02;1,115e-01;9,877e-02;1,123e-01;1,033e-01;1,187e-01;9,053e-02;7,728e-02;6,860e-02;7,965e-02;7,893e-02;8,932e-02;1,068e-01;1,052e-01;8,673e-02;6,913e-02;7,757e-02;5,700e-02;7,790e-02;9,412e-02;8,908e-02;7,127e-02;8,227e-02;1,268e-01;8,618e-02;6,467e-02;8,320e-02;7,837e-02;6,920e-02;7,545e-02;7,013e-02;5,827e-02;8,348e-02;7,832e-02;1,025e-01;7,985e-02;9,793e-02;8,490e-02;6,853e-02;7,883e-02;8,990e-02;7,753e-02;9,607e-02;1,047e-01;8,893e-02;8,510e-02;8,125e-02;7,998e-02;9,518e-02;8,745e-02;7,143e-02;8,637e-02;7,118e-02;8,248e-02;9,877e-02;7,208e-02;1,185e-01;;8,723e-02;7,720e-02;7,683e-02;8,343e-02;8,035e-02;9,345e-02;7,460e-02;7,622e-02;9,013e-02;7,837e-02;8,390e-02;1,045e-01;6,553e-02;7,732e-02;7,997e-02;8,068e-02;7,662e-02;8,728e-02;9,190e-02;7,427e-02;7,514e+00;0;2,727e+01;3,975e+00;8,060e+00;0;3,250e+01;3,882e+00;9,240e+00;0;5,386e+01;2,808e+00;
27.05.2023 09:00:00;7,508e-02;8,515e-02;1,077e-01;8,422e-02;1,088e-01;1,001e-01;1,107e-01;1,021e-01;1,222e-01;9,437e-02;8,010e-02;7,133e-02;8,077e-02;8,140e-02;8,782e-02;1,090e-01;1,041e-01;8,385e-02;7,233e-02;7,650e-02;5,937e-02;7,750e-02;9,262e-02;8,890e-02;7,070e-02;8,840e-02;1,255e-01;8,790e-02;6,467e-02;7,753e-02;8,222e-02;6,987e-02;7,527e-02;6,585e-02;6,178e-02;8,168e-02;7,182e-02;1,045e-01;7,545e-02;9,345e-02;8,470e-02;6,920e-02;7,863e-02;8,995e-02;8,057e-02;9,292e-02;1,068e-01;8,778e-02;8,745e-02;8,052e-02;7,943e-02;9,492e-02;8,470e-02;7,232e-02;8,987e-02;7,353e-02;8,115e-02;1,001e-01;7,313e-02;1,172e-01;;8,227e-02;7,743e-02;7,975e-02;8,195e-02;7,965e-02;9,478e-02;7,498e-02;7,812e-02;8,972e-02;8,092e-02;8,262e-02;1,070e-01;6,590e-02;7,537e-02;7,940e-02;7,923e-02;7,487e-02;8,787e-02;9,157e-02;7,448e-02;1,007e+01;0;3,513e+01;1,899e+00;1,017e+01;0;3,274e+01;2,148e+00;1,147e+01;0;6,674e+01;2,147e+00;
27.05.2023 10:00:00;7,670e-02;8,260e-02;1,060e-01;8,298e-02;1,090e-01;1,013e-01;1,095e-01;1,003e-01;1,182e-01;9,043e-02;8,203e-02;7,040e-02;8,340e-02;8,270e-02;8,540e-02;1,078e-01;1,038e-01;8,637e-02;7,173e-02;7,920e-02;6,168e-02;7,202e-02;9,160e-02;8,957e-02;7,048e-02;8,485e-02;1,245e-01;8,628e-02;6,470e-02;7,983e-02;7,798e-02;6,848e-02;7,707e-02;6,573e-02;6,157e-02;8,240e-02;7,470e-02;1,017e-01;7,900e-02;9,752e-02;8,418e-02;6,718e-02;7,970e-02;8,900e-02;7,977e-02;9,402e-02;1,041e-01;8,672e-02;8,712e-02;7,868e-02;7,978e-02;9,627e-02;8,363e-02;6,920e-02;8,728e-02;7,223e-02;7,962e-02;9,925e-02;6,970e-02;1,205e-01;;8,327e-02;8,050e-02;7,880e-02;8,055e-02;8,040e-02;9,082e-02;7,273e-02;7,548e-02;9,103e-02;7,873e-02;8,370e-02;1,050e-01;6,645e-02;7,807e-02;8,020e-02;8,193e-02;7,677e-02;8,848e-02;8,983e-02;7,418e-02;1,194e+01;0;6,932e+01;1,078e+00;1,204e+01;0;7,314e+01;1,133e+00;1,371e+01;0;1,039e+02;1,525e+00;
27.05.2023 11:00:00;7,743e-02;8,760e-02;1,080e-01;8,372e-02;1,110e-01;1,012e-01;1,098e-01;1,006e-01;1,183e-01;9,135e-02;7,757e-02;7,012e-02;8,353e-02;8,448e-02;8,890e-02;1,092e-01;1,081e-01;8,737e-02;6,880e-02;7,407e-02;5,688e-02;7,512e-02;9,298e-02;8,798e-02;7,068e-02;8,292e-02;1,222e-01;8,803e-02;6,362e-02;7,928e-02;7,940e-02;6,907e-02;7,465e-02;6,608e-02;5,727e-02;8,058e-02;7,578e-02;1,013e-01;8,012e-02;9,907e-02;8,437e-02;6,438e-02;8,312e-02;8,623e-02;7,990e-02;9,225e-02;1,058e-01;8,587e-02;8,468e-02;7,778e-02;7,435e-02;9,468e-02;8,582e-02;7,087e-02;8,728e-02;7,442e-02;7,905e-02;9,903e-02;7,093e-02;1,143e-01;;8,622e-02;8,007e-02;7,523e-02;8,088e-02;7,712e-02;9,360e-02;7,502e-02;7,610e-02;9,177e-02;8,192e-02;8,478e-02;1,075e-01;6,503e-02;7,760e-02;7,945e-02;7,755e-02;7,760e-02;8,815e-02;9,073e-02;7,115e-02;1,327e+01;0;1,758e+02;1,112e-01;1,331e+01;0;1,344e+02;8,099e-01;1,536e+01;0;1,734e+02;1,059e+00;
27.05.2023 12:00:00;7,690e-02;8,443e-02;1,073e-01;8,470e-02;1,068e-01;9,840e-02;1,105e-01;9,940e-02;1,220e-01;8,998e-02;7,958e-02;7,003e-02;8,257e-02;8,073e-02;8,610e-02;1,070e-01;1,053e-01;8,717e-02;6,873e-02;7,557e-02;5,698e-02;7,832e-02;9,385e-02;8,993e-02;7,427e-02;8,618e-02;1,290e-01;8,440e-02;6,253e-02;7,803e-02;7,727e-02;6,808e-02;7,420e-02;6,583e-02;6,138e-02;8,105e-02;7,428e-02;1,015e-01;7,913e-02;9,740e-02;8,802e-02;6,892e-02;7,962e-02;8,903e-02;8,098e-02;9,715e-02;1,044e-01;9,042e-02;8,452e-02;8,052e-02;8,195e-02;9,243e-02;8,127e-02;7,237e-02;8,573e-02;7,165e-02;7,973e-02;9,480e-02;7,232e-02;1,175e-01;;8,682e-02;7,497e-02;7,548e-02;8,335e-02;8,107e-02;9,050e-02;7,318e-02;7,277e-02;9,127e-02;7,830e-02;8,315e-02;1,015e-01;6,663e-02;7,815e-02;7,862e-02;7,967e-02;7,300e-02;8,498e-02;8,965e-02;7,388e-02;1,433e+01;0;2,444e+02;1,967e+00;1,457e+01;0;2,061e+02;1,706e+00;1,705e+01;0;2,551e+02;1,152e+00;
27.05.2023 13:00:00;7,827e-02;8,357e-02;1,077e-01;8,462e-02;1,073e-01;9,882e-02;1,128e-01;1,009e-01;1,190e-01;9,085e-02;8,090e-02;6,965e-02;8,225e-02;8,350e-02;8,418e-02;1,095e-01;1,020e-01;8,257e-02;6,878e-02;7,317e-02;5,898e-02;7,490e-02;9,168e-02;8,862e-02;6,950e-02;8,608e-02;1,245e-01;8,743e-02;6,278e-02;7,815e-02;7,902e-02;6,765e-02;7,423e-02;6,655e-02;5,718e-02;8,415e-02;7,267e-02;1,014e-01;7,837e-02;9,822e-02;8,545e-02;6,707e-02;8,145e-02;8,827e-02;8,428e-02;9,660e-02;1,088e-01;8,643e-02;8,575e-02;7,978e-02;7,913e-02;9,427e-02;8,395e-02;7,363e-02;8,532e-02;7,473e-02;8,018e-02;9,752e-02;6,895e-02;1,118e-01;;8,295e-02;7,920e-02;7,670e-02;7,790e-02;7,743e-02;9,258e-02;7,512e-02;7,622e-02;8,782e-02;8,015e-02;8,343e-02;1,039e-01;6,662e-02;7,610e-02;7,822e-02;8,080e-02;7,615e-02;8,662e-02;9,148e-02;7,235e-02;1,555e+01;0;2,520e+02;2,074e+00;1,606e+01;0;2,345e+02;2,116e+00;1,689e+01;0;2,255e+02;4,915e-01;
27.05.2023 14:00:00;7,312e-02;8,637e-02;1,072e-01;8,210e-02;1,140e-01;1,022e-01;1,132e-01;1,030e-01;1,208e-01;9,093e-02;7,790e-02;6,858e-02;8,227e-02;8,253e-02;8,490e-02;1,072e-01;1,097e-01;8,312e-02;7,020e-02;7,422e-02;5,855e-02;7,787e-02;9,398e-02;9,032e-02;7,208e-02;8,925e-02;1,265e-01;8,720e-02;6,310e-02;8,040e-02;7,823e-02;6,665e-02;7,712e-02;6,478e-02;6,253e-02;8,237e-02;7,552e-02;1,003e-01;7,840e-02;9,648e-02;8,440e-02;6,845e-02;8,302e-02;8,805e-02;8,348e-02;9,178e-02;1,038e-01;8,803e-02;8,737e-02;7,720e-02;7,765e-02;9,312e-02;8,478e-02;7,018e-02;8,555e-02;7,048e-02;7,878e-02;9,563e-02;6,957e-02;1,170e-01;;8,525e-02;7,762e-02;7,487e-02;8,127e-02;7,565e-02;9,262e-02;7,230e-02;7,632e-02;8,823e-02;7,737e-02;8,380e-02;1,074e-01;6,513e-02;7,832e-02;7,923e-02;8,152e-02;7,128e-02;8,467e-02;9,110e-02;7,287e-02;1,597e+01;0;2,356e+02;1,943e+00;1,738e+01;0;2,465e+02;2,528e+00;1,782e+01;0;1,656e+02;9,016e-01;
27.05.2023 15:00:00;7,722e-02;8,430e-02;1,072e-01;8,312e-02;1,115e-01;9,788e-02;1,133e-01;1,030e-01;1,172e-01;9,133e-02;7,727e-02;6,865e-02;8,173e-02;8,302e-02;8,965e-02;1,063e-01;1,070e-01;8,487e-02;7,160e-02;7,395e-02;5,770e-02;7,787e-02;8,972e-02;8,940e-02;7,193e-02;8,447e-02;1,242e-01;8,532e-02;6,498e-02;8,077e-02;7,938e-02;6,708e-02;7,523e-02;6,302e-02;5,863e-02;8,522e-02;7,340e-02;9,723e-02;7,708e-02;9,918e-02;8,587e-02;7,020e-02;8,290e-02;8,448e-02;8,185e-02;9,212e-02;1,065e-01;8,673e-02;8,580e-02;7,745e-02;8,048e-02;9,838e-02;8,240e-02;7,042e-02;8,537e-02;7,388e-02;7,912e-02;9,798e-02;7,078e-02;1,148e-01;;8,418e-02;7,758e-02;7,507e-02;8,082e-02;7,832e-02;9,148e-02;7,278e-02;7,643e-02;9,022e-02;7,942e-02;8,265e-02;1,054e-01;6,430e-02;7,680e-02;8,135e-02;7,753e-02;7,320e-02;8,698e-02;9,127e-02;7,228e-02;1,698e+01;0;2,329e+02;2,616e+00;1,769e+01;0;2,244e+02;2,732e+00;1,856e+01;0;1,258e+02;4,632e-01;
27.05.2023 16:00:00;7,577e-02;8,237e-02;1,120e-01;8,593e-02;1,090e-01;9,980e-02;1,127e-01;1,050e-01;1,177e-01;9,045e-02;7,928e-02;6,932e-02;8,033e-02;8,273e-02;8,582e-02;1,088e-01;1,068e-01;8,440e-02;6,790e-02;7,668e-02;5,903e-02;7,752e-02;9,630e-02;8,992e-02;7,193e-02;8,283e-02;1,255e-01;8,653e-02;6,300e-02;8,022e-02;7,795e-02;7,050e-02;7,665e-02;6,527e-02;5,978e-02;8,542e-02;7,167e-02;9,865e-02;7,927e-02;9,633e-02;8,457e-02;6,707e-02;7,878e-02;8,832e-02;8,260e-02;9,445e-02;1,070e-01;8,807e-02;8,585e-02;7,637e-02;7,895e-02;9,748e-02;8,757e-02;7,018e-02;8,552e-02;7,342e-02;8,217e-02;1,007e-01;7,145e-02;1,188e-01;;8,323e-02;7,870e-02;7,277e-02;8,198e-02;7,557e-02;9,385e-02;7,545e-02;7,557e-02;8,907e-02;8,070e-02;8,088e-02;1,067e-01;6,360e-02;7,528e-02;7,898e-02;7,898e-02;7,755e-02;8,415e-02;8,990e-02;7,152e-02;1,714e+01;0;2,213e+02;2,104e+00;1,767e+01;0;2,199e+02;1,993e+00;1,902e+01;0;7,256e+01;7,764e-01;
27.05.2023 17:00:00;7,483e-02;8,228e-02;1,100e-01;8,598e-02;1,083e-01;9,927e-02;1,128e-01;1,036e-01;1,212e-01;9,107e-02;8,145e-02;7,062e-02;7,912e-02;8,215e-02;8,393e-02;1,083e-01;1,075e-01;8,732e-02;6,873e-02;7,713e-02;5,843e-02;8,090e-02;9,303e-02;9,090e-02;7,077e-02;8,508e-02;1,275e-01;8,578e-02;6,327e-02;8,003e-02;7,678e-02;6,947e-02;7,703e-02;6,600e-02;6,122e-02;8,523e-02;7,697e-02;1,013e-01;7,867e-02;9,917e-02;8,357e-02;6,893e-02;8,240e-02;8,898e-02;8,595e-02;9,773e-02;1,038e-01;8,685e-02;8,502e-02;7,582e-02;7,960e-02;9,117e-02;8,518e-02;7,127e-02;8,182e-02;7,370e-02;7,668e-02;1,015e-01;7,068e-02;1,173e-01;;8,493e-02;7,723e-02;7,387e-02;7,973e-02;8,078e-02;9,435e-02;7,263e-02;7,603e-02;9,325e-02;7,977e-02;8,250e-02;1,048e-01;6,362e-02;7,790e-02;7,835e-02;7,755e-02;7,207e-02;8,120e-02;9,243e-02;7,400e-02;1,837e+01;0;2,662e+02;2,088e+00;1,802e+01;0;2,007e+02;1,463e+00;1,941e+01;0;1,118e+02;1,293e+00;
27.05.2023 18:00:00;7,648e-02;8,523e-02;1,085e-01;8,433e-02;1,093e-01;9,868e-02;1,128e-01;1,027e-01;1,190e-01;8,840e-02;8,043e-02;7,102e-02;8,477e-02;7,993e-02;8,920e-02;1,130e-01;1,070e-01;8,247e-02;7,198e-02;7,485e-02;6,177e-02;7,795e-02;9,020e-02;8,937e-02;7,110e-02;8,707e-02;1,242e-01;8,695e-02;6,057e-02;7,733e-02;7,995e-02;6,670e-02;7,692e-02;6,575e-02;6,163e-02;8,457e-02;7,878e-02;9,868e-02;7,792e-02;9,893e-02;8,432e-02;6,993e-02;7,667e-02;8,833e-02;8,207e-02;9,102e-02;1,043e-01;8,635e-02;8,963e-02;7,967e-02;8,182e-02;9,585e-02;8,542e-02;7,087e-02;8,343e-02;7,332e-02;8,157e-02;1,006e-01;7,032e-02;1,152e-01;;8,548e-02;7,862e-02;7,673e-02;8,057e-02;7,703e-02;9,243e-02;7,555e-02;7,645e-02;9,090e-02;8,053e-02;8,157e-02;1,063e-01;6,390e-02;7,640e-02;7,915e-02;7,908e-02;7,448e-02;8,423e-02;9,035e-02;7,252e-02;1,860e+01;0;2,540e+02;1,739e+00;1,789e+01;0;2,082e+02;1,953e+00;1,965e+01;0;1,513e+02;1,780e+00;
27.05.2023 19:00:00;7,568e-02;8,602e-02;1,038e-01;8,190e-02;1,087e-01;9,805e-02;1,090e-01;1,036e-01;1,177e-01;8,928e-02;7,920e-02;6,990e-02;7,977e-02;8,018e-02;8,387e-02;1,068e-01;1,072e-01;8,460e-02;7,450e-02;7,482e-02;5,827e-02;8,000e-02;9,243e-02;8,948e-02;7,143e-02;8,655e-02;1,277e-01;8,973e-02;6,218e-02;8,035e-02;7,690e-02;7,007e-02;7,377e-02;6,508e-02;5,983e-02;8,410e-02;7,405e-02;1,006e-01;7,878e-02;9,640e-02;8,762e-02;6,710e-02;8,035e-02;8,570e-02;8,517e-02;9,593e-02;1,057e-01;8,660e-02;9,062e-02;7,933e-02;7,780e-02;9,478e-02;8,762e-02;7,240e-02;8,343e-02;7,440e-02;7,993e-02;9,712e-02;6,857e-02;1,165e-01;;8,245e-02;7,712e-02;7,390e-02;7,872e-02;8,018e-02;9,168e-02;7,515e-02;7,432e-02;8,938e-02;8,265e-02;8,348e-02;1,031e-01;6,553e-02;7,605e-02;7,828e-02;7,602e-02;7,443e-02;8,502e-02;8,687e-02;7,278e-02;1,859e+01;0;2,894e+02;1,853e+00;1,770e+01;0;2,432e+02;1,266e+00;1,959e+01;0;1,503e+02;1,797e+00;
27.05.2023 20:00:00;7,887e-02;8,465e-02;1,072e-01;8,420e-02;1,075e-01;9,705e-02;1,148e-01;9,743e-02;1,170e-01;8,488e-02;8,115e-02;6,990e-02;8,397e-02;7,843e-02;8,690e-02;1,075e-01;1,067e-01;8,390e-02;6,820e-02;7,568e-02;6,233e-02;7,678e-02;8,998e-02;8,827e-02;7,232e-02;8,603e-02;1,275e-01;8,552e-02;6,410e-02;8,035e-02;7,528e-02;7,010e-02;7,718e-02;6,508e-02;6,247e-02;8,060e-02;7,563e-02;1,040e-01;7,652e-02;9,927e-02;8,497e-02;6,930e-02;7,972e-02;8,965e-02;8,573e-02;9,490e-02;1,060e-01;8,835e-02;8,643e-02;7,915e-02;8,015e-02;9,498e-02;8,653e-02;6,975e-02;8,397e-02;7,305e-02;8,073e-02;9,863e-02;7,230e-02;1,190e-01;;8,393e-02;7,918e-02;7,282e-02;7,848e-02;7,938e-02;9,037e-02;7,375e-02;7,658e-02;8,932e-02;7,923e-02;8,178e-02;1,052e-01;6,503e-02;7,365e-02;8,030e-02;7,747e-02;7,677e-02;8,653e-02;9,125e-02;7,378e-02;1,793e+01;0;3,096e+02;1,529e+00;1,710e+01;0;3,380e+02;2,890e+00;1,907e+01;0;1,212e+02;1,330e+00;
27.05.2023 21:00:00;7,827e-02;8,910e-02;1,057e-01;8,395e-02;1,115e-01;9,938e-02;1,087e-01;1,015e-01;1,175e-01;8,740e-02;8,093e-02;6,812e-02;7,962e-02;7,975e-02;8,395e-02;1,112e-01;1,098e-01;8,345e-02;6,947e-02;7,757e-02;5,785e-02;7,562e-02;9,332e-02;8,978e-02;7,173e-02;8,312e-02;1,263e-01;8,423e-02;6,493e-02;8,017e-02;8,020e-02;6,810e-02;7,642e-02;6,627e-02;6,092e-02;8,202e-02;7,787e-02;1,010e-01;7,825e-02;9,762e-02;8,432e-02;6,753e-02;8,153e-02;8,615e-02;8,055e-02;9,368e-02;1,087e-01;8,868e-02;8,732e-02;8,147e-02;8,077e-02;9,340e-02;8,290e-02;6,960e-02;8,447e-02;7,795e-02;7,995e-02;9,623e-02;7,148e-02;1,158e-01;;8,270e-02;7,755e-02;7,557e-02;8,157e-02;7,643e-02;8,862e-02;7,360e-02;7,673e-02;8,732e-02;8,213e-02;8,428e-02;1,075e-01;6,165e-02;7,665e-02;7,763e-02;8,035e-02;7,423e-02;8,245e-02;8,865e-02;7,687e-02;1,653e+01;0;3,375e+02;2,625e+00;1,616e+01;0;3,503e+02;4,066e+00;1,744e+01;0;6,618e+01;1,155e+00;
27.05.2023 22:00:00;7,563e-02;8,695e-02;1,105e-01;8,315e-02;1,115e-01;9,918e-02;1,133e-01;1,058e-01;1,175e-01;9,020e-02;7,885e-02;7,092e-02;8,470e-02;8,237e-02;8,940e-02;1,068e-01;1,016e-01;8,875e-02;6,862e-02;7,635e-02;5,892e-02;8,043e-02;9,512e-02;8,740e-02;7,403e-02;8,768e-02;1,260e-01;8,683e-02;6,098e-02;8,110e-02;7,728e-02;6,800e-02;7,532e-02;6,670e-02;6,393e-02;8,335e-02;7,552e-02;1,024e-01;7,887e-02;1,020e-01;8,948e-02;7,065e-02;7,723e-02;8,545e-02;8,282e-02;9,390e-02;1,055e-01;9,037e-02;8,820e-02;7,733e-02;7,840e-02;9,370e-02;8,527e-02;7,277e-02;8,490e-02;7,093e-02;8,132e-02;9,885e-02;6,998e-02;1,178e-01;;8,382e-02;8,047e-02;7,420e-02;7,920e-02;7,812e-02;9,182e-02;7,368e-02;7,602e-02;8,965e-02;7,957e-02;8,142e-02;1,047e-01;6,723e-02;7,632e-02;7,855e-02;7,988e-02;7,515e-02;8,205e-02;9,225e-02;7,532e-02;1,387e+01;0;3,544e+02;5,192e+00;1,451e+01;0;8,873e-01;5,914e+00;1,484e+01;0;5,661e+01;1,685e+00;
27.05.2023 23:00:00;7,820e-02;8,478e-02;1,080e-01;8,070e-02;1,095e-01;9,943e-02;1,108e-01;1,032e-01;1,203e-01;8,967e-02;7,890e-02;7,025e-02;8,418e-02;8,213e-02;8,948e-02;1,078e-01;1,033e-01;8,565e-02;7,092e-02;7,505e-02;5,688e-02;7,915e-02;8,812e-02;8,877e-02;7,295e-02;8,428e-02;1,253e-01;8,837e-02;6,350e-02;7,832e-02;7,730e-02;7,020e-02;7,830e-02;6,460e-02;5,960e-02;8,252e-02;7,472e-02;1,015e-01;7,822e-02;9,865e-02;8,557e-02;6,730e-02;8,150e-02;8,387e-02;8,203e-02;9,618e-02;1,053e-01;9,057e-02;8,898e-02;8,083e-02;8,073e-02;9,523e-02;8,788e-02;6,900e-02;8,497e-02;7,673e-02;7,963e-02;9,598e-02;7,353e-02;1,173e-01;;8,295e-02;7,918e-02;7,515e-02;8,297e-02;7,548e-02;9,307e-02;7,457e-02;7,840e-02;9,107e-02;8,085e-02;8,212e-02;1,053e-01;6,748e-02;7,702e-02;8,295e-02;7,762e-02;7,885e-02;8,817e-02;9,063e-02;7,747e-02;1,207e+01;0;1,869e+00;6,341e+00;1,313e+01;0;8,060e+00;6,319e+00;1,463e+01;0;6,679e+01;6,350e+00;
28.05.2023 00:00:00;7,857e-02;8,555e-02;1,105e-01;8,577e-02;1,123e-01;1,026e-01;1,117e-01;1,002e-01;1,187e-01;9,410e-02;8,120e-02;6,798e-02;8,093e-02;8,262e-02;8,868e-02;1,085e-01;1,060e-01;8,620e-02;7,067e-02;7,470e-02;5,818e-02;7,907e-02;9,457e-02;8,788e-02;7,155e-02;8,658e-02;1,248e-01;8,707e-02;6,308e-02;7,810e-02;7,863e-02;6,885e-02;7,612e-02;6,657e-02;6,058e-02;8,113e-02;7,873e-02;1,038e-01;7,770e-02;1,005e-01;8,770e-02;6,740e-02;8,140e-02;8,557e-02;8,110e-02;9,378e-02;1,100e-01;9,057e-02;8,807e-02;7,838e-02;8,207e-02;9,858e-02;8,547e-02;7,178e-02;8,533e-02;7,473e-02;8,520e-02;9,862e-02;7,487e-02;1,192e-01;;8,430e-02;7,760e-02;7,263e-02;7,975e-02;7,990e-02;9,165e-02;7,382e-02;8,053e-02;9,085e-02;7,967e-02;8,273e-02;1,055e-01;6,618e-02;7,520e-02;8,248e-02;8,178e-02;7,572e-02;8,307e-02;8,918e-02;7,727e-02;1,107e+01;0;1,893e+01;5,991e+00;1,223e+01;0;2,136e+01;6,743e+00;1,363e+01;0;8,168e+01;8,301e+00;
28.05.2023 01:00:00;7,835e-02;8,553e-02;1,078e-01;8,190e-02;1,082e-01;1,001e-01;1,108e-01;1,018e-01;1,210e-01;9,253e-02;7,745e-02;7,147e-02;8,265e-02;8,052e-02;8,895e-02;1,100e-01;1,060e-01;8,890e-02;7,337e-02;7,520e-02;5,602e-02;7,897e-02;9,185e-02;9,285e-02;7,162e-02;8,825e-02;1,237e-01;9,007e-02;6,440e-02;7,952e-02;7,713e-02;6,852e-02;7,468e-02;6,867e-02;5,937e-02;8,065e-02;8,060e-02;1,015e-01;7,998e-02;9,932e-02;8,932e-02;6,923e-02;8,160e-02;8,548e-02;8,243e-02;9,420e-02;1,078e-01;8,973e-02;8,552e-02;7,907e-02;8,187e-02;9,618e-02;8,857e-02;7,192e-02;8,845e-02;7,138e-02;8,178e-02;9,813e-02;7,318e-02;1,170e-01;;8,273e-02;7,920e-02;7,593e-02;8,162e-02;7,750e-02;9,382e-02;7,382e-02;7,828e-02;9,373e-02;8,077e-02;8,357e-02;1,048e-01;6,675e-02;7,885e-02;8,028e-02;7,672e-02;7,468e-02;8,702e-02;9,222e-02;7,860e-02;1,004e+01;0;3,371e+01;5,413e+00;1,159e+01;0;2,756e+01;5,626e+00;1,313e+01;0;8,785e+01;9,006e+00;
28.05.2023 02:00:00;7,843e-02;8,732e-02;1,082e-01;8,418e-02;1,110e-01;9,832e-02;1,137e-01;1,067e-01;1,212e-01;8,923e-02;8,278e-02;7,103e-02;8,128e-02;8,337e-02;8,765e-02;1,093e-01;1,085e-01;8,438e-02;7,150e-02;7,787e-02;5,668e-02;7,945e-02;9,507e-02;8,958e-02;7,415e-02;8,845e-02;1,272e-01;8,798e-02;6,658e-02;7,893e-02;7,848e-02;6,990e-02;7,307e-02;6,583e-02;6,155e-02;8,248e-02;7,643e-02;9,935e-02;8,032e-02;1,000e-01;8,785e-02;6,700e-02;8,073e-02;8,755e-02;8,357e-02;9,422e-02;1,064e-01;9,023e-02;8,750e-02;8,035e-02;8,165e-02;9,552e-02;8,732e-02;7,365e-02;8,760e-02;7,400e-02;8,248e-02;9,963e-02;7,342e-02;1,212e-01;;8,520e-02;7,782e-02;7,323e-02;8,078e-02;7,505e-02;8,990e-02;7,282e-02;7,732e-02;8,632e-02;8,123e-02;8,465e-02;1,068e-01;6,613e-02;7,878e-02;7,867e-02;7,907e-02;7,673e-02;8,760e-02;9,235e-02;8,023e-02;9,676e+00;0;5,843e+01;3,552e+00;1,069e+01;0;3,718e+01;4,472e+00;1,241e+01;0;1,054e+02;7,349e+00;
28.05.2023 03:00:00;7,870e-02;8,745e-02;1,087e-01;8,553e-02;1,122e-01;1,002e-01;1,107e-01;1,057e-01;1,202e-01;9,718e-02;8,297e-02;7,140e-02;8,315e-02;8,683e-02;8,812e-02;1,122e-01;1,068e-01;8,312e-02;7,035e-02;7,352e-02;6,072e-02;7,518e-02;9,290e-02;9,320e-02;7,245e-02;8,623e-02;1,278e-01;8,962e-02;6,647e-02;8,153e-02;7,893e-02;7,072e-02;7,865e-02;6,602e-02;6,455e-02;8,035e-02;7,520e-02;1,002e-01;8,095e-02;1,006e-01;8,845e-02;7,315e-02;8,087e-02;8,820e-02;8,437e-02;9,503e-02;1,083e-01;9,205e-02;8,783e-02;7,623e-02;7,947e-02;9,827e-02;8,573e-02;7,232e-02;8,843e-02;7,540e-02;8,083e-02;9,780e-02;7,460e-02;1,170e-01;;8,428e-02;8,107e-02;7,590e-02;8,218e-02;8,025e-02;9,355e-02;7,603e-02;7,403e-02;9,045e-02;8,112e-02;8,627e-02;1,083e-01;6,578e-02;7,675e-02;8,357e-02;7,748e-02;7,853e-02;8,652e-02;9,098e-02;7,568e-02;8,654e+00;0;4,065e+01;3,248e+00;9,714e+00;0;3,681e+01;4,774e+00;1,139e+01;0;1,227e+02;6,636e+00;
28.05.2023 04:00:00;7,898e-02;8,732e-02;1,083e-01;8,735e-02;1,122e-01;9,805e-02;1,138e-01;1,072e-01;1,233e-01;9,007e-02;8,535e-02;7,332e-02;8,570e-02;8,690e-02;9,003e-02;1,053e-01;1,103e-01;8,718e-02;7,450e-02;7,728e-02;6,257e-02;7,772e-02;9,282e-02;9,343e-02;7,207e-02;8,757e-02;1,280e-01;8,953e-02;6,578e-02;8,327e-02;7,980e-02;6,768e-02;7,510e-02;6,785e-02;6,290e-02;8,327e-02;7,418e-02;1,023e-01;7,868e-02;9,585e-02;8,582e-02;6,628e-02;8,190e-02;8,602e-02;8,282e-02;9,543e-02;1,083e-01;9,085e-02;8,565e-02;7,915e-02;8,235e-02;9,755e-02;8,723e-02;7,268e-02;8,850e-02;7,305e-02;8,318e-02;9,997e-02;7,140e-02;1,220e-01;;8,348e-02;8,140e-02;7,643e-02;8,568e-02;8,052e-02;9,477e-02;7,287e-02;7,785e-02;9,213e-02;8,458e-02;8,432e-02;1,083e-01;6,712e-02;7,745e-02;8,343e-02;8,122e-02;7,895e-02;8,677e-02;8,825e-02;7,893e-02;8,294e+00;0;5,223e+01;2,849e+00;9,336e+00;0;5,846e+01;4,270e+00;9,981e+00;0;1,283e+02;6,409e+00;
28.05.2023 05:00:00;7,858e-02;9,110e-02;1,097e-01;8,603e-02;1,155e-01;1,021e-01;1,125e-01;1,035e-01;1,187e-01;9,433e-02;8,058e-02;7,282e-02;8,318e-02;8,445e-02;8,617e-02;1,092e-01;1,097e-01;8,443e-02;7,413e-02;7,817e-02;5,832e-02;7,727e-02;9,550e-02;9,002e-02;7,465e-02;8,853e-02;1,237e-01;8,653e-02;6,403e-02;8,318e-02;7,857e-02;7,087e-02;7,703e-02;6,718e-02;6,053e-02;8,237e-02;7,760e-02;1,027e-01;8,128e-02;9,965e-02;8,635e-02;6,877e-02;8,240e-02;8,640e-02;8,312e-02;9,460e-02;1,065e-01;9,015e-02;8,907e-02;8,032e-02;7,973e-02;9,885e-02;8,755e-02;7,078e-02;9,177e-02;7,552e-02;7,990e-02;1,022e-01;7,522e-02;1,213e-01;;8,495e-02;7,880e-02;7,447e-02;8,248e-02;8,285e-02;9,402e-02;7,648e-02;7,682e-02;9,048e-02;8,118e-02;8,318e-02;1,083e-01;6,648e-02;7,678e-02;8,103e-02;7,987e-02;8,103e-02;8,460e-02;9,190e-02;7,873e-02;8,226e+00;0;6,606e+01;2,271e+00;9,107e+00;0;5,232e+01;3,139e+00;9,030e+00;0;1,307e+02;4,829e+00;
28.05.2023 06:00:00;7,982e-02;8,872e-02;1,098e-01;8,270e-02;1,100e-01;1,013e-01;1,123e-01;1,043e-01;1,200e-01;9,218e-02;8,260e-02;6,962e-02;8,732e-02;8,452e-02;9,110e-02;1,108e-01;1,087e-01;8,903e-02;7,348e-02;7,848e-02;6,055e-02;7,673e-02;9,755e-02;9,212e-02;7,275e-02;8,268e-02;1,248e-01;8,743e-02;6,463e-02;7,760e-02;7,962e-02;6,715e-02;7,722e-02;6,957e-02;6,053e-02;8,217e-02;7,487e-02;1,063e-01;8,132e-02;9,927e-02;8,838e-02;7,537e-02;8,325e-02;9,040e-02;8,343e-02;9,565e-02;1,073e-01;8,895e-02;8,855e-02;7,973e-02;8,132e-02;9,515e-02;8,590e-02;7,193e-02;9,000e-02;7,488e-02;8,065e-02;1,022e-01;7,327e-02;1,235e-01;;8,378e-02;8,077e-02;7,627e-02;8,153e-02;8,403e-02;9,240e-02;7,727e-02;7,718e-02;9,415e-02;8,365e-02;8,475e-02;1,057e-01;6,663e-02;7,773e-02;8,105e-02;8,378e-02;8,018e-02;8,470e-02;9,360e-02;8,050e-02;8,410e+00;0;6,901e+01;2,220e+00;9,471e+00;0;6,986e+01;3,002e+00;8,561e+00;0;1,584e+02;3,791e+00;
28.05.2023 07:00:00;7,813e-02;8,373e-02;1,078e-01;8,810e-02;1,095e-01;1,004e-01;1,117e-01;1,026e-01;1,218e-01;9,577e-02;8,040e-02;7,198e-02;8,520e-02;8,385e-02;9,012e-02;1,120e-01;1,065e-01;8,645e-02;6,893e-02;7,540e-02;5,935e-02;7,883e-02;9,297e-02;8,873e-02;7,160e-02;8,927e-02;1,270e-01;8,868e-02;6,377e-02;8,103e-02;7,947e-02;7,098e-02;7,620e-02;6,578e-02;6,040e-02;8,637e-02;8,217e-02;1,026e-01;7,960e-02;9,848e-02;8,848e-02;6,935e-02;8,448e-02;8,440e-02;8,212e-02;9,273e-02;1,066e-01;9,125e-02;8,883e-02;8,057e-02;7,982e-02;1,007e-01;8,732e-02;7,402e-02;8,842e-02;7,545e-02;8,228e-02;9,798e-02;7,203e-02;1,187e-01;;8,537e-02;8,203e-02;7,515e-02;8,783e-02;8,903e-02;9,315e-02;7,338e-02;7,715e-02;9,628e-02;8,113e-02;8,622e-02;1,090e-01;6,623e-02;7,923e-02;8,202e-02;7,887e-02;7,875e-02;8,618e-02;9,243e-02;7,675e-02;8,819e+00;0;3,086e+01;3,159e+00;9,783e+00;0;2,707e+01;4,122e+00;9,129e+00;0;1,666e+02;3,809e+00;
28.05.2023 08:00:00;7,890e-02;8,468e-02;1,085e-01;8,870e-02;1,107e-01;1,003e-01;1,120e-01;1,042e-01;1,178e-01;9,445e-02;8,218e-02;7,123e-02;8,560e-02;8,395e-02;9,132e-02;1,095e-01;1,069e-01;8,773e-02;7,267e-02;7,690e-02;6,250e-02;7,793e-02;9,293e-02;9,160e-02;7,078e-02;9,253e-02;1,275e-01;8,827e-02;6,588e-02;7,945e-02;7,910e-02;6,720e-02;7,395e-02;6,445e-02;5,855e-02;8,110e-02;7,905e-02;1,011e-01;7,943e-02;9,980e-02;8,813e-02;7,057e-02;7,992e-02;8,443e-02;8,243e-02;9,390e-02;1,127e-01;8,982e-02;8,953e-02;7,957e-02;7,697e-02;9,682e-02;8,818e-02;7,370e-02;9,173e-02;7,275e-02;8,365e-02;9,980e-02;7,298e-02;1,188e-01;;8,410e-02;8,007e-02;7,607e-02;8,232e-02;8,003e-02;9,793e-02;7,693e-02;7,737e-02;9,090e-02;8,382e-02;8,855e-02;1,050e-01;6,810e-02;7,912e-02;8,305e-02;8,118e-02;7,783e-02;8,910e-02;9,333e-02;7,835e-02;1,055e+01;0;3,319e+01;4,587e+00;1,112e+01;0;2,568e+01;4,320e+00;1,259e+01;0;1,841e+02;2,196e+00;
28.05.2023 09:00:00;7,720e-02;8,932e-02;1,065e-01;8,362e-02;1,087e-01;1,016e-01;1,130e-01;1,023e-01;1,215e-01;9,548e-02;8,075e-02;6,927e-02;8,485e-02;7,995e-02;9,428e-02;1,092e-01;1,080e-01;8,523e-02;7,353e-02;7,603e-02;6,170e-02;7,865e-02;9,352e-02;9,020e-02;7,230e-02;8,757e-02;1,243e-01;8,638e-02;6,253e-02;7,983e-02;7,637e-02;6,700e-02;7,660e-02;6,550e-02;5,995e-02;7,915e-02;7,453e-02;1,044e-01;7,862e-02;9,877e-02;8,718e-02;6,762e-02;8,442e-02;8,770e-02;8,065e-02;9,607e-02;1,093e-01;8,765e-02;8,727e-02;8,098e-02;8,290e-02;9,852e-02;8,625e-02;7,265e-02;8,587e-02;7,527e-02;8,223e-02;9,655e-02;7,107e-02;1,215e-01;;8,650e-02;8,053e-02;7,843e-02;8,393e-02;8,160e-02;9,250e-02;7,735e-02;7,978e-02;9,047e-02;8,387e-02;8,315e-02;1,112e-01;6,567e-02;7,995e-02;8,443e-02;7,992e-02;7,737e-02;9,035e-02;9,222e-02;7,848e-02;1,211e+01;0;1,739e+01;4,040e+00;1,224e+01;0;1,700e+01;5,192e+00;1,440e+01;0;1,822e+02;1,330e+00;
28.05.2023 10:00:00;7,882e-02;8,895e-02;1,093e-01;8,320e-02;1,100e-01;1,028e-01;1,157e-01;1,038e-01;1,230e-01;9,423e-02;8,110e-02;6,982e-02;7,943e-02;7,978e-02;8,718e-02;1,095e-01;1,038e-01;8,457e-02;7,385e-02;7,743e-02;5,818e-02;7,703e-02;9,307e-02;9,002e-02;7,423e-02;8,963e-02;1,275e-01;8,598e-02;6,595e-02;8,195e-02;7,848e-02;6,943e-02;7,740e-02;6,985e-02;6,135e-02;8,283e-02;7,567e-02;1,003e-01;7,845e-02;9,828e-02;8,447e-02;6,860e-02;8,073e-02;8,968e-02;8,187e-02;9,278e-02;1,046e-01;8,782e-02;9,023e-02;7,850e-02;8,300e-02;9,670e-02;8,915e-02;7,335e-02;8,553e-02;7,607e-02;8,193e-02;1,003e-01;7,295e-02;1,238e-01;;8,730e-02;8,060e-02;7,865e-02;8,520e-02;8,143e-02;9,690e-02;7,518e-02;7,743e-02;9,210e-02;8,133e-02;8,323e-02;1,055e-01;6,732e-02;7,838e-02;8,140e-02;8,358e-02;7,653e-02;8,783e-02;9,105e-02;7,700e-02;1,438e+01;0;2,046e+01;4,088e+00;1,428e+01;0;2,014e+01;4,489e+00;1,720e+01;0;2,866e+02;1,148e+00;
28.05.2023 11:00:00;7,702e-02;8,820e-02;1,105e-01;8,133e-02;1,127e-01;9,743e-02;1,127e-01;1,047e-01;1,182e-01;9,527e-02;8,053e-02;6,907e-02;7,985e-02;8,087e-02;8,668e-02;1,077e-01;1,080e-01;8,618e-02;6,893e-02;7,545e-02;5,942e-02;7,878e-02;9,307e-02;9,112e-02;7,290e-02;8,807e-02;1,255e-01;8,828e-02;6,370e-02;7,898e-02;7,883e-02;6,900e-02;7,548e-02;6,653e-02;6,077e-02;8,568e-02;7,237e-02;1,005e-01;7,857e-02;1,003e-01;8,970e-02;6,510e-02;8,065e-02;8,823e-02;8,007e-02;9,503e-02;1,078e-01;9,108e-02;8,987e-02;7,932e-02;8,203e-02;9,775e-02;8,473e-02;7,432e-02;8,843e-02;7,607e-02;8,320e-02;9,538e-02;7,418e-02;1,222e-01;;8,687e-02;7,887e-02;7,623e-02;8,357e-02;8,105e-02;9,328e-02;7,727e-02;7,812e-02;9,423e-02;8,185e-02;8,643e-02;1,070e-01;6,852e-02;7,783e-02;8,215e-02;8,093e-02;8,163e-02;8,507e-02;9,148e-02;7,720e-02;1,640e+01;0;2,513e+01;3,207e+00;1,623e+01;0;1,933e+01;3,098e+00;1,699e+01;0;3,516e+02;2,457e+00;
28.05.2023 12:00:00;7,743e-02;8,697e-02;1,078e-01;8,450e-02;1,112e-01;1,006e-01;1,125e-01;1,049e-01;1,205e-01;8,927e-02;8,103e-02;7,160e-02;8,290e-02;8,023e-02;8,548e-02;1,085e-01;1,065e-01;8,640e-02;6,975e-02;7,382e-02;6,222e-02;7,710e-02;9,018e-02;9,010e-02;7,605e-02;8,418e-02;1,257e-01;8,630e-02;6,117e-02;8,313e-02;8,007e-02;6,963e-02;7,513e-02;6,542e-02;6,252e-02;8,377e-02;7,597e-02;1,045e-01;7,872e-02;9,740e-02;8,627e-02;6,907e-02;8,090e-02;8,990e-02;8,105e-02;9,432e-02;1,103e-01;8,975e-02;9,087e-02;8,288e-02;8,217e-02;9,630e-02;8,753e-02;7,540e-02;8,535e-02;7,562e-02;8,143e-02;9,807e-02;7,282e-02;1,162e-01;;8,925e-02;7,815e-02;7,363e-02;8,335e-02;8,098e-02;9,365e-02;7,470e-02;7,562e-02;9,065e-02;7,985e-02;8,418e-02;1,041e-01;6,630e-02;8,157e-02;7,915e-02;8,133e-02;7,812e-02;8,998e-02;9,473e-02;7,677e-02;1,809e+01;0;4,607e+00;3,586e+00;1,811e+01;0;1,026e+00;2,768e+00;1,826e+01;0;2,396e+01;2,224e+00;
28.05.2023 13:00:00;7,725e-02;8,377e-02;1,100e-01;8,645e-02;1,078e-01;9,707e-02;1,078e-01;1,030e-01;1,158e-01;9,270e-02;8,065e-02;7,010e-02;8,158e-02;7,945e-02;8,630e-02;1,055e-01;1,067e-01;8,443e-02;6,975e-02;7,510e-02;6,100e-02;7,603e-02;9,173e-02;8,845e-02;7,535e-02;8,693e-02;1,250e-01;8,652e-02;6,347e-02;8,065e-02;7,840e-02;6,933e-02;7,762e-02;6,645e-02;6,233e-02;8,368e-02;7,438e-02;1,015e-01;7,857e-02;9,855e-02;8,787e-02;6,827e-02;8,140e-02;8,987e-02;8,240e-02;9,328e-02;1,062e-01;8,820e-02;8,752e-02;7,728e-02;7,868e-02;9,415e-02;8,687e-02;6,918e-02;8,648e-02;7,478e-02;8,027e-02;1,008e-01;7,228e-02;1,195e-01;;8,453e-02;7,940e-02;7,502e-02;8,132e-02;8,030e-02;9,580e-02;7,210e-02;7,835e-02;9,195e-02;8,048e-02;8,492e-02;1,085e-01;6,565e-02;7,668e-02;7,855e-02;8,252e-02;7,563e-02;9,007e-02;9,062e-02;7,423e-02;1,965e+01;0;3,460e+02;4,454e+00;1,918e+01;0;1,311e+01;3,559e+00;1,946e+01;0;3,598e+02;1,332e+00;
28.05.2023 14:00:00;7,657e-02;8,298e-02;1,073e-01;8,420e-02;1,098e-01;9,860e-02;1,110e-01;1,038e-01;1,195e-01;9,470e-02;8,012e-02;7,107e-02;8,342e-02;8,223e-02;8,607e-02;1,108e-01;1,068e-01;8,667e-02;7,257e-02;7,638e-02;6,053e-02;7,848e-02;9,348e-02;9,028e-02;7,083e-02;8,582e-02;1,250e-01;8,840e-02;6,688e-02;7,787e-02;7,798e-02;6,655e-02;7,657e-02;6,333e-02;6,643e-02;8,298e-02;7,565e-02;1,025e-01;8,067e-02;9,573e-02;8,500e-02;6,945e-02;8,207e-02;8,868e-02;8,272e-02;9,628e-02;1,093e-01;8,765e-02;8,882e-02;7,842e-02;8,000e-02;9,470e-02;8,648e-02;7,210e-02;8,623e-02;7,567e-02;8,062e-02;9,855e-02;7,320e-02;1,177e-01;;8,448e-02;7,898e-02;7,460e-02;8,147e-02;8,230e-02;9,532e-02;7,382e-02;7,903e-02;8,752e-02;8,268e-02;8,265e-02;1,083e-01;6,675e-02;7,707e-02;7,815e-02;8,215e-02;7,795e-02;8,460e-02;9,290e-02;7,185e-02;2,031e+01;0;3,516e+02;4,525e+00;2,000e+01;0;3,578e+02;4,077e+00;1,999e+01;0;3,191e+02;1,329e+00;
28.05.2023 15:00:00;7,878e-02;8,465e-02;1,068e-01;8,648e-02;1,122e-01;9,977e-02;1,145e-01;1,022e-01;1,203e-01;9,145e-02;8,053e-02;7,053e-02;8,382e-02;8,232e-02;8,580e-02;1,113e-01;1,117e-01;8,438e-02;7,315e-02;7,467e-02;5,925e-02;7,917e-02;9,057e-02;9,023e-02;7,070e-02;8,498e-02;1,292e-01;8,623e-02;6,525e-02;8,033e-02;7,885e-02;6,828e-02;8,087e-02;6,685e-02;6,323e-02;8,277e-02;7,932e-02;1,003e-01;7,893e-02;9,880e-02;8,780e-02;6,468e-02;8,282e-02;8,948e-02;8,468e-02;9,557e-02;1,093e-01;8,960e-02;8,532e-02;7,977e-02;7,998e-02;9,578e-02;8,583e-02;7,373e-02;8,403e-02;7,428e-02;7,953e-02;9,965e-02;7,340e-02;1,205e-01;;8,407e-02;7,873e-02;7,197e-02;8,203e-02;8,100e-02;9,548e-02;7,137e-02;7,577e-02;9,020e-02;8,045e-02;8,248e-02;1,083e-01;6,522e-02;7,485e-02;8,313e-02;7,957e-02;7,868e-02;9,097e-02;8,923e-02;7,255e-02;2,067e+01;0;3,406e+02;4,700e+00;1,961e+01;0;3,463e+02;5,128e+00;2,040e+01;0;2,793e+01;1,454e+00;
28.05.2023 16:00:00;7,602e-02;8,882e-02;1,072e-01;8,243e-02;1,095e-01;9,772e-02;1,122e-01;1,024e-01;1,178e-01;9,055e-02;8,323e-02;6,892e-02;8,373e-02;8,357e-02;8,510e-02;1,093e-01;1,054e-01;8,858e-02;6,973e-02;7,622e-02;5,967e-02;7,748e-02;9,157e-02;9,120e-02;7,177e-02;8,665e-02;1,303e-01;8,707e-02;6,328e-02;8,348e-02;7,973e-02;6,987e-02;7,727e-02;6,463e-02;6,428e-02;8,278e-02;7,490e-02;1,023e-01;7,533e-02;9,643e-02;8,765e-02;7,135e-02;7,670e-02;8,948e-02;8,743e-02;8,940e-02;1,050e-01;9,010e-02;8,852e-02;7,843e-02;7,842e-02;9,215e-02;8,453e-02;7,315e-02;8,525e-02;7,257e-02;7,982e-02;9,735e-02;7,232e-02;1,175e-01;;8,665e-02;8,073e-02;7,673e-02;8,345e-02;7,732e-02;9,390e-02;7,028e-02;7,570e-02;9,107e-02;7,903e-02;8,478e-02;1,045e-01;6,352e-02;7,945e-02;8,210e-02;8,548e-02;8,010e-02;8,710e-02;9,000e-02;7,632e-02;2,078e+01;0;3,364e+02;4,830e+00;2,025e+01;0;3,366e+02;5,512e+00;2,124e+01;0;3,511e+02;2,080e+00;
28.05.2023 17:00:00;7,728e-02;8,477e-02;1,083e-01;8,572e-02;1,108e-01;1,003e-01;1,110e-01;1,033e-01;1,203e-01;9,432e-02;7,603e-02;6,933e-02;8,200e-02;8,248e-02;8,503e-02;1,100e-01;1,103e-01;8,530e-02;7,062e-02;7,495e-02;6,068e-02;7,932e-02;9,277e-02;8,960e-02;7,215e-02;8,425e-02;1,235e-01;8,995e-02;6,490e-02;8,007e-02;7,870e-02;7,048e-02;7,712e-02;6,388e-02;6,347e-02;8,182e-02;7,698e-02;1,019e-01;8,022e-02;9,743e-02;8,673e-02;6,862e-02;8,188e-02;8,573e-02;8,273e-02;9,427e-02;1,071e-01;8,705e-02;8,820e-02;7,873e-02;8,157e-02;9,612e-02;8,628e-02;7,337e-02;8,290e-02;7,275e-02;8,007e-02;1,010e-01;7,043e-02;1,187e-01;;8,825e-02;7,903e-02;7,598e-02;8,108e-02;7,842e-02;9,215e-02;7,662e-02;7,877e-02;9,113e-02;8,103e-02;7,978e-02;1,090e-01;6,597e-02;7,822e-02;8,037e-02;7,945e-02;7,475e-02;8,753e-02;9,218e-02;7,668e-02;2,018e+01;0;3,313e+02;5,622e+00;1,867e+01;0;3,496e+02;6,611e+00;2,138e+01;0;2,733e+01;2,063e+00;
28.05.2023 18:00:00;7,602e-02;8,872e-02;1,059e-01;8,682e-02;1,068e-01;1,010e-01;1,120e-01;1,035e-01;1,183e-01;8,962e-02;8,120e-02;7,327e-02;8,493e-02;8,335e-02;8,633e-02;1,072e-01;1,025e-01;8,612e-02;7,182e-02;7,390e-02;5,885e-02;7,865e-02;9,150e-02;8,665e-02;7,187e-02;8,758e-02;1,298e-01;8,605e-02;6,840e-02;8,248e-02;7,840e-02;6,845e-02;7,370e-02;6,768e-02;6,250e-02;8,350e-02;7,578e-02;1,013e-01;8,073e-02;9,985e-02;8,757e-02;7,170e-02;7,990e-02;9,065e-02;8,442e-02;9,418e-02;1,038e-01;8,827e-02;8,783e-02;7,788e-02;8,073e-02;9,458e-02;8,532e-02;6,793e-02;8,697e-02;7,498e-02;8,157e-02;9,938e-02;7,040e-02;1,203e-01;;8,528e-02;7,985e-02;7,295e-02;7,945e-02;7,732e-02;8,915e-02;7,555e-02;7,608e-02;8,987e-02;8,257e-02;8,125e-02;1,090e-01;6,962e-02;7,680e-02;8,363e-02;8,257e-02;7,672e-02;8,515e-02;9,128e-02;7,477e-02;1,931e+01;0;3,365e+02;7,754e+00;1,870e+01;0;3,444e+02;7,897e+00;2,048e+01;0;2,015e+01;4,395e+00;
28.05.2023 19:00:00;7,560e-02;8,573e-02;1,152e-01;8,582e-02;1,097e-01;1,006e-01;1,123e-01;1,026e-01;1,197e-01;9,213e-02;7,940e-02;6,932e-02;8,162e-02;7,973e-02;8,643e-02;1,090e-01;1,061e-01;8,255e-02;7,247e-02;7,778e-02;5,968e-02;7,873e-02;9,015e-02;8,915e-02;7,103e-02;8,520e-02;1,268e-01;8,528e-02;6,920e-02;7,848e-02;7,707e-02;6,928e-02;7,682e-02;6,407e-02;6,265e-02;7,940e-02;7,483e-02;1,010e-01;8,007e-02;9,687e-02;8,677e-02;6,805e-02;8,002e-02;8,507e-02;8,382e-02;9,107e-02;1,062e-01;8,827e-02;8,425e-02;7,848e-02;8,110e-02;9,385e-02;8,477e-02;6,898e-02;8,450e-02;7,643e-02;8,160e-02;9,918e-02;7,477e-02;1,188e-01;;8,540e-02;7,910e-02;7,618e-02;8,137e-02;7,878e-02;9,173e-02;7,328e-02;7,637e-02;9,132e-02;8,355e-02;8,350e-02;1,052e-01;6,618e-02;7,662e-02;7,680e-02;7,802e-02;7,953e-02;8,657e-02;8,793e-02;7,478e-02;1,848e+01;0;3,293e+02;7,751e+00;1,761e+01;0;3,443e+02;8,177e+00;2,027e+01;0;2,529e+01;4,588e+00;
28.05.2023 20:00:00;7,558e-02;8,548e-02;1,115e-01;8,470e-02;1,090e-01;9,952e-02;1,110e-01;1,053e-01;1,195e-01;8,938e-02;8,170e-02;6,938e-02;8,155e-02;7,998e-02;8,570e-02;1,088e-01;1,068e-01;8,895e-02;6,817e-02;7,413e-02;6,058e-02;7,832e-02;9,110e-02;8,933e-02;7,148e-02;8,595e-02;1,287e-01;8,687e-02;6,393e-02;7,893e-02;8,002e-02;6,927e-02;7,635e-02;6,542e-02;6,348e-02;8,348e-02;7,257e-02;1,003e-01;7,927e-02;9,798e-02;8,387e-02;6,577e-02;7,887e-02;8,812e-02;8,393e-02;9,382e-02;1,093e-01;8,653e-02;8,885e-02;7,777e-02;8,083e-02;9,568e-02;8,570e-02;7,158e-02;8,573e-02;7,452e-02;8,245e-02;9,905e-02;7,345e-02;1,152e-01;;8,723e-02;8,007e-02;7,417e-02;8,012e-02;7,990e-02;9,338e-02;7,503e-02;7,945e-02;9,048e-02;8,020e-02;8,403e-02;1,078e-01;6,673e-02;7,845e-02;7,982e-02;7,742e-02;7,443e-02;8,953e-02;9,137e-02;7,260e-02;1,698e+01;0;3,322e+02;7,336e+00;1,635e+01;0;3,431e+02;8,373e+00;1,906e+01;0;3,948e+01;5,919e+00;
28.05.2023 21:00:00;7,542e-02;8,545e-02;1,108e-01;8,315e-02;1,080e-01;9,935e-02;1,132e-01;1,033e-01;1,205e-01;9,235e-02;8,190e-02;6,947e-02;8,093e-02;7,735e-02;8,937e-02;1,092e-01;1,082e-01;8,263e-02;6,807e-02;7,248e-02;5,885e-02;7,863e-02;9,427e-02;8,962e-02;7,305e-02;8,708e-02;1,265e-01;8,428e-02;6,425e-02;7,987e-02;7,758e-02;6,812e-02;7,685e-02;6,665e-02;6,472e-02;8,263e-02;7,510e-02;9,888e-02;7,740e-02;9,755e-02;8,568e-02;6,957e-02;8,142e-02;8,795e-02;8,520e-02;9,417e-02;1,063e-01;8,657e-02;9,060e-02;7,950e-02;7,727e-02;9,378e-02;8,583e-02;7,212e-02;8,332e-02;7,265e-02;8,293e-02;9,838e-02;7,352e-02;1,182e-01;;8,532e-02;7,840e-02;7,428e-02;8,462e-02;7,635e-02;9,410e-02;7,202e-02;7,880e-02;8,783e-02;7,903e-02;8,327e-02;1,063e-01;6,398e-02;7,695e-02;7,948e-02;7,945e-02;7,717e-02;8,258e-02;9,090e-02;7,268e-02;1,482e+01;0;3,351e+02;7,267e+00;1,458e+01;0;3,416e+02;7,831e+00;1,743e+01;0;3,508e+01;6,547e+00;
28.05.2023 22:00:00;7,778e-02;8,902e-02;1,070e-01;8,465e-02;1,072e-01;9,832e-02;1,120e-01;1,027e-01;1,193e-01;8,955e-02;7,893e-02;6,835e-02;8,072e-02;8,007e-02;8,123e-02;1,067e-01;1,048e-01;8,523e-02;7,153e-02;7,500e-02;6,190e-02;7,890e-02;9,207e-02;8,920e-02;7,318e-02;8,665e-02;1,248e-01;8,873e-02;6,457e-02;7,832e-02;7,767e-02;6,955e-02;7,582e-02;6,547e-02;6,012e-02;8,090e-02;7,478e-02;1,008e-01;7,820e-02;9,850e-02;8,937e-02;6,817e-02;7,853e-02;8,800e-02;8,128e-02;9,362e-02;1,080e-01;9,207e-02;8,795e-02;7,750e-02;8,090e-02;9,707e-02;8,413e-02;7,323e-02;8,598e-02;7,198e-02;7,995e-02;9,720e-02;7,235e-02;1,148e-01;;8,155e-02;7,470e-02;7,653e-02;8,210e-02;7,790e-02;9,470e-02;7,493e-02;7,653e-02;8,973e-02;8,123e-02;8,170e-02;1,067e-01;6,510e-02;7,467e-02;7,900e-02;7,795e-02;7,485e-02;8,693e-02;8,862e-02;7,568e-02;1,240e+01;0;3,370e+02;7,762e+00;1,249e+01;0;3,434e+02;8,323e+00;1,565e+01;0;3,451e+01;6,897e+00;
28.05.2023 23:00:00;7,677e-02;8,715e-02;1,032e-01;8,492e-02;1,088e-01;1,007e-01;1,113e-01;1,027e-01;1,193e-01;9,203e-02;8,052e-02;6,893e-02;8,165e-02;8,177e-02;8,993e-02;1,072e-01;1,068e-01;8,598e-02;7,103e-02;7,618e-02;6,058e-02;7,910e-02;9,242e-02;9,157e-02;7,168e-02;8,443e-02;1,287e-01;8,547e-02;6,593e-02;7,753e-02;7,872e-02;6,682e-02;7,568e-02;6,457e-02;5,750e-02;8,393e-02;7,790e-02;1,002e-01;7,887e-02;1,012e-01;8,473e-02;6,770e-02;8,262e-02;8,698e-02;8,373e-02;9,315e-02;1,054e-01;8,823e-02;8,740e-02;7,963e-02;8,007e-02;9,607e-02;8,745e-02;7,318e-02;8,500e-02;7,595e-02;8,062e-02;9,858e-02;7,282e-02;1,173e-01;;8,372e-02;7,778e-02;7,618e-02;7,757e-02;7,772e-02;9,078e-02;7,435e-02;7,682e-02;8,885e-02;7,743e-02;8,265e-02;1,053e-01;6,602e-02;7,562e-02;7,910e-02;8,002e-02;7,615e-02;8,270e-02;9,062e-02;7,517e-02;1,057e+01;0;3,384e+02;8,462e+00;1,087e+01;0;3,473e+02;8,901e+00;1,438e+01;0;4,230e+01;7,002e+00;
29.05.2023 00:00:00;7,800e-02;8,532e-02;1,077e-01;8,113e-02;1,123e-01;1,012e-01;1,093e-01;1,053e-01;1,205e-01;8,958e-02;8,135e-02;6,990e-02;7,957e-02;7,953e-02;8,587e-02;1,098e-01;1,070e-01;8,730e-02;7,073e-02;7,792e-02;5,962e-02;7,730e-02;9,335e-02;9,027e-02;7,168e-02;8,607e-02;1,270e-01;8,673e-02;6,277e-02;7,712e-02;7,612e-02;6,978e-02;7,717e-02;6,493e-02;6,255e-02;8,378e-02;7,640e-02;1,001e-01;8,145e-02;1,014e-01;9,068e-02;6,875e-02;8,052e-02;8,677e-02;8,193e-02;9,415e-02;1,057e-01;9,017e-02;8,715e-02;7,802e-02;8,130e-02;9,435e-02;8,557e-02;7,132e-02;8,473e-02;7,512e-02;8,125e-02;9,877e-02;7,182e-02;1,202e-01;;8,407e-02;7,790e-02;7,713e-02;8,113e-02;7,573e-02;9,353e-02;7,352e-02;7,607e-02;8,865e-02;8,003e-02;8,523e-02;1,067e-01;6,507e-02;7,800e-02;7,823e-02;8,087e-02;7,553e-02;8,493e-02;9,348e-02;7,687e-02;9,463e+00;0;3,440e+02;8,311e+00;9,959e+00;0;3,528e+02;9,194e+00;1,378e+01;0;4,278e+01;6,681e+00;
29.05.2023 01:00:00;7,552e-02;8,782e-02;1,100e-01;8,615e-02;1,093e-01;9,963e-02;1,128e-01;1,034e-01;1,188e-01;9,445e-02;7,870e-02;7,020e-02;8,318e-02;8,125e-02;8,943e-02;1,088e-01;1,060e-01;8,573e-02;6,802e-02;7,602e-02;5,875e-02;7,792e-02;8,888e-02;9,103e-02;6,932e-02;8,657e-02;1,290e-01;8,765e-02;6,242e-02;8,107e-02;7,953e-02;6,878e-02;7,393e-02;6,640e-02;6,223e-02;8,112e-02;7,788e-02;1,030e-01;7,632e-02;1,011e-01;8,443e-02;6,753e-02;8,148e-02;8,333e-02;8,233e-02;9,068e-02;1,082e-01;8,933e-02;8,845e-02;7,950e-02;8,112e-02;9,585e-02;8,688e-02;7,227e-02;8,920e-02;7,557e-02;8,362e-02;9,972e-02;7,015e-02;1,158e-01;;8,342e-02;8,023e-02;7,688e-02;8,027e-02;7,895e-02;9,573e-02;7,178e-02;7,745e-02;8,815e-02;8,138e-02;8,527e-02;1,035e-01;6,415e-02;7,987e-02;8,090e-02;8,098e-02;7,543e-02;8,632e-02;9,113e-02;7,640e-02;8,515e+00;0;3,496e+02;8,286e+00;9,152e+00;0;3,561e+02;8,912e+00;1,283e+01;0;1,909e+01;7,580e+00;
29.05.2023 02:00:00;7,690e-02;8,967e-02;1,082e-01;8,448e-02;1,138e-01;1,001e-01;1,120e-01;1,040e-01;1,188e-01;9,102e-02;8,242e-02;6,827e-02;8,468e-02;8,253e-02;8,790e-02;1,095e-01;1,090e-01;8,658e-02;6,882e-02;7,493e-02;6,097e-02;7,785e-02;9,232e-02;9,098e-02;7,203e-02;8,482e-02;1,223e-01;8,873e-02;6,592e-02;7,768e-02;7,887e-02;6,878e-02;7,582e-02;6,407e-02;6,187e-02;8,542e-02;7,927e-02;1,028e-01;7,992e-02;1,057e-01;8,845e-02;6,750e-02;7,910e-02;8,487e-02;8,332e-02;8,998e-02;1,093e-01;8,903e-02;9,128e-02;7,722e-02;7,855e-02;9,160e-02;8,290e-02;7,548e-02;8,603e-02;7,287e-02;8,215e-02;9,810e-02;7,195e-02;1,203e-01;;8,545e-02;7,665e-02;7,507e-02;8,317e-02;8,023e-02;9,648e-02;7,407e-02;7,560e-02;9,045e-02;7,782e-02;8,345e-02;1,067e-01;6,810e-02;7,652e-02;7,920e-02;8,132e-02;7,648e-02;8,493e-02;9,265e-02;7,357e-02;7,267e+00;0;3,528e+02;7,661e+00;8,678e+00;0;3,590e+02;9,594e+00;1,210e+01;0;1,094e+01;9,869e+00;
29.05.2023 03:00:00;7,880e-02;8,723e-02;1,063e-01;8,085e-02;1,110e-01;9,900e-02;1,118e-01;1,033e-01;1,207e-01;9,040e-02;7,702e-02;7,222e-02;8,495e-02;8,130e-02;9,332e-02;1,086e-01;1,055e-01;8,543e-02;7,427e-02;7,392e-02;5,753e-02;7,623e-02;9,357e-02;8,900e-02;7,178e-02;8,690e-02;1,288e-01;8,823e-02;6,512e-02;8,018e-02;7,855e-02;6,943e-02;7,812e-02;6,618e-02;6,047e-02;8,090e-02;7,605e-02;1,029e-01;7,937e-02;1,014e-01;8,465e-02;6,712e-02;8,432e-02;8,692e-02;8,048e-02;9,457e-02;1,070e-01;9,262e-02;8,880e-02;8,017e-02;7,623e-02;9,457e-02;8,840e-02;7,048e-02;8,788e-02;7,143e-02;8,280e-02;1,010e-01;7,593e-02;1,218e-01;;8,462e-02;8,088e-02;7,393e-02;8,103e-02;7,920e-02;9,445e-02;7,107e-02;7,648e-02;9,057e-02;7,977e-02;8,223e-02;1,088e-01;6,630e-02;7,732e-02;7,915e-02;8,087e-02;7,665e-02;8,388e-02;8,877e-02;7,608e-02;6,719e+00;0;3,534e+02;7,836e+00;7,997e+00;0;4,787e+00;8,316e+00;1,121e+01;0;3,214e+00;9,179e+00;
29.05.2023 04:00:00;7,823e-02;9,148e-02;1,110e-01;8,573e-02;1,086e-01;1,012e-01;1,130e-01;1,047e-01;1,192e-01;9,332e-02;8,068e-02;6,862e-02;8,527e-02;8,325e-02;8,592e-02;1,082e-01;1,085e-01;8,545e-02;6,910e-02;7,242e-02;5,933e-02;7,715e-02;9,140e-02;8,905e-02;7,113e-02;8,432e-02;1,237e-01;8,915e-02;6,683e-02;8,227e-02;7,690e-02;6,902e-02;7,920e-02;6,850e-02;6,167e-02;8,238e-02;7,762e-02;1,014e-01;8,077e-02;9,968e-02;8,785e-02;7,137e-02;8,187e-02;8,857e-02;8,233e-02;9,238e-02;1,060e-01;8,920e-02;8,887e-02;7,738e-02;8,320e-02;9,482e-02;8,708e-02;7,248e-02;8,852e-02;7,418e-02;8,287e-02;9,885e-02;7,167e-02;1,155e-01;;8,545e-02;7,850e-02;7,610e-02;8,587e-02;7,807e-02;9,228e-02;7,420e-02;7,590e-02;9,282e-02;8,065e-02;8,255e-02;1,063e-01;6,578e-02;7,962e-02;7,732e-02;8,023e-02;7,625e-02;8,382e-02;9,288e-02;7,520e-02;6,218e+00;0;3,314e+00;4,964e+00;7,333e+00;0;9,043e+00;5,954e+00;1,056e+01;0;3,018e+00;7,502e+00;
29.05.2023 05:00:00;7,880e-02;8,435e-02;1,088e-01;8,723e-02;1,140e-01;1,019e-01;1,130e-01;1,062e-01;1,197e-01;9,837e-02;7,998e-02;7,200e-02;8,140e-02;8,117e-02;8,785e-02;1,100e-01;1,061e-01;8,573e-02;6,853e-02;7,932e-02;5,723e-02;7,820e-02;9,343e-02;8,838e-02;7,152e-02;8,830e-02;1,258e-01;8,867e-02;6,450e-02;8,315e-02;7,642e-02;6,782e-02;7,532e-02;6,728e-02;6,012e-02;8,360e-02;7,762e-02;1,003e-01;8,277e-02;9,838e-02;8,977e-02;6,350e-02;8,052e-02;8,865e-02;8,035e-02;9,228e-02;1,107e-01;9,055e-02;8,717e-02;8,017e-02;7,968e-02;9,605e-02;8,597e-02;6,975e-02;8,675e-02;7,840e-02;8,160e-02;9,745e-02;7,337e-02;1,188e-01;;8,478e-02;7,668e-02;7,537e-02;8,137e-02;7,878e-02;9,248e-02;6,993e-02;7,463e-02;8,918e-02;8,213e-02;8,665e-02;1,064e-01;6,780e-02;8,002e-02;7,645e-02;7,627e-02;7,838e-02;8,373e-02;9,323e-02;7,395e-02;5,839e+00;0;2,638e+00;4,944e+00;6,766e+00;0;6,562e+00;5,440e+00;9,002e+00;0;3,527e+02;4,989e+00;
29.05.2023 06:00:00;7,870e-02;8,480e-02;1,063e-01;8,615e-02;1,112e-01;1,031e-01;1,115e-01;1,058e-01;1,227e-01;9,322e-02;8,158e-02;6,992e-02;8,557e-02;8,352e-02;8,690e-02;1,110e-01;1,077e-01;8,557e-02;6,858e-02;7,287e-02;6,133e-02;7,973e-02;9,277e-02;8,995e-02;6,845e-02;8,682e-02;1,293e-01;8,882e-02;6,520e-02;7,720e-02;7,868e-02;7,202e-02;7,632e-02;6,375e-02;6,248e-02;8,288e-02;7,605e-02;1,033e-01;8,073e-02;1,011e-01;8,723e-02;7,028e-02;7,980e-02;8,660e-02;8,048e-02;9,415e-02;1,080e-01;8,668e-02;9,067e-02;7,823e-02;8,025e-02;9,880e-02;8,445e-02;7,147e-02;8,748e-02;7,488e-02;8,347e-02;9,860e-02;7,412e-02;1,190e-01;;8,368e-02;7,718e-02;7,737e-02;8,298e-02;7,970e-02;9,360e-02;7,240e-02;7,420e-02;8,765e-02;8,232e-02;8,503e-02;1,077e-01;6,608e-02;7,582e-02;7,607e-02;8,143e-02;7,870e-02;8,585e-02;9,030e-02;7,457e-02;5,663e+00;0;3,553e+02;4,259e+00;6,559e+00;0;3,584e+02;5,258e+00;7,970e+00;0;3,412e+02;4,609e+00;
29.05.2023 07:00:00;7,915e-02;8,847e-02;1,055e-01;8,557e-02;1,085e-01;1,023e-01;1,122e-01;1,038e-01;1,205e-01;9,298e-02;8,263e-02;7,157e-02;8,532e-02;8,623e-02;9,082e-02;1,093e-01;1,053e-01;8,435e-02;7,092e-02;7,515e-02;6,000e-02;7,515e-02;9,232e-02;9,020e-02;6,923e-02;8,533e-02;1,278e-01;8,682e-02;6,527e-02;8,253e-02;7,713e-02;6,467e-02;7,898e-02;6,600e-02;5,993e-02;8,315e-02;7,660e-02;9,845e-02;8,062e-02;1,012e-01;8,413e-02;6,820e-02;8,220e-02;8,712e-02;8,112e-02;9,433e-02;1,032e-01;8,973e-02;8,540e-02;7,872e-02;8,108e-02;9,453e-02;8,600e-02;7,112e-02;8,928e-02;7,357e-02;8,178e-02;9,685e-02;7,392e-02;1,168e-01;;8,450e-02;7,848e-02;7,310e-02;8,297e-02;7,738e-02;9,302e-02;7,260e-02;7,280e-02;8,920e-02;8,178e-02;8,593e-02;1,047e-01;6,625e-02;7,907e-02;7,850e-02;7,922e-02;7,660e-02;8,542e-02;9,273e-02;7,398e-02;6,823e+00;0;3,383e+02;3,568e+00;7,742e+00;0;3,383e+02;3,957e+00;8,037e+00;0;3,435e+02;4,710e+00;
29.05.2023 08:00:00;7,698e-02;8,903e-02;1,098e-01;8,362e-02;1,115e-01;9,858e-02;1,098e-01;1,035e-01;1,183e-01;9,493e-02;7,860e-02;6,965e-02;8,265e-02;8,135e-02;8,782e-02;1,093e-01;1,060e-01;8,182e-02;7,027e-02;7,515e-02;5,742e-02;7,707e-02;9,143e-02;8,957e-02;7,457e-02;8,192e-02;1,240e-01;8,197e-02;6,320e-02;8,085e-02;7,807e-02;7,067e-02;7,232e-02;6,497e-02;6,070e-02;8,432e-02;7,475e-02;9,890e-02;7,820e-02;9,710e-02;8,603e-02;6,815e-02;8,248e-02;8,648e-02;8,220e-02;9,048e-02;1,098e-01;8,807e-02;8,805e-02;8,028e-02;8,070e-02;9,462e-02;8,623e-02;7,137e-02;8,627e-02;7,230e-02;8,262e-02;9,523e-02;6,985e-02;1,193e-01;;8,573e-02;7,998e-02;7,315e-02;8,050e-02;7,943e-02;8,903e-02;7,378e-02;7,782e-02;9,198e-02;8,173e-02;8,462e-02;1,058e-01;6,455e-02;7,732e-02;7,885e-02;7,920e-02;7,527e-02;8,368e-02;9,345e-02;7,827e-02;9,114e+00;0;3,219e+02;3,492e+00;9,993e+00;0;3,360e+02;4,161e+00;9,272e+00;0;3,415e+02;4,129e+00;
29.05.2023 09:00:00;7,693e-02;8,303e-02;1,073e-01;8,653e-02;1,132e-01;1,015e-01;1,117e-01;1,038e-01;1,205e-01;9,340e-02;8,178e-02;7,098e-02;8,150e-02;8,148e-02;8,857e-02;1,080e-01;1,063e-01;8,383e-02;7,420e-02;7,862e-02;5,812e-02;7,738e-02;9,540e-02;8,965e-02;7,080e-02;8,702e-02;1,275e-01;8,593e-02;6,518e-02;8,020e-02;7,543e-02;7,040e-02;7,640e-02;6,623e-02;5,910e-02;8,268e-02;7,383e-02;1,018e-01;8,215e-02;9,790e-02;8,312e-02;6,972e-02;8,258e-02;8,810e-02;7,927e-02;9,297e-02;1,110e-01;9,028e-02;8,685e-02;7,753e-02;7,938e-02;9,400e-02;8,437e-02;6,992e-02;8,377e-02;7,035e-02;8,288e-02;9,930e-02;6,912e-02;1,162e-01;;8,422e-02;7,873e-02;7,310e-02;7,957e-02;8,237e-02;9,422e-02;7,137e-02;7,390e-02;8,968e-02;7,893e-02;8,553e-02;1,041e-01;6,503e-02;7,945e-02;7,965e-02;7,915e-02;7,737e-02;8,182e-02;8,890e-02;7,317e-02;1,063e+01;0;3,317e+02;4,657e+00;1,067e+01;0;3,409e+02;4,383e+00;1,098e+01;0;3,268e+02;3,077e+00;
29.05.2023 10:00:00;7,540e-02;8,848e-02;1,105e-01;8,973e-02;1,090e-01;9,767e-02;1,095e-01;1,038e-01;1,200e-01;9,322e-02;8,337e-02;7,012e-02;8,210e-02;7,687e-02;8,882e-02;1,100e-01;1,045e-01;8,465e-02;7,143e-02;7,743e-02;5,977e-02;7,925e-02;9,052e-02;9,048e-02;7,087e-02;8,610e-02;1,260e-01;8,972e-02;6,347e-02;7,927e-02;7,648e-02;7,232e-02;7,500e-02;6,687e-02;5,760e-02;8,262e-02;7,437e-02;9,897e-02;7,965e-02;1,002e-01;8,528e-02;6,777e-02;8,402e-02;8,890e-02;8,098e-02;9,585e-02;1,078e-01;8,748e-02;8,827e-02;8,010e-02;8,032e-02;9,520e-02;8,407e-02;7,223e-02;8,850e-02;7,593e-02;8,410e-02;9,332e-02;7,258e-02;1,152e-01;;8,568e-02;7,862e-02;7,453e-02;8,360e-02;7,515e-02;9,345e-02;7,378e-02;7,615e-02;9,052e-02;7,952e-02;8,247e-02;1,051e-01;6,662e-02;7,648e-02;7,780e-02;7,803e-02;7,448e-02;8,562e-02;9,312e-02;7,365e-02;1,187e+01;0;3,293e+02;5,284e+00;1,164e+01;0;3,375e+02;4,966e+00;1,261e+01;0;3,084e+02;3,859e+00;
29.05.2023 11:00:00;7,577e-02;8,632e-02;1,067e-01;8,477e-02;1,102e-01;1,004e-01;1,110e-01;1,022e-01;1,205e-01;9,177e-02;8,148e-02;6,945e-02;7,948e-02;7,687e-02;8,527e-02;1,103e-01;1,018e-01;8,465e-02;7,227e-02;7,365e-02;5,767e-02;7,873e-02;9,317e-02;8,932e-02;7,095e-02;8,445e-02;1,250e-01;8,713e-02;6,413e-02;8,118e-02;7,937e-02;7,118e-02;7,108e-02;6,795e-02;6,168e-02;8,350e-02;7,617e-02;1,038e-01;7,782e-02;9,768e-02;8,312e-02;6,642e-02;8,298e-02;8,653e-02;7,958e-02;9,262e-02;1,108e-01;8,698e-02;8,718e-02;8,010e-02;8,048e-02;9,480e-02;8,412e-02;7,290e-02;8,540e-02;7,418e-02;8,197e-02;9,805e-02;7,140e-02;1,165e-01;;8,448e-02;7,577e-02;7,673e-02;7,853e-02;7,818e-02;9,160e-02;7,610e-02;7,490e-02;9,112e-02;8,020e-02;8,282e-02;1,068e-01;6,540e-02;7,650e-02;7,863e-02;8,087e-02;7,348e-02;8,875e-02;9,092e-02;7,473e-02;1,337e+01;0;3,224e+02;4,423e+00;1,353e+01;0;3,301e+02;4,826e+00;1,396e+01;0;3,080e+02;4,335e+00;
29.05.2023 12:00:00;7,595e-02;8,457e-02;1,087e-01;8,448e-02;1,110e-01;1,003e-01;1,097e-01;1,028e-01;1,187e-01;9,057e-02;7,940e-02;6,958e-02;8,295e-02;8,172e-02;8,673e-02;1,097e-01;1,071e-01;8,457e-02;7,198e-02;7,437e-02;5,662e-02;7,527e-02;9,212e-02;8,857e-02;7,338e-02;8,953e-02;1,295e-01;8,557e-02;6,268e-02;8,208e-02;7,798e-02;6,932e-02;7,657e-02;6,408e-02;6,355e-02;8,445e-02;7,383e-02;9,952e-02;8,032e-02;9,938e-02;8,303e-02;6,707e-02;8,035e-02;8,710e-02;8,308e-02;9,197e-02;1,048e-01;8,517e-02;8,768e-02;8,045e-02;7,940e-02;9,447e-02;8,238e-02;6,995e-02;8,432e-02;7,585e-02;7,962e-02;9,972e-02;7,098e-02;1,145e-01;;8,302e-02;7,743e-02;7,378e-02;8,148e-02;7,485e-02;9,180e-02;7,243e-02;7,637e-02;9,518e-02;7,507e-02;8,307e-02;1,031e-01;6,515e-02;7,340e-02;7,840e-02;7,908e-02;7,412e-02;8,270e-02;9,118e-02;7,632e-02;1,482e+01;0;3,134e+02;4,190e+00;1,504e+01;0;3,339e+02;5,262e+00;1,508e+01;0;3,038e+02;5,104e+00;
29.05.2023 13:00:00;7,657e-02;8,787e-02;1,080e-01;8,717e-02;1,056e-01;1,010e-01;1,157e-01;1,037e-01;1,195e-01;9,162e-02;8,045e-02;6,853e-02;8,207e-02;8,023e-02;8,610e-02;1,080e-01;1,076e-01;8,315e-02;7,002e-02;7,612e-02;5,777e-02;7,885e-02;9,293e-02;8,662e-02;7,395e-02;8,418e-02;1,242e-01;8,633e-02;6,272e-02;7,967e-02;7,623e-02;7,007e-02;7,622e-02;6,873e-02;6,135e-02;8,422e-02;7,568e-02;1,016e-01;7,658e-02;9,627e-02;8,187e-02;6,760e-02;7,987e-02;8,605e-02;8,035e-02;9,360e-02;1,072e-01;8,863e-02;8,537e-02;7,803e-02;7,845e-02;9,192e-02;8,762e-02;7,210e-02;8,240e-02;7,348e-02;8,035e-02;9,877e-02;7,278e-02;1,128e-01;;8,412e-02;7,882e-02;7,702e-02;8,035e-02;7,455e-02;9,132e-02;7,050e-02;7,695e-02;8,912e-02;7,853e-02;8,110e-02;1,055e-01;6,433e-02;7,668e-02;7,882e-02;7,890e-02;7,557e-02;8,577e-02;9,068e-02;7,465e-02;1,623e+01;0;3,280e+02;4,558e+00;1,610e+01;0;3,318e+02;5,337e+00;1,662e+01;0;3,246e+02;4,122e+00;
29.05.2023 14:00:00;7,817e-02;8,728e-02;1,058e-01;8,387e-02;1,110e-01;9,805e-02;1,120e-01;1,031e-01;1,203e-01;9,110e-02;8,033e-02;7,087e-02;8,162e-02;8,362e-02;8,715e-02;1,087e-01;1,078e-01;8,843e-02;7,098e-02;7,473e-02;6,077e-02;7,667e-02;9,050e-02;8,885e-02;7,390e-02;8,878e-02;1,255e-01;8,840e-02;6,497e-02;7,725e-02;7,718e-02;6,838e-02;7,610e-02;6,563e-02;5,943e-02;8,490e-02;7,590e-02;1,005e-01;7,688e-02;9,785e-02;8,707e-02;6,727e-02;8,113e-02;8,862e-02;8,268e-02;9,152e-02;1,083e-01;8,848e-02;8,708e-02;7,693e-02;7,578e-02;9,585e-02;8,352e-02;7,210e-02;8,247e-02;7,082e-02;8,130e-02;9,503e-02;7,087e-02;1,190e-01;;8,545e-02;7,698e-02;7,570e-02;8,128e-02;7,485e-02;9,323e-02;7,312e-02;7,818e-02;8,927e-02;8,142e-02;8,402e-02;1,042e-01;6,495e-02;7,553e-02;7,570e-02;7,937e-02;7,613e-02;8,348e-02;9,110e-02;7,357e-02;1,693e+01;0;3,127e+02;5,189e+00;1,693e+01;0;3,368e+02;5,110e+00;1,738e+01;0;3,372e+02;3,800e+00;
29.05.2023 15:00:00;7,753e-02;8,585e-02;1,093e-01;8,348e-02;1,105e-01;9,743e-02;1,107e-01;9,920e-02;1,203e-01;9,212e-02;8,047e-02;7,408e-02;8,320e-02;8,377e-02;8,470e-02;1,097e-01;1,062e-01;8,213e-02;6,827e-02;7,565e-02;5,787e-02;7,590e-02;9,235e-02;9,092e-02;7,257e-02;8,573e-02;1,253e-01;8,807e-02;6,718e-02;7,753e-02;7,357e-02;7,130e-02;7,643e-02;6,343e-02;6,178e-02;8,137e-02;7,557e-02;1,032e-01;7,693e-02;9,632e-02;8,813e-02;6,935e-02;8,035e-02;8,920e-02;8,028e-02;9,420e-02;1,045e-01;8,732e-02;8,507e-02;7,832e-02;7,808e-02;9,502e-02;8,570e-02;6,943e-02;8,448e-02;7,225e-02;7,928e-02;9,815e-02;7,182e-02;1,137e-01;;8,698e-02;7,952e-02;7,465e-02;8,008e-02;7,578e-02;8,858e-02;7,482e-02;7,432e-02;9,075e-02;8,203e-02;8,340e-02;1,049e-01;6,465e-02;7,715e-02;7,758e-02;8,192e-02;7,410e-02;8,365e-02;9,227e-02;7,427e-02;1,743e+01;0;3,111e+02;4,924e+00;1,737e+01;0;3,329e+02;6,261e+00;1,853e+01;0;3,349e+02;3,328e+00;
29.05.2023 16:00:00;7,578e-02;8,892e-02;1,083e-01;8,335e-02;1,107e-01;9,965e-02;1,087e-01;1,030e-01;1,223e-01;9,197e-02;8,223e-02;7,387e-02;8,012e-02;8,317e-02;8,565e-02;1,072e-01;1,082e-01;8,233e-02;7,108e-02;7,758e-02;5,983e-02;7,782e-02;9,243e-02;8,832e-02;7,180e-02;8,525e-02;1,240e-01;8,823e-02;6,312e-02;8,187e-02;7,758e-02;7,090e-02;7,395e-02;6,520e-02;6,332e-02;8,482e-02;7,373e-02;1,008e-01;7,737e-02;9,727e-02;8,590e-02;6,728e-02;8,098e-02;8,565e-02;8,185e-02;9,418e-02;1,050e-01;8,873e-02;8,573e-02;7,965e-02;8,110e-02;9,813e-02;8,675e-02;6,890e-02;8,270e-02;7,330e-02;8,163e-02;9,490e-02;7,128e-02;1,155e-01;;8,637e-02;7,785e-02;7,157e-02;8,282e-02;7,378e-02;9,195e-02;7,677e-02;7,577e-02;9,062e-02;8,165e-02;8,195e-02;1,046e-01;6,583e-02;7,617e-02;8,132e-02;7,830e-02;7,715e-02;8,572e-02;9,138e-02;7,437e-02;1,769e+01;0;3,244e+02;5,792e+00;1,742e+01;0;3,309e+02;7,593e+00;1,919e+01;0;3,197e+02;3,797e+00;
29.05.2023 17:00:00;7,753e-02;8,575e-02;1,097e-01;8,698e-02;1,115e-01;9,805e-02;1,128e-01;1,035e-01;1,207e-01;9,143e-02;7,780e-02;7,045e-02;8,510e-02;8,410e-02;8,382e-02;1,060e-01;1,054e-01;8,303e-02;7,380e-02;7,857e-02;6,000e-02;7,798e-02;9,537e-02;9,173e-02;7,043e-02;8,843e-02;1,262e-01;8,382e-02;6,448e-02;7,882e-02;7,818e-02;6,568e-02;7,685e-02;6,758e-02;6,250e-02;8,403e-02;7,682e-02;1,025e-01;8,150e-02;1,013e-01;8,493e-02;7,060e-02;7,963e-02;8,633e-02;7,957e-02;9,282e-02;1,057e-01;8,705e-02;8,693e-02;7,753e-02;7,953e-02;9,282e-02;8,440e-02;6,942e-02;8,245e-02;7,502e-02;7,988e-02;9,773e-02;6,975e-02;1,162e-01;;8,398e-02;7,948e-02;7,540e-02;8,305e-02;7,790e-02;9,293e-02;7,035e-02;7,827e-02;8,840e-02;8,032e-02;8,135e-02;1,053e-01;6,430e-02;7,662e-02;7,843e-02;7,912e-02;7,665e-02;8,817e-02;8,938e-02;7,258e-02;1,757e+01;0;3,247e+02;6,802e+00;1,714e+01;0;3,363e+02;8,217e+00;1,964e+01;0;3,212e+02;3,790e+00;
29.05.2023 18:00:00;7,670e-02;8,715e-02;1,068e-01;8,907e-02;1,105e-01;9,853e-02;1,113e-01;1,025e-01;1,213e-01;9,340e-02;7,925e-02;6,943e-02;8,188e-02;8,253e-02;8,407e-02;1,095e-01;1,036e-01;8,493e-02;6,882e-02;7,657e-02;5,872e-02;7,872e-02;9,242e-02;8,925e-02;7,425e-02;8,610e-02;1,267e-01;8,758e-02;6,335e-02;7,997e-02;8,080e-02;7,050e-02;7,573e-02;6,510e-02;5,972e-02;8,205e-02;7,593e-02;1,014e-01;8,057e-02;9,730e-02;8,540e-02;7,073e-02;8,190e-02;9,088e-02;8,077e-02;9,360e-02;1,063e-01;8,840e-02;8,925e-02;8,123e-02;7,920e-02;9,385e-02;8,548e-02;7,067e-02;8,572e-02;7,492e-02;8,050e-02;9,673e-02;6,973e-02;1,168e-01;;8,720e-02;8,087e-02;7,618e-02;7,862e-02;7,438e-02;9,240e-02;7,307e-02;7,635e-02;8,948e-02;8,303e-02;8,453e-02;1,057e-01;6,377e-02;8,012e-02;7,982e-02;7,870e-02;7,220e-02;8,562e-02;8,948e-02;7,382e-02;1,712e+01;0;3,171e+02;6,880e+00;1,683e+01;0;3,320e+02;8,151e+00;1,981e+01;0;3,490e+02;3,750e+00;
29.05.2023 19:00:00;7,590e-02;8,778e-02;1,098e-01;8,565e-02;1,093e-01;1,012e-01;1,115e-01;1,026e-01;1,210e-01;8,893e-02;7,943e-02;7,037e-02;8,132e-02;7,952e-02;9,082e-02;1,076e-01;1,063e-01;8,578e-02;6,962e-02;7,232e-02;5,580e-02;7,653e-02;9,202e-02;8,862e-02;7,090e-02;8,807e-02;1,267e-01;8,520e-02;6,520e-02;7,723e-02;7,523e-02;6,907e-02;7,473e-02;6,623e-02;5,982e-02;8,152e-02;7,108e-02;1,025e-01;7,862e-02;9,578e-02;8,707e-02;6,817e-02;8,150e-02;8,682e-02;8,110e-02;9,282e-02;1,070e-01;8,712e-02;8,630e-02;7,787e-02;8,002e-02;9,370e-02;8,647e-02;6,925e-02;8,428e-02;7,170e-02;8,018e-02;9,638e-02;7,095e-02;1,177e-01;;8,648e-02;8,013e-02;7,673e-02;8,078e-02;7,470e-02;9,285e-02;7,282e-02;7,297e-02;8,918e-02;7,860e-02;8,380e-02;1,072e-01;6,580e-02;7,625e-02;8,077e-02;8,008e-02;7,432e-02;8,475e-02;9,243e-02;7,622e-02;1,605e+01;0;3,212e+02;7,512e+00;1,560e+01;0;3,345e+02;9,318e+00;1,966e+01;0;3,475e+02;3,845e+00;
29.05.2023 20:00:00;7,675e-02;8,723e-02;1,087e-01;8,800e-02;1,132e-01;1,014e-01;1,132e-01;1,060e-01;1,230e-01;8,777e-02;7,997e-02;7,012e-02;8,325e-02;8,232e-02;8,540e-02;1,110e-01;1,057e-01;8,387e-02;7,207e-02;7,827e-02;5,627e-02;7,747e-02;8,707e-02;8,940e-02;6,908e-02;8,462e-02;1,275e-01;8,682e-02;6,578e-02;8,045e-02;7,790e-02;7,048e-02;7,462e-02;6,588e-02;6,057e-02;8,463e-02;7,763e-02;9,828e-02;7,973e-02;9,983e-02;8,612e-02;6,850e-02;8,060e-02;8,657e-02;8,125e-02;9,430e-02;1,066e-01;8,718e-02;8,465e-02;7,828e-02;8,002e-02;9,648e-02;8,652e-02;7,148e-02;8,125e-02;7,262e-02;7,943e-02;9,932e-02;7,057e-02;1,202e-01;;8,373e-02;7,705e-02;7,388e-02;7,983e-02;7,753e-02;9,273e-02;7,517e-02;7,542e-02;8,997e-02;7,942e-02;8,102e-02;1,053e-01;6,625e-02;7,582e-02;7,697e-02;8,048e-02;7,470e-02;8,515e-02;8,992e-02;7,423e-02;1,453e+01;0;3,262e+02;7,411e+00;1,411e+01;0;3,343e+02;8,493e+00;1,860e+01;0;3,140e+02;4,395e+00;
29.05.2023 21:00:00;7,508e-02;8,478e-02;1,087e-01;8,348e-02;1,097e-01;1,003e-01;1,080e-01;1,037e-01;1,210e-01;9,105e-02;8,055e-02;6,882e-02;8,065e-02;8,325e-02;8,447e-02;1,095e-01;1,028e-01;8,653e-02;6,822e-02;7,453e-02;5,852e-02;7,920e-02;9,477e-02;8,668e-02;7,353e-02;8,690e-02;1,267e-01;8,628e-02;6,605e-02;8,040e-02;7,802e-02;7,092e-02;7,553e-02;6,662e-02;6,055e-02;8,148e-02;7,535e-02;1,023e-01;7,577e-02;9,952e-02;8,582e-02;6,930e-02;7,840e-02;8,738e-02;8,093e-02;9,643e-02;1,050e-01;9,115e-02;8,773e-02;7,883e-02;8,170e-02;9,568e-02;8,335e-02;6,813e-02;8,587e-02;7,015e-02;8,032e-02;1,001e-01;7,048e-02;1,163e-01;;8,712e-02;7,692e-02;7,758e-02;8,135e-02;7,718e-02;9,170e-02;7,453e-02;7,732e-02;8,887e-02;7,973e-02;8,187e-02;1,067e-01;6,260e-02;7,707e-02;8,048e-02;7,487e-02;7,308e-02;8,635e-02;9,198e-02;7,473e-02;1,251e+01;0;3,294e+02;7,936e+00;1,237e+01;0;3,383e+02;8,865e+00;1,665e+01;0;2,912e+02;7,746e+00;
29.05.2023 22:00:00;7,603e-02;8,678e-02;1,078e-01;8,445e-02;1,090e-01;9,993e-02;1,113e-01;1,050e-01;1,202e-01;8,882e-02;7,803e-02;6,598e-02;8,025e-02;7,748e-02;8,643e-02;1,097e-01;1,050e-01;8,637e-02;6,793e-02;7,498e-02;5,928e-02;7,720e-02;9,305e-02;8,778e-02;6,863e-02;8,552e-02;1,257e-01;8,347e-02;6,770e-02;8,042e-02;7,765e-02;6,975e-02;7,640e-02;6,600e-02;6,247e-02;7,900e-02;7,162e-02;9,885e-02;7,787e-02;9,927e-02;8,583e-02;6,728e-02;8,037e-02;8,635e-02;7,882e-02;9,188e-02;1,075e-01;8,715e-02;8,415e-02;8,043e-02;7,982e-02;9,607e-02;8,473e-02;7,043e-02;8,498e-02;7,185e-02;8,095e-02;9,735e-02;7,387e-02;1,190e-01;;8,377e-02;7,673e-02;7,390e-02;8,135e-02;7,387e-02;9,262e-02;7,327e-02;7,768e-02;8,773e-02;8,068e-02;8,293e-02;1,055e-01;6,695e-02;7,543e-02;7,793e-02;7,715e-02;7,503e-02;8,820e-02;9,167e-02;7,298e-02;1,115e+01;0;3,294e+02;7,494e+00;1,132e+01;0;3,379e+02;8,337e+00;1,499e+01;0;3,125e+02;5,346e+00;
29.05.2023 23:00:00;7,927e-02;8,360e-02;1,100e-01;8,498e-02;1,073e-01;1,008e-01;1,105e-01;1,053e-01;1,248e-01;9,225e-02;7,823e-02;7,057e-02;7,978e-02;7,817e-02;8,660e-02;1,083e-01;1,067e-01;8,618e-02;7,168e-02;7,393e-02;5,973e-02;7,508e-02;9,197e-02;9,110e-02;6,868e-02;8,835e-02;1,277e-01;8,553e-02;6,515e-02;7,975e-02;7,735e-02;6,985e-02;8,068e-02;6,472e-02;5,747e-02;8,123e-02;7,613e-02;9,973e-02;8,028e-02;9,882e-02;8,582e-02;6,860e-02;8,027e-02;8,660e-02;8,022e-02;9,340e-02;1,070e-01;8,728e-02;8,643e-02;7,978e-02;7,683e-02;9,345e-02;8,547e-02;7,320e-02;8,368e-02;6,977e-02;8,127e-02;9,907e-02;7,173e-02;1,180e-01;;8,598e-02;7,698e-02;7,707e-02;8,170e-02;7,670e-02;9,207e-02;7,348e-02;7,095e-02;8,743e-02;7,903e-02;8,248e-02;1,053e-01;6,403e-02;7,928e-02;7,848e-02;7,937e-02;7,733e-02;8,268e-02;8,982e-02;7,473e-02;9,907e+00;0;3,345e+02;7,388e+00;1,052e+01;0;3,394e+02;8,544e+00;1,352e+01;0;3,240e+02;6,316e+00;
30.05.2023 00:00:00;7,698e-02;8,387e-02;1,077e-01;8,957e-02;1,098e-01;9,960e-02;1,127e-01;1,051e-01;1,190e-01;9,257e-02;7,723e-02;6,953e-02;8,040e-02;7,795e-02;8,848e-02;1,093e-01;1,048e-01;8,443e-02;6,830e-02;7,462e-02;5,980e-02;7,762e-02;8,828e-02;9,148e-02;6,820e-02;8,838e-02;1,262e-01;8,835e-02;6,637e-02;8,162e-02;7,843e-02;7,125e-02;7,560e-02;6,593e-02;5,795e-02;8,335e-02;7,687e-02;1,006e-01;7,898e-02;9,997e-02;8,503e-02;6,765e-02;7,802e-02;8,640e-02;8,107e-02;8,740e-02;1,100e-01;8,548e-02;8,807e-02;7,990e-02;7,912e-02;9,272e-02;8,423e-02;7,135e-02;8,677e-02;7,257e-02;8,227e-02;9,732e-02;6,965e-02;1,178e-01;;8,597e-02;7,743e-02;7,592e-02;8,132e-02;7,603e-02;9,203e-02;7,098e-02;7,497e-02;8,998e-02;7,753e-02;8,270e-02;1,015e-01;6,903e-02;7,690e-02;7,675e-02;7,790e-02;7,687e-02;8,733e-02;9,007e-02;7,068e-02;9,459e+00;0;3,316e+02;7,854e+00;9,892e+00;0;3,429e+02;7,947e+00;1,227e+01;0;3,123e+02;5,379e+00;
30.05.2023 01:00:00;7,665e-02;8,603e-02;1,083e-01;8,518e-02;1,100e-01;9,973e-02;1,132e-01;1,030e-01;1,200e-01;9,328e-02;8,177e-02;6,923e-02;8,003e-02;7,997e-02;8,993e-02;1,100e-01;1,052e-01;8,173e-02;7,157e-02;7,360e-02;5,983e-02;7,807e-02;9,588e-02;8,977e-02;7,007e-02;8,507e-02;1,248e-01;8,610e-02;6,578e-02;8,050e-02;7,670e-02;6,823e-02;7,882e-02;6,463e-02;5,662e-02;8,252e-02;7,457e-02;1,040e-01;7,957e-02;9,773e-02;8,888e-02;6,738e-02;8,038e-02;8,778e-02;7,942e-02;9,520e-02;1,056e-01;8,827e-02;8,880e-02;7,525e-02;7,832e-02;9,498e-02;8,442e-02;7,020e-02;8,437e-02;7,545e-02;8,010e-02;9,860e-02;7,202e-02;1,198e-01;;8,560e-02;7,918e-02;7,390e-02;8,348e-02;7,423e-02;9,357e-02;7,268e-02;7,743e-02;8,837e-02;7,538e-02;8,427e-02;1,055e-01;6,412e-02;7,782e-02;7,880e-02;7,798e-02;7,593e-02;8,637e-02;9,123e-02;7,087e-02;9,236e+00;0;3,359e+02;8,409e+00;9,538e+00;0;3,452e+02;8,209e+00;1,132e+01;0;3,196e+02;5,764e+00;
30.05.2023 02:00:00;7,520e-02;8,902e-02;1,087e-01;8,445e-02;1,117e-01;1,023e-01;1,153e-01;1,028e-01;1,205e-01;9,135e-02;7,845e-02;6,820e-02;8,022e-02;8,212e-02;8,815e-02;1,098e-01;1,055e-01;8,432e-02;6,927e-02;7,492e-02;5,993e-02;7,837e-02;9,218e-02;9,190e-02;6,800e-02;8,653e-02;1,270e-01;8,810e-02;6,560e-02;7,782e-02;7,830e-02;6,768e-02;7,658e-02;6,573e-02;6,067e-02;8,405e-02;7,637e-02;1,053e-01;7,940e-02;9,685e-02;8,145e-02;7,002e-02;7,872e-02;8,710e-02;7,965e-02;9,157e-02;1,049e-01;8,862e-02;8,773e-02;8,062e-02;7,722e-02;9,877e-02;8,478e-02;7,107e-02;8,548e-02;7,330e-02;8,085e-02;9,997e-02;6,992e-02;1,158e-01;;8,440e-02;7,927e-02;7,315e-02;8,152e-02;7,757e-02;9,257e-02;7,157e-02;7,590e-02;8,998e-02;8,055e-02;8,270e-02;1,047e-01;6,567e-02;7,915e-02;7,665e-02;8,053e-02;7,890e-02;8,650e-02;8,723e-02;7,615e-02;8,695e+00;0;3,371e+02;5,824e+00;9,213e+00;0;3,442e+02;8,921e+00;1,042e+01;0;3,259e+02;6,571e+00;
30.05.2023 03:00:00;7,728e-02;8,590e-02;1,067e-01;8,473e-02;1,090e-01;9,955e-02;1,113e-01;1,040e-01;1,190e-01;9,607e-02;7,757e-02;6,867e-02;8,282e-02;8,048e-02;8,890e-02;1,077e-01;1,050e-01;8,670e-02;7,037e-02;7,518e-02;5,892e-02;7,818e-02;9,505e-02;8,820e-02;7,118e-02;8,515e-02;1,287e-01;8,625e-02;6,182e-02;8,057e-02;7,548e-02;7,007e-02;7,733e-02;6,787e-02;6,115e-02;8,293e-02;7,652e-02;1,024e-01;8,282e-02;1,013e-01;8,448e-02;6,918e-02;8,060e-02;8,643e-02;8,140e-02;9,107e-02;1,070e-01;8,785e-02;9,012e-02;7,987e-02;7,825e-02;9,552e-02;8,715e-02;7,140e-02;8,565e-02;7,328e-02;8,100e-02;9,840e-02;7,223e-02;1,183e-01;;8,157e-02;7,908e-02;7,242e-02;8,277e-02;7,282e-02;9,620e-02;7,270e-02;7,357e-02;9,092e-02;7,932e-02;8,440e-02;1,037e-01;6,567e-02;7,712e-02;7,665e-02;8,265e-02;7,223e-02;8,278e-02;9,243e-02;7,580e-02;8,255e+00;0;3,365e+02;5,993e+00;9,095e+00;0;3,450e+02;8,507e+00;9,638e+00;0;3,226e+02;6,060e+00;
30.05.2023 04:00:00;7,802e-02;8,902e-02;1,093e-01;8,298e-02;1,122e-01;1,000e-01;1,140e-01;1,038e-01;1,185e-01;9,113e-02;7,815e-02;7,172e-02;8,407e-02;8,048e-02;8,895e-02;1,120e-01;1,042e-01;8,345e-02;7,132e-02;7,522e-02;5,757e-02;7,658e-02;9,315e-02;9,137e-02;6,995e-02;8,432e-02;1,293e-01;8,842e-02;6,482e-02;7,872e-02;7,748e-02;6,875e-02;7,608e-02;6,577e-02;5,745e-02;8,135e-02;7,665e-02;1,006e-01;8,073e-02;1,002e-01;8,348e-02;6,867e-02;7,863e-02;8,660e-02;7,582e-02;9,465e-02;1,093e-01;8,523e-02;8,902e-02;8,352e-02;7,935e-02;9,673e-02;8,765e-02;7,177e-02;8,682e-02;6,740e-02;8,080e-02;9,877e-02;7,087e-02;1,158e-01;;8,548e-02;7,870e-02;7,052e-02;8,185e-02;7,382e-02;9,340e-02;7,135e-02;7,532e-02;8,832e-02;8,003e-02;8,288e-02;1,032e-01;6,443e-02;7,798e-02;7,890e-02;8,257e-02;7,753e-02;8,693e-02;9,002e-02;7,607e-02;8,464e+00;0;3,312e+02;6,775e+00;8,942e+00;0;3,382e+02;8,312e+00;8,884e+00;0;3,178e+02;5,703e+00;
30.05.2023 05:00:00;7,557e-02;8,498e-02;1,044e-01;8,220e-02;1,160e-01;1,003e-01;1,142e-01;1,036e-01;1,210e-01;9,428e-02;7,702e-02;7,090e-02;8,260e-02;7,937e-02;8,782e-02;1,105e-01;1,072e-01;8,545e-02;7,105e-02;7,723e-02;5,915e-02;7,582e-02;9,370e-02;8,987e-02;7,262e-02;8,498e-02;1,287e-01;8,807e-02;6,623e-02;7,772e-02;7,780e-02;6,815e-02;7,568e-02;6,608e-02;5,802e-02;8,275e-02;7,940e-02;1,002e-01;8,128e-02;9,935e-02;8,573e-02;6,812e-02;7,828e-02;8,700e-02;7,837e-02;9,025e-02;1,085e-01;9,193e-02;8,597e-02;7,877e-02;8,158e-02;9,382e-02;8,662e-02;7,070e-02;8,927e-02;6,828e-02;8,107e-02;9,577e-02;7,165e-02;1,202e-01;;8,635e-02;7,958e-02;7,493e-02;7,918e-02;7,413e-02;9,237e-02;7,400e-02;7,397e-02;8,657e-02;8,037e-02;8,378e-02;1,033e-01;6,705e-02;7,598e-02;7,962e-02;8,148e-02;7,797e-02;8,293e-02;8,903e-02;7,602e-02;8,339e+00;0;3,360e+02;6,976e+00;9,223e+00;0;3,399e+02;8,657e+00;8,225e+00;0;3,180e+02;6,178e+00;
30.05.2023 06:00:00;7,973e-02;8,442e-02;1,065e-01;8,507e-02;1,089e-01;9,680e-02;1,143e-01;1,037e-01;1,235e-01;9,270e-02;7,740e-02;6,995e-02;8,243e-02;8,385e-02;8,990e-02;1,102e-01;9,997e-02;8,562e-02;7,113e-02;7,315e-02;5,832e-02;7,882e-02;9,108e-02;8,810e-02;7,340e-02;8,732e-02;1,285e-01;8,623e-02;6,552e-02;8,190e-02;7,982e-02;7,090e-02;7,800e-02;6,545e-02;5,803e-02;8,057e-02;7,510e-02;1,039e-01;8,240e-02;9,515e-02;8,773e-02;6,585e-02;8,015e-02;8,782e-02;8,115e-02;9,243e-02;1,095e-01;8,938e-02;8,853e-02;7,912e-02;7,957e-02;9,298e-02;8,465e-02;7,010e-02;8,662e-02;7,020e-02;8,185e-02;9,693e-02;7,082e-02;1,180e-01;;8,390e-02;7,787e-02;7,332e-02;8,268e-02;7,518e-02;9,030e-02;7,535e-02;7,875e-02;8,778e-02;7,985e-02;8,210e-02;1,037e-01;6,607e-02;7,652e-02;8,028e-02;8,300e-02;7,710e-02;8,468e-02;9,262e-02;7,472e-02;9,529e+00;0;3,374e+02;6,058e+00;9,911e+00;0;3,405e+02;5,250e+00;7,836e+00;0;3,273e+02;5,274e+00;
30.05.2023 07:00:00;7,653e-02;8,753e-02;1,115e-01;8,430e-02;1,123e-01;1,009e-01;1,087e-01;1,010e-01;1,222e-01;9,255e-02;8,158e-02;6,778e-02;8,117e-02;8,162e-02;8,728e-02;1,102e-01;1,068e-01;8,682e-02;6,973e-02;7,277e-02;5,690e-02;7,953e-02;9,177e-02;8,793e-02;6,938e-02;8,620e-02;1,208e-01;8,493e-02;6,435e-02;7,848e-02;7,965e-02;6,848e-02;7,742e-02;6,698e-02;6,060e-02;8,210e-02;7,652e-02;1,009e-01;7,930e-02;9,598e-02;8,325e-02;6,810e-02;8,075e-02;8,473e-02;8,065e-02;9,237e-02;1,083e-01;8,903e-02;8,773e-02;8,032e-02;7,435e-02;9,317e-02;8,243e-02;7,047e-02;8,340e-02;7,013e-02;8,060e-02;9,658e-02;7,082e-02;1,165e-01;;8,435e-02;7,753e-02;7,532e-02;8,198e-02;7,343e-02;9,452e-02;7,305e-02;7,795e-02;8,715e-02;7,812e-02;8,365e-02;1,050e-01;6,295e-02;7,753e-02;7,892e-02;7,882e-02;7,400e-02;8,077e-02;9,268e-02;7,562e-02;1,017e+01;0;3,397e+02;4,046e+00;1,039e+01;0;3,454e+02;3,847e+00;8,893e+00;0;3,348e+02;4,617e+00;
30.05.2023 08:00:00;7,613e-02;8,653e-02;1,055e-01;8,185e-02;1,092e-01;9,947e-02;1,137e-01;1,066e-01;1,192e-01;9,303e-02;8,057e-02;6,677e-02;8,102e-02;7,873e-02;8,735e-02;1,082e-01;1,019e-01;8,557e-02;6,960e-02;7,553e-02;5,870e-02;8,040e-02;8,993e-02;8,865e-02;6,787e-02;8,378e-02;1,293e-01;8,697e-02;6,407e-02;8,165e-02;7,935e-02;6,960e-02;7,745e-02;6,545e-02;5,755e-02;8,170e-02;7,853e-02;1,020e-01;8,223e-02;9,972e-02;8,427e-02;6,720e-02;7,785e-02;8,665e-02;8,300e-02;9,252e-02;1,075e-01;8,747e-02;8,773e-02;7,940e-02;7,537e-02;9,197e-02;8,435e-02;6,962e-02;8,618e-02;7,223e-02;8,055e-02;9,842e-02;7,180e-02;1,138e-01;;8,475e-02;7,865e-02;7,253e-02;7,977e-02;7,440e-02;9,097e-02;7,168e-02;7,525e-02;9,248e-02;7,877e-02;8,082e-02;1,068e-01;6,517e-02;8,043e-02;7,673e-02;7,848e-02;7,532e-02;8,600e-02;9,325e-02;7,390e-02;1,076e+01;0;3,288e+02;2,142e+00;1,108e+01;0;3,419e+02;4,299e+00;1,022e+01;0;3,477e+02;4,856e+00;
30.05.2023 09:00:00;7,565e-02;8,675e-02;1,085e-01;8,360e-02;1,087e-01;1,003e-01;1,117e-01;1,027e-01;1,185e-01;8,965e-02;7,873e-02;6,715e-02;8,290e-02;8,253e-02;8,970e-02;1,098e-01;1,042e-01;8,515e-02;7,295e-02;7,615e-02;5,997e-02;7,878e-02;9,163e-02;8,977e-02;7,093e-02;8,695e-02;1,248e-01;8,865e-02;6,300e-02;7,652e-02;7,903e-02;6,860e-02;7,507e-02;6,590e-02;6,105e-02;8,137e-02;7,465e-02;1,023e-01;8,148e-02;1,001e-01;8,350e-02;6,900e-02;7,970e-02;8,703e-02;8,162e-02;9,343e-02;1,087e-01;8,517e-02;8,965e-02;7,843e-02;7,445e-02;9,307e-02;8,482e-02;6,958e-02;8,870e-02;7,560e-02;8,175e-02;9,738e-02;7,045e-02;1,165e-01;;8,247e-02;7,737e-02;7,452e-02;8,110e-02;7,267e-02;9,153e-02;7,223e-02;7,683e-02;8,768e-02;7,805e-02;8,133e-02;1,044e-01;6,413e-02;7,460e-02;7,898e-02;7,865e-02;7,507e-02;8,478e-02;9,035e-02;7,352e-02;1,135e+01;0;3,514e+02;4,080e+00;1,106e+01;0;3,498e+02;4,725e+00;1,147e+01;0;3,477e+02;3,420e+00;
30.05.2023 10:00:00;7,623e-02;8,595e-02;1,082e-01;8,515e-02;1,105e-01;1,015e-01;1,165e-01;1,036e-01;1,215e-01;9,332e-02;8,003e-02;6,923e-02;8,122e-02;8,040e-02;8,688e-02;1,057e-01;1,033e-01;8,633e-02;6,870e-02;7,428e-02;5,622e-02;7,653e-02;8,943e-02;8,723e-02;6,700e-02;8,687e-02;1,270e-01;8,483e-02;6,063e-02;7,800e-02;7,970e-02;7,020e-02;7,940e-02;6,317e-02;5,910e-02;7,882e-02;7,150e-02;9,927e-02;7,913e-02;9,745e-02;8,458e-02;6,773e-02;7,770e-02;8,735e-02;8,027e-02;9,735e-02;1,034e-01;8,845e-02;8,895e-02;7,748e-02;7,643e-02;9,382e-02;8,445e-02;6,997e-02;8,520e-02;7,195e-02;7,987e-02;9,610e-02;7,310e-02;1,177e-01;;8,287e-02;7,567e-02;7,240e-02;8,213e-02;7,527e-02;9,147e-02;7,302e-02;7,632e-02;8,848e-02;7,757e-02;8,172e-02;1,027e-01;6,307e-02;7,632e-02;7,857e-02;8,243e-02;7,798e-02;8,440e-02;8,955e-02;7,210e-02;1,161e+01;0;3,351e+02;4,404e+00;1,157e+01;0;3,514e+02;4,863e+00;1,213e+01;0;6,745e+00;2,732e+00;
30.05.2023 11:00:00;7,590e-02;8,248e-02;1,095e-01;8,522e-02;1,128e-01;9,852e-02;1,113e-01;1,009e-01;1,213e-01;9,117e-02;8,053e-02;6,712e-02;8,155e-02;8,202e-02;8,727e-02;1,102e-01;1,065e-01;8,385e-02;7,068e-02;7,623e-02;5,948e-02;7,657e-02;9,212e-02;9,002e-02;6,927e-02;8,777e-02;1,228e-01;8,673e-02;6,265e-02;7,865e-02;7,777e-02;6,768e-02;7,602e-02;6,427e-02;6,078e-02;8,317e-02;7,303e-02;1,007e-01;7,813e-02;9,997e-02;8,448e-02;6,575e-02;7,990e-02;8,607e-02;8,093e-02;9,325e-02;1,063e-01;8,617e-02;8,562e-02;7,918e-02;7,598e-02;9,483e-02;8,545e-02;7,140e-02;8,565e-02;7,458e-02;7,832e-02;9,685e-02;7,227e-02;1,115e-01;;8,560e-02;7,527e-02;7,287e-02;7,945e-02;6,945e-02;9,358e-02;7,162e-02;7,328e-02;8,970e-02;8,052e-02;8,675e-02;1,033e-01;6,482e-02;7,718e-02;8,005e-02;7,840e-02;7,608e-02;8,360e-02;9,165e-02;7,357e-02;1,224e+01;0;3,707e+00;3,406e+00;1,258e+01;0;3,398e+02;3,786e+00;1,321e+01;0;3,525e+02;2,715e+00;
30.05.2023 12:00:00;8,078e-02;8,977e-02;1,075e-01;8,602e-02;1,102e-01;9,857e-02;1,100e-01;1,035e-01;1,200e-01;9,218e-02;8,093e-02;7,110e-02;8,343e-02;8,228e-02;8,817e-02;1,083e-01;1,030e-01;8,363e-02;6,838e-02;7,690e-02;5,713e-02;7,657e-02;9,328e-02;9,192e-02;6,743e-02;8,402e-02;1,250e-01;8,742e-02;6,508e-02;7,748e-02;7,690e-02;6,928e-02;7,225e-02;6,475e-02;6,077e-02;8,298e-02;7,168e-02;1,048e-01;7,900e-02;1,005e-01;8,382e-02;6,965e-02;8,115e-02;8,768e-02;7,843e-02;9,140e-02;1,038e-01;8,432e-02;8,668e-02;7,803e-02;7,720e-02;9,360e-02;8,503e-02;6,842e-02;8,573e-02;7,332e-02;7,998e-02;9,827e-02;7,037e-02;1,152e-01;;8,595e-02;7,798e-02;7,552e-02;8,193e-02;6,993e-02;9,185e-02;7,153e-02;7,657e-02;9,032e-02;7,712e-02;8,227e-02;1,063e-01;6,457e-02;7,660e-02;7,895e-02;7,962e-02;7,415e-02;8,328e-02;8,977e-02;7,408e-02;1,292e+01;0;2,779e+01;2,930e+00;1,290e+01;0;3,527e+02;3,313e+00;1,382e+01;0;3,206e+02;3,014e+00;
30.05.2023 13:00:00;7,868e-02;9,072e-02;1,044e-01;8,555e-02;1,093e-01;9,790e-02;1,090e-01;1,017e-01;1,190e-01;8,958e-02;7,785e-02;6,880e-02;8,032e-02;7,778e-02;8,707e-02;1,060e-01;1,040e-01;8,678e-02;7,123e-02;7,438e-02;5,957e-02;7,685e-02;9,460e-02;8,753e-02;7,068e-02;8,645e-02;1,253e-01;8,698e-02;6,457e-02;8,152e-02;7,993e-02;6,745e-02;7,710e-02;6,448e-02;5,975e-02;8,363e-02;7,537e-02;1,004e-01;8,007e-02;9,807e-02;8,312e-02;6,730e-02;7,742e-02;8,982e-02;7,993e-02;9,145e-02;1,069e-01;8,652e-02;8,845e-02;7,840e-02;7,518e-02;9,372e-02;8,502e-02;6,873e-02;8,560e-02;7,172e-02;8,098e-02;9,867e-02;6,823e-02;1,162e-01;;8,468e-02;7,895e-02;7,345e-02;8,240e-02;6,982e-02;9,093e-02;7,228e-02;7,610e-02;8,748e-02;7,735e-02;8,280e-02;1,057e-01;6,730e-02;7,823e-02;7,973e-02;7,843e-02;7,628e-02;8,670e-02;9,182e-02;7,348e-02;1,336e+01;0;1,951e+01;3,290e+00;1,318e+01;0;3,569e+02;2,863e+00;1,393e+01;0;3,394e+02;2,710e+00;
30.05.2023 14:00:00;7,615e-02;8,455e-02;1,085e-01;8,587e-02;1,068e-01;9,510e-02;1,158e-01;1,009e-01;1,198e-01;9,040e-02;8,157e-02;6,953e-02;8,033e-02;7,883e-02;8,790e-02;1,080e-01;1,048e-01;8,532e-02;6,912e-02;7,408e-02;6,073e-02;7,615e-02;8,948e-02;8,932e-02;6,820e-02;8,678e-02;1,292e-01;8,723e-02;6,368e-02;8,017e-02;7,722e-02;6,882e-02;7,380e-02;6,648e-02;6,093e-02;8,228e-02;7,282e-02;1,018e-01;7,762e-02;9,765e-02;7,895e-02;6,818e-02;8,077e-02;8,368e-02;8,165e-02;9,177e-02;1,068e-01;8,660e-02;8,928e-02;7,577e-02;7,415e-02;9,310e-02;8,657e-02;7,022e-02;8,540e-02;7,412e-02;7,945e-02;9,490e-02;7,102e-02;1,145e-01;;8,640e-02;7,860e-02;7,632e-02;8,148e-02;6,935e-02;8,977e-02;7,065e-02;7,368e-02;8,753e-02;7,998e-02;8,385e-02;1,082e-01;6,737e-02;7,690e-02;7,538e-02;7,787e-02;7,283e-02;8,007e-02;9,237e-02;7,212e-02;;;2,859e+01;1,943e+00;1,378e+01;0;2,895e+01;2,022e+00;1,427e+01;0;3,529e+02;2,583e+00;
30.05.2023 15:00:00;7,762e-02;8,243e-02;1,067e-01;8,193e-02;1,115e-01;9,715e-02;1,082e-01;1,014e-01;1,195e-01;9,425e-02;7,890e-02;7,052e-02;8,023e-02;7,998e-02;8,785e-02;1,092e-01;1,072e-01;8,260e-02;7,083e-02;7,463e-02;5,288e-02;7,788e-02;9,313e-02;9,143e-02;7,343e-02;8,863e-02;1,237e-01;8,363e-02;6,532e-02;8,160e-02;8,028e-02;6,865e-02;7,390e-02;6,712e-02;5,842e-02;8,090e-02;7,448e-02;1,009e-01;7,903e-02;9,927e-02;8,063e-02;6,688e-02;7,873e-02;9,000e-02;8,048e-02;9,068e-02;1,100e-01;8,907e-02;8,373e-02;7,518e-02;7,372e-02;9,612e-02;8,465e-02;7,393e-02;8,425e-02;7,385e-02;8,210e-02;9,295e-02;6,890e-02;1,155e-01;;8,348e-02;7,853e-02;7,388e-02;8,210e-02;7,177e-02;9,130e-02;7,713e-02;7,545e-02;9,007e-02;7,808e-02;8,008e-02;1,036e-01;6,540e-02;7,562e-02;7,683e-02;7,927e-02;7,142e-02;8,607e-02;9,082e-02;7,270e-02;;;2,953e+01;1,987e+00;1,417e+01;0;1,582e+01;1,560e+00;1,492e+01;0;1,606e+01;1,861e+00;
30.05.2023 16:00:00;7,602e-02;8,703e-02;1,080e-01;8,412e-02;1,112e-01;1,023e-01;1,082e-01;1,062e-01;1,188e-01;9,245e-02;7,850e-02;6,950e-02;8,330e-02;8,095e-02;8,865e-02;1,097e-01;1,080e-01;8,540e-02;7,162e-02;7,657e-02;6,055e-02;7,695e-02;9,048e-02;8,935e-02;7,332e-02;8,523e-02;1,270e-01;8,485e-02;6,300e-02;7,873e-02;8,015e-02;6,712e-02;7,592e-02;6,673e-02;5,912e-02;7,972e-02;7,478e-02;1,018e-01;7,848e-02;9,997e-02;8,285e-02;6,805e-02;7,842e-02;8,805e-02;7,773e-02;9,507e-02;1,068e-01;8,962e-02;8,720e-02;7,632e-02;7,692e-02;9,740e-02;8,387e-02;7,140e-02;8,420e-02;7,068e-02;8,082e-02;9,997e-02;7,037e-02;1,130e-01;;8,708e-02;7,993e-02;7,507e-02;8,262e-02;7,427e-02;9,260e-02;7,332e-02;7,327e-02;8,948e-02;7,957e-02;8,285e-02;1,035e-01;6,353e-02;7,595e-02;7,795e-02;7,832e-02;7,690e-02;8,287e-02;9,307e-02;7,705e-02;;;2,517e+01;2,358e+00;1,447e+01;0;4,038e+01;2,702e+00;1,579e+01;0;1,696e+01;2,842e+00;
30.05.2023 17:00:00;7,717e-02;8,418e-02;1,087e-01;8,337e-02;1,092e-01;9,950e-02;1,108e-01;1,007e-01;1,187e-01;9,273e-02;7,640e-02;7,110e-02;8,318e-02;8,057e-02;8,727e-02;1,113e-01;1,032e-01;8,525e-02;6,798e-02;7,290e-02;5,852e-02;7,665e-02;8,823e-02;9,023e-02;7,427e-02;8,632e-02;1,243e-01;8,653e-02;6,575e-02;7,787e-02;7,990e-02;6,793e-02;7,477e-02;6,547e-02;5,852e-02;8,083e-02;7,558e-02;1,039e-01;7,807e-02;9,783e-02;8,548e-02;6,912e-02;8,015e-02;8,572e-02;8,215e-02;9,552e-02;1,042e-01;9,047e-02;8,540e-02;7,723e-02;7,490e-02;9,212e-02;8,290e-02;6,890e-02;8,443e-02;7,298e-02;7,890e-02;9,552e-02;6,765e-02;1,137e-01;;8,553e-02;7,733e-02;7,615e-02;7,692e-02;7,487e-02;9,017e-02;7,182e-02;7,535e-02;8,852e-02;7,892e-02;7,985e-02;1,062e-01;6,413e-02;7,848e-02;7,690e-02;7,882e-02;7,437e-02;8,412e-02;8,623e-02;7,428e-02;1,509e+01;0;2,258e+01;2,277e+00;1,493e+01;0;4,810e+01;2,523e+00;1,655e+01;0;2,434e+01;3,007e+00;
30.05.2023 18:00:00;8,003e-02;8,643e-02;1,085e-01;8,805e-02;1,075e-01;1,009e-01;1,128e-01;1,014e-01;1,220e-01;8,668e-02;8,030e-02;6,825e-02;8,110e-02;8,557e-02;8,795e-02;1,090e-01;1,053e-01;8,112e-02;6,977e-02;7,518e-02;6,060e-02;7,828e-02;9,128e-02;8,922e-02;7,025e-02;8,885e-02;1,242e-01;8,470e-02;6,247e-02;7,900e-02;7,925e-02;6,870e-02;7,775e-02;6,687e-02;6,005e-02;8,357e-02;7,528e-02;9,963e-02;8,035e-02;1,000e-01;8,470e-02;6,927e-02;8,038e-02;8,713e-02;8,218e-02;9,330e-02;1,077e-01;8,927e-02;8,918e-02;7,603e-02;7,902e-02;9,548e-02;8,662e-02;6,992e-02;8,365e-02;7,028e-02;8,177e-02;9,668e-02;6,943e-02;1,155e-01;;8,702e-02;7,637e-02;7,488e-02;8,153e-02;7,343e-02;9,313e-02;7,370e-02;7,657e-02;8,915e-02;7,773e-02;8,403e-02;1,052e-01;6,320e-02;7,523e-02;7,715e-02;7,915e-02;7,468e-02;8,188e-02;8,993e-02;7,462e-02;1,535e+01;0;4,042e+01;2,291e+00;1,526e+01;0;6,005e+01;2,920e+00;1,759e+01;0;1,959e+01;2,623e+00;
30.05.2023 19:00:00;7,780e-02;8,687e-02;1,090e-01;8,557e-02;1,078e-01;9,835e-02;1,107e-01;1,015e-01;1,202e-01;8,898e-02;7,932e-02;7,050e-02;7,912e-02;8,270e-02;8,645e-02;1,078e-01;1,038e-01;8,237e-02;7,112e-02;7,802e-02;5,547e-02;7,460e-02;9,047e-02;9,040e-02;7,398e-02;8,745e-02;1,278e-01;8,597e-02;6,250e-02;7,567e-02;7,980e-02;6,987e-02;7,407e-02;6,790e-02;5,985e-02;8,090e-02;7,483e-02;1,025e-01;7,738e-02;9,985e-02;8,513e-02;6,595e-02;7,923e-02;8,698e-02;7,950e-02;9,488e-02;1,102e-01;8,890e-02;8,832e-02;7,688e-02;7,420e-02;9,615e-02;8,603e-02;7,030e-02;8,500e-02;7,010e-02;8,055e-02;1,006e-01;7,007e-02;1,153e-01;;8,857e-02;7,463e-02;7,375e-02;7,952e-02;7,623e-02;9,205e-02;7,483e-02;7,487e-02;8,808e-02;7,983e-02;8,127e-02;1,060e-01;6,475e-02;7,692e-02;7,732e-02;7,962e-02;7,523e-02;8,755e-02;8,952e-02;7,342e-02;1,609e+01;0;6,582e+01;1,748e+00;1,535e+01;0;5,252e+01;2,153e+00;1,790e+01;0;2,903e+01;3,158e+00;
30.05.2023 20:00:00;7,477e-02;8,747e-02;1,042e-01;8,107e-02;1,097e-01;9,977e-02;1,120e-01;1,021e-01;1,210e-01;9,000e-02;8,143e-02;7,207e-02;8,318e-02;8,745e-02;8,578e-02;1,080e-01;1,065e-01;8,312e-02;6,612e-02;7,295e-02;6,182e-02;7,718e-02;9,388e-02;8,885e-02;7,263e-02;8,430e-02;1,258e-01;8,598e-02;6,275e-02;8,028e-02;7,948e-02;6,952e-02;7,458e-02;6,885e-02;6,135e-02;7,985e-02;7,103e-02;9,938e-02;8,028e-02;1,010e-01;8,682e-02;7,068e-02;8,268e-02;8,735e-02;8,218e-02;9,462e-02;1,065e-01;8,760e-02;8,877e-02;7,763e-02;7,712e-02;9,605e-02;8,460e-02;6,890e-02;8,158e-02;7,240e-02;8,032e-02;1,007e-01;7,318e-02;1,190e-01;;8,480e-02;7,748e-02;7,545e-02;8,223e-02;7,348e-02;8,968e-02;7,385e-02;7,662e-02;8,867e-02;7,772e-02;8,218e-02;1,018e-01;6,272e-02;7,850e-02;7,752e-02;7,947e-02;7,660e-02;8,645e-02;9,035e-02;7,455e-02;1,620e+01;0;2,878e+01;1,693e+00;1,558e+01;0;4,047e+01;1,984e+00;1,748e+01;0;1,584e+01;4,134e+00;
30.05.2023 21:00:00;7,690e-02;8,607e-02;1,065e-01;8,463e-02;1,090e-01;9,977e-02;1,120e-01;1,058e-01;1,213e-01;9,602e-02;7,553e-02;6,805e-02;8,148e-02;8,240e-02;8,510e-02;1,057e-01;1,042e-01;8,402e-02;6,750e-02;7,532e-02;5,965e-02;7,833e-02;9,397e-02;8,918e-02;7,275e-02;8,730e-02;1,262e-01;8,632e-02;6,175e-02;8,120e-02;7,885e-02;6,923e-02;7,645e-02;6,483e-02;6,170e-02;7,968e-02;7,323e-02;9,942e-02;7,740e-02;9,568e-02;8,640e-02;6,758e-02;8,055e-02;8,695e-02;7,937e-02;9,205e-02;1,050e-01;8,640e-02;8,597e-02;7,643e-02;8,035e-02;9,182e-02;8,495e-02;7,393e-02;8,365e-02;7,565e-02;8,315e-02;9,683e-02;7,105e-02;1,132e-01;;8,840e-02;7,870e-02;7,442e-02;8,212e-02;7,357e-02;9,277e-02;7,228e-02;7,485e-02;9,073e-02;8,010e-02;8,310e-02;1,006e-01;6,740e-02;7,497e-02;7,797e-02;8,178e-02;7,168e-02;8,425e-02;8,757e-02;7,253e-02;1,578e+01;0;3,528e+02;1,760e+00;1,562e+01;0;1,367e+01;1,793e+00;1,651e+01;0;1,896e+01;5,340e+00;
30.05.2023 22:00:00;7,888e-02;8,697e-02;1,118e-01;8,612e-02;1,100e-01;1,016e-01;1,132e-01;1,052e-01;1,188e-01;9,298e-02;7,795e-02;6,823e-02;8,327e-02;7,877e-02;8,665e-02;1,077e-01;1,031e-01;8,617e-02;7,010e-02;7,398e-02;5,690e-02;7,490e-02;8,998e-02;8,707e-02;7,115e-02;8,465e-02;1,238e-01;8,707e-02;6,352e-02;7,990e-02;7,890e-02;6,893e-02;7,775e-02;6,552e-02;6,228e-02;8,002e-02;7,383e-02;9,935e-02;7,770e-02;9,843e-02;8,760e-02;6,938e-02;8,212e-02;8,837e-02;8,205e-02;9,183e-02;1,107e-01;8,627e-02;8,615e-02;7,890e-02;7,870e-02;9,045e-02;8,332e-02;7,298e-02;8,385e-02;7,163e-02;8,223e-02;1,004e-01;7,180e-02;1,180e-01;;8,810e-02;7,898e-02;7,420e-02;7,923e-02;7,448e-02;8,895e-02;7,420e-02;7,533e-02;8,880e-02;7,965e-02;8,310e-02;1,053e-01;6,595e-02;7,773e-02;7,670e-02;8,027e-02;7,365e-02;8,163e-02;9,018e-02;7,168e-02;1,381e+01;0;3,382e+02;2,188e+00;1,336e+01;0;3,288e+02;3,325e+00;1,491e+01;0;2,516e+01;6,157e+00;
30.05.2023 23:00:00;7,510e-02;8,607e-02;1,093e-01;8,652e-02;1,105e-01;1,002e-01;1,120e-01;1,020e-01;1,205e-01;9,145e-02;8,092e-02;7,023e-02;7,752e-02;7,967e-02;8,610e-02;1,073e-01;1,090e-01;8,638e-02;7,023e-02;7,540e-02;5,838e-02;7,613e-02;9,223e-02;9,195e-02;7,048e-02;8,590e-02;1,273e-01;8,873e-02;6,503e-02;7,860e-02;7,770e-02;6,648e-02;7,893e-02;6,460e-02;6,182e-02;8,455e-02;7,382e-02;1,001e-01;7,840e-02;9,818e-02;8,640e-02;6,803e-02;8,078e-02;8,555e-02;8,142e-02;9,240e-02;1,077e-01;8,775e-02;9,015e-02;7,783e-02;8,165e-02;9,457e-02;8,632e-02;7,027e-02;8,528e-02;7,290e-02;8,273e-02;9,582e-02;7,132e-02;1,213e-01;;8,363e-02;7,720e-02;7,368e-02;8,057e-02;7,768e-02;9,343e-02;7,632e-02;7,452e-02;8,727e-02;8,177e-02;8,153e-02;1,058e-01;6,673e-02;7,823e-02;7,918e-02;7,988e-02;7,617e-02;8,323e-02;9,060e-02;7,518e-02;1,126e+01;0;3,317e+02;4,393e+00;1,231e+01;0;3,302e+02;4,558e+00;1,359e+01;0;3,642e+01;6,756e+00;
31.05.2023 00:00:00;7,558e-02;8,435e-02;1,118e-01;8,705e-02;1,065e-01;1,009e-01;1,117e-01;1,065e-01;1,198e-01;9,142e-02;8,052e-02;7,087e-02;8,292e-02;7,873e-02;8,927e-02;1,080e-01;1,070e-01;8,530e-02;7,193e-02;7,782e-02;5,862e-02;7,815e-02;9,310e-02;9,173e-02;7,220e-02;8,207e-02;1,258e-01;8,807e-02;6,252e-02;7,818e-02;8,132e-02;6,637e-02;7,263e-02;6,485e-02;6,135e-02;8,310e-02;7,647e-02;9,822e-02;7,673e-02;9,905e-02;8,448e-02;6,862e-02;7,792e-02;8,715e-02;8,043e-02;9,470e-02;1,057e-01;8,715e-02;8,857e-02;7,955e-02;7,913e-02;9,727e-02;8,520e-02;7,307e-02;8,805e-02;7,088e-02;8,220e-02;1,004e-01;7,252e-02;1,178e-01;;8,553e-02;7,890e-02;7,537e-02;7,940e-02;7,182e-02;9,243e-02;7,083e-02;7,570e-02;9,298e-02;8,370e-02;8,162e-02;1,067e-01;6,635e-02;7,665e-02;7,927e-02;7,853e-02;7,925e-02;8,448e-02;9,332e-02;7,773e-02;1,063e+01;0;3,404e+02;5,379e+00;1,165e+01;0;3,397e+02;7,263e+00;1,295e+01;0;4,718e+01;7,113e+00;
31.05.2023 01:00:00;7,782e-02;8,785e-02;1,075e-01;8,568e-02;1,135e-01;9,705e-02;1,090e-01;1,035e-01;1,198e-01;9,210e-02;7,965e-02;6,980e-02;8,350e-02;8,048e-02;8,800e-02;1,083e-01;1,057e-01;8,038e-02;6,777e-02;7,723e-02;5,917e-02;7,795e-02;9,132e-02;8,940e-02;7,265e-02;8,490e-02;1,247e-01;8,792e-02;6,340e-02;8,048e-02;8,043e-02;6,780e-02;7,692e-02;6,777e-02;6,202e-02;8,560e-02;7,558e-02;1,045e-01;7,787e-02;9,960e-02;8,457e-02;6,708e-02;8,023e-02;8,612e-02;8,277e-02;9,412e-02;1,108e-01;8,877e-02;8,757e-02;7,907e-02;8,250e-02;9,922e-02;8,388e-02;7,153e-02;8,790e-02;7,470e-02;8,067e-02;1,021e-01;7,003e-02;1,190e-01;;8,743e-02;7,708e-02;7,148e-02;8,370e-02;7,518e-02;8,868e-02;7,273e-02;7,633e-02;9,032e-02;8,068e-02;8,535e-02;1,062e-01;6,693e-02;7,748e-02;8,028e-02;8,007e-02;7,615e-02;8,762e-02;8,978e-02;7,582e-02;1,024e+01;0;3,551e+02;5,198e+00;1,094e+01;0;3,525e+02;6,878e+00;1,240e+01;0;6,159e+01;6,915e+00;
31.05.2023 02:00:00;7,698e-02;8,680e-02;1,062e-01;8,698e-02;1,113e-01;9,752e-02;1,130e-01;1,045e-01;1,207e-01;9,185e-02;8,148e-02;7,083e-02;7,878e-02;8,005e-02;9,085e-02;1,113e-01;1,021e-01;8,632e-02;6,985e-02;7,552e-02;6,153e-02;7,753e-02;9,303e-02;9,190e-02;7,502e-02;8,602e-02;1,270e-01;8,815e-02;6,483e-02;8,002e-02;8,087e-02;6,812e-02;7,670e-02;6,270e-02;6,233e-02;8,515e-02;7,323e-02;1,020e-01;7,637e-02;1,005e-01;8,503e-02;6,772e-02;8,000e-02;8,697e-02;8,032e-02;9,540e-02;1,070e-01;8,765e-02;8,557e-02;8,023e-02;7,940e-02;9,687e-02;8,655e-02;7,437e-02;9,048e-02;7,398e-02;8,017e-02;9,952e-02;7,102e-02;1,188e-01;;8,620e-02;7,508e-02;7,563e-02;8,315e-02;7,648e-02;9,335e-02;7,168e-02;7,587e-02;8,678e-02;8,035e-02;8,412e-02;1,062e-01;6,595e-02;7,795e-02;8,310e-02;8,032e-02;7,348e-02;8,678e-02;9,062e-02;7,857e-02;1,014e+01;0;3,034e+01;2,653e+00;1,033e+01;0;1,179e+01;4,454e+00;1,162e+01;0;7,067e+01;6,371e+00;
31.05.2023 03:00:00;7,732e-02;8,690e-02;1,087e-01;8,348e-02;1,110e-01;1,012e-01;1,118e-01;1,062e-01;1,185e-01;9,103e-02;7,908e-02;7,113e-02;8,490e-02;8,230e-02;9,413e-02;1,102e-01;1,042e-01;8,618e-02;7,157e-02;7,307e-02;6,122e-02;7,585e-02;9,112e-02;8,878e-02;7,048e-02;8,370e-02;1,278e-01;8,793e-02;6,440e-02;7,797e-02;7,793e-02;6,820e-02;7,398e-02;6,585e-02;6,423e-02;8,038e-02;7,878e-02;9,898e-02;8,135e-02;9,910e-02;8,357e-02;6,788e-02;8,142e-02;8,795e-02;8,123e-02;9,607e-02;1,072e-01;8,932e-02;8,775e-02;8,038e-02;7,932e-02;9,360e-02;8,320e-02;6,888e-02;8,445e-02;7,490e-02;8,093e-02;9,645e-02;7,273e-02;1,210e-01;;8,382e-02;7,960e-02;7,850e-02;7,962e-02;8,085e-02;9,360e-02;7,365e-02;7,573e-02;9,032e-02;8,285e-02;8,222e-02;1,093e-01;6,472e-02;7,853e-02;8,187e-02;8,073e-02;7,818e-02;8,652e-02;8,912e-02;7,652e-02;9,069e+00;0;5,826e+01;2,436e+00;9,856e+00;0;1,763e+01;3,566e+00;1,115e+01;0;8,535e+01;6,190e+00;
31.05.2023 04:00:00;7,933e-02;8,810e-02;1,075e-01;8,490e-02;1,108e-01;9,955e-02;1,118e-01;1,060e-01;1,153e-01;9,353e-02;8,183e-02;7,180e-02;8,743e-02;8,268e-02;8,875e-02;1,095e-01;1,058e-01;8,398e-02;6,705e-02;7,682e-02;5,862e-02;7,977e-02;9,398e-02;8,987e-02;7,172e-02;9,052e-02;1,247e-01;8,657e-02;6,005e-02;7,932e-02;7,855e-02;7,105e-02;7,487e-02;6,918e-02;5,672e-02;8,503e-02;7,567e-02;1,015e-01;8,013e-02;9,977e-02;8,605e-02;6,778e-02;8,367e-02;8,620e-02;8,247e-02;9,727e-02;1,090e-01;8,627e-02;8,612e-02;7,910e-02;8,075e-02;9,462e-02;8,475e-02;7,007e-02;8,602e-02;7,153e-02;8,243e-02;9,632e-02;7,240e-02;1,172e-01;;8,483e-02;7,710e-02;7,973e-02;8,257e-02;8,212e-02;9,177e-02;7,278e-02;7,595e-02;9,348e-02;8,220e-02;8,100e-02;1,078e-01;6,877e-02;7,865e-02;7,918e-02;7,973e-02;7,865e-02;8,465e-02;9,593e-02;7,698e-02;8,685e+00;0;7,463e+01;2,581e+00;8,970e+00;0;4,388e+01;3,442e+00;1,003e+01;0;7,784e+01;5,236e+00;
31.05.2023 05:00:00;7,868e-02;8,885e-02;1,100e-01;8,840e-02;1,087e-01;9,767e-02;1,112e-01;1,026e-01;1,200e-01;9,242e-02;8,055e-02;7,170e-02;8,442e-02;8,045e-02;8,793e-02;1,073e-01;1,055e-01;8,517e-02;7,078e-02;8,093e-02;5,992e-02;7,873e-02;9,362e-02;9,398e-02;7,287e-02;8,593e-02;1,238e-01;8,938e-02;6,300e-02;7,752e-02;8,090e-02;6,987e-02;7,725e-02;6,902e-02;6,112e-02;8,288e-02;7,862e-02;1,028e-01;8,198e-02;1,013e-01;8,742e-02;6,907e-02;7,837e-02;9,007e-02;7,895e-02;9,237e-02;1,102e-01;9,157e-02;8,745e-02;7,673e-02;7,882e-02;9,537e-02;8,643e-02;7,365e-02;8,808e-02;7,335e-02;8,115e-02;9,708e-02;7,220e-02;1,200e-01;;8,645e-02;7,942e-02;7,727e-02;8,410e-02;7,943e-02;9,153e-02;7,680e-02;7,632e-02;9,148e-02;8,507e-02;8,428e-02;1,085e-01;6,707e-02;7,793e-02;8,303e-02;8,082e-02;7,782e-02;8,690e-02;9,338e-02;7,850e-02;7,827e+00;0;5,973e+01;1,933e+00;8,611e+00;0;5,591e+01;2,602e+00;9,012e+00;0;6,951e+01;4,390e+00;
31.05.2023 06:00:00;7,702e-02;8,795e-02;1,117e-01;8,665e-02;1,135e-01;1,017e-01;1,107e-01;1,036e-01;1,207e-01;9,232e-02;8,107e-02;7,020e-02;8,280e-02;8,015e-02;9,272e-02;1,093e-01;1,082e-01;8,353e-02;7,163e-02;7,870e-02;5,847e-02;7,585e-02;9,487e-02;8,828e-02;7,247e-02;8,613e-02;1,250e-01;8,980e-02;6,465e-02;8,157e-02;7,707e-02;6,975e-02;7,437e-02;6,670e-02;6,043e-02;8,185e-02;7,327e-02;1,013e-01;8,103e-02;9,915e-02;8,227e-02;6,958e-02;8,303e-02;8,648e-02;7,833e-02;9,413e-02;1,056e-01;9,278e-02;8,878e-02;7,768e-02;8,082e-02;9,408e-02;8,653e-02;7,190e-02;8,722e-02;7,470e-02;8,182e-02;9,897e-02;7,438e-02;1,227e-01;;8,522e-02;8,193e-02;7,540e-02;8,292e-02;8,257e-02;9,552e-02;7,273e-02;7,750e-02;8,978e-02;8,212e-02;8,545e-02;1,115e-01;6,628e-02;8,015e-02;8,210e-02;8,140e-02;7,685e-02;8,923e-02;9,218e-02;7,693e-02;6,838e+00;0;5,433e+01;1,222e+00;8,383e+00;0;7,351e+01;1,425e+00;8,933e+00;0;7,580e+01;3,792e+00;
31.05.2023 07:00:00;7,737e-02;9,252e-02;1,113e-01;8,627e-02;1,123e-01;1,017e-01;1,120e-01;1,047e-01;1,228e-01;9,360e-02;8,108e-02;7,195e-02;8,128e-02;8,410e-02;9,100e-02;1,128e-01;1,067e-01;8,530e-02;7,057e-02;8,002e-02;5,953e-02;7,835e-02;9,353e-02;9,463e-02;7,482e-02;8,990e-02;1,270e-01;9,032e-02;6,427e-02;7,958e-02;7,610e-02;7,245e-02;7,807e-02;6,548e-02;6,227e-02;8,333e-02;7,667e-02;1,023e-01;7,832e-02;9,947e-02;8,605e-02;7,045e-02;7,988e-02;8,940e-02;8,122e-02;9,345e-02;1,087e-01;9,012e-02;8,615e-02;8,030e-02;7,707e-02;9,782e-02;8,963e-02;7,313e-02;8,730e-02;7,207e-02;8,110e-02;9,983e-02;7,193e-02;1,173e-01;;8,835e-02;7,993e-02;7,787e-02;8,737e-02;8,448e-02;9,725e-02;7,070e-02;8,252e-02;9,098e-02;8,300e-02;8,568e-02;1,077e-01;6,648e-02;7,853e-02;7,960e-02;8,032e-02;7,690e-02;9,222e-02;9,095e-02;7,915e-02;8,033e+00;0;2,305e+01;8,732e-01;9,654e+00;0;3,851e+01;9,212e-01;9,503e+00;0;8,707e+01;3,186e+00;
31.05.2023 08:00:00;7,820e-02;8,787e-02;1,147e-01;8,523e-02;1,142e-01;1,004e-01;1,122e-01;1,035e-01;1,222e-01;9,665e-02;8,235e-02;7,557e-02;8,460e-02;8,630e-02;8,672e-02;1,087e-01;1,018e-01;8,775e-02;7,357e-02;7,948e-02;6,228e-02;7,932e-02;9,370e-02;9,053e-02;7,415e-02;8,877e-02;1,243e-01;9,018e-02;6,572e-02;8,085e-02;7,977e-02;7,235e-02;7,807e-02;6,677e-02;6,020e-02;8,203e-02;7,737e-02;1,018e-01;7,868e-02;9,863e-02;8,778e-02;6,513e-02;8,548e-02;8,893e-02;8,323e-02;9,602e-02;1,140e-01;9,393e-02;9,452e-02;8,200e-02;7,898e-02;9,900e-02;9,098e-02;7,627e-02;8,745e-02;7,477e-02;8,067e-02;1,001e-01;7,487e-02;1,200e-01;;9,287e-02;8,325e-02;8,398e-02;8,373e-02;7,665e-02;9,293e-02;7,415e-02;8,242e-02;9,328e-02;8,080e-02;8,303e-02;1,035e-01;6,655e-02;7,957e-02;8,077e-02;8,077e-02;7,702e-02;9,090e-02;9,223e-02;7,992e-02;1,100e+01;0;2,262e+02;2,791e-01;1,271e+01;0;2,409e+02;6,699e-01;1,117e+01;0;8,166e+01;2,980e+00;
31.05.2023 09:00:00;7,720e-02;9,015e-02;1,118e-01;8,842e-02;1,150e-01;9,840e-02;1,123e-01;1,047e-01;1,178e-01;9,368e-02;7,987e-02;7,537e-02;8,498e-02;8,482e-02;8,880e-02;1,092e-01;1,060e-01;9,018e-02;7,293e-02;7,607e-02;6,303e-02;7,833e-02;9,257e-02;8,897e-02;7,462e-02;9,285e-02;1,232e-01;8,822e-02;6,698e-02;7,713e-02;8,187e-02;7,065e-02;7,698e-02;7,062e-02;6,148e-02;8,073e-02;7,595e-02;1,029e-01;8,068e-02;1,013e-01;8,275e-02;6,878e-02;7,923e-02;8,965e-02;8,410e-02;9,672e-02;1,081e-01;9,102e-02;9,145e-02;8,090e-02;7,787e-02;9,707e-02;8,715e-02;7,308e-02;8,218e-02;7,182e-02;8,315e-02;9,942e-02;7,288e-02;1,212e-01;;9,103e-02;8,132e-02;7,935e-02;8,393e-02;7,605e-02;8,990e-02;7,578e-02;7,662e-02;9,033e-02;8,138e-02;8,287e-02;1,085e-01;6,737e-02;7,993e-02;8,343e-02;8,375e-02;7,753e-02;8,820e-02;8,957e-02;7,682e-02;1,329e+01;0;2,776e+02;1,306e+00;1,425e+01;0;2,896e+02;1,407e+00;1,409e+01;0;5,007e+01;1,003e+00;
31.05.2023 10:00:00;7,773e-02;8,767e-02;1,127e-01;8,565e-02;1,118e-01;9,672e-02;1,138e-01;1,072e-01;1,202e-01;9,345e-02;8,170e-02;7,070e-02;8,748e-02;8,402e-02;8,695e-02;1,082e-01;1,097e-01;8,533e-02;7,215e-02;7,507e-02;6,012e-02;7,697e-02;9,512e-02;9,052e-02;7,482e-02;8,940e-02;1,263e-01;8,607e-02;6,727e-02;8,135e-02;7,887e-02;7,023e-02;7,815e-02;6,332e-02;6,173e-02;8,228e-02;7,413e-02;1,000e-01;7,933e-02;9,960e-02;8,593e-02;6,827e-02;7,898e-02;8,855e-02;8,455e-02;9,215e-02;1,095e-01;9,140e-02;8,868e-02;7,922e-02;7,695e-02;9,598e-02;8,973e-02;7,427e-02;8,852e-02;7,457e-02;8,315e-02;1,009e-01;7,268e-02;1,172e-01;;9,093e-02;8,370e-02;7,310e-02;8,292e-02;7,332e-02;9,632e-02;7,542e-02;7,815e-02;9,082e-02;8,338e-02;8,378e-02;1,048e-01;6,655e-02;7,710e-02;7,882e-02;7,952e-02;7,597e-02;8,578e-02;9,250e-02;7,618e-02;1,524e+01;0;2,779e+02;2,585e+00;1,627e+01;0;2,768e+02;2,327e+00;;0;2,492e+02;1,925e+00;
31.05.2023 11:00:00;7,587e-02;8,857e-02;1,103e-01;8,573e-02;1,103e-01;1,007e-01;1,158e-01;1,055e-01;1,202e-01;9,542e-02;7,913e-02;7,332e-02;7,973e-02;8,182e-02;8,415e-02;1,117e-01;1,062e-01;8,648e-02;7,082e-02;7,957e-02;6,113e-02;7,702e-02;8,937e-02;8,848e-02;7,293e-02;8,612e-02;1,247e-01;8,665e-02;6,275e-02;7,852e-02;8,092e-02;6,973e-02;7,823e-02;6,602e-02;6,083e-02;7,995e-02;7,255e-02;9,855e-02;7,985e-02;9,910e-02;8,628e-02;6,960e-02;7,940e-02;8,927e-02;8,210e-02;9,733e-02;1,085e-01;9,233e-02;8,557e-02;7,920e-02;7,295e-02;9,593e-02;8,393e-02;6,983e-02;8,597e-02;7,478e-02;8,222e-02;1,001e-01;7,332e-02;1,157e-01;;8,795e-02;7,953e-02;7,585e-02;8,508e-02;7,423e-02;9,198e-02;7,480e-02;7,562e-02;9,012e-02;8,098e-02;8,375e-02;1,049e-01;6,637e-02;7,737e-02;8,223e-02;8,312e-02;7,645e-02;8,625e-02;9,298e-02;7,520e-02;1,681e+01;0;2,833e+02;4,049e+00;1,748e+01;0;2,929e+02;3,231e+00;;0;2,773e+02;2,370e+00;
31.05.2023 12:00:00;7,952e-02;8,693e-02;1,113e-01;8,660e-02;1,117e-01;9,868e-02;1,115e-01;1,020e-01;1,228e-01;9,098e-02;8,003e-02;7,040e-02;8,208e-02;7,852e-02;8,998e-02;1,103e-01;1,095e-01;8,673e-02;7,177e-02;7,637e-02;5,913e-02;7,478e-02;9,070e-02;9,220e-02;7,265e-02;8,568e-02;1,260e-01;8,703e-02;6,447e-02;8,402e-02;8,188e-02;6,840e-02;7,465e-02;6,633e-02;6,390e-02;7,848e-02;7,823e-02;1,029e-01;7,502e-02;9,723e-02;8,657e-02;6,563e-02;7,987e-02;8,772e-02;8,145e-02;9,507e-02;1,057e-01;9,092e-02;8,877e-02;7,990e-02;7,728e-02;9,432e-02;8,755e-02;7,295e-02;8,587e-02;7,552e-02;8,153e-02;9,602e-02;7,408e-02;1,157e-01;;9,068e-02;7,850e-02;7,752e-02;8,068e-02;7,433e-02;9,110e-02;7,573e-02;7,658e-02;9,215e-02;7,943e-02;8,223e-02;1,067e-01;6,618e-02;7,565e-02;7,878e-02;7,845e-02;7,565e-02;8,523e-02;8,952e-02;7,685e-02;;;2,803e+02;4,880e+00;1,852e+01;0;3,058e+02;4,465e+00;2,020e+01;;2,886e+02;3,203e+00;
31.05.2023 13:00:00;7,798e-02;8,662e-02;1,088e-01;8,743e-02;1,088e-01;9,643e-02;1,092e-01;1,024e-01;1,175e-01;9,120e-02;7,832e-02;6,982e-02;8,197e-02;7,957e-02;8,495e-02;1,065e-01;1,047e-01;8,737e-02;7,062e-02;7,513e-02;5,533e-02;7,770e-02;9,095e-02;8,878e-02;7,495e-02;9,040e-02;1,240e-01;8,378e-02;6,430e-02;7,965e-02;8,163e-02;6,758e-02;7,537e-02;6,530e-02;6,207e-02;7,877e-02;7,502e-02;9,840e-02;7,668e-02;9,630e-02;8,395e-02;6,887e-02;7,748e-02;8,640e-02;8,382e-02;9,573e-02;1,032e-01;8,798e-02;8,727e-02;7,940e-02;7,673e-02;9,435e-02;8,532e-02;6,955e-02;8,625e-02;7,123e-02;8,128e-02;9,602e-02;7,270e-02;1,202e-01;;8,988e-02;8,135e-02;7,997e-02;8,227e-02;7,318e-02;9,173e-02;7,395e-02;7,768e-02;9,212e-02;7,972e-02;8,368e-02;1,080e-01;6,825e-02;7,767e-02;7,790e-02;7,830e-02;7,487e-02;8,878e-02;9,007e-02;7,473e-02;;;2,919e+02;6,527e+00;1,890e+01;0;3,155e+02;5,635e+00;;0;2,928e+02;3,612e+00;
31.05.2023 14:00:00;7,477e-02;8,430e-02;1,059e-01;8,170e-02;1,102e-01;9,582e-02;1,123e-01;1,042e-01;1,200e-01;8,588e-02;8,275e-02;6,988e-02;7,978e-02;8,250e-02;8,795e-02;1,103e-01;1,074e-01;8,723e-02;6,788e-02;7,690e-02;5,887e-02;7,968e-02;9,480e-02;8,798e-02;7,305e-02;8,283e-02;1,262e-01;8,577e-02;6,723e-02;7,840e-02;7,902e-02;6,682e-02;7,752e-02;6,360e-02;6,297e-02;8,007e-02;7,513e-02;1,035e-01;7,842e-02;1,007e-01;8,653e-02;6,730e-02;7,978e-02;8,525e-02;8,378e-02;9,275e-02;1,083e-01;8,738e-02;8,923e-02;7,653e-02;7,223e-02;9,110e-02;8,703e-02;7,073e-02;8,058e-02;7,298e-02;8,245e-02;9,760e-02;7,057e-02;1,170e-01;;8,757e-02;7,780e-02;7,828e-02;8,000e-02;7,042e-02;9,587e-02;7,173e-02;7,660e-02;8,683e-02;8,087e-02;8,152e-02;1,058e-01;6,487e-02;7,373e-02;7,885e-02;8,448e-02;7,948e-02;8,760e-02;9,503e-02;7,235e-02;;;2,887e+02;6,078e+00;1,881e+01;0;3,150e+02;6,354e+00;2,282e+01;0;2,710e+02;4,665e+00;
31.05.2023 15:00:00;7,922e-02;8,790e-02;1,080e-01;8,753e-02;1,115e-01;9,848e-02;1,108e-01;1,043e-01;1,207e-01;8,973e-02;7,755e-02;6,797e-02;7,990e-02;8,090e-02;8,192e-02;1,098e-01;1,037e-01;8,718e-02;7,112e-02;7,807e-02;6,528e-02;7,712e-02;9,385e-02;9,152e-02;7,257e-02;8,380e-02;1,250e-01;8,633e-02;6,543e-02;8,315e-02;8,340e-02;6,680e-02;7,435e-02;6,578e-02;6,237e-02;8,255e-02;7,427e-02;1,011e-01;7,732e-02;9,567e-02;8,588e-02;6,525e-02;8,087e-02;8,458e-02;8,195e-02;9,510e-02;1,075e-01;8,787e-02;9,273e-02;7,652e-02;7,527e-02;9,277e-02;8,565e-02;7,647e-02;8,380e-02;7,398e-02;8,115e-02;9,860e-02;7,035e-02;1,193e-01;;9,048e-02;7,802e-02;7,523e-02;7,780e-02;6,832e-02;9,302e-02;7,188e-02;7,667e-02;8,870e-02;7,982e-02;8,173e-02;1,067e-01;6,530e-02;7,290e-02;7,908e-02;8,137e-02;7,453e-02;8,465e-02;9,168e-02;7,632e-02;1,793e+01;0;2,892e+02;6,703e+00;1,779e+01;0;3,076e+02;6,769e+00;2,342e+01;0;2,900e+02;4,290e+00;
31.05.2023 16:00:00;7,520e-02;8,625e-02;1,078e-01;8,473e-02;1,102e-01;9,847e-02;1,125e-01;1,031e-01;1,212e-01;9,187e-02;8,035e-02;7,003e-02;7,985e-02;7,875e-02;8,678e-02;1,095e-01;1,052e-01;8,835e-02;7,153e-02;7,367e-02;6,000e-02;7,687e-02;8,895e-02;8,948e-02;7,208e-02;8,182e-02;1,263e-01;8,927e-02;6,378e-02;8,093e-02;7,683e-02;6,957e-02;7,870e-02;6,578e-02;6,133e-02;8,077e-02;7,265e-02;9,893e-02;7,728e-02;9,968e-02;8,140e-02;6,722e-02;7,950e-02;8,873e-02;8,260e-02;8,987e-02;1,053e-01;9,048e-02;8,723e-02;7,877e-02;7,557e-02;9,618e-02;8,477e-02;7,143e-02;8,535e-02;7,052e-02;8,070e-02;1,007e-01;7,053e-02;1,150e-01;;8,973e-02;7,715e-02;7,457e-02;7,868e-02;7,552e-02;9,185e-02;7,293e-02;7,910e-02;8,923e-02;8,172e-02;8,122e-02;1,088e-01;6,450e-02;7,613e-02;7,948e-02;7,967e-02;7,565e-02;8,690e-02;9,087e-02;7,262e-02;1,751e+01;0;2,903e+02;7,348e+00;1,708e+01;0;3,149e+02;7,434e+00;2,376e+01;0;2,923e+02;4,900e+00;
31.05.2023 17:00:00;7,822e-02;8,737e-02;1,085e-01;8,360e-02;1,100e-01;9,843e-02;1,092e-01;1,048e-01;1,192e-01;8,962e-02;8,075e-02;6,737e-02;8,457e-02;8,170e-02;8,923e-02;1,090e-01;1,062e-01;8,310e-02;6,907e-02;7,373e-02;5,888e-02;7,407e-02;9,323e-02;9,122e-02;6,978e-02;8,585e-02;1,247e-01;8,520e-02;6,657e-02;8,213e-02;7,848e-02;6,948e-02;7,708e-02;6,430e-02;5,887e-02;8,248e-02;7,232e-02;9,838e-02;7,998e-02;9,992e-02;8,330e-02;6,460e-02;7,993e-02;8,710e-02;8,152e-02;9,480e-02;1,071e-01;8,787e-02;8,718e-02;7,672e-02;8,092e-02;9,462e-02;8,488e-02;7,073e-02;8,502e-02;7,198e-02;7,872e-02;9,687e-02;6,900e-02;1,195e-01;;8,595e-02;7,747e-02;7,513e-02;7,773e-02;7,662e-02;9,232e-02;7,327e-02;7,648e-02;8,932e-02;8,185e-02;8,212e-02;1,098e-01;6,722e-02;7,762e-02;7,815e-02;8,023e-02;7,720e-02;8,570e-02;8,973e-02;7,335e-02;1,680e+01;0;3,051e+02;7,148e+00;1,626e+01;0;3,149e+02;8,455e+00;2,344e+01;0;2,825e+02;6,163e+00;
31.05.2023 18:00:00;7,493e-02;8,707e-02;1,072e-01;8,478e-02;1,118e-01;9,620e-02;1,133e-01;1,058e-01;1,233e-01;9,083e-02;8,103e-02;6,990e-02;7,970e-02;8,302e-02;8,347e-02;1,095e-01;1,063e-01;8,687e-02;6,990e-02;7,512e-02;6,168e-02;7,768e-02;9,387e-02;9,143e-02;7,068e-02;8,613e-02;1,258e-01;8,682e-02;6,672e-02;7,848e-02;7,775e-02;7,028e-02;7,487e-02;6,337e-02;6,235e-02;8,298e-02;7,418e-02;9,997e-02;8,098e-02;9,553e-02;8,513e-02;6,490e-02;7,865e-02;9,007e-02;8,305e-02;9,445e-02;1,042e-01;8,927e-02;8,790e-02;7,718e-02;7,802e-02;9,685e-02;8,468e-02;7,185e-02;8,373e-02;7,320e-02;7,768e-02;1,028e-01;6,982e-02;1,183e-01;;8,682e-02;7,785e-02;7,498e-02;7,952e-02;7,145e-02;9,323e-02;7,382e-02;7,762e-02;9,098e-02;8,003e-02;8,410e-02;1,050e-01;6,633e-02;7,710e-02;8,178e-02;8,020e-02;7,438e-02;8,757e-02;9,260e-02;7,283e-02;1,603e+01;0;2,968e+02;6,833e+00;1,575e+01;0;3,113e+02;7,698e+00;2,276e+01;0;2,864e+02;7,632e+00;
31.05.2023 19:00:00;7,807e-02;8,787e-02;1,085e-01;8,373e-02;1,127e-01;1,003e-01;1,112e-01;1,028e-01;1,217e-01;8,897e-02;7,892e-02;7,123e-02;8,237e-02;7,928e-02;8,595e-02;1,075e-01;1,075e-01;8,737e-02;7,212e-02;7,285e-02;5,515e-02;7,590e-02;9,055e-02;8,868e-02;7,428e-02;8,065e-02;1,240e-01;8,645e-02;6,498e-02;7,718e-02;7,915e-02;7,127e-02;7,600e-02;6,343e-02;5,972e-02;8,110e-02;7,108e-02;1,011e-01;7,907e-02;9,752e-02;8,295e-02;6,778e-02;8,065e-02;8,473e-02;8,560e-02;9,342e-02;1,057e-01;8,727e-02;8,725e-02;8,033e-02;7,928e-02;9,563e-02;8,595e-02;7,057e-02;8,260e-02;7,133e-02;8,237e-02;9,810e-02;6,902e-02;1,167e-01;;8,462e-02;7,787e-02;7,757e-02;8,193e-02;7,485e-02;9,107e-02;7,720e-02;7,362e-02;8,823e-02;7,960e-02;8,432e-02;1,050e-01;6,427e-02;7,775e-02;7,873e-02;7,957e-02;7,582e-02;8,943e-02;9,212e-02;7,362e-02;1,562e+01;0;2,986e+02;6,721e+00;1,523e+01;0;3,127e+02;7,798e+00;2,133e+01;0;2,897e+02;7,973e+00;
31.05.2023 20:00:00;7,935e-02;8,148e-02;1,118e-01;8,563e-02;1,108e-01;9,768e-02;1,083e-01;1,001e-01;1,178e-01;8,937e-02;7,815e-02;6,967e-02;8,180e-02;8,148e-02;8,532e-02;1,107e-01;1,055e-01;8,465e-02;7,052e-02;7,803e-02;6,087e-02;7,878e-02;9,257e-02;8,867e-02;7,052e-02;8,557e-02;1,253e-01;8,470e-02;6,592e-02;7,885e-02;7,950e-02;7,022e-02;7,657e-02;6,805e-02;6,140e-02;8,037e-02;6,962e-02;9,952e-02;7,945e-02;1,001e-01;8,265e-02;6,325e-02;8,043e-02;8,640e-02;8,297e-02;9,052e-02;1,078e-01;8,935e-02;8,742e-02;7,850e-02;8,105e-02;9,680e-02;8,462e-02;6,998e-02;8,345e-02;6,935e-02;8,203e-02;1,017e-01;7,093e-02;1,168e-01;;8,753e-02;7,722e-02;7,482e-02;7,865e-02;7,462e-02;9,170e-02;7,307e-02;7,460e-02;8,990e-02;8,097e-02;8,410e-02;1,083e-01;6,642e-02;7,548e-02;8,087e-02;8,000e-02;7,657e-02;8,742e-02;8,802e-02;7,233e-02;1,454e+01;0;3,070e+02;7,163e+00;1,387e+01;0;3,256e+02;7,637e+00;1,952e+01;0;2,881e+02;6,931e+00;
31.05.2023 21:00:00;7,610e-02;8,707e-02;1,100e-01;8,373e-02;1,092e-01;9,958e-02;1,138e-01;1,036e-01;1,188e-01;8,912e-02;8,095e-02;6,998e-02;8,478e-02;7,982e-02;8,830e-02;1,113e-01;1,063e-01;8,840e-02;7,010e-02;7,277e-02;5,998e-02;7,420e-02;9,337e-02;9,035e-02;7,102e-02;8,620e-02;1,290e-01;8,852e-02;6,462e-02;8,127e-02;7,993e-02;6,737e-02;7,653e-02;6,303e-02;6,120e-02;8,385e-02;7,477e-02;9,768e-02;8,087e-02;9,710e-02;8,397e-02;6,737e-02;8,253e-02;8,578e-02;8,127e-02;9,280e-02;1,095e-01;8,735e-02;8,635e-02;7,845e-02;8,202e-02;9,278e-02;8,672e-02;7,188e-02;8,407e-02;7,353e-02;8,082e-02;9,747e-02;7,257e-02;1,170e-01;;8,445e-02;7,820e-02;7,518e-02;7,990e-02;7,540e-02;9,288e-02;7,298e-02;7,620e-02;9,023e-02;7,917e-02;8,195e-02;1,048e-01;6,635e-02;7,647e-02;7,398e-02;8,005e-02;7,747e-02;8,320e-02;9,168e-02;7,595e-02;1,307e+01;0;3,149e+02;5,953e+00;1,302e+01;0;3,311e+02;7,812e+00;1,688e+01;0;2,877e+02;7,329e+00;
31.05.2023 22:00:00;7,737e-02;8,432e-02;1,095e-01;8,278e-02;1,078e-01;1,024e-01;1,123e-01;1,037e-01;1,192e-01;8,992e-02;7,888e-02;7,103e-02;8,298e-02;8,210e-02;8,670e-02;1,083e-01;1,077e-01;8,935e-02;6,910e-02;7,302e-02;6,017e-02;7,753e-02;9,165e-02;8,932e-02;6,993e-02;8,382e-02;1,268e-01;8,907e-02;6,602e-02;7,982e-02;8,203e-02;7,182e-02;7,738e-02;6,792e-02;5,805e-02;8,238e-02;7,233e-02;9,818e-02;7,912e-02;9,830e-02;8,013e-02;6,623e-02;8,145e-02;8,905e-02;8,245e-02;9,483e-02;1,075e-01;8,682e-02;8,623e-02;7,920e-02;7,863e-02;9,170e-02;8,495e-02;7,465e-02;8,778e-02;7,192e-02;8,263e-02;9,537e-02;7,085e-02;1,180e-01;;8,620e-02;7,587e-02;7,648e-02;8,115e-02;7,485e-02;9,357e-02;7,240e-02;7,595e-02;8,900e-02;7,932e-02;8,362e-02;1,035e-01;6,570e-02;7,725e-02;7,793e-02;8,052e-02;7,687e-02;8,445e-02;9,132e-02;7,238e-02;1,222e+01;0;3,174e+02;6,120e+00;1,219e+01;0;3,314e+02;8,012e+00;1,423e+01;0;2,867e+02;6,697e+00;
31.05.2023 23:00:00;7,827e-02;8,495e-02;1,068e-01;8,703e-02;1,070e-01;9,942e-02;1,097e-01;1,022e-01;1,195e-01;9,607e-02;8,207e-02;7,182e-02;7,985e-02;8,090e-02;8,828e-02;1,070e-01;1,061e-01;8,518e-02;7,070e-02;7,972e-02;5,818e-02;7,782e-02;9,127e-02;8,915e-02;6,978e-02;8,457e-02;1,327e-01;8,457e-02;6,805e-02;7,855e-02;7,953e-02;6,828e-02;7,232e-02;6,337e-02;6,167e-02;8,027e-02;7,317e-02;1,036e-01;7,515e-02;9,902e-02;8,857e-02;6,867e-02;8,040e-02;8,865e-02;8,223e-02;9,152e-02;1,065e-01;8,893e-02;8,598e-02;7,795e-02;7,807e-02;9,628e-02;8,527e-02;6,872e-02;8,752e-02;7,098e-02;7,832e-02;9,847e-02;7,042e-02;1,197e-01;;8,362e-02;7,878e-02;7,758e-02;8,273e-02;7,250e-02;9,475e-02;7,452e-02;7,473e-02;8,723e-02;8,065e-02;8,158e-02;1,045e-01;6,532e-02;7,660e-02;7,707e-02;8,005e-02;7,715e-02;8,640e-02;9,073e-02;7,653e-02;1,171e+01;0;3,185e+02;6,618e+00;1,173e+01;0;3,327e+02;8,692e+00;1,271e+01;0;2,940e+02;7,457e+00;
01.06.2023 00:00:00;7,577e-02;8,293e-02;1,070e-01;8,332e-02;1,085e-01;1,014e-01;1,073e-01;1,014e-01;1,215e-01;9,265e-02;8,198e-02;6,823e-02;7,865e-02;8,038e-02;8,890e-02;1,107e-01;1,085e-01;8,695e-02;7,173e-02;7,792e-02;5,908e-02;7,602e-02;9,432e-02;8,888e-02;7,003e-02;8,703e-02;1,232e-01;8,757e-02;6,673e-02;7,732e-02;8,025e-02;6,398e-02;7,408e-02;6,435e-02;6,068e-02;8,338e-02;7,248e-02;1,037e-01;7,562e-02;1,007e-01;8,628e-02;6,850e-02;8,015e-02;8,615e-02;8,163e-02;9,560e-02;1,088e-01;9,065e-02;8,660e-02;7,920e-02;7,715e-02;9,307e-02;8,508e-02;6,962e-02;8,593e-02;7,222e-02;8,152e-02;9,665e-02;7,178e-02;1,127e-01;;8,507e-02;7,712e-02;7,432e-02;7,965e-02;7,447e-02;9,350e-02;7,263e-02;7,663e-02;8,860e-02;7,803e-02;8,302e-02;1,039e-01;6,558e-02;7,773e-02;7,803e-02;7,723e-02;7,410e-02;8,307e-02;8,998e-02;7,415e-02;1,138e+01;0;3,175e+02;7,268e+00;1,155e+01;0;3,320e+02;7,552e+00;1,169e+01;0;3,003e+02;7,145e+00;
01.06.2023 01:00:00;7,718e-02;8,503e-02;1,096e-01;8,352e-02;1,085e-01;9,832e-02;1,117e-01;1,017e-01;1,210e-01;9,098e-02;7,837e-02;6,770e-02;7,663e-02;8,070e-02;8,580e-02;1,092e-01;1,058e-01;8,828e-02;6,678e-02;7,860e-02;5,832e-02;7,660e-02;9,340e-02;8,715e-02;6,865e-02;8,923e-02;1,277e-01;8,910e-02;6,220e-02;7,942e-02;8,040e-02;6,845e-02;7,675e-02;6,378e-02;6,070e-02;8,360e-02;7,243e-02;9,757e-02;7,730e-02;1,004e-01;8,557e-02;7,220e-02;7,948e-02;8,702e-02;8,023e-02;9,195e-02;1,065e-01;8,648e-02;8,907e-02;7,953e-02;7,968e-02;9,382e-02;8,640e-02;7,318e-02;8,637e-02;7,257e-02;7,985e-02;1,018e-01;7,075e-02;1,157e-01;;8,582e-02;7,968e-02;7,392e-02;8,385e-02;7,567e-02;9,415e-02;7,585e-02;7,643e-02;9,118e-02;8,252e-02;8,432e-02;1,042e-01;6,897e-02;7,912e-02;7,835e-02;8,285e-02;7,985e-02;8,863e-02;8,937e-02;7,520e-02;1,123e+01;0;3,182e+02;8,321e+00;1,145e+01;0;3,311e+02;8,015e+00;1,106e+01;0;2,998e+02;6,065e+00;
01.06.2023 02:00:00;7,702e-02;8,588e-02;1,066e-01;8,462e-02;1,123e-01;9,815e-02;1,110e-01;1,053e-01;1,180e-01;8,938e-02;7,868e-02;6,988e-02;8,170e-02;8,278e-02;9,012e-02;1,122e-01;1,065e-01;8,478e-02;6,990e-02;7,660e-02;6,272e-02;7,770e-02;8,862e-02;8,968e-02;7,137e-02;9,012e-02;1,285e-01;8,755e-02;6,560e-02;8,190e-02;8,202e-02;7,048e-02;7,927e-02;6,590e-02;6,178e-02;8,285e-02;7,603e-02;1,042e-01;7,692e-02;9,935e-02;8,520e-02;7,245e-02;8,205e-02;8,865e-02;8,492e-02;9,248e-02;1,102e-01;8,708e-02;8,707e-02;7,827e-02;8,123e-02;9,722e-02;8,748e-02;7,212e-02;8,495e-02;7,178e-02;8,092e-02;9,652e-02;7,105e-02;1,155e-01;;8,555e-02;8,053e-02;7,577e-02;8,147e-02;7,518e-02;9,182e-02;7,345e-02;7,517e-02;8,770e-02;8,157e-02;8,377e-02;1,033e-01;6,538e-02;7,680e-02;7,787e-02;7,868e-02;7,773e-02;8,570e-02;9,228e-02;7,363e-02;1,117e+01;0;3,231e+02;8,105e+00;1,143e+01;0;3,276e+02;7,193e+00;1,098e+01;0;3,055e+02;7,312e+00;
01.06.2023 03:00:00;7,678e-02;8,410e-02;1,108e-01;8,507e-02;1,115e-01;9,952e-02;1,105e-01;1,044e-01;1,217e-01;9,327e-02;7,985e-02;7,010e-02;7,905e-02;8,292e-02;8,798e-02;1,085e-01;1,072e-01;8,490e-02;7,190e-02;7,738e-02;5,603e-02;7,462e-02;9,207e-02;8,835e-02;7,055e-02;8,690e-02;1,282e-01;8,822e-02;6,375e-02;7,908e-02;7,882e-02;6,803e-02;7,598e-02;6,863e-02;6,225e-02;8,213e-02;7,362e-02;1,004e-01;7,868e-02;9,843e-02;8,352e-02;6,848e-02;7,948e-02;8,798e-02;8,017e-02;9,368e-02;1,063e-01;8,565e-02;8,643e-02;7,923e-02;8,027e-02;9,693e-02;8,357e-02;6,965e-02;8,622e-02;7,190e-02;8,205e-02;9,452e-02;6,970e-02;1,170e-01;;8,457e-02;7,910e-02;7,452e-02;7,903e-02;7,673e-02;9,170e-02;7,423e-02;7,598e-02;8,690e-02;7,845e-02;8,300e-02;1,050e-01;6,587e-02;7,562e-02;7,687e-02;8,057e-02;7,453e-02;8,557e-02;9,187e-02;7,415e-02;1,121e+01;0;3,168e+02;7,836e+00;1,136e+01;0;3,298e+02;8,010e+00;1,107e+01;0;2,970e+02;7,419e+00;
01.06.2023 04:00:00;7,708e-02;8,585e-02;1,065e-01;8,475e-02;1,122e-01;1,029e-01;1,123e-01;1,058e-01;1,193e-01;8,943e-02;7,720e-02;7,318e-02;8,357e-02;7,922e-02;8,812e-02;1,108e-01;1,058e-01;8,448e-02;6,727e-02;7,243e-02;5,753e-02;7,670e-02;9,175e-02;8,907e-02;7,345e-02;8,340e-02;1,277e-01;8,923e-02;6,508e-02;8,080e-02;8,045e-02;6,957e-02;7,528e-02;6,858e-02;6,583e-02;8,052e-02;7,395e-02;1,008e-01;7,972e-02;9,893e-02;8,390e-02;6,715e-02;8,110e-02;8,632e-02;8,372e-02;9,215e-02;1,072e-01;8,868e-02;9,228e-02;7,845e-02;7,832e-02;9,225e-02;8,715e-02;7,180e-02;8,462e-02;7,040e-02;8,295e-02;9,748e-02;7,153e-02;1,207e-01;;8,282e-02;7,568e-02;7,440e-02;8,168e-02;7,453e-02;9,388e-02;7,320e-02;7,537e-02;8,562e-02;7,878e-02;8,415e-02;1,029e-01;6,530e-02;7,777e-02;7,640e-02;8,070e-02;7,533e-02;8,290e-02;9,182e-02;7,463e-02;1,103e+01;0;3,173e+02;8,713e+00;1,118e+01;0;3,279e+02;6,977e+00;1,091e+01;0;3,010e+02;7,041e+00;
01.06.2023 05:00:00;7,900e-02;8,462e-02;1,060e-01;8,557e-02;1,115e-01;9,640e-02;1,133e-01;1,036e-01;1,152e-01;9,153e-02;8,135e-02;6,977e-02;8,317e-02;8,020e-02;9,022e-02;1,088e-01;1,057e-01;8,390e-02;7,343e-02;7,715e-02;6,075e-02;7,740e-02;8,982e-02;8,978e-02;7,048e-02;9,040e-02;1,277e-01;9,020e-02;6,307e-02;8,202e-02;8,000e-02;6,765e-02;7,468e-02;6,577e-02;6,098e-02;8,075e-02;7,523e-02;9,877e-02;8,185e-02;9,892e-02;8,438e-02;6,828e-02;8,027e-02;8,560e-02;7,823e-02;9,257e-02;1,080e-01;8,752e-02;8,413e-02;7,865e-02;7,737e-02;9,672e-02;8,745e-02;7,178e-02;8,320e-02;7,290e-02;8,028e-02;9,897e-02;7,015e-02;1,165e-01;;8,245e-02;7,587e-02;7,032e-02;8,068e-02;7,582e-02;9,035e-02;7,257e-02;7,702e-02;8,870e-02;8,075e-02;8,078e-02;1,043e-01;6,603e-02;7,735e-02;7,832e-02;7,958e-02;7,563e-02;8,668e-02;9,032e-02;7,633e-02;1,098e+01;0;3,165e+02;7,399e+00;1,113e+01;0;3,275e+02;7,634e+00;1,091e+01;0;3,007e+02;8,450e+00;
01.06.2023 06:00:00;7,610e-02;8,753e-02;1,048e-01;8,440e-02;1,117e-01;1,009e-01;1,145e-01;1,077e-01;1,192e-01;9,067e-02;8,137e-02;7,122e-02;8,132e-02;8,270e-02;8,948e-02;1,102e-01;1,057e-01;8,568e-02;7,037e-02;7,457e-02;5,768e-02;7,452e-02;9,432e-02;8,875e-02;7,103e-02;9,198e-02;1,280e-01;8,828e-02;6,277e-02;7,945e-02;7,895e-02;6,747e-02;7,897e-02;6,902e-02;6,345e-02;8,577e-02;7,345e-02;1,016e-01;7,933e-02;9,715e-02;8,448e-02;6,652e-02;8,040e-02;8,862e-02;8,247e-02;9,505e-02;1,083e-01;8,562e-02;8,900e-02;7,733e-02;8,425e-02;9,643e-02;8,487e-02;7,122e-02;8,660e-02;7,367e-02;7,990e-02;9,815e-02;7,185e-02;1,195e-01;;8,380e-02;8,048e-02;7,437e-02;8,143e-02;7,437e-02;9,048e-02;7,040e-02;7,392e-02;8,853e-02;8,268e-02;8,302e-02;1,065e-01;6,273e-02;7,867e-02;7,508e-02;7,992e-02;7,643e-02;8,337e-02;9,218e-02;7,593e-02;1,095e+01;0;3,189e+02;8,057e+00;1,111e+01;0;3,229e+02;7,392e+00;1,077e+01;0;3,079e+02;7,871e+00;
01.06.2023 07:00:00;7,765e-02;8,582e-02;1,077e-01;8,597e-02;1,115e-01;1,045e-01;1,100e-01;1,033e-01;1,235e-01;9,145e-02;8,170e-02;6,972e-02;8,198e-02;8,240e-02;8,720e-02;1,082e-01;1,030e-01;8,465e-02;6,868e-02;7,698e-02;5,850e-02;7,773e-02;8,937e-02;9,113e-02;7,060e-02;8,538e-02;1,263e-01;8,700e-02;6,408e-02;7,828e-02;8,168e-02;6,640e-02;7,610e-02;6,343e-02;6,498e-02;8,202e-02;7,398e-02;1,026e-01;8,078e-02;1,031e-01;8,615e-02;6,808e-02;8,163e-02;8,773e-02;8,147e-02;9,460e-02;1,051e-01;8,948e-02;8,670e-02;8,000e-02;7,673e-02;9,428e-02;8,685e-02;7,345e-02;8,630e-02;7,342e-02;8,108e-02;9,847e-02;7,465e-02;1,153e-01;;8,372e-02;7,912e-02;7,457e-02;8,740e-02;7,557e-02;9,398e-02;7,237e-02;7,542e-02;8,965e-02;7,878e-02;8,260e-02;1,047e-01;6,437e-02;7,915e-02;7,710e-02;7,903e-02;7,503e-02;8,398e-02;9,107e-02;7,272e-02;1,092e+01;0;3,152e+02;8,032e+00;1,111e+01;0;3,193e+02;7,801e+00;1,108e+01;0;2,969e+02;7,478e+00;
01.06.2023 08:00:00;7,618e-02;8,815e-02;1,092e-01;8,760e-02;1,068e-01;9,955e-02;1,123e-01;1,024e-01;1,225e-01;8,963e-02;7,815e-02;7,360e-02;8,600e-02;7,945e-02;9,085e-02;1,110e-01;1,046e-01;8,320e-02;6,990e-02;7,570e-02;5,993e-02;7,977e-02;9,482e-02;8,882e-02;7,270e-02;8,513e-02;1,242e-01;8,670e-02;6,762e-02;7,982e-02;8,090e-02;6,930e-02;7,652e-02;6,352e-02;6,143e-02;8,212e-02;7,533e-02;1,052e-01;8,302e-02;1,024e-01;8,368e-02;6,895e-02;8,128e-02;8,742e-02;8,100e-02;9,053e-02;1,090e-01;8,738e-02;9,023e-02;7,545e-02;7,518e-02;9,605e-02;8,405e-02;7,420e-02;8,740e-02;7,373e-02;8,192e-02;1,006e-01;7,177e-02;1,208e-01;;8,648e-02;7,782e-02;7,518e-02;8,060e-02;7,328e-02;9,143e-02;7,158e-02;7,643e-02;9,168e-02;7,910e-02;8,282e-02;1,048e-01;6,593e-02;7,643e-02;8,002e-02;7,948e-02;7,410e-02;8,275e-02;8,872e-02;7,287e-02;1,113e+01;0;3,097e+02;6,972e+00;1,121e+01;0;3,206e+02;7,117e+00;1,154e+01;0;3,001e+02;8,812e+00;
01.06.2023 09:00:00;7,677e-02;8,648e-02;1,036e-01;8,665e-02;1,120e-01;9,735e-02;1,128e-01;1,021e-01;1,173e-01;9,123e-02;7,923e-02;6,985e-02;8,228e-02;8,415e-02;8,752e-02;1,115e-01;1,035e-01;8,448e-02;7,142e-02;7,697e-02;6,180e-02;7,815e-02;9,232e-02;9,003e-02;7,132e-02;8,485e-02;1,282e-01;8,682e-02;6,588e-02;8,328e-02;8,012e-02;6,738e-02;7,655e-02;6,533e-02;6,213e-02;8,013e-02;7,828e-02;9,885e-02;8,090e-02;9,590e-02;8,277e-02;6,665e-02;7,870e-02;8,640e-02;8,185e-02;9,402e-02;1,075e-01;8,838e-02;8,948e-02;7,782e-02;7,618e-02;9,610e-02;8,318e-02;7,093e-02;8,707e-02;7,363e-02;8,355e-02;9,818e-02;7,222e-02;1,175e-01;;8,782e-02;7,898e-02;7,118e-02;8,343e-02;7,007e-02;9,382e-02;7,710e-02;7,437e-02;8,523e-02;7,735e-02;8,478e-02;1,030e-01;6,603e-02;7,523e-02;7,682e-02;7,718e-02;7,940e-02;8,262e-02;8,997e-02;7,348e-02;1,137e+01;0;3,104e+02;7,053e+00;1,146e+01;0;3,132e+02;8,062e+00;1,205e+01;0;2,972e+02;8,358e+00;
01.06.2023 10:00:00;7,502e-02;8,702e-02;1,113e-01;8,535e-02;1,118e-01;1,007e-01;1,125e-01;1,055e-01;1,213e-01;9,328e-02;7,957e-02;6,922e-02;8,232e-02;8,342e-02;9,015e-02;1,082e-01;1,073e-01;8,693e-02;7,387e-02;7,807e-02;5,948e-02;7,475e-02;9,020e-02;9,210e-02;7,107e-02;8,140e-02;1,263e-01;8,730e-02;6,397e-02;7,643e-02;8,247e-02;6,990e-02;7,868e-02;6,682e-02;6,297e-02;8,178e-02;7,498e-02;1,042e-01;7,918e-02;9,977e-02;8,425e-02;7,162e-02;8,208e-02;8,518e-02;8,468e-02;9,382e-02;1,051e-01;8,505e-02;8,665e-02;7,873e-02;7,418e-02;9,515e-02;8,605e-02;7,193e-02;8,787e-02;7,410e-02;8,285e-02;9,810e-02;6,985e-02;1,153e-01;;8,573e-02;7,568e-02;7,378e-02;8,192e-02;7,098e-02;8,945e-02;7,140e-02;7,705e-02;9,162e-02;8,147e-02;8,403e-02;1,046e-01;6,722e-02;7,452e-02;7,807e-02;7,795e-02;7,678e-02;8,487e-02;8,995e-02;7,648e-02;1,175e+01;0;3,133e+02;7,457e+00;1,175e+01;0;3,130e+02;8,580e+00;1,255e+01;;2,930e+02;8,862e+00;
01.06.2023 11:00:00;7,605e-02;8,398e-02;1,072e-01;8,920e-02;1,112e-01;1,032e-01;1,098e-01;1,012e-01;1,170e-01;9,185e-02;8,412e-02;7,080e-02;8,102e-02;7,812e-02;8,527e-02;1,117e-01;1,037e-01;8,543e-02;6,765e-02;7,510e-02;5,983e-02;7,505e-02;8,997e-02;9,115e-02;7,053e-02;8,993e-02;1,270e-01;8,707e-02;6,668e-02;7,822e-02;8,012e-02;6,812e-02;7,755e-02;6,642e-02;5,773e-02;8,343e-02;7,267e-02;1,023e-01;7,782e-02;9,748e-02;8,587e-02;6,862e-02;8,057e-02;8,670e-02;8,602e-02;9,138e-02;1,060e-01;8,588e-02;8,757e-02;7,927e-02;7,168e-02;9,773e-02;8,312e-02;7,155e-02;8,578e-02;7,165e-02;8,057e-02;9,668e-02;7,157e-02;1,167e-01;;8,392e-02;7,928e-02;7,503e-02;7,960e-02;7,170e-02;9,432e-02;7,457e-02;7,355e-02;8,960e-02;7,835e-02;8,190e-02;1,047e-01;6,308e-02;7,560e-02;7,937e-02;7,833e-02;7,273e-02;8,748e-02;9,145e-02;7,627e-02;1,206e+01;0;3,101e+02;8,135e+00;1,218e+01;0;3,146e+02;8,688e+00;1,308e+01;0;2,876e+02;9,120e+00;
01.06.2023 12:00:00;7,817e-02;8,513e-02;1,055e-01;8,325e-02;1,092e-01;1,045e-01;1,108e-01;1,034e-01;1,167e-01;9,362e-02;8,187e-02;6,920e-02;7,832e-02;8,067e-02;8,853e-02;1,097e-01;1,011e-01;8,398e-02;7,237e-02;7,478e-02;6,227e-02;7,732e-02;9,332e-02;8,798e-02;6,633e-02;8,510e-02;1,275e-01;8,873e-02;6,718e-02;8,048e-02;7,970e-02;6,827e-02;7,582e-02;6,480e-02;6,290e-02;8,295e-02;7,432e-02;1,018e-01;7,838e-02;1,007e-01;8,847e-02;6,977e-02;7,940e-02;8,523e-02;8,012e-02;9,312e-02;1,060e-01;8,752e-02;8,882e-02;7,705e-02;7,510e-02;9,682e-02;8,482e-02;6,970e-02;8,703e-02;7,870e-02;8,127e-02;9,602e-02;6,902e-02;1,200e-01;;8,390e-02;7,777e-02;7,093e-02;7,873e-02;6,948e-02;9,240e-02;7,380e-02;7,590e-02;8,940e-02;8,182e-02;8,232e-02;1,037e-01;6,708e-02;7,918e-02;7,885e-02;7,573e-02;7,802e-02;8,140e-02;8,982e-02;7,523e-02;1,230e+01;0;3,060e+02;8,503e+00;1,220e+01;0;3,097e+02;9,127e+00;1,363e+01;0;2,854e+02;9,389e+00;
01.06.2023 13:00:00;8,080e-02;8,535e-02;1,058e-01;8,303e-02;1,123e-01;9,773e-02;1,078e-01;1,053e-01;1,217e-01;9,168e-02;8,148e-02;6,877e-02;8,335e-02;7,807e-02;8,952e-02;1,088e-01;1,070e-01;8,535e-02;6,990e-02;7,428e-02;5,775e-02;7,765e-02;9,283e-02;8,907e-02;6,782e-02;8,830e-02;1,267e-01;8,697e-02;6,265e-02;8,193e-02;8,232e-02;7,090e-02;7,990e-02;6,415e-02;5,902e-02;8,285e-02;7,590e-02;9,927e-02;7,420e-02;9,908e-02;7,985e-02;6,990e-02;7,995e-02;8,867e-02;8,232e-02;8,900e-02;1,038e-01;8,807e-02;8,992e-02;7,787e-02;7,422e-02;9,455e-02;8,607e-02;7,190e-02;8,863e-02;7,477e-02;8,270e-02;9,910e-02;7,152e-02;1,163e-01;;8,638e-02;7,608e-02;7,337e-02;8,078e-02;6,685e-02;9,427e-02;7,302e-02;7,582e-02;8,748e-02;8,048e-02;8,198e-02;1,056e-01;6,710e-02;7,450e-02;7,765e-02;7,658e-02;7,445e-02;8,902e-02;9,160e-02;7,183e-02;1,230e+01;0;3,054e+02;8,050e+00;1,245e+01;0;3,120e+02;8,552e+00;1,471e+01;0;2,862e+02;9,720e+00;
01.06.2023 14:00:00;7,465e-02;8,205e-02;1,100e-01;8,550e-02;1,088e-01;9,805e-02;1,153e-01;1,047e-01;1,222e-01;9,165e-02;8,240e-02;7,113e-02;7,967e-02;8,235e-02;8,777e-02;1,077e-01;1,057e-01;8,540e-02;6,818e-02;8,048e-02;5,748e-02;7,440e-02;9,205e-02;9,055e-02;7,207e-02;8,823e-02;1,255e-01;8,713e-02;6,367e-02;7,985e-02;7,920e-02;6,792e-02;7,265e-02;6,693e-02;6,107e-02;8,380e-02;7,740e-02;1,009e-01;7,975e-02;1,006e-01;8,218e-02;7,303e-02;8,165e-02;8,937e-02;7,785e-02;9,468e-02;1,068e-01;8,953e-02;8,703e-02;7,570e-02;7,480e-02;9,428e-02;8,457e-02;6,902e-02;8,735e-02;7,352e-02;8,152e-02;9,818e-02;7,255e-02;1,138e-01;;8,443e-02;7,798e-02;7,412e-02;8,418e-02;7,000e-02;9,145e-02;7,258e-02;7,528e-02;8,743e-02;7,843e-02;8,407e-02;1,027e-01;6,762e-02;7,643e-02;7,933e-02;8,172e-02;7,782e-02;8,488e-02;8,995e-02;7,167e-02;1,263e+01;0;3,028e+02;8,185e+00;1,275e+01;0;3,103e+02;8,815e+00;1,510e+01;0;2,853e+02;9,651e+00;
01.06.2023 15:00:00;7,822e-02;8,687e-02;1,088e-01;8,290e-02;1,148e-01;9,943e-02;1,132e-01;1,020e-01;1,202e-01;9,407e-02;7,977e-02;7,077e-02;8,012e-02;8,023e-02;8,765e-02;1,070e-01;1,087e-01;8,365e-02;7,390e-02;7,728e-02;5,815e-02;7,935e-02;9,157e-02;8,998e-02;7,465e-02;8,703e-02;1,253e-01;8,628e-02;6,493e-02;8,023e-02;8,152e-02;6,787e-02;7,723e-02;6,228e-02;5,903e-02;7,833e-02;7,332e-02;1,035e-01;7,970e-02;9,963e-02;8,632e-02;6,840e-02;7,918e-02;8,807e-02;8,070e-02;9,492e-02;1,060e-01;9,045e-02;8,773e-02;8,048e-02;7,165e-02;9,660e-02;8,643e-02;7,427e-02;8,473e-02;7,435e-02;8,137e-02;9,327e-02;7,182e-02;1,173e-01;;8,362e-02;7,772e-02;7,252e-02;8,228e-02;6,882e-02;9,260e-02;7,228e-02;7,540e-02;9,365e-02;8,137e-02;8,282e-02;1,068e-01;6,430e-02;7,787e-02;7,807e-02;8,258e-02;7,302e-02;8,798e-02;8,993e-02;7,345e-02;1,315e+01;0;3,001e+02;7,821e+00;1,321e+01;0;3,079e+02;8,756e+00;1,586e+01;0;2,871e+02;9,917e+00;
01.06.2023 16:00:00;7,820e-02;8,382e-02;1,106e-01;8,890e-02;1,090e-01;1,003e-01;1,123e-01;1,057e-01;1,198e-01;8,998e-02;8,030e-02;6,773e-02;7,727e-02;7,857e-02;8,673e-02;1,045e-01;1,064e-01;8,915e-02;6,997e-02;7,877e-02;5,775e-02;7,900e-02;9,113e-02;9,182e-02;7,312e-02;8,660e-02;1,282e-01;8,565e-02;6,217e-02;8,390e-02;8,175e-02;6,870e-02;7,545e-02;6,733e-02;6,072e-02;8,220e-02;7,215e-02;1,050e-01;7,767e-02;9,777e-02;7,840e-02;6,683e-02;8,098e-02;8,847e-02;7,893e-02;9,428e-02;1,097e-01;8,982e-02;9,152e-02;7,785e-02;7,568e-02;9,457e-02;8,450e-02;6,968e-02;8,553e-02;7,250e-02;8,168e-02;1,005e-01;7,295e-02;1,160e-01;;8,740e-02;7,870e-02;8,082e-02;8,190e-02;7,115e-02;9,127e-02;7,137e-02;7,477e-02;9,038e-02;7,943e-02;8,377e-02;1,050e-01;6,575e-02;7,528e-02;7,793e-02;7,963e-02;7,477e-02;8,520e-02;9,037e-02;7,348e-02;1,357e+01;0;2,988e+02;8,833e+00;1,355e+01;0;3,095e+02;8,537e+00;1,576e+01;0;2,868e+02;9,768e+00;
01.06.2023 17:00:00;7,553e-02;8,557e-02;1,122e-01;8,463e-02;1,112e-01;9,985e-02;1,147e-01;1,047e-01;1,163e-01;9,212e-02;8,133e-02;6,940e-02;8,038e-02;8,158e-02;8,768e-02;1,100e-01;1,065e-01;8,207e-02;6,935e-02;7,493e-02;6,017e-02;7,698e-02;9,253e-02;8,993e-02;6,912e-02;8,528e-02;1,277e-01;8,757e-02;6,802e-02;8,385e-02;8,118e-02;6,990e-02;7,740e-02;6,712e-02;5,813e-02;8,148e-02;7,588e-02;1,031e-01;8,065e-02;9,865e-02;8,643e-02;7,057e-02;8,097e-02;8,960e-02;8,182e-02;9,567e-02;1,073e-01;8,777e-02;8,668e-02;7,712e-02;7,685e-02;9,448e-02;8,657e-02;7,122e-02;9,040e-02;7,532e-02;8,047e-02;9,723e-02;6,983e-02;1,182e-01;;8,540e-02;7,810e-02;7,622e-02;7,877e-02;7,307e-02;8,948e-02;7,090e-02;7,483e-02;9,043e-02;8,310e-02;8,370e-02;1,043e-01;6,512e-02;8,003e-02;7,672e-02;7,947e-02;7,757e-02;8,618e-02;9,143e-02;7,465e-02;1,373e+01;0;2,961e+02;9,282e+00;1,321e+01;0;3,114e+02;9,195e+00;1,606e+01;0;2,847e+02;9,637e+00;
01.06.2023 18:00:00;7,602e-02;8,878e-02;1,054e-01;8,215e-02;1,095e-01;9,897e-02;1,145e-01;1,026e-01;1,178e-01;9,260e-02;7,877e-02;6,972e-02;8,023e-02;7,910e-02;8,893e-02;1,103e-01;1,062e-01;8,645e-02;6,970e-02;7,773e-02;6,038e-02;7,532e-02;8,785e-02;8,928e-02;7,128e-02;8,668e-02;1,272e-01;8,710e-02;6,702e-02;8,193e-02;7,888e-02;6,873e-02;7,687e-02;6,640e-02;6,227e-02;8,422e-02;7,278e-02;1,005e-01;7,992e-02;9,868e-02;8,673e-02;6,858e-02;8,083e-02;8,990e-02;7,707e-02;9,377e-02;1,063e-01;8,490e-02;8,548e-02;7,835e-02;8,127e-02;9,310e-02;8,327e-02;7,065e-02;8,690e-02;7,348e-02;7,922e-02;9,947e-02;7,115e-02;1,122e-01;;8,723e-02;7,718e-02;7,722e-02;8,558e-02;7,443e-02;9,402e-02;7,147e-02;7,728e-02;8,855e-02;8,002e-02;8,362e-02;1,036e-01;6,485e-02;7,453e-02;8,130e-02;7,893e-02;7,572e-02;8,532e-02;9,370e-02;7,215e-02;1,341e+01;0;2,967e+02;9,407e+00;1,338e+01;0;3,047e+02;9,076e+00;1,590e+01;0;2,871e+02;9,963e+00;
01.06.2023 19:00:00;7,887e-02;8,573e-02;1,093e-01;8,952e-02;1,115e-01;9,947e-02;1,123e-01;1,031e-01;1,212e-01;9,075e-02;7,970e-02;7,053e-02;8,158e-02;8,203e-02;8,445e-02;1,073e-01;1,036e-01;8,440e-02;6,990e-02;7,423e-02;5,830e-02;7,540e-02;9,082e-02;8,932e-02;7,045e-02;8,143e-02;1,273e-01;8,802e-02;6,713e-02;8,000e-02;8,220e-02;6,838e-02;7,420e-02;6,732e-02;6,112e-02;8,308e-02;7,728e-02;1,031e-01;7,957e-02;1,001e-01;8,548e-02;6,738e-02;7,973e-02;8,732e-02;8,097e-02;9,340e-02;1,084e-01;9,257e-02;8,685e-02;7,590e-02;8,102e-02;9,665e-02;8,527e-02;6,817e-02;8,552e-02;7,023e-02;7,932e-02;1,011e-01;7,148e-02;1,182e-01;;8,582e-02;8,032e-02;7,382e-02;8,223e-02;7,070e-02;9,478e-02;7,198e-02;7,632e-02;9,012e-02;7,863e-02;8,373e-02;1,060e-01;6,788e-02;7,582e-02;7,830e-02;7,990e-02;7,510e-02;9,318e-02;9,673e-02;7,418e-02;1,273e+01;0;3,003e+02;8,523e+00;1,275e+01;0;3,077e+02;9,295e+00;1,509e+01;0;2,880e+02;9,931e+00;
01.06.2023 20:00:00;7,397e-02;8,607e-02;1,058e-01;8,490e-02;1,068e-01;1,016e-01;1,117e-01;1,045e-01;1,182e-01;8,990e-02;7,952e-02;7,040e-02;8,382e-02;8,305e-02;9,008e-02;1,075e-01;1,080e-01;8,528e-02;7,495e-02;7,605e-02;5,732e-02;7,537e-02;9,485e-02;9,048e-02;6,787e-02;8,677e-02;1,275e-01;8,973e-02;6,187e-02;7,935e-02;8,127e-02;7,043e-02;7,572e-02;6,492e-02;6,290e-02;8,052e-02;7,507e-02;1,018e-01;8,037e-02;9,918e-02;8,640e-02;6,753e-02;8,198e-02;9,125e-02;7,868e-02;9,287e-02;1,072e-01;8,927e-02;8,630e-02;7,798e-02;8,248e-02;9,707e-02;8,512e-02;6,890e-02;8,893e-02;7,342e-02;8,218e-02;9,755e-02;7,223e-02;1,182e-01;;8,482e-02;7,985e-02;7,550e-02;8,147e-02;7,412e-02;9,330e-02;7,243e-02;7,548e-02;8,635e-02;8,040e-02;8,322e-02;1,062e-01;6,910e-02;7,762e-02;7,785e-02;8,007e-02;7,692e-02;8,210e-02;8,982e-02;7,540e-02;1,218e+01;0;3,016e+02;8,368e+00;1,215e+01;0;3,082e+02;8,734e+00;1,396e+01;0;2,911e+02;9,301e+00;
01.06.2023 21:00:00;7,773e-02;8,738e-02;1,082e-01;8,640e-02;1,058e-01;1,010e-01;1,120e-01;1,045e-01;1,185e-01;9,465e-02;8,123e-02;7,407e-02;8,180e-02;8,217e-02;8,938e-02;1,115e-01;1,063e-01;8,788e-02;6,903e-02;7,418e-02;6,100e-02;7,720e-02;9,193e-02;8,948e-02;6,915e-02;8,393e-02;1,255e-01;8,662e-02;6,575e-02;7,980e-02;8,152e-02;7,055e-02;7,733e-02;6,717e-02;6,303e-02;8,355e-02;7,592e-02;1,012e-01;7,728e-02;9,873e-02;8,687e-02;7,402e-02;8,107e-02;8,847e-02;8,395e-02;9,048e-02;1,034e-01;8,730e-02;8,653e-02;7,788e-02;8,438e-02;9,477e-02;8,693e-02;6,913e-02;8,695e-02;7,345e-02;8,395e-02;9,607e-02;7,123e-02;1,195e-01;;8,345e-02;8,003e-02;7,707e-02;8,070e-02;7,195e-02;9,397e-02;7,335e-02;7,553e-02;9,147e-02;8,127e-02;8,168e-02;1,046e-01;6,567e-02;7,422e-02;7,812e-02;7,912e-02;7,793e-02;8,532e-02;9,462e-02;7,677e-02;1,166e+01;0;3,005e+02;8,526e+00;1,166e+01;0;3,081e+02;8,512e+00;1,254e+01;0;2,960e+02;8,522e+00;
01.06.2023 22:00:00;7,820e-02;8,640e-02;1,092e-01;8,477e-02;1,090e-01;9,972e-02;1,143e-01;1,056e-01;1,203e-01;9,203e-02;7,985e-02;7,073e-02;8,370e-02;8,075e-02;8,880e-02;1,107e-01;1,063e-01;8,827e-02;6,868e-02;7,385e-02;5,887e-02;7,787e-02;9,228e-02;9,103e-02;7,357e-02;8,672e-02;1,287e-01;8,777e-02;6,797e-02;8,162e-02;8,193e-02;7,048e-02;7,617e-02;6,595e-02;5,917e-02;8,375e-02;7,457e-02;1,026e-01;8,133e-02;9,843e-02;8,765e-02;6,982e-02;8,138e-02;8,647e-02;8,013e-02;9,085e-02;1,044e-01;9,117e-02;9,153e-02;7,903e-02;8,000e-02;9,863e-02;8,652e-02;7,215e-02;8,660e-02;7,303e-02;8,387e-02;9,718e-02;7,150e-02;1,168e-01;;8,498e-02;8,085e-02;7,667e-02;8,023e-02;7,352e-02;9,065e-02;7,112e-02;7,640e-02;9,123e-02;7,873e-02;8,543e-02;1,085e-01;6,792e-02;7,450e-02;7,882e-02;7,805e-02;7,950e-02;8,533e-02;8,995e-02;7,222e-02;1,101e+01;0;3,075e+02;5,900e+00;1,084e+01;0;3,110e+02;7,256e+00;1,163e+01;0;2,951e+02;7,401e+00;
01.06.2023 23:00:00;7,845e-02;8,678e-02;1,093e-01;8,553e-02;1,113e-01;1,012e-01;1,137e-01;1,035e-01;1,183e-01;9,335e-02;8,203e-02;7,237e-02;8,417e-02;7,970e-02;8,787e-02;1,130e-01;1,065e-01;8,492e-02;7,168e-02;7,787e-02;6,210e-02;7,735e-02;9,148e-02;8,987e-02;7,190e-02;8,768e-02;1,240e-01;8,630e-02;6,513e-02;7,752e-02;8,372e-02;6,900e-02;7,557e-02;6,497e-02;6,045e-02;8,210e-02;8,072e-02;1,007e-01;7,917e-02;1,015e-01;8,457e-02;6,798e-02;8,143e-02;8,773e-02;8,385e-02;9,195e-02;1,068e-01;8,823e-02;8,787e-02;7,793e-02;7,710e-02;9,148e-02;8,632e-02;6,942e-02;8,607e-02;7,225e-02;8,008e-02;9,682e-02;7,203e-02;1,178e-01;;8,548e-02;7,828e-02;7,457e-02;8,127e-02;7,677e-02;9,298e-02;7,665e-02;7,653e-02;9,310e-02;8,095e-02;8,350e-02;1,087e-01;6,692e-02;7,682e-02;7,702e-02;8,182e-02;7,812e-02;8,348e-02;9,258e-02;7,377e-02;1,026e+01;0;3,094e+02;5,933e+00;1,062e+01;0;3,111e+02;5,784e+00;1,050e+01;0;2,987e+02;7,741e+00;
02.06.2023 00:00:00;7,902e-02;8,672e-02;1,107e-01;8,623e-02;1,100e-01;9,873e-02;1,120e-01;1,045e-01;1,227e-01;9,135e-02;8,113e-02;7,128e-02;8,490e-02;8,257e-02;8,878e-02;1,097e-01;1,059e-01;8,732e-02;6,987e-02;7,440e-02;6,060e-02;7,610e-02;9,240e-02;9,203e-02;7,418e-02;8,507e-02;1,292e-01;8,698e-02;6,572e-02;8,102e-02;7,957e-02;7,332e-02;7,623e-02;6,685e-02;5,872e-02;8,157e-02;7,803e-02;1,033e-01;7,835e-02;9,653e-02;8,783e-02;7,023e-02;7,832e-02;8,995e-02;8,003e-02;9,465e-02;1,081e-01;9,047e-02;8,940e-02;7,935e-02;7,813e-02;9,715e-02;8,743e-02;7,170e-02;8,745e-02;7,752e-02;8,107e-02;9,952e-02;7,428e-02;1,180e-01;;8,230e-02;7,957e-02;7,210e-02;8,257e-02;7,238e-02;9,162e-02;7,023e-02;7,555e-02;9,157e-02;7,760e-02;8,223e-02;1,063e-01;6,862e-02;7,627e-02;7,590e-02;7,982e-02;7,893e-02;8,435e-02;9,488e-02;7,403e-02;1,006e+01;0;3,124e+02;6,004e+00;1,048e+01;0;3,115e+02;5,063e+00;9,826e+00;0;3,003e+02;5,693e+00;

Alle Genitronstationen für opendata-Portal (7 Tage)
"Name                            Bezeichnung                                                                     Einheit   "
"KBR.1011.IMK                    KFÜ-Sonde KBR N                                                                 µSv/h     "
"KBR.1032.IMK                    KFÜ-Sonde Roßkopp                                                               µSv/h     "
"KBR.1041.IMK                    KFÜ-Sonde KBR O                                                                 µSv/h     "
"KBR.1042.IMK                    KFÜ-Sonde Großwisch                                                             µSv/h     "
"KBR.1071.IMK                    KFÜ-Sonde KBR S                                                                 µSv/h     "
"KBR.1101.IMK                    KFÜ-Sonde KBR W                                                                 µSv/h     "
"KBR.1111.IMK                    KFÜ-Sonde KBR SZL W                                                             µSv/h     "
"KBR.1121.IMK                    KFÜ-Sonde KBR SZL N                                                             µSv/h     "
"KBR.2011.IMK                    KFÜ-Sonde Brokdorf Trinkwasserspeicher                                          µSv/h     "
"KBR.2021.IMK                    KFÜ-Sonde Neumühlen                                                             µSv/h     "
"KBR.2041.IMK                    KFÜ-Sonde Wewelsfleth                                                           µSv/h     "
"KBR.2051.IMK                    KFÜ-Sonde Störsperrwerk                                                         µSv/h     "
"KBR.2061.IMK                    KFÜ-Sonde Glückstadt Fähre                                                      µSv/h     "
"KBR.2071.IMK                    KFÜ-Sonde Wischhafen Fähre                                                      µSv/h     "
"KBR.2081.IMK                    KFÜ-Sonde Allwörden                                                             µSv/h     "
"KBR.2101.IMK                    KFÜ-Sonde Schöneworther Siel                                                    µSv/h     "
"KBR.2111.IMK                    KFÜ-Sonde Brokdorf Kindergarten                                                 µSv/h     "
"KBR.2121.IMK                    KFÜ-Sonde Kleinarentsee                                                         µSv/h     "
"KBR.3011.IMK                    KFÜ-Sonde Vaalermoor                                                            µSv/h     "
"KBR.3022.IMK                    KFÜ-Sonde Heiligenstedten                                                       µSv/h     "
"KBR.3031.IMK                    KFÜ-Sonde Kremperheide                                                          µSv/h     "
"KBR.3032.IMK                    KFÜ-Sonde Itzehoe                                                               µSv/h     "
"KBR.3051.IMK                    KFÜ-Sonde Herzhorn                                                              µSv/h     "
"KBR.3053.IMK                    KFÜ-Sonde Elmshorn                                                              µSv/h     "
"KBR.3055.IMK                    KFÜ-Sonde Uetersen                                                              µSv/h     "
"KBR.3081.IMK                    KFÜ-Sonde Kajedeich                                                             µSv/h     "
"KBR.3091.IMK                    KFÜ-Sonde Hohenlucht                                                            µSv/h     "
"KBR.3121.IMK                    KFÜ-Sonde Landscheide                                                           µSv/h     "
"KBR.NID1.MET                    Niederschlagsintensität 1                                                       mm/h      "
"KBR.TBAS.MET                    Temperatur Basis                                                                °C        "
"KBR.WGK.TIS                     Windgeschwindigkeit Kamin (100m)                                                m/s       "
"KBR.WRK.TIS                     Windrichtung Kamin (100m)                                                       Grad      "
"KKB.1031.IMK                    KFÜ-Sonde KKB NO                                                                µSv/h     "
"KKB.1032.IMK                    KFÜ-Sonde SZB NW                                                                µSv/h     "
"KKB.1041.IMK                    KFÜ-Sonde KKB SO                                                                µSv/h     "
"KKB.1042.IMK                    KFÜ-Sonde SZB SO                                                                µSv/h     "
"KKB.1091.IMK                    KFÜ-Sonde KKB Pavillon                                                          µSv/h     "
"KKB.1112.IMK                    KFÜ-Sonde Brunsbüttel,Bayer                                                     µSv/h     "
"KKB.1121.IMK                    KFÜ-Sonde KKB Tanklager                                                         µSv/h     "
"KKB.2021.IMK                    KFÜ-Sonde Ostermoor, Umspannwerk Ost                                            µSv/h     "
"KKB.2031.IMK                    KFÜ-Sonde Büttel                                                                µSv/h     "
"KKB.2071.IMK                    KFÜ-Sonde Krummendeich                                                          µSv/h     "
"KKB.2091.IMK                    KFÜ-Sonde Hörne Leuchtturm                                                      µSv/h     "
"KKB.2111.IMK                    KFÜ-Sonde Brunsbüttel, Bauhof                                                   µSv/h     "
"KKB.2121.IMK                    KFÜ-Sonde Brunsbüttel, Total Bitumen                                            µSv/h     "
"KKB.3011.IMK                    KFÜ-Sonde Quickborn                                                             µSv/h     "
"KKB.3031.IMK                    KFÜ-Sonde Wilster                                                               µSv/h     "
"KKB.3101.IMK                    KFÜ-Sonde Neufeld                                                               µSv/h     "
"KKB.3121.IMK                    KFÜ-Sonde St. Michaelisdonn                                                     µSv/h     "
"KKB.3123.IMK                    KFÜ-Sonde Meldorf                                                               µSv/h     "
"KKB.NIED.MET                    Niederschlagsintensität                                                         mm/h      "
"KKB.TBAS.MET                    Temperatur bodennah                                                             °C        "
"KKB.WGK.TIS                     Windgeschwindigkeit Kamin (100m)                                                m/s       "
"KKB.WRK.TIS                     Windrichtung Kamin (100m)                                                       Grad      "
"KKK.1001.IMK                    KFÜ-Sonde KKK Gelände                                                           µSv/h     "
"KKK.1011.IMK                    KFÜ-Sonde KKK NW                                                                µSv/h     "
"KKK.1031.IMK                    KFÜ-Sonde KKK NO                                                                µSv/h     "
"KKK.1041.IMK                    KFÜ-Sonde SZK NO                                                                µSv/h     "
"KKK.1051.IMK                    KFÜ-Sonde KKK SO                                                                µSv/h     "
"KKK.1061.IMK                    KFÜ-Sonde SZK SW                                                                µSv/h     "
"KKK.1082.IMK                    KFÜ-Sonde Tespe Fährhaus                                                        µSv/h     "
"KKK.1111.IMK                    KFÜ-Sonde KKK Pavillon                                                          µSv/h     "
"KKK.2011.IMK                    KFÜ-Sonde Geesthacht Hansaviertel                                               µSv/h     "
"KKK.2021.IMK                    KFÜ-Sonde Grüner Jäger                                                          µSv/h     "
"KKK.2031.IMK                    KFÜ-Sonde KKK Messhaus SI                                                       µSv/h     "
"KKK.2032.IMK                    KFÜ-Sonde Gülzow                                                                µSv/h     "
"KKK.2041.IMK                    KFÜ-Sonde Grünhof                                                               µSv/h     "
"KKK.2042.IMK                    KFÜ-Sonde Krüzen                                                                µSv/h     "
"KKK.2051.IMK                    KFÜ-Sonde Tesperhude                                                            µSv/h     "
"KKK.2061.IMK                    KFÜ-Sonde Tespe Hafen                                                           µSv/h     "
"KKK.2072.IMK                    KFÜ-Sonde Barum                                                                 µSv/h     "
"KKK.2081.IMK                    KFÜ-Sonde Tespe Tennishalle                                                     µSv/h     "
"KKK.2091.IMK                    KFÜ-Sonde Eichholz                                                              µSv/h     "
"KKK.2101.IMK                    KFÜ-Sonde Marschacht                                                            µSv/h     "
"KKK.2111.IMK                    KFÜ-Sonde Niedermarschacht                                                      µSv/h     "
"KKK.2112.IMK                    KFÜ-Sonde Geesthacht Kläranlage                                                 µSv/h     "
"KKK.2121.IMK                    KFÜ-Sonde Geesthacht Feuerwehr                                                  µSv/h     "
"KKK.3011.IMK                    KFÜ-Sonde Brunstorf                                                             µSv/h     "
"KKK.3012.IMK                    KFÜ-Sonde Trittau                                                               µSv/h     "
"KKK.3021.IMK                    KFÜ-Sonde Schwarzenbek                                                          µSv/h     "
"KKK.3031.IMK                    KFÜ-Sonde Lütau                                                                 µSv/h     "
"KKK.3041.IMK                    KFÜ-Sonde Basedow                                                               µSv/h     "
"KKK.3051.IMK                    KFÜ-Sonde Lauenburg                                                             µSv/h     "
"KKK.3052.IMK                    KFÜ-Sonde Echem                                                                 µSv/h     "
"KKK.3061.IMK                    KFÜ-Sonde Brietlingen                                                           µSv/h     "
"KKK.3071.IMK                    KFÜ-Sonde Wittorf                                                               µSv/h     "
"KKK.3101.IMK                    KFÜ-Sonde Drage                                                                 µSv/h     "
"KKK.3111.IMK                    KFÜ-Sonde Escheburg                                                             µSv/h     "
"KKK.3122.IMK                    KFÜ-Sonde Wohltorf                                                              µSv/h     "
"KKK.NIED.MET                    Niederschlagsintensität                                                         mm/h      "
"KKK.TBAS.MET                    Temperatur bodennah                                                             °C        "
"KKK.WGK.TIS                     Windgeschwindigkeit Kamin (148m)                                                m/s       "
"KKK.WRK.TIS                     Windrichtung Kamin (148m)                                                       Grad      "

Kommentare
"Datenpunktname                  Startzeit         Endzeit           Kommentar "
"KKK.2051*                       26.05.2023 00:00  27.05.2023 00:00  Messgerät außer Betrieb"
"KKK.2051*                       27.05.2023 00:00  28.05.2023 00:00  Messgerät außer Betrieb"
"KKK.2051*                       28.05.2023 00:00  29.05.2023 00:00  Messgerät außer Betrieb"
"KKK.2051*                       29.05.2023 00:00  30.05.2023 00:00  Messgerät außer Betrieb"
"KKK.2051*                       30.05.2023 00:00  31.05.2023 00:00  Messgerät außer Betrieb"
"KKK.2051*                       31.05.2023 00:00  01.06.2023 00:00  Messgerät außer Betrieb"
"KKK.2051*                       01.06.2023 00:00  02.06.2023 00:00  Messgerät außer Betrieb"
