,title,rdf_about,distributions,has_tabular,has_csv,study_distribution
144193,"Pflegebedürftige (stationär): Deutschland, Stichtag,Geschlecht, Altersgruppen",https://www-genesis.destatis.de/genesis-old/downloads/00/tables/22412-0004_00.csv#dataset,"[{'uri': 'https://www-genesis.destatis.de/genesis-old/downloads/00/tables/22412-0004_00.csv#distribution', 'title': None, 'access_url': 'https://www-genesis.destatis.de/genesis-old/downloads/00/tables/22412-0004_00.csv', 'download_url': None, 'format': None, 'media_type': 'https://www.iana.org/assignments/media-types/text/csv'}, {'uri': 'https://www-genesis.destatis.de/genesis-old/downloads/00/tables/22412-0004_00.xml#distribution', 'title': None, 'access_url': 'https://www-genesis.destatis.de/genesis-old/downloads/00/tables/22412-0004_00.xml', 'download_url': None, 'format': None, 'media_type': 'https://www.iana.org/assignments/media-types/text/xml'}]",True,True,"{'uri': 'https://www-genesis.destatis.de/genesis-old/downloads/00/tables/22412-0004_00.csv#distribution', 'title': None, 'access_url': 'https://www-genesis.destatis.de/genesis-old/downloads/00/tables/22412-0004_00.csv', 'download_url': None, 'format': None, 'media_type': 'https://www.iana.org/assignments/media-types/text/csv'}"
62138,Anzahl der genehmigten Wohnungen insgesamt (Neubau und Baumaßnahmen) in Köhn,https://region.statistik-nord.de/detail_timeline/19/1502/10/1/350/872/,"[{'uri': 'https://region.statistik-nord.de/detail_timelineexport/19/1502/10/1/350/872/', 'title': '2025-12-15-21-18-Anzahl_der_genehmigten_Wohnungen_insgesamt_(Neubau_und_Baumassnahmen)_in_Koehn', 'access_url': 'https://region.statistik-nord.de/detail_timelineexport/19/1502/10/1/350/872/', 'download_url': 'https://region.statistik-nord.de/detail_timelineexport/19/1502/10/1/350/872/', 'format': None, 'media_type': 'https://www.iana.org/assignments/media-types/text/csv'}]",True,True,"{'uri': 'https://region.statistik-nord.de/detail_timelineexport/19/1502/10/1/350/872/', 'title': '2025-12-15-21-18-Anzahl_der_genehmigten_Wohnungen_insgesamt_(Neubau_und_Baumassnahmen)_in_Koehn', 'access_url': 'https://region.statistik-nord.de/detail_timelineexport/19/1502/10/1/350/872/', 'download_url': 'https://region.statistik-nord.de/detail_timelineexport/19/1502/10/1/350/872/', 'format': None, 'media_type': 'https://www.iana.org/assignments/media-types/text/csv'}"
13444,Vogtareuth: Tourismus,https://open.bydata.de/api/hub/repo/datasets/45511-022-09187181,"[{'uri': 'https://open.bydata.de/api/hub/repo/distributions/14114b16-61ff-4bb8-96d1-b331e2d96f5a', 'title': 'Tourismus - XML', 'access_url': 'https://www.statistikdaten.bayern.de/genesis/online?operation=download&code=45511-022z&option=xml&regionalschluessel=09187181&regionalmerkmal=GEMEIN', 'download_url': None, 'format': None, 'media_type': 'https://www.iana.org/assignments/media-types/text/xml'}, {'uri': 'https://open.bydata.de/api/hub/repo/distributions/af421693-d49a-408d-b875-ae3457433cd0', 'title': 'Tourismus - CSV', 'access_url': 'https://www.statistikdaten.bayern.de/genesis/online?operation=download&code=45511-022z&option=csv&regionalschluessel=09187181&regionalmerkmal=GEMEIN', 'download_url': None, 'format': None, 'media_type': 'https://www.iana.org/assignments/media-types/text/csv'}, {'uri': 'https://open.bydata.de/api/hub/repo/distributions/ee922c7d-a091-4526-9aa7-2bc1630b85b3', 'title': 'Tourismus - Flat CSV', 'access_url': 'https://www.statistikdaten.bayern.de/genesis/online?operation=download&code=45511-022z&option=ffcsv&regionalschluessel=09187181&regionalmerkmal=GEMEIN', 'download_url': None, 'format': None, 'media_type': 'https://www.iana.org/assignments/media-types/text/csv'}, {'uri': 'https://open.bydata.de/api/hub/repo/distributions/369d8a8f-9354-43e5-b92f-fb737669a05b', 'title': 'Tourismus - XLSX', 'access_url': 'https://www.statistikdaten.bayern.de/genesis/online?operation=download&code=45511-022z&option=xlsx&regionalschluessel=09187181&regionalmerkmal=GEMEIN', 'download_url': None, 'format': None, 'media_type': 'https://www.iana.org/assignments/media-types/text/xlsx'}]",True,True,"{'uri': 'https://open.bydata.de/api/hub/repo/distributions/ee922c7d-a091-4526-9aa7-2bc1630b85b3', 'title': 'Tourismus - Flat CSV', 'access_url': 'https://www.statistikdaten.bayern.de/genesis/online?operation=download&code=45511-022z&option=ffcsv&regionalschluessel=09187181&regionalmerkmal=GEMEIN', 'download_url': None, 'format': None, 'media_type': 'https://www.iana.org/assignments/media-types/text/csv'}"
12655,Prebitz: Tourismus,https://open.bydata.de/api/hub/repo/datasets/45511-022-09472180,"[{'uri': 'https://open.bydata.de/api/hub/repo/distributions/eb60e00e-56b3-4dd3-807e-f94cfabc447d', 'title': 'Tourismus - XML', 'access_url': 'https://www.statistikdaten.bayern.de/genesis/online?operation=download&code=45511-022z&option=xml&regionalschluessel=09472180&regionalmerkmal=GEMEIN', 'download_url': None, 'format': None, 'media_type': 'https://www.iana.org/assignments/media-types/text/xml'}, {'uri': 'https://open.bydata.de/api/hub/repo/distributions/d97a0759-a9c5-4586-8fe8-390d388c6f9d', 'title': 'Tourismus - CSV', 'access_url': 'https://www.statistikdaten.bayern.de/genesis/online?operation=download&code=45511-022z&option=csv&regionalschluessel=09472180&regionalmerkmal=GEMEIN', 'download_url': None, 'format': None, 'media_type': 'https://www.iana.org/assignments/media-types/text/csv'}, {'uri': 'https://open.bydata.de/api/hub/repo/distributions/89796114-8467-46f2-93f5-7f063db414fb', 'title': 'Tourismus - XLSX', 'access_url': 'https://www.statistikdaten.bayern.de/genesis/online?operation=download&code=45511-022z&option=xlsx&regionalschluessel=09472180&regionalmerkmal=GEMEIN', 'download_url': None, 'format': None, 'media_type': 'https://www.iana.org/assignments/media-types/text/xlsx'}, {'uri': 'https://open.bydata.de/api/hub/repo/distributions/ab399106-ef20-45eb-8bd8-d65145d206cb', 'title': 'Tourismus - Flat CSV', 'access_url': 'https://www.statistikdaten.bayern.de/genesis/online?operation=download&code=45511-022z&option=ffcsv&regionalschluessel=09472180&regionalmerkmal=GEMEIN', 'download_url': None, 'format': None, 'media_type': 'https://www.iana.org/assignments/media-types/text/csv'}]",True,True,"{'uri': 'https://open.bydata.de/api/hub/repo/distributions/ab399106-ef20-45eb-8bd8-d65145d206cb', 'title': 'Tourismus - Flat CSV', 'access_url': 'https://www.statistikdaten.bayern.de/genesis/online?operation=download&code=45511-022z&option=ffcsv&regionalschluessel=09472180&regionalmerkmal=GEMEIN', 'download_url': None, 'format': None, 'media_type': 'https://www.iana.org/assignments/media-types/text/csv'}"
83413,"Verunglückte: Deutschland, Jahre, Geschlecht, Altersgruppen,Art der Verkehrsbeteiligung, Ortslage, Schwere derVerletzung",https://www-genesis.destatis.de/genesis-old/downloads/00/tables/46241-0007_00.csv#dataset,"[{'uri': 'https://www-genesis.destatis.de/genesis-old/downloads/00/tables/46241-0007_00.csv#distribution', 'title': None, 'access_url': 'https://www-genesis.destatis.de/genesis-old/downloads/00/tables/46241-0007_00.csv', 'download_url': None, 'format': None, 'media_type': 'https://www.iana.org/assignments/media-types/text/csv'}, {'uri': 'https://www-genesis.destatis.de/genesis-old/downloads/00/tables/46241-0007_00.xml#distribution', 'title': None, 'access_url': 'https://www-genesis.destatis.de/genesis-old/downloads/00/tables/46241-0007_00.xml', 'download_url': None, 'format': None, 'media_type': 'https://www.iana.org/assignments/media-types/text/xml'}]",True,True,"{'uri': 'https://www-genesis.destatis.de/genesis-old/downloads/00/tables/46241-0007_00.csv#distribution', 'title': None, 'access_url': 'https://www-genesis.destatis.de/genesis-old/downloads/00/tables/46241-0007_00.csv', 'download_url': None, 'format': None, 'media_type': 'https://www.iana.org/assignments/media-types/text/csv'}"
60145,Egenhofen: Tourismus,https://open.bydata.de/api/hub/repo/datasets/45511-022-09179117,"[{'uri': 'https://open.bydata.de/api/hub/repo/distributions/baf5361d-f945-4ee2-bba2-b75699b0c2b7', 'title': 'Tourismus - XML', 'access_url': 'https://www.statistikdaten.bayern.de/genesis/online?operation=download&code=45511-022z&option=xml&regionalschluessel=09179117&regionalmerkmal=GEMEIN', 'download_url': None, 'format': None, 'media_type': 'https://www.iana.org/assignments/media-types/text/xml'}, {'uri': 'https://open.bydata.de/api/hub/repo/distributions/f14f23c4-34f1-426e-a1e2-fe2b9045eb09', 'title': 'Tourismus - CSV', 'access_url': 'https://www.statistikdaten.bayern.de/genesis/online?operation=download&code=45511-022z&option=csv&regionalschluessel=09179117&regionalmerkmal=GEMEIN', 'download_url': None, 'format': None, 'media_type': 'https://www.iana.org/assignments/media-types/text/csv'}, {'uri': 'https://open.bydata.de/api/hub/repo/distributions/fed6e95f-08ad-4c4f-b086-13026f1897df', 'title': 'Tourismus - Flat CSV', 'access_url': 'https://www.statistikdaten.bayern.de/genesis/online?operation=download&code=45511-022z&option=ffcsv&regionalschluessel=09179117&regionalmerkmal=GEMEIN', 'download_url': None, 'format': None, 'media_type': 'https://www.iana.org/assignments/media-types/text/csv'}, {'uri': 'https://open.bydata.de/api/hub/repo/distributions/ad182246-2c9d-4c36-8514-2ed6df402454', 'title': 'Tourismus - XLSX', 'access_url': 'https://www.statistikdaten.bayern.de/genesis/online?operation=download&code=45511-022z&option=xlsx&regionalschluessel=09179117&regionalmerkmal=GEMEIN', 'download_url': None, 'format': None, 'media_type': 'https://www.iana.org/assignments/media-types/text/xlsx'}]",True,True,"{'uri': 'https://open.bydata.de/api/hub/repo/distributions/f14f23c4-34f1-426e-a1e2-fe2b9045eb09', 'title': 'Tourismus - CSV', 'access_url': 'https://www.statistikdaten.bayern.de/genesis/online?operation=download&code=45511-022z&option=csv&regionalschluessel=09179117&regionalmerkmal=GEMEIN', 'download_url': None, 'format': None, 'media_type': 'https://www.iana.org/assignments/media-types/text/csv'}"
102414,gemeldete Corona-Fälle Kreisdaten,https://opendata.schleswig-holstein.de/dataset/8cc64a5a-2fab-4fff-b9f0-e56862719af6,"[{'uri': 'https://opendata.schleswig-holstein.de/dataset/8cc64a5a-2fab-4fff-b9f0-e56862719af6/resource/ab9e831d-c53c-4b98-99a0-a18e63ad422b', 'title': 'cvd_sh_kreise.csv', 'access_url': 'https://opendata.schleswig-holstein.de/data/covid-19/cvd_sh_kreise_2021-01-26_213417.csv', 'download_url': 'https://opendata.schleswig-holstein.de/data/covid-19/cvd_sh_kreise_2021-01-26_213417.csv', 'format': None, 'media_type': 'https://www.iana.org/assignments/media-types/text/csv'}]",True,True,"{'uri': 'https://opendata.schleswig-holstein.de/dataset/8cc64a5a-2fab-4fff-b9f0-e56862719af6/resource/ab9e831d-c53c-4b98-99a0-a18e63ad422b', 'title': 'cvd_sh_kreise.csv', 'access_url': 'https://opendata.schleswig-holstein.de/data/covid-19/cvd_sh_kreise_2021-01-26_213417.csv', 'download_url': 'https://opendata.schleswig-holstein.de/data/covid-19/cvd_sh_kreise_2021-01-26_213417.csv', 'format': None, 'media_type': 'https://www.iana.org/assignments/media-types/text/csv'}"
139671,Messergebnisse zur Radioaktivität in: Milch Rohmilch  aus dem Tank (20.05.2020),http://suche.transparenz.hamburg.de/dataset/8e5a2dd6-bab0-48b5-b763-2f04aef3b79c,"[{'uri': 'http://suche.transparenz.hamburg.de/dataset/8e5a2dd6-bab0-48b5-b763-2f04aef3b79c/resource/507b8cd4-f14c-4321-a24d-f76fe9112d21', 'title': 'Milch Rohmilch  aus dem Tank', 'access_url': 'https://daten.transparenz.hamburg.de/Dataport.HmbTG.ZS.Webservice.GetRessource100/GetRessource100.svc/5d832c68-596d-4e9a-ac5e-6f963037ccd6/Milch_Rohmilch__aus_dem_Tank.csv', 'download_url': None, 'format': None, 'media_type': 'text/csv'}]",True,True,"{'uri': 'http://suche.transparenz.hamburg.de/dataset/8e5a2dd6-bab0-48b5-b763-2f04aef3b79c/resource/507b8cd4-f14c-4321-a24d-f76fe9112d21', 'title': 'Milch Rohmilch  aus dem Tank', 'access_url': 'https://daten.transparenz.hamburg.de/Dataport.HmbTG.ZS.Webservice.GetRessource100/GetRessource100.svc/5d832c68-596d-4e9a-ac5e-6f963037ccd6/Milch_Rohmilch__aus_dem_Tank.csv', 'download_url': None, 'format': None, 'media_type': 'text/csv'}"
120800,Durchschnittliche Wohnungsgröße in m² in Oeversee,https://region.statistik-nord.de/detail_timeline/19/1501/7/1/352/119892/,"[{'uri': 'https://region.statistik-nord.de/detail_timelineexport/19/1501/7/1/352/119892/', 'title': '2025-08-15-20-16-Durchschnittliche_Wohnungsgroesse_in_m²_in_Oeversee', 'access_url': 'https://region.statistik-nord.de/detail_timelineexport/19/1501/7/1/352/119892/', 'download_url': 'https://region.statistik-nord.de/detail_timelineexport/19/1501/7/1/352/119892/', 'format': None, 'media_type': 'https://www.iana.org/assignments/media-types/text/csv'}]",True,True,"{'uri': 'https://region.statistik-nord.de/detail_timelineexport/19/1501/7/1/352/119892/', 'title': '2025-08-15-20-16-Durchschnittliche_Wohnungsgroesse_in_m²_in_Oeversee', 'access_url': 'https://region.statistik-nord.de/detail_timelineexport/19/1501/7/1/352/119892/', 'download_url': 'https://region.statistik-nord.de/detail_timelineexport/19/1501/7/1/352/119892/', 'format': None, 'media_type': 'https://www.iana.org/assignments/media-types/text/csv'}"
134628,14-Tage Wasserstandsvorhersagen für ausgewählte Rheinpegel,https://gdk.gdi-de.org/inspire/srv/eng/xml_iso19139?uuid=45891cdc-5354-41a2-8da1-52e7de0fd3a5,"[{'uri': 'https://vorhersage.bafg.de/14-Tage-Vorhersage/Oestrich_Quantile_25100300.csv#distribution', 'title': 'Quantile Pegel Oestrich', 'access_url': 'https://vorhersage.bafg.de/14-Tage-Vorhersage/Oestrich_Quantile_25100300.csv', 'download_url': 'https://vorhersage.bafg.de/14-Tage-Vorhersage/Oestrich_Quantile_25100300.csv', 'format': None, 'media_type': 'text/csv'}, {'uri': 'https://vorhersage.bafg.de/14-Tage-Vorhersage/Kaub_Quantile_25700100.csv#distribution', 'title': 'Quantile Pegel Kaub', 'access_url': 'https://vorhersage.bafg.de/14-Tage-Vorhersage/Kaub_Quantile_25700100.csv', 'download_url': 'https://vorhersage.bafg.de/14-Tage-Vorhersage/Kaub_Quantile_25700100.csv', 'format': None, 'media_type': 'text/csv'}, {'uri': 'https://vorhersage.bafg.de/14-Tage-Vorhersage/Koblenz_Quantile_25900700.csv#distribution', 'title': 'Quantile Pegel Koblenz', 'access_url': 'https://vorhersage.bafg.de/14-Tage-Vorhersage/Koblenz_Quantile_25900700.csv', 'download_url': 'https://vorhersage.bafg.de/14-Tage-Vorhersage/Koblenz_Quantile_25900700.csv', 'format': None, 'media_type': 'text/csv'}, {'uri': 'https://vorhersage.bafg.de/14-Tage-Vorhersage/Koeln_Quantile_2730010.csv#distribution', 'title': 'Quantile Pegel Köln', 'access_url': 'https://vorhersage.bafg.de/14-Tage-Vorhersage/Koeln_Quantile_2730010.csv', 'download_url': 'https://vorhersage.bafg.de/14-Tage-Vorhersage/Koeln_Quantile_2730010.csv', 'format': None, 'media_type': 'text/csv'}, {'uri': 'https://vorhersage.bafg.de/14-Tage-Vorhersage/Duesseldorf_Quantile_2750010.csv#distribution', 'title': 'Quantile Pegel Düsseldorf', 'access_url': 'https://vorhersage.bafg.de/14-Tage-Vorhersage/Duesseldorf_Quantile_2750010.csv', 'download_url': 'https://vorhersage.bafg.de/14-Tage-Vorhersage/Duesseldorf_Quantile_2750010.csv', 'format': None, 'media_type': 'text/csv'}, {'uri': 'https://vorhersage.bafg.de/14-Tage-Vorhersage/Duisburg-Ruhrort_Quantile_2770010.csv#distribution', 'title': 'Quantile Pegel Duisburg-Ruhrort', 'access_url': 'https://vorhersage.bafg.de/14-Tage-Vorhersage/Duisburg-Ruhrort_Quantile_2770010.csv', 'download_url': 'https://vorhersage.bafg.de/14-Tage-Vorhersage/Duisburg-Ruhrort_Quantile_2770010.csv', 'format': None, 'media_type': 'text/csv'}, {'uri': 'https://vorhersage.bafg.de/14-Tage-Vorhersage/Emmerich_Quantile_2790020.csv#distribution', 'title': 'Quantile Pegel Emmerich', 'access_url': 'https://vorhersage.bafg.de/14-Tage-Vorhersage/Emmerich_Quantile_2790020.csv', 'download_url': 'https://vorhersage.bafg.de/14-Tage-Vorhersage/Emmerich_Quantile_2790020.csv', 'format': None, 'media_type': 'text/csv'}]",True,True,"{'uri': 'https://vorhersage.bafg.de/14-Tage-Vorhersage/Duisburg-Ruhrort_Quantile_2770010.csv#distribution', 'title': 'Quantile Pegel Duisburg-Ruhrort', 'access_url': 'https://vorhersage.bafg.de/14-Tage-Vorhersage/Duisburg-Ruhrort_Quantile_2770010.csv', 'download_url': 'https://vorhersage.bafg.de/14-Tage-Vorhersage/Duisburg-Ruhrort_Quantile_2770010.csv', 'format': None, 'media_type': 'text/csv'}"
43859,Eisingen: Allgemein bildende Schulen,https://open.bydata.de/api/hub/repo/datasets/21111-101-09679126,"[{'uri': 'https://open.bydata.de/api/hub/repo/distributions/182d5fe7-f3ee-48f0-88cd-8888258ac919', 'title': 'Allgemein bildende Schulen - CSV', 'access_url': 'https://www.statistikdaten.bayern.de/genesis/online?operation=download&code=21111-101z&option=csv&regionalschluessel=09679126&regionalmerkmal=GEMEIN', 'download_url': None, 'format': None, 'media_type': 'https://www.iana.org/assignments/media-types/text/csv'}, {'uri': 'https://open.bydata.de/api/hub/repo/distributions/0b32bd85-943a-4637-8713-7d4b93b71a09', 'title': 'Allgemein bildende Schulen - XML', 'access_url': 'https://www.statistikdaten.bayern.de/genesis/online?operation=download&code=21111-101z&option=xml&regionalschluessel=09679126&regionalmerkmal=GEMEIN', 'download_url': None, 'format': None, 'media_type': 'https://www.iana.org/assignments/media-types/text/xml'}, {'uri': 'https://open.bydata.de/api/hub/repo/distributions/f1d07cfa-78fc-438a-997a-80d9bfd01709', 'title': 'Allgemein bildende Schulen - XLSX', 'access_url': 'https://www.statistikdaten.bayern.de/genesis/online?operation=download&code=21111-101z&option=xlsx&regionalschluessel=09679126&regionalmerkmal=GEMEIN', 'download_url': None, 'format': None, 'media_type': 'https://www.iana.org/assignments/media-types/text/xlsx'}, {'uri': 'https://open.bydata.de/api/hub/repo/distributions/c7bcb901-bd9c-4c07-82c5-4220035fb3d4', 'title': 'Allgemein bildende Schulen - Flat CSV', 'access_url': 'https://www.statistikdaten.bayern.de/genesis/online?operation=download&code=21111-101z&option=ffcsv&regionalschluessel=09679126&regionalmerkmal=GEMEIN', 'download_url': None, 'format': None, 'media_type': 'https://www.iana.org/assignments/media-types/text/csv'}]",True,True,"{'uri': 'https://open.bydata.de/api/hub/repo/distributions/c7bcb901-bd9c-4c07-82c5-4220035fb3d4', 'title': 'Allgemein bildende Schulen - Flat CSV', 'access_url': 'https://www.statistikdaten.bayern.de/genesis/online?operation=download&code=21111-101z&option=ffcsv&regionalschluessel=09679126&regionalmerkmal=GEMEIN', 'download_url': None, 'format': None, 'media_type': 'https://www.iana.org/assignments/media-types/text/csv'}"
14563,Illesheim: Allgemein bildende Schulen,https://open.bydata.de/api/hub/repo/datasets/21111-101-09575133,"[{'uri': 'https://open.bydata.de/api/hub/repo/distributions/d7cddfb6-5358-4c30-a5c3-8836cdf3401b', 'title': 'Allgemein bildende Schulen - CSV', 'access_url': 'https://www.statistikdaten.bayern.de/genesis/online?operation=download&code=21111-101z&option=csv&regionalschluessel=09575133&regionalmerkmal=GEMEIN', 'download_url': None, 'format': None, 'media_type': 'https://www.iana.org/assignments/media-types/text/csv'}, {'uri': 'https://open.bydata.de/api/hub/repo/distributions/558ae3ca-49cf-4ce3-8a74-63f412ae0a58', 'title': 'Allgemein bildende Schulen - Flat CSV', 'access_url': 'https://www.statistikdaten.bayern.de/genesis/online?operation=download&code=21111-101z&option=ffcsv&regionalschluessel=09575133&regionalmerkmal=GEMEIN', 'download_url': None, 'format': None, 'media_type': 'https://www.iana.org/assignments/media-types/text/csv'}, {'uri': 'https://open.bydata.de/api/hub/repo/distributions/5cbd3f2b-eca2-477f-91f8-d932878a6d92', 'title': 'Allgemein bildende Schulen - XLSX', 'access_url': 'https://www.statistikdaten.bayern.de/genesis/online?operation=download&code=21111-101z&option=xlsx&regionalschluessel=09575133&regionalmerkmal=GEMEIN', 'download_url': None, 'format': None, 'media_type': 'https://www.iana.org/assignments/media-types/text/xlsx'}, {'uri': 'https://open.bydata.de/api/hub/repo/distributions/d1472841-96bd-4a5a-a956-6a9c7bc7d402', 'title': 'Allgemein bildende Schulen - XML', 'access_url': 'https://www.statistikdaten.bayern.de/genesis/online?operation=download&code=21111-101z&option=xml&regionalschluessel=09575133&regionalmerkmal=GEMEIN', 'download_url': None, 'format': None, 'media_type': 'https://www.iana.org/assignments/media-types/text/xml'}]",True,True,"{'uri': 'https://open.bydata.de/api/hub/repo/distributions/558ae3ca-49cf-4ce3-8a74-63f412ae0a58', 'title': 'Allgemein bildende Schulen - Flat CSV', 'access_url': 'https://www.statistikdaten.bayern.de/genesis/online?operation=download&code=21111-101z&option=ffcsv&regionalschluessel=09575133&regionalmerkmal=GEMEIN', 'download_url': None, 'format': None, 'media_type': 'https://www.iana.org/assignments/media-types/text/csv'}"
13315,Haibach: Lebendgeborene,https://open.bydata.de/api/hub/repo/datasets/12612-003-09671124,"[{'uri': 'https://open.bydata.de/api/hub/repo/distributions/85f32f0c-25a6-4716-aca9-70ddd5780508', 'title': 'Lebendgeborene - XML', 'access_url': 'https://www.statistikdaten.bayern.de/genesis/online?operation=download&code=12612-003z&option=xml&regionalschluessel=09671124&regionalmerkmal=GEMEIN', 'download_url': None, 'format': None, 'media_type': 'https://www.iana.org/assignments/media-types/text/xml'}, {'uri': 'https://open.bydata.de/api/hub/repo/distributions/8aad2428-007f-4384-800f-17e3ebb94c45', 'title': 'Lebendgeborene - CSV', 'access_url': 'https://www.statistikdaten.bayern.de/genesis/online?operation=download&code=12612-003z&option=csv&regionalschluessel=09671124&regionalmerkmal=GEMEIN', 'download_url': None, 'format': None, 'media_type': 'https://www.iana.org/assignments/media-types/text/csv'}, {'uri': 'https://open.bydata.de/api/hub/repo/distributions/073183e8-d2cd-4ae0-bcfe-fc4bb6da4401', 'title': 'Lebendgeborene - Flat CSV', 'access_url': 'https://www.statistikdaten.bayern.de/genesis/online?operation=download&code=12612-003z&option=ffcsv&regionalschluessel=09671124&regionalmerkmal=GEMEIN', 'download_url': None, 'format': None, 'media_type': 'https://www.iana.org/assignments/media-types/text/csv'}, {'uri': 'https://open.bydata.de/api/hub/repo/distributions/67c1d097-325d-44cd-ba73-e4a940ce6f3c', 'title': 'Lebendgeborene - XLSX', 'access_url': 'https://www.statistikdaten.bayern.de/genesis/online?operation=download&code=12612-003z&option=xlsx&regionalschluessel=09671124&regionalmerkmal=GEMEIN', 'download_url': None, 'format': None, 'media_type': 'https://www.iana.org/assignments/media-types/text/xlsx'}]",True,True,"{'uri': 'https://open.bydata.de/api/hub/repo/distributions/073183e8-d2cd-4ae0-bcfe-fc4bb6da4401', 'title': 'Lebendgeborene - Flat CSV', 'access_url': 'https://www.statistikdaten.bayern.de/genesis/online?operation=download&code=12612-003z&option=ffcsv&regionalschluessel=09671124&regionalmerkmal=GEMEIN', 'download_url': None, 'format': None, 'media_type': 'https://www.iana.org/assignments/media-types/text/csv'}"
73314,"Bodennutzung: landwirtsch. Betriebe, landwirtsch. genutzteFläche (LF), Rechtsform (5) - Gemeinden (Gebietsstand ab01.01.2023) - Jahr (2020)",https://www.statistik.sachsen.de/genonline/online?sequenz=tabelleDownload&selectionname=41141-019M&regionalschluessel=.csv#dataset,"[{'uri': 'https://www.statistik.sachsen.de/genonline/online?sequenz=tabelleDownload&selectionname=41141-019M&regionalschluessel=#preview', 'title': ""FlatCSV-Datei der Tabelle '41141-019M'"", 'access_url': 'https://www.statistik.sachsen.de/genonline/online?sequenz=tabelleDownload&selectionname=41141-019M&regionalschluessel=&format=ffcsv', 'download_url': None, 'format': None, 'media_type': 'text/csv'}, {'uri': 'https://www.statistik.sachsen.de/genonline/online?sequenz=tabelleDownload&selectionname=41141-019M&regionalschluessel=#distribution', 'title': ""CSV-Datei der Tabelle '41141-019M'"", 'access_url': 'https://www.statistik.sachsen.de/genonline/online?sequenz=tabelleDownload&selectionname=41141-019M&regionalschluessel=', 'download_url': None, 'format': None, 'media_type': 'text/csv+extended'}]",True,True,"{'uri': 'https://www.statistik.sachsen.de/genonline/online?sequenz=tabelleDownload&selectionname=41141-019M&regionalschluessel=#distribution', 'title': ""CSV-Datei der Tabelle '41141-019M'"", 'access_url': 'https://www.statistik.sachsen.de/genonline/online?sequenz=tabelleDownload&selectionname=41141-019M&regionalschluessel=', 'download_url': None, 'format': None, 'media_type': 'text/csv+extended'}"
72809,"KJH: Ausgaben für Einzel- und Gruppenhilfen, Art der Hilfe- Kreise (GebStand ab 01.01.08) - Jahre (bis 2008)",https://www.statistik.sachsen.de/genonline/online?sequenz=tabelleDownload&selectionname=22551-114K&regionalschluessel=.csv#dataset,"[{'uri': 'https://www.statistik.sachsen.de/genonline/online?sequenz=tabelleDownload&selectionname=22551-114K&regionalschluessel=#preview', 'title': ""FlatCSV-Datei der Tabelle '22551-114K'"", 'access_url': 'https://www.statistik.sachsen.de/genonline/online?sequenz=tabelleDownload&selectionname=22551-114K&regionalschluessel=&format=ffcsv', 'download_url': None, 'format': None, 'media_type': 'text/csv'}, {'uri': 'https://www.statistik.sachsen.de/genonline/online?sequenz=tabelleDownload&selectionname=22551-114K&regionalschluessel=#distribution', 'title': ""CSV-Datei der Tabelle '22551-114K'"", 'access_url': 'https://www.statistik.sachsen.de/genonline/online?sequenz=tabelleDownload&selectionname=22551-114K&regionalschluessel=', 'download_url': None, 'format': None, 'media_type': 'text/csv+extended'}]",True,True,"{'uri': 'https://www.statistik.sachsen.de/genonline/online?sequenz=tabelleDownload&selectionname=22551-114K&regionalschluessel=#distribution', 'title': ""CSV-Datei der Tabelle '22551-114K'"", 'access_url': 'https://www.statistik.sachsen.de/genonline/online?sequenz=tabelleDownload&selectionname=22551-114K&regionalschluessel=', 'download_url': None, 'format': None, 'media_type': 'text/csv+extended'}"
66451,"Volkshochschulen: Meldende Einrichtungen, Kurse,Unterrichtsstunden, Belegungen - Land - Jahr",https://www.landesdatenbank.nrw.de/ldbnrwws/downloader/00/tables/21611-08i_00.csv#dataset,"[{'uri': 'https://www.landesdatenbank.nrw.de/ldbnrwws/downloader/00/tables/21611-08i_00.csv#distribution', 'title': None, 'access_url': 'https://www.landesdatenbank.nrw.de/ldbnrwws/downloader/00/tables/21611-08i_00.csv', 'download_url': None, 'format': None, 'media_type': 'text/csv'}]",True,True,"{'uri': 'https://www.landesdatenbank.nrw.de/ldbnrwws/downloader/00/tables/21611-08i_00.csv#distribution', 'title': None, 'access_url': 'https://www.landesdatenbank.nrw.de/ldbnrwws/downloader/00/tables/21611-08i_00.csv', 'download_url': None, 'format': None, 'media_type': 'text/csv'}"
102501,gemeldete Corona-Fälle Kreisdaten,https://opendata.schleswig-holstein.de/dataset/36475b13-d23d-4c9e-af21-3ffa22beaf2f,"[{'uri': 'https://opendata.schleswig-holstein.de/dataset/36475b13-d23d-4c9e-af21-3ffa22beaf2f/resource/e098ad6d-8e26-4ffd-bd63-2dd09c1bd41f', 'title': 'cvd_sh_kreise.csv', 'access_url': 'https://opendata.schleswig-holstein.de/data/covid-19/cvd_sh_kreise_2021-01-30_214058.csv', 'download_url': 'https://opendata.schleswig-holstein.de/data/covid-19/cvd_sh_kreise_2021-01-30_214058.csv', 'format': None, 'media_type': 'https://www.iana.org/assignments/media-types/text/csv'}]",True,True,"{'uri': 'https://opendata.schleswig-holstein.de/dataset/36475b13-d23d-4c9e-af21-3ffa22beaf2f/resource/e098ad6d-8e26-4ffd-bd63-2dd09c1bd41f', 'title': 'cvd_sh_kreise.csv', 'access_url': 'https://opendata.schleswig-holstein.de/data/covid-19/cvd_sh_kreise_2021-01-30_214058.csv', 'download_url': 'https://opendata.schleswig-holstein.de/data/covid-19/cvd_sh_kreise_2021-01-30_214058.csv', 'format': None, 'media_type': 'https://www.iana.org/assignments/media-types/text/csv'}"
102200,Haushalt 2020,https://opendata.schleswig-holstein.de/dataset/46d9b9cb-318e-4f1e-b1a6-8266de18ffc8,"[{'uri': 'https://opendata.schleswig-holstein.de/dataset/46d9b9cb-318e-4f1e-b1a6-8266de18ffc8/resource/c1b06fe6-328c-4e96-aaf3-183511f52e19', 'title': 'Daten 2020 Stadt Glückstadt.csv', 'access_url': 'https://opendata.schleswig-holstein.de/data/glueckstadt/Daten%202020%20Stadt%20Glückstadt%20-%20Stand%20Beschlussfassung%20Stadtvertretung.csv', 'download_url': 'https://opendata.schleswig-holstein.de/data/glueckstadt/Daten%202020%20Stadt%20Glückstadt%20-%20Stand%20Beschlussfassung%20Stadtvertretung.csv', 'format': None, 'media_type': 'https://www.iana.org/assignments/media-types/text/csv'}]",True,True,"{'uri': 'https://opendata.schleswig-holstein.de/dataset/46d9b9cb-318e-4f1e-b1a6-8266de18ffc8/resource/c1b06fe6-328c-4e96-aaf3-183511f52e19', 'title': 'Daten 2020 Stadt Glückstadt.csv', 'access_url': 'https://opendata.schleswig-holstein.de/data/glueckstadt/Daten%202020%20Stadt%20Glückstadt%20-%20Stand%20Beschlussfassung%20Stadtvertretung.csv', 'download_url': 'https://opendata.schleswig-holstein.de/data/glueckstadt/Daten%202020%20Stadt%20Glückstadt%20-%20Stand%20Beschlussfassung%20Stadtvertretung.csv', 'format': None, 'media_type': 'https://www.iana.org/assignments/media-types/text/csv'}"
99928,"Einwohner   (MD_2.1e) 2024 - 31.12. (OD_Bevölkerung):  ab Stadtteil, Hauptwohner, 13 Altersklassen",https://opendata.dresden.de/dcat-ap/dataset/de-sn-dresden-einwohner___md_21e_2024_-_3112_od_bevoelkerung__ab_stadtteil_hauptwohner_13_altersklassen,"[{'uri': 'https://opendata.dresden.de/dcat-ap/dataset/de-sn-dresden-einwohner___md_21e_2024_-_3112_od_bevoelkerung__ab_stadtteil_hauptwohner_13_altersklassen#dist-csv', 'title': 'Einwohner   (MD_2.1e) 2024 - 31.12. (OD_Bevölkerung):  ab Stadtteil, Hauptwohner, 13 Altersklassen', 'access_url': 'https://opendata.dresden.de/dcat-ap/dataset/de-sn-dresden-einwohner___md_21e_2024_-_3112_od_bevoelkerung__ab_stadtteil_hauptwohner_13_altersklassen', 'download_url': 'https://opendata.dresden.de/dcat-ap/dataset/de-sn-dresden-einwohner___md_21e_2024_-_3112_od_bevoelkerung__ab_stadtteil_hauptwohner_13_altersklassen/content.csv', 'format': None, 'media_type': 'text/csv'}]",True,True,"{'uri': 'https://opendata.dresden.de/dcat-ap/dataset/de-sn-dresden-einwohner___md_21e_2024_-_3112_od_bevoelkerung__ab_stadtteil_hauptwohner_13_altersklassen#dist-csv', 'title': 'Einwohner   (MD_2.1e) 2024 - 31.12. (OD_Bevölkerung):  ab Stadtteil, Hauptwohner, 13 Altersklassen', 'access_url': 'https://opendata.dresden.de/dcat-ap/dataset/de-sn-dresden-einwohner___md_21e_2024_-_3112_od_bevoelkerung__ab_stadtteil_hauptwohner_13_altersklassen', 'download_url': 'https://opendata.dresden.de/dcat-ap/dataset/de-sn-dresden-einwohner___md_21e_2024_-_3112_od_bevoelkerung__ab_stadtteil_hauptwohner_13_altersklassen/content.csv', 'format': None, 'media_type': 'text/csv'}"
118237,Geborenen- (+) bzw. Gestorbenenüberschuss (-) in Blekendorf,https://region.statistik-nord.de/detail_timeline/13/1103/3/1/350/842/,"[{'uri': 'https://region.statistik-nord.de/detail_timelineexport/13/1103/3/1/350/842/', 'title': '2025-06-18-06-30-Geborenen-_(+)_bzw__Gestorbenenueberschuss_(-)_in_Blekendorf', 'access_url': 'https://region.statistik-nord.de/detail_timelineexport/13/1103/3/1/350/842/', 'download_url': 'https://region.statistik-nord.de/detail_timelineexport/13/1103/3/1/350/842/', 'format': None, 'media_type': 'https://www.iana.org/assignments/media-types/text/csv'}]",True,True,"{'uri': 'https://region.statistik-nord.de/detail_timelineexport/13/1103/3/1/350/842/', 'title': '2025-06-18-06-30-Geborenen-_(+)_bzw__Gestorbenenueberschuss_(-)_in_Blekendorf', 'access_url': 'https://region.statistik-nord.de/detail_timelineexport/13/1103/3/1/350/842/', 'download_url': 'https://region.statistik-nord.de/detail_timelineexport/13/1103/3/1/350/842/', 'format': None, 'media_type': 'https://www.iana.org/assignments/media-types/text/csv'}"
21911,Siedlungsfläche nach Art der tatsächlichen Nutzung -Stichtag 31.12. - regionale Tiefe: Gemeinden (ab 2016),https://www.regionalstatistik.de/genesisws/downloader/00/tables/33111-02-01-5_00.csv#dataset,"[{'uri': 'https://www.regionalstatistik.de/genesisws/downloader/00/tables/33111-02-01-5_00.csv#distribution', 'title': None, 'access_url': 'https://www.regionalstatistik.de/genesisws/downloader/06/tables/33111-02-01-5_06.csv', 'download_url': None, 'format': None, 'media_type': 'text/csv'}, {'uri': 'https://www.regionalstatistik.de/genesisws/downloader/00/tables/33111-02-01-5_00.csv#distribution-custom', 'title': 'CSV (Testverarbeitung)', 'access_url': 'https://www.regionalstatistik.de/genesisws/downloader/06/tables/33111-02-01-5_06.csv', 'download_url': None, 'format': None, 'media_type': 'text/csv'}, {'uri': 'https://www.regionalstatistik.de/genesisws/downloader/00/tables/33111-02-01-5_00.csv#distribution-custom3', 'title': 'Metadaten', 'access_url': 'https://www.regionalstatistik.de/genesisws/downloader/06/tables/33111-02-01-5_06.csv', 'download_url': None, 'format': None, 'media_type': 'text/csv'}, {'uri': 'https://www.regionalstatistik.de/genesisws/downloader/00/tables/33111-02-01-5_00.csv#distribution-custom2', 'title': 'REST-API', 'access_url': 'https://www.regionalstatistik.de/genesisws/rest/2020/GOJsonApi.json', 'download_url': None, 'format': None, 'media_type': 'application/json'}]",True,True,"{'uri': 'https://www.regionalstatistik.de/genesisws/downloader/00/tables/33111-02-01-5_00.csv#distribution-custom3', 'title': 'Metadaten', 'access_url': 'https://www.regionalstatistik.de/genesisws/downloader/06/tables/33111-02-01-5_06.csv', 'download_url': None, 'format': None, 'media_type': 'text/csv'}"
103750,Denkmalliste Kreis Ostholstein,https://opendata.schleswig-holstein.de/dataset/be9cd0d3-2fbb-43c2-ba74-fbf92caa32c7,"[{'uri': 'https://opendata.schleswig-holstein.de/dataset/be9cd0d3-2fbb-43c2-ba74-fbf92caa32c7/resource/d976e626-9124-4a01-9e3f-e17b113fb8bf', 'title': 'Kreis Ostholstein-latin1.csv', 'access_url': 'https://opendata.schleswig-holstein.de/dataset/be9cd0d3-2fbb-43c2-ba74-fbf92caa32c7/resource/d976e626-9124-4a01-9e3f-e17b113fb8bf/download/kreis-ostholstein-latin1.csv', 'download_url': 'https://opendata.schleswig-holstein.de/dataset/be9cd0d3-2fbb-43c2-ba74-fbf92caa32c7/resource/d976e626-9124-4a01-9e3f-e17b113fb8bf/download/kreis-ostholstein-latin1.csv', 'format': None, 'media_type': 'https://www.iana.org/assignments/media-types/text/csv'}, {'uri': 'https://opendata.schleswig-holstein.de/dataset/be9cd0d3-2fbb-43c2-ba74-fbf92caa32c7/resource/01c747b3-9d4d-4233-aa60-983142604dba', 'title': 'Kreis Ostholstein.pdf', 'access_url': 'https://opendata.schleswig-holstein.de/dataset/be9cd0d3-2fbb-43c2-ba74-fbf92caa32c7/resource/01c747b3-9d4d-4233-aa60-983142604dba/download/kreis-ostholstein.pdf', 'download_url': 'https://opendata.schleswig-holstein.de/dataset/be9cd0d3-2fbb-43c2-ba74-fbf92caa32c7/resource/01c747b3-9d4d-4233-aa60-983142604dba/download/kreis-ostholstein.pdf', 'format': None, 'media_type': 'https://www.iana.org/assignments/media-types/application/pdf'}, {'uri': 'https://opendata.schleswig-holstein.de/dataset/be9cd0d3-2fbb-43c2-ba74-fbf92caa32c7/resource/cf9c9a2e-abd4-4324-8cff-c62df7b759f2', 'title': 'Kreis Ostholstein.json', 'access_url': 'https://opendata.schleswig-holstein.de/dataset/be9cd0d3-2fbb-43c2-ba74-fbf92caa32c7/resource/cf9c9a2e-abd4-4324-8cff-c62df7b759f2/download/kreis-ostholstein.json', 'download_url': 'https://opendata.schleswig-holstein.de/dataset/be9cd0d3-2fbb-43c2-ba74-fbf92caa32c7/resource/cf9c9a2e-abd4-4324-8cff-c62df7b759f2/download/kreis-ostholstein.json', 'format': None, 'media_type': 'https://www.iana.org/assignments/media-types/application/json'}, {'uri': 'https://opendata.schleswig-holstein.de/dataset/be9cd0d3-2fbb-43c2-ba74-fbf92caa32c7/resource/da0a3b56-8ef0-483e-8701-c3ffd1e86c55', 'title': 'Kreis Ostholstein.csv', 'access_url': 'https://opendata.schleswig-holstein.de/dataset/be9cd0d3-2fbb-43c2-ba74-fbf92caa32c7/resource/da0a3b56-8ef0-483e-8701-c3ffd1e86c55/download/kreis-ostholstein.csv', 'download_url': 'https://opendata.schleswig-holstein.de/dataset/be9cd0d3-2fbb-43c2-ba74-fbf92caa32c7/resource/da0a3b56-8ef0-483e-8701-c3ffd1e86c55/download/kreis-ostholstein.csv', 'format': None, 'media_type': 'https://www.iana.org/assignments/media-types/text/csv'}]",True,True,"{'uri': 'https://opendata.schleswig-holstein.de/dataset/be9cd0d3-2fbb-43c2-ba74-fbf92caa32c7/resource/da0a3b56-8ef0-483e-8701-c3ffd1e86c55', 'title': 'Kreis Ostholstein.csv', 'access_url': 'https://opendata.schleswig-holstein.de/dataset/be9cd0d3-2fbb-43c2-ba74-fbf92caa32c7/resource/da0a3b56-8ef0-483e-8701-c3ffd1e86c55/download/kreis-ostholstein.csv', 'download_url': 'https://opendata.schleswig-holstein.de/dataset/be9cd0d3-2fbb-43c2-ba74-fbf92caa32c7/resource/da0a3b56-8ef0-483e-8701-c3ffd1e86c55/download/kreis-ostholstein.csv', 'format': None, 'media_type': 'https://www.iana.org/assignments/media-types/text/csv'}"
109054,Denkmalliste Kreis Herzogtum Lauenburg,https://opendata.schleswig-holstein.de/dataset/d9f78df8-8d7c-4f30-b5d7-795499b3c9da,"[{'uri': 'https://opendata.schleswig-holstein.de/dataset/d9f78df8-8d7c-4f30-b5d7-795499b3c9da/resource/7b245d4b-7988-4497-8b5e-1d1f81757487', 'title': 'Kreis Hzgt. Lauenburg.csv', 'access_url': 'https://opendata.schleswig-holstein.de/dataset/d9f78df8-8d7c-4f30-b5d7-795499b3c9da/resource/7b245d4b-7988-4497-8b5e-1d1f81757487/download/kreis-hzgt.-lauenburg.csv', 'download_url': 'https://opendata.schleswig-holstein.de/dataset/d9f78df8-8d7c-4f30-b5d7-795499b3c9da/resource/7b245d4b-7988-4497-8b5e-1d1f81757487/download/kreis-hzgt.-lauenburg.csv', 'format': None, 'media_type': 'https://www.iana.org/assignments/media-types/text/csv'}, {'uri': 'https://opendata.schleswig-holstein.de/dataset/d9f78df8-8d7c-4f30-b5d7-795499b3c9da/resource/9bb2860b-1880-471e-9bbe-4b3f9b8c6163', 'title': 'Kreis Hzgt. Lauenburg.json', 'access_url': 'https://opendata.schleswig-holstein.de/dataset/d9f78df8-8d7c-4f30-b5d7-795499b3c9da/resource/9bb2860b-1880-471e-9bbe-4b3f9b8c6163/download/kreis-hzgt.-lauenburg.json', 'download_url': 'https://opendata.schleswig-holstein.de/dataset/d9f78df8-8d7c-4f30-b5d7-795499b3c9da/resource/9bb2860b-1880-471e-9bbe-4b3f9b8c6163/download/kreis-hzgt.-lauenburg.json', 'format': None, 'media_type': 'https://www.iana.org/assignments/media-types/application/json'}, {'uri': 'https://opendata.schleswig-holstein.de/dataset/d9f78df8-8d7c-4f30-b5d7-795499b3c9da/resource/0a78d053-4996-4ba7-ba96-ef0f1fdba89d', 'title': 'Kreis Hzgt. Lauenburg.pdf', 'access_url': 'https://opendata.schleswig-holstein.de/dataset/d9f78df8-8d7c-4f30-b5d7-795499b3c9da/resource/0a78d053-4996-4ba7-ba96-ef0f1fdba89d/download/kreis-hzgt.-lauenburg.pdf', 'download_url': 'https://opendata.schleswig-holstein.de/dataset/d9f78df8-8d7c-4f30-b5d7-795499b3c9da/resource/0a78d053-4996-4ba7-ba96-ef0f1fdba89d/download/kreis-hzgt.-lauenburg.pdf', 'format': None, 'media_type': 'https://www.iana.org/assignments/media-types/application/pdf'}, {'uri': 'https://opendata.schleswig-holstein.de/dataset/d9f78df8-8d7c-4f30-b5d7-795499b3c9da/resource/eed5dfcb-5b54-4c40-8c08-2f6da477900a', 'title': 'Kreis Hzgt. Lauenburg-latin1.csv', 'access_url': 'https://opendata.schleswig-holstein.de/dataset/d9f78df8-8d7c-4f30-b5d7-795499b3c9da/resource/eed5dfcb-5b54-4c40-8c08-2f6da477900a/download/kreis-hzgt.-lauenburg-latin1.csv', 'download_url': 'https://opendata.schleswig-holstein.de/dataset/d9f78df8-8d7c-4f30-b5d7-795499b3c9da/resource/eed5dfcb-5b54-4c40-8c08-2f6da477900a/download/kreis-hzgt.-lauenburg-latin1.csv', 'format': None, 'media_type': 'https://www.iana.org/assignments/media-types/text/csv'}]",True,True,"{'uri': 'https://opendata.schleswig-holstein.de/dataset/d9f78df8-8d7c-4f30-b5d7-795499b3c9da/resource/eed5dfcb-5b54-4c40-8c08-2f6da477900a', 'title': 'Kreis Hzgt. Lauenburg-latin1.csv', 'access_url': 'https://opendata.schleswig-holstein.de/dataset/d9f78df8-8d7c-4f30-b5d7-795499b3c9da/resource/eed5dfcb-5b54-4c40-8c08-2f6da477900a/download/kreis-hzgt.-lauenburg-latin1.csv', 'download_url': 'https://opendata.schleswig-holstein.de/dataset/d9f78df8-8d7c-4f30-b5d7-795499b3c9da/resource/eed5dfcb-5b54-4c40-8c08-2f6da477900a/download/kreis-hzgt.-lauenburg-latin1.csv', 'format': None, 'media_type': 'https://www.iana.org/assignments/media-types/text/csv'}"
108934,Denkmalliste Stadt Flensburg,https://opendata.schleswig-holstein.de/dataset/e8c7c501-b5a9-4158-8431-fac0428bbadb,"[{'uri': 'https://opendata.schleswig-holstein.de/dataset/e8c7c501-b5a9-4158-8431-fac0428bbadb/resource/996ccfc2-1d35-4e64-9d96-825e4c5139d8', 'title': 'Stadt Flensburg.json', 'access_url': 'https://opendata.schleswig-holstein.de/dataset/e8c7c501-b5a9-4158-8431-fac0428bbadb/resource/996ccfc2-1d35-4e64-9d96-825e4c5139d8/download/stadt-flensburg.json', 'download_url': 'https://opendata.schleswig-holstein.de/dataset/e8c7c501-b5a9-4158-8431-fac0428bbadb/resource/996ccfc2-1d35-4e64-9d96-825e4c5139d8/download/stadt-flensburg.json', 'format': None, 'media_type': 'https://www.iana.org/assignments/media-types/application/json'}, {'uri': 'https://opendata.schleswig-holstein.de/dataset/e8c7c501-b5a9-4158-8431-fac0428bbadb/resource/8d061d8f-3c75-43ca-b32c-af3223580438', 'title': 'Stadt Flensburg.pdf', 'access_url': 'https://opendata.schleswig-holstein.de/dataset/e8c7c501-b5a9-4158-8431-fac0428bbadb/resource/8d061d8f-3c75-43ca-b32c-af3223580438/download/stadt-flensburg.pdf', 'download_url': 'https://opendata.schleswig-holstein.de/dataset/e8c7c501-b5a9-4158-8431-fac0428bbadb/resource/8d061d8f-3c75-43ca-b32c-af3223580438/download/stadt-flensburg.pdf', 'format': None, 'media_type': 'https://www.iana.org/assignments/media-types/application/pdf'}, {'uri': 'https://opendata.schleswig-holstein.de/dataset/e8c7c501-b5a9-4158-8431-fac0428bbadb/resource/1c5866e7-d124-4309-8433-d5413b00567d', 'title': 'Stadt Flensburg-latin1.csv', 'access_url': 'https://opendata.schleswig-holstein.de/dataset/e8c7c501-b5a9-4158-8431-fac0428bbadb/resource/1c5866e7-d124-4309-8433-d5413b00567d/download/stadt-flensburg-latin1.csv', 'download_url': 'https://opendata.schleswig-holstein.de/dataset/e8c7c501-b5a9-4158-8431-fac0428bbadb/resource/1c5866e7-d124-4309-8433-d5413b00567d/download/stadt-flensburg-latin1.csv', 'format': None, 'media_type': 'https://www.iana.org/assignments/media-types/text/csv'}, {'uri': 'https://opendata.schleswig-holstein.de/dataset/e8c7c501-b5a9-4158-8431-fac0428bbadb/resource/555631cf-0fab-4031-bba0-92fe2da81b91', 'title': 'Stadt Flensburg.csv', 'access_url': 'https://opendata.schleswig-holstein.de/dataset/e8c7c501-b5a9-4158-8431-fac0428bbadb/resource/555631cf-0fab-4031-bba0-92fe2da81b91/download/stadt-flensburg.csv', 'download_url': 'https://opendata.schleswig-holstein.de/dataset/e8c7c501-b5a9-4158-8431-fac0428bbadb/resource/555631cf-0fab-4031-bba0-92fe2da81b91/download/stadt-flensburg.csv', 'format': None, 'media_type': 'https://www.iana.org/assignments/media-types/text/csv'}]",True,True,"{'uri': 'https://opendata.schleswig-holstein.de/dataset/e8c7c501-b5a9-4158-8431-fac0428bbadb/resource/555631cf-0fab-4031-bba0-92fe2da81b91', 'title': 'Stadt Flensburg.csv', 'access_url': 'https://opendata.schleswig-holstein.de/dataset/e8c7c501-b5a9-4158-8431-fac0428bbadb/resource/555631cf-0fab-4031-bba0-92fe2da81b91/download/stadt-flensburg.csv', 'download_url': 'https://opendata.schleswig-holstein.de/dataset/e8c7c501-b5a9-4158-8431-fac0428bbadb/resource/555631cf-0fab-4031-bba0-92fe2da81b91/download/stadt-flensburg.csv', 'format': None, 'media_type': 'https://www.iana.org/assignments/media-types/text/csv'}"
50304,Regen (Lkr): Tourismus,https://open.bydata.de/api/hub/repo/datasets/45511-022-09276,"[{'uri': 'https://open.bydata.de/api/hub/repo/distributions/a301b456-2e48-474c-bdde-4ddf7f2bac81', 'title': 'Tourismus - XLSX', 'access_url': 'https://www.statistikdaten.bayern.de/genesis/online?operation=download&code=45511-022z&option=xlsx&regionalschluessel=09276&regionalmerkmal=KREISE', 'download_url': None, 'format': None, 'media_type': 'https://www.iana.org/assignments/media-types/text/xlsx'}, {'uri': 'https://open.bydata.de/api/hub/repo/distributions/83cb97a1-bcb4-47fb-8fcb-9b00d121b8ca', 'title': 'Tourismus - Flat CSV', 'access_url': 'https://www.statistikdaten.bayern.de/genesis/online?operation=download&code=45511-022z&option=ffcsv&regionalschluessel=09276&regionalmerkmal=KREISE', 'download_url': None, 'format': None, 'media_type': 'https://www.iana.org/assignments/media-types/text/csv'}, {'uri': 'https://open.bydata.de/api/hub/repo/distributions/4cb6f2bc-69bd-42df-a0ff-de1d94679586', 'title': 'Tourismus - CSV', 'access_url': 'https://www.statistikdaten.bayern.de/genesis/online?operation=download&code=45511-022z&option=csv&regionalschluessel=09276&regionalmerkmal=KREISE', 'download_url': None, 'format': None, 'media_type': 'https://www.iana.org/assignments/media-types/text/csv'}, {'uri': 'https://open.bydata.de/api/hub/repo/distributions/1dcf5cc5-4a25-491a-bc73-46ce737aa21e', 'title': 'Tourismus - XML', 'access_url': 'https://www.statistikdaten.bayern.de/genesis/online?operation=download&code=45511-022z&option=xml&regionalschluessel=09276&regionalmerkmal=KREISE', 'download_url': None, 'format': None, 'media_type': 'https://www.iana.org/assignments/media-types/text/xml'}]",True,True,"{'uri': 'https://open.bydata.de/api/hub/repo/distributions/4cb6f2bc-69bd-42df-a0ff-de1d94679586', 'title': 'Tourismus - CSV', 'access_url': 'https://www.statistikdaten.bayern.de/genesis/online?operation=download&code=45511-022z&option=csv&regionalschluessel=09276&regionalmerkmal=KREISE', 'download_url': None, 'format': None, 'media_type': 'https://www.iana.org/assignments/media-types/text/csv'}"
73274,Landtagswahl 2019 (Originaldaten vom 01.09.2019): absoluteWerte,https://www.statistik.sachsen.de/genonline/online?sequenz=tabelleDownload&selectionname=14311-087M&regionalschluessel=.csv#dataset,"[{'uri': 'https://www.statistik.sachsen.de/genonline/online?sequenz=tabelleDownload&selectionname=14311-087M&regionalschluessel=#preview', 'title': ""FlatCSV-Datei der Tabelle '14311-087M'"", 'access_url': 'https://www.statistik.sachsen.de/genonline/online?sequenz=tabelleDownload&selectionname=14311-087M&regionalschluessel=&format=ffcsv', 'download_url': None, 'format': None, 'media_type': 'text/csv'}, {'uri': 'https://www.statistik.sachsen.de/genonline/online?sequenz=tabelleDownload&selectionname=14311-087M&regionalschluessel=#distribution', 'title': ""CSV-Datei der Tabelle '14311-087M'"", 'access_url': 'https://www.statistik.sachsen.de/genonline/online?sequenz=tabelleDownload&selectionname=14311-087M&regionalschluessel=', 'download_url': None, 'format': None, 'media_type': 'text/csv+extended'}]",True,True,"{'uri': 'https://www.statistik.sachsen.de/genonline/online?sequenz=tabelleDownload&selectionname=14311-087M&regionalschluessel=#preview', 'title': ""FlatCSV-Datei der Tabelle '14311-087M'"", 'access_url': 'https://www.statistik.sachsen.de/genonline/online?sequenz=tabelleDownload&selectionname=14311-087M&regionalschluessel=&format=ffcsv', 'download_url': None, 'format': None, 'media_type': 'text/csv'}"
68929,Bundestagswahl 2025: Wahlbezirksergebnisse,https://opendata.leipzig.de/dataset/19ea44b0-1d0f-4e4e-b6e4-4f4d5bcc0c90,"[{'uri': 'https://opendata.leipzig.de/resource/5c959815-a902-4f2d-9f20-5633f1f05d75', 'title': 'Bundestagswahl 2024 Wahlbezirksergebnisse VoteManager Format', 'access_url': 'https://wahlergebnis.leipzig.de/4/bt2025/14713000/daten/opendata/Open-Data-14713000-Bundestagswahl-Wahlbezirk.csv', 'download_url': None, 'format': None, 'media_type': 'text/csv'}, {'uri': 'https://opendata.leipzig.de/resource/4c15e14f-79db-42a0-98ef-83a1d228dd16', 'title': 'Bundestagswahl 2024 Wahlbezirksergebnisse CSV', 'access_url': 'https://opendata.leipzig.de/dataset/19ea44b0-1d0f-4e4e-b6e4-4f4d5bcc0c90/resource/4c15e14f-79db-42a0-98ef-83a1d228dd16/download/open-data-14713000-bundestagswahl-wahlbezirk.csv', 'download_url': None, 'format': None, 'media_type': 'text/csv'}]",True,True,"{'uri': 'https://opendata.leipzig.de/resource/4c15e14f-79db-42a0-98ef-83a1d228dd16', 'title': 'Bundestagswahl 2024 Wahlbezirksergebnisse CSV', 'access_url': 'https://opendata.leipzig.de/dataset/19ea44b0-1d0f-4e4e-b6e4-4f4d5bcc0c90/resource/4c15e14f-79db-42a0-98ef-83a1d228dd16/download/open-data-14713000-bundestagswahl-wahlbezirk.csv', 'download_url': None, 'format': None, 'media_type': 'text/csv'}"
118639,Geborenen- (+) bzw. Gestorbenenüberschuss (-) in Treia,https://region.statistik-nord.de/detail_timeline/13/1103/3/1/352/1156/,"[{'uri': 'https://region.statistik-nord.de/detail_timelineexport/13/1103/3/1/352/1156/', 'title': '2025-06-18-06-30-Geborenen-_(+)_bzw__Gestorbenenueberschuss_(-)_in_Treia', 'access_url': 'https://region.statistik-nord.de/detail_timelineexport/13/1103/3/1/352/1156/', 'download_url': 'https://region.statistik-nord.de/detail_timelineexport/13/1103/3/1/352/1156/', 'format': None, 'media_type': 'https://www.iana.org/assignments/media-types/text/csv'}]",True,True,"{'uri': 'https://region.statistik-nord.de/detail_timelineexport/13/1103/3/1/352/1156/', 'title': '2025-06-18-06-30-Geborenen-_(+)_bzw__Gestorbenenueberschuss_(-)_in_Treia', 'access_url': 'https://region.statistik-nord.de/detail_timelineexport/13/1103/3/1/352/1156/', 'download_url': 'https://region.statistik-nord.de/detail_timelineexport/13/1103/3/1/352/1156/', 'format': None, 'media_type': 'https://www.iana.org/assignments/media-types/text/csv'}"
144355,"Abfallentsorgung: Deutschland, Jahre, Anlagenart",https://www-genesis.destatis.de/genesis-old/downloads/00/tables/32111-0003_00.csv#dataset,"[{'uri': 'https://www-genesis.destatis.de/genesis-old/downloads/00/tables/32111-0003_00.csv#distribution', 'title': None, 'access_url': 'https://www-genesis.destatis.de/genesis-old/downloads/00/tables/32111-0003_00.csv', 'download_url': None, 'format': None, 'media_type': 'https://www.iana.org/assignments/media-types/text/csv'}, {'uri': 'https://www-genesis.destatis.de/genesis-old/downloads/00/tables/32111-0003_00.xml#distribution', 'title': None, 'access_url': 'https://www-genesis.destatis.de/genesis-old/downloads/00/tables/32111-0003_00.xml', 'download_url': None, 'format': None, 'media_type': 'https://www.iana.org/assignments/media-types/text/xml'}]",True,True,"{'uri': 'https://www-genesis.destatis.de/genesis-old/downloads/00/tables/32111-0003_00.csv#distribution', 'title': None, 'access_url': 'https://www-genesis.destatis.de/genesis-old/downloads/00/tables/32111-0003_00.csv', 'download_url': None, 'format': None, 'media_type': 'https://www.iana.org/assignments/media-types/text/csv'}"
74338,"Schlachtungsstatistik: Rinder, Schweine -  Kreise(Gebietsstand 31.12. des Berichtsjahres) - Jahr (2008-2011)",https://www.statistik.sachsen.de/genonline/online?sequenz=tabelleDownload&selectionname=41331-002K&regionalschluessel=.csv#dataset,"[{'uri': 'https://www.statistik.sachsen.de/genonline/online?sequenz=tabelleDownload&selectionname=41331-002K&regionalschluessel=#preview', 'title': ""FlatCSV-Datei der Tabelle '41331-002K'"", 'access_url': 'https://www.statistik.sachsen.de/genonline/online?sequenz=tabelleDownload&selectionname=41331-002K&regionalschluessel=&format=ffcsv', 'download_url': None, 'format': None, 'media_type': 'text/csv'}, {'uri': 'https://www.statistik.sachsen.de/genonline/online?sequenz=tabelleDownload&selectionname=41331-002K&regionalschluessel=#distribution', 'title': ""CSV-Datei der Tabelle '41331-002K'"", 'access_url': 'https://www.statistik.sachsen.de/genonline/online?sequenz=tabelleDownload&selectionname=41331-002K&regionalschluessel=', 'download_url': None, 'format': None, 'media_type': 'text/csv+extended'}]",True,True,"{'uri': 'https://www.statistik.sachsen.de/genonline/online?sequenz=tabelleDownload&selectionname=41331-002K&regionalschluessel=#distribution', 'title': ""CSV-Datei der Tabelle '41331-002K'"", 'access_url': 'https://www.statistik.sachsen.de/genonline/online?sequenz=tabelleDownload&selectionname=41331-002K&regionalschluessel=', 'download_url': None, 'format': None, 'media_type': 'text/csv+extended'}"
73151,"Einzelhandel: Umsätze kumulative Werte(in jeweiligen Preisen, in Preisen des Jahres 2010),WZ2008 - Sachsen - Jahre - Monate",https://www.statistik.sachsen.de/genonline/online?sequenz=tabelleDownload&selectionname=45212A-002K&regionalschluessel=.csv#dataset,"[{'uri': 'https://www.statistik.sachsen.de/genonline/online?sequenz=tabelleDownload&selectionname=45212A-002K&regionalschluessel=#preview', 'title': ""FlatCSV-Datei der Tabelle '45212A-002K'"", 'access_url': 'https://www.statistik.sachsen.de/genonline/online?sequenz=tabelleDownload&selectionname=45212A-002K&regionalschluessel=&format=ffcsv', 'download_url': None, 'format': None, 'media_type': 'text/csv'}, {'uri': 'https://www.statistik.sachsen.de/genonline/online?sequenz=tabelleDownload&selectionname=45212A-002K&regionalschluessel=#distribution', 'title': ""CSV-Datei der Tabelle '45212A-002K'"", 'access_url': 'https://www.statistik.sachsen.de/genonline/online?sequenz=tabelleDownload&selectionname=45212A-002K&regionalschluessel=', 'download_url': None, 'format': None, 'media_type': 'text/csv+extended'}]",True,True,"{'uri': 'https://www.statistik.sachsen.de/genonline/online?sequenz=tabelleDownload&selectionname=45212A-002K&regionalschluessel=#preview', 'title': ""FlatCSV-Datei der Tabelle '45212A-002K'"", 'access_url': 'https://www.statistik.sachsen.de/genonline/online?sequenz=tabelleDownload&selectionname=45212A-002K&regionalschluessel=&format=ffcsv', 'download_url': None, 'format': None, 'media_type': 'text/csv'}"
62818,Barrierefreiheit an Haltestellen (ÖPNV) Baden-Württemberg,https://mobidata-bw.de/dataset/34d490a9-acb8-49ce-9b02-fdd9cd2de318,"[{'uri': 'https://mobidata-bw.de/dataset/34d490a9-acb8-49ce-9b02-fdd9cd2de318/resource/ba5dc644-5745-4fbe-afe5-4adc76873fef', 'title': 'bfrk-barrierefreiheit-an-bw-haltestellen.zip', 'access_url': 'https://www.nvbw.de/fileadmin/user_upload/service/open_data/haltestellen/BFRK_Barrierefreiheit_an_BW-Haltestellen.zip', 'download_url': None, 'format': None, 'media_type': 'https://www.iana.org/assignments/media-types/application/zip'}, {'uri': 'https://mobidata-bw.de/dataset/34d490a9-acb8-49ce-9b02-fdd9cd2de318/resource/784c874a-7398-4a42-bef6-93875e3579c8', 'title': 'BFRK-Barrierefreiheit-an-BW-Haltestellen-Schnittstellendokumentation', 'access_url': 'https://www.nvbw.de/fileadmin/user_upload/service/open_data/haltestellen/BFRK-OpenData-Schnittstellendokumentation-V1_1.pdf', 'download_url': None, 'format': None, 'media_type': 'https://www.iana.org/assignments/media-types/application/pdf'}, {'uri': 'https://mobidata-bw.de/dataset/34d490a9-acb8-49ce-9b02-fdd9cd2de318/resource/bbce413c-364c-4efe-b939-ea6baa850dfc', 'title': 'BFRK_Aufzug.csv', 'access_url': 'https://www.nvbw.de/fileadmin/user_upload/service/open_data/haltestellen/OEPNV/BFRK_Aufzug.csv', 'download_url': None, 'format': None, 'media_type': 'text/csv'}, {'uri': 'https://mobidata-bw.de/dataset/34d490a9-acb8-49ce-9b02-fdd9cd2de318/resource/bb1dc232-d245-4aaa-939a-fb1c4f9ab9cf', 'title': 'BFRK_Fahrradanlage.csv', 'access_url': 'https://www.nvbw.de/fileadmin/user_upload/service/open_data/haltestellen/OEPNV/BFRK_Fahrradanlage.csv', 'download_url': None, 'format': None, 'media_type': 'https://www.iana.org/assignments/media-types/text/csv'}, {'uri': 'https://mobidata-bw.de/dataset/34d490a9-acb8-49ce-9b02-fdd9cd2de318/resource/96d4876a-70ce-44fd-a5f6-e3a1f05d33ef', 'title': 'BFRK_Haltesteig.csv', 'access_url': 'https://www.nvbw.de/fileadmin/user_upload/service/open_data/haltestellen/OEPNV/BFRK_Haltesteig.csv', 'download_url': None, 'format': None, 'media_type': 'text/csv'}, {'uri': 'https://mobidata-bw.de/dataset/34d490a9-acb8-49ce-9b02-fdd9cd2de318/resource/22e3ae9c-0f5a-40b2-a8a1-153eae09e21b', 'title': 'BFRK_Haltestelle.csv', 'access_url': 'https://www.nvbw.de/fileadmin/user_upload/service/open_data/haltestellen/OEPNV/BFRK_Haltestelle.csv', 'download_url': None, 'format': None, 'media_type': 'text/csv'}, {'uri': 'https://mobidata-bw.de/dataset/34d490a9-acb8-49ce-9b02-fdd9cd2de318/resource/7e247346-0571-473c-a301-d1cc7b7b5878', 'title': 'BFRK_Informationsstelle.csv', 'access_url': 'https://www.nvbw.de/fileadmin/user_upload/service/open_data/haltestellen/OEPNV/BFRK_Informationsstelle.csv', 'download_url': None, 'format': None, 'media_type': 'text/csv'}, {'uri': 'https://mobidata-bw.de/dataset/34d490a9-acb8-49ce-9b02-fdd9cd2de318/resource/2d6956ac-a0df-4e1f-b749-97f1f7448bad', 'title': 'BFRK_Parkplatz.csv', 'access_url': 'https://www.nvbw.de/fileadmin/user_upload/service/open_data/haltestellen/OEPNV/BFRK_Parkplatz.csv', 'download_url': None, 'format': None, 'media_type': 'text/csv'}, {'uri': 'https://mobidata-bw.de/dataset/34d490a9-acb8-49ce-9b02-fdd9cd2de318/resource/2b2af7cb-e611-4427-8895-af68df908eac', 'title': 'BFRK_Stationsplan.csv', 'access_url': 'https://www.nvbw.de/fileadmin/user_upload/service/open_data/haltestellen/OEPNV/BFRK_Stationsplan.csv', 'download_url': None, 'format': None, 'media_type': 'text/csv'}, {'uri': 'https://mobidata-bw.de/dataset/34d490a9-acb8-49ce-9b02-fdd9cd2de318/resource/238e0856-227a-432d-b8d1-12a8150cf268', 'title': 'BFRK_Toilette.csv', 'access_url': 'https://www.nvbw.de/fileadmin/user_upload/service/open_data/haltestellen/OEPNV/BFRK_Toilette.csv', 'download_url': None, 'format': None, 'media_type': 'text/csv'}, {'uri': 'https://mobidata-bw.de/dataset/34d490a9-acb8-49ce-9b02-fdd9cd2de318/resource/cfd725a0-8ad6-4164-906c-79a0d9e7c890', 'title': 'BFRK_Treppe.csv', 'access_url': 'https://www.nvbw.de/fileadmin/user_upload/service/open_data/haltestellen/OEPNV/BFRK_Treppe.csv', 'download_url': None, 'format': None, 'media_type': 'text/csv'}, {'uri': 'https://mobidata-bw.de/dataset/34d490a9-acb8-49ce-9b02-fdd9cd2de318/resource/4a5fc3a4-c250-4286-9991-6dad2d7a74f1', 'title': 'BFRK_Weg.csv', 'access_url': 'https://www.nvbw.de/fileadmin/user_upload/service/open_data/haltestellen/OEPNV/BFRK_Weg.csv', 'download_url': None, 'format': None, 'media_type': 'text/csv'}, {'uri': 'https://mobidata-bw.de/dataset/34d490a9-acb8-49ce-9b02-fdd9cd2de318/resource/9a0b6a10-6462-4e2d-bab8-f5e7e1c68d53', 'title': 'BFRK_Engstelle.csv', 'access_url': 'https://www.nvbw.de/fileadmin/user_upload/service/open_data/haltestellen/OEPNV/BFRK_Engstelle.csv', 'download_url': None, 'format': None, 'media_type': 'https://www.iana.org/assignments/media-types/text/csv'}, {'uri': 'https://mobidata-bw.de/dataset/34d490a9-acb8-49ce-9b02-fdd9cd2de318/resource/55d28341-ebad-4a07-b6c4-54b89017d715', 'title': 'BFRK_Fahrkartenautomat.csv', 'access_url': 'https://www.nvbw.de/fileadmin/user_upload/service/open_data/haltestellen/OEPNV/BFRK_Fahrkartenautomat.csv', 'download_url': None, 'format': None, 'media_type': 'https://www.iana.org/assignments/media-types/text/csv'}, {'uri': 'https://mobidata-bw.de/dataset/34d490a9-acb8-49ce-9b02-fdd9cd2de318/resource/3b0646a9-3aa7-4553-a362-ac933862a228', 'title': 'BFRK_Leihradanlage.csv', 'access_url': 'https://www.nvbw.de/fileadmin/user_upload/service/open_data/haltestellen/OEPNV/BFRK_Leihradanlage.csv', 'download_url': None, 'format': None, 'media_type': 'https://www.iana.org/assignments/media-types/text/csv'}, {'uri': 'https://mobidata-bw.de/dataset/34d490a9-acb8-49ce-9b02-fdd9cd2de318/resource/f09209ea-99fb-4690-a41a-6cb70406843f', 'title': 'BFRK_Rampe.csv', 'access_url': 'https://www.nvbw.de/fileadmin/user_upload/service/open_data/haltestellen/OEPNV/BFRK_Rampe.csv', 'download_url': None, 'format': None, 'media_type': 'https://www.iana.org/assignments/media-types/text/csv'}, {'uri': 'https://mobidata-bw.de/dataset/34d490a9-acb8-49ce-9b02-fdd9cd2de318/resource/00739cae-f949-4d86-b5af-8aa6d2af38aa', 'title': 'BFRK_Taxi.csv', 'access_url': 'https://www.nvbw.de/fileadmin/user_upload/service/open_data/haltestellen/OEPNV/BFRK_Taxi.csv', 'download_url': None, 'format': None, 'media_type': 'https://www.iana.org/assignments/media-types/text/csv'}, {'uri': 'https://mobidata-bw.de/dataset/34d490a9-acb8-49ce-9b02-fdd9cd2de318/resource/f52c2b80-369c-43ad-9003-a89854a7a07e', 'title': 'BFRK_Verkaufsstelle.csv', 'access_url': 'https://www.nvbw.de/fileadmin/user_upload/service/open_data/haltestellen/OEPNV/BFRK_Verkaufsstelle.csv', 'download_url': None, 'format': None, 'media_type': 'https://www.iana.org/assignments/media-types/text/csv'}]",True,True,"{'uri': 'https://mobidata-bw.de/dataset/34d490a9-acb8-49ce-9b02-fdd9cd2de318/resource/2b2af7cb-e611-4427-8895-af68df908eac', 'title': 'BFRK_Stationsplan.csv', 'access_url': 'https://www.nvbw.de/fileadmin/user_upload/service/open_data/haltestellen/OEPNV/BFRK_Stationsplan.csv', 'download_url': None, 'format': None, 'media_type': 'text/csv'}"
118797,Geborenen- (+) bzw. Gestorbenenüberschuss (-) in Rümpel,https://region.statistik-nord.de/detail_timeline/13/1103/3/1/355/1477/,"[{'uri': 'https://region.statistik-nord.de/detail_timelineexport/13/1103/3/1/355/1477/', 'title': '2025-06-18-06-30-Geborenen-_(+)_bzw__Gestorbenenueberschuss_(-)_in_Ruempel', 'access_url': 'https://region.statistik-nord.de/detail_timelineexport/13/1103/3/1/355/1477/', 'download_url': 'https://region.statistik-nord.de/detail_timelineexport/13/1103/3/1/355/1477/', 'format': None, 'media_type': 'https://www.iana.org/assignments/media-types/text/csv'}]",True,True,"{'uri': 'https://region.statistik-nord.de/detail_timelineexport/13/1103/3/1/355/1477/', 'title': '2025-06-18-06-30-Geborenen-_(+)_bzw__Gestorbenenueberschuss_(-)_in_Ruempel', 'access_url': 'https://region.statistik-nord.de/detail_timelineexport/13/1103/3/1/355/1477/', 'download_url': 'https://region.statistik-nord.de/detail_timelineexport/13/1103/3/1/355/1477/', 'format': None, 'media_type': 'https://www.iana.org/assignments/media-types/text/csv'}"
140990,Messergebnisse zur Radioaktivität in: Frischgemüse Topinambur (15.04.2021),http://suche.transparenz.hamburg.de/dataset/3b97b50f-2e2f-4497-bc87-9ed4cfc7553e,"[{'uri': 'http://suche.transparenz.hamburg.de/dataset/3b97b50f-2e2f-4497-bc87-9ed4cfc7553e/resource/deea5591-117d-4a13-bef7-0381d889ffc4', 'title': 'Frischgemüse Topinambur', 'access_url': 'https://daten.transparenz.hamburg.de/Dataport.HmbTG.ZS.Webservice.GetRessource100/GetRessource100.svc/431354b4-3743-4f3e-89ed-9126f09be2bc/Frischgemuese_Topinambur.csv', 'download_url': None, 'format': None, 'media_type': 'text/csv'}]",True,True,"{'uri': 'http://suche.transparenz.hamburg.de/dataset/3b97b50f-2e2f-4497-bc87-9ed4cfc7553e/resource/deea5591-117d-4a13-bef7-0381d889ffc4', 'title': 'Frischgemüse Topinambur', 'access_url': 'https://daten.transparenz.hamburg.de/Dataport.HmbTG.ZS.Webservice.GetRessource100/GetRessource100.svc/431354b4-3743-4f3e-89ed-9126f09be2bc/Frischgemuese_Topinambur.csv', 'download_url': None, 'format': None, 'media_type': 'text/csv'}"
49757,Kiefersfelden: Lebendgeborene,https://open.bydata.de/api/hub/repo/datasets/12612-003-09187148,"[{'uri': 'https://open.bydata.de/api/hub/repo/distributions/a7e30a42-1dce-41d2-80d7-4f66469bf16a', 'title': 'Lebendgeborene - Flat CSV', 'access_url': 'https://www.statistikdaten.bayern.de/genesis/online?operation=download&code=12612-003z&option=ffcsv&regionalschluessel=09187148&regionalmerkmal=GEMEIN', 'download_url': None, 'format': None, 'media_type': 'https://www.iana.org/assignments/media-types/text/csv'}, {'uri': 'https://open.bydata.de/api/hub/repo/distributions/7eb2b8b5-ee42-4b8c-b46c-5c27d4863184', 'title': 'Lebendgeborene - CSV', 'access_url': 'https://www.statistikdaten.bayern.de/genesis/online?operation=download&code=12612-003z&option=csv&regionalschluessel=09187148&regionalmerkmal=GEMEIN', 'download_url': None, 'format': None, 'media_type': 'https://www.iana.org/assignments/media-types/text/csv'}, {'uri': 'https://open.bydata.de/api/hub/repo/distributions/2b0bf004-373a-4a4a-a960-1b05c493601b', 'title': 'Lebendgeborene - XML', 'access_url': 'https://www.statistikdaten.bayern.de/genesis/online?operation=download&code=12612-003z&option=xml&regionalschluessel=09187148&regionalmerkmal=GEMEIN', 'download_url': None, 'format': None, 'media_type': 'https://www.iana.org/assignments/media-types/text/xml'}, {'uri': 'https://open.bydata.de/api/hub/repo/distributions/ff8df06e-e80f-4443-be95-584fc1c835f1', 'title': 'Lebendgeborene - XLSX', 'access_url': 'https://www.statistikdaten.bayern.de/genesis/online?operation=download&code=12612-003z&option=xlsx&regionalschluessel=09187148&regionalmerkmal=GEMEIN', 'download_url': None, 'format': None, 'media_type': 'https://www.iana.org/assignments/media-types/text/xlsx'}]",True,True,"{'uri': 'https://open.bydata.de/api/hub/repo/distributions/a7e30a42-1dce-41d2-80d7-4f66469bf16a', 'title': 'Lebendgeborene - Flat CSV', 'access_url': 'https://www.statistikdaten.bayern.de/genesis/online?operation=download&code=12612-003z&option=ffcsv&regionalschluessel=09187148&regionalmerkmal=GEMEIN', 'download_url': None, 'format': None, 'media_type': 'https://www.iana.org/assignments/media-types/text/csv'}"
14305,"Steinwiesen, M: Lebendgeborene",https://open.bydata.de/api/hub/repo/datasets/12612-003-09476177,"[{'uri': 'https://open.bydata.de/api/hub/repo/distributions/2072c1af-608e-48d7-a841-dde69be3b5a8', 'title': 'Lebendgeborene - XLSX', 'access_url': 'https://www.statistikdaten.bayern.de/genesis/online?operation=download&code=12612-003z&option=xlsx&regionalschluessel=09476177&regionalmerkmal=GEMEIN', 'download_url': None, 'format': None, 'media_type': 'https://www.iana.org/assignments/media-types/text/xlsx'}, {'uri': 'https://open.bydata.de/api/hub/repo/distributions/172ad920-138c-4ebf-8a46-626f894ef377', 'title': 'Lebendgeborene - XML', 'access_url': 'https://www.statistikdaten.bayern.de/genesis/online?operation=download&code=12612-003z&option=xml&regionalschluessel=09476177&regionalmerkmal=GEMEIN', 'download_url': None, 'format': None, 'media_type': 'https://www.iana.org/assignments/media-types/text/xml'}, {'uri': 'https://open.bydata.de/api/hub/repo/distributions/730c8973-f1a4-4173-8cef-ef37d507302f', 'title': 'Lebendgeborene - Flat CSV', 'access_url': 'https://www.statistikdaten.bayern.de/genesis/online?operation=download&code=12612-003z&option=ffcsv&regionalschluessel=09476177&regionalmerkmal=GEMEIN', 'download_url': None, 'format': None, 'media_type': 'https://www.iana.org/assignments/media-types/text/csv'}, {'uri': 'https://open.bydata.de/api/hub/repo/distributions/ae0f57de-ab14-476d-8408-61f39f212f0c', 'title': 'Lebendgeborene - CSV', 'access_url': 'https://www.statistikdaten.bayern.de/genesis/online?operation=download&code=12612-003z&option=csv&regionalschluessel=09476177&regionalmerkmal=GEMEIN', 'download_url': None, 'format': None, 'media_type': 'https://www.iana.org/assignments/media-types/text/csv'}]",True,True,"{'uri': 'https://open.bydata.de/api/hub/repo/distributions/ae0f57de-ab14-476d-8408-61f39f212f0c', 'title': 'Lebendgeborene - CSV', 'access_url': 'https://www.statistikdaten.bayern.de/genesis/online?operation=download&code=12612-003z&option=csv&regionalschluessel=09476177&regionalmerkmal=GEMEIN', 'download_url': None, 'format': None, 'media_type': 'https://www.iana.org/assignments/media-types/text/csv'}"
64579,"Arbeitskosten je Vollzeiteinheit (EUR) nachUnternehmensgrößenklassen, Kostenarten und ausgewähltenWirtschaftsabschnitten der WZ 2008 - Land - Jahr",https://www.landesdatenbank.nrw.de/ldbnrwws/downloader/00/tables/62411-02i_00.csv#dataset,"[{'uri': 'https://www.landesdatenbank.nrw.de/ldbnrwws/downloader/00/tables/62411-02i_00.csv#distribution', 'title': None, 'access_url': 'https://www.landesdatenbank.nrw.de/ldbnrwws/downloader/00/tables/62411-02i_00.csv', 'download_url': None, 'format': None, 'media_type': 'text/csv'}]",True,True,"{'uri': 'https://www.landesdatenbank.nrw.de/ldbnrwws/downloader/00/tables/62411-02i_00.csv#distribution', 'title': None, 'access_url': 'https://www.landesdatenbank.nrw.de/ldbnrwws/downloader/00/tables/62411-02i_00.csv', 'download_url': None, 'format': None, 'media_type': 'text/csv'}"
107972,KFÜ-Messwerte,https://opendata.schleswig-holstein.de/dataset/44ecaddc-7435-4286-9303-a68e1c4bda79,"[{'uri': 'https://opendata.schleswig-holstein.de/dataset/44ecaddc-7435-4286-9303-a68e1c4bda79/resource/0ae97301-b5b8-4261-be0e-6004a67f2b07', 'title': 'OpenData-KFUE-ODL_7T.csv', 'access_url': 'https://opendata.schleswig-holstein.de/dataset/44ecaddc-7435-4286-9303-a68e1c4bda79/resource/0ae97301-b5b8-4261-be0e-6004a67f2b07/download/opendata-kfue-odl_7t.csv', 'download_url': 'https://opendata.schleswig-holstein.de/dataset/44ecaddc-7435-4286-9303-a68e1c4bda79/resource/0ae97301-b5b8-4261-be0e-6004a67f2b07/download/opendata-kfue-odl_7t.csv', 'format': None, 'media_type': 'https://www.iana.org/assignments/media-types/text/csv'}]",True,True,"{'uri': 'https://opendata.schleswig-holstein.de/dataset/44ecaddc-7435-4286-9303-a68e1c4bda79/resource/0ae97301-b5b8-4261-be0e-6004a67f2b07', 'title': 'OpenData-KFUE-ODL_7T.csv', 'access_url': 'https://opendata.schleswig-holstein.de/dataset/44ecaddc-7435-4286-9303-a68e1c4bda79/resource/0ae97301-b5b8-4261-be0e-6004a67f2b07/download/opendata-kfue-odl_7t.csv', 'download_url': 'https://opendata.schleswig-holstein.de/dataset/44ecaddc-7435-4286-9303-a68e1c4bda79/resource/0ae97301-b5b8-4261-be0e-6004a67f2b07/download/opendata-kfue-odl_7t.csv', 'format': None, 'media_type': 'https://www.iana.org/assignments/media-types/text/csv'}"
66130,"Berufseinpendler, Berufsauspendler und Pendler innerhalbdes Kreises nach Beschäftigungsumfang und Geschlecht- kreisfreie Städte und Kreise - Stichtag (bis 2019)",https://www.landesdatenbank.nrw.de/ldbnrwws/downloader/00/tables/19321-204i_00.csv#dataset,"[{'uri': 'https://www.landesdatenbank.nrw.de/ldbnrwws/downloader/00/tables/19321-204i_00.csv#distribution', 'title': None, 'access_url': 'https://www.landesdatenbank.nrw.de/ldbnrwws/downloader/00/tables/19321-204i_00.csv', 'download_url': None, 'format': None, 'media_type': 'text/csv'}]",True,True,"{'uri': 'https://www.landesdatenbank.nrw.de/ldbnrwws/downloader/00/tables/19321-204i_00.csv#distribution', 'title': None, 'access_url': 'https://www.landesdatenbank.nrw.de/ldbnrwws/downloader/00/tables/19321-204i_00.csv', 'download_url': None, 'format': None, 'media_type': 'text/csv'}"
49860,"Miesbach, St: Lebendgeborene",https://open.bydata.de/api/hub/repo/datasets/12612-003-09182125,"[{'uri': 'https://open.bydata.de/api/hub/repo/distributions/f3562d27-e831-4691-9aee-c7c2ee24ec8a', 'title': 'Lebendgeborene - Flat CSV', 'access_url': 'https://www.statistikdaten.bayern.de/genesis/online?operation=download&code=12612-003z&option=ffcsv&regionalschluessel=09182125&regionalmerkmal=GEMEIN', 'download_url': None, 'format': None, 'media_type': 'https://www.iana.org/assignments/media-types/text/csv'}, {'uri': 'https://open.bydata.de/api/hub/repo/distributions/172bbb07-9934-4e60-ab6c-3ebfb523e5d7', 'title': 'Lebendgeborene - XLSX', 'access_url': 'https://www.statistikdaten.bayern.de/genesis/online?operation=download&code=12612-003z&option=xlsx&regionalschluessel=09182125&regionalmerkmal=GEMEIN', 'download_url': None, 'format': None, 'media_type': 'https://www.iana.org/assignments/media-types/text/xlsx'}, {'uri': 'https://open.bydata.de/api/hub/repo/distributions/9df54875-a352-47bd-bbd4-6925dbbd1950', 'title': 'Lebendgeborene - CSV', 'access_url': 'https://www.statistikdaten.bayern.de/genesis/online?operation=download&code=12612-003z&option=csv&regionalschluessel=09182125&regionalmerkmal=GEMEIN', 'download_url': None, 'format': None, 'media_type': 'https://www.iana.org/assignments/media-types/text/csv'}, {'uri': 'https://open.bydata.de/api/hub/repo/distributions/416f5b38-5b74-4afb-9359-9201fd6064d3', 'title': 'Lebendgeborene - XML', 'access_url': 'https://www.statistikdaten.bayern.de/genesis/online?operation=download&code=12612-003z&option=xml&regionalschluessel=09182125&regionalmerkmal=GEMEIN', 'download_url': None, 'format': None, 'media_type': 'https://www.iana.org/assignments/media-types/text/xml'}]",True,True,"{'uri': 'https://open.bydata.de/api/hub/repo/distributions/9df54875-a352-47bd-bbd4-6925dbbd1950', 'title': 'Lebendgeborene - CSV', 'access_url': 'https://www.statistikdaten.bayern.de/genesis/online?operation=download&code=12612-003z&option=csv&regionalschluessel=09182125&regionalmerkmal=GEMEIN', 'download_url': None, 'format': None, 'media_type': 'https://www.iana.org/assignments/media-types/text/csv'}"
116545,Betriebe im Verarbeitenden Gewerbe nach Wirtschaftsabteilungen in Tasdorf,https://region.statistik-nord.de/detail_timeline/23/1901/100/1/350/914/,"[{'uri': 'https://region.statistik-nord.de/detail_timelineexport/23/1901/100/1/350/914/', 'title': '2024-10-15-19-14-Betriebe_im_Verarbeitenden_Gewerbe_nach_Wirtschaftsabteilungen_in_Tasdorf', 'access_url': 'https://region.statistik-nord.de/detail_timelineexport/23/1901/100/1/350/914/', 'download_url': 'https://region.statistik-nord.de/detail_timelineexport/23/1901/100/1/350/914/', 'format': None, 'media_type': 'https://www.iana.org/assignments/media-types/text/csv'}]",True,True,"{'uri': 'https://region.statistik-nord.de/detail_timelineexport/23/1901/100/1/350/914/', 'title': '2024-10-15-19-14-Betriebe_im_Verarbeitenden_Gewerbe_nach_Wirtschaftsabteilungen_in_Tasdorf', 'access_url': 'https://region.statistik-nord.de/detail_timelineexport/23/1901/100/1/350/914/', 'download_url': 'https://region.statistik-nord.de/detail_timelineexport/23/1901/100/1/350/914/', 'format': None, 'media_type': 'https://www.iana.org/assignments/media-types/text/csv'}"
123937,Kienberg: Allgemein bildende Schulen,https://open.bydata.de/api/hub/repo/datasets/21111-101-09189126,"[{'uri': 'https://open.bydata.de/api/hub/repo/distributions/31cbb9ab-3669-4045-906f-fdc9a36f0045', 'title': 'Allgemein bildende Schulen - XML', 'access_url': 'https://www.statistikdaten.bayern.de/genesis/online?operation=download&code=21111-101z&option=xml&regionalschluessel=09189126&regionalmerkmal=GEMEIN', 'download_url': None, 'format': None, 'media_type': 'https://www.iana.org/assignments/media-types/text/xml'}, {'uri': 'https://open.bydata.de/api/hub/repo/distributions/773fa91c-9108-4001-b14d-b62aace64890', 'title': 'Allgemein bildende Schulen - CSV', 'access_url': 'https://www.statistikdaten.bayern.de/genesis/online?operation=download&code=21111-101z&option=csv&regionalschluessel=09189126&regionalmerkmal=GEMEIN', 'download_url': None, 'format': None, 'media_type': 'https://www.iana.org/assignments/media-types/text/csv'}, {'uri': 'https://open.bydata.de/api/hub/repo/distributions/903be569-bb7b-4367-86fd-eabae0476591', 'title': 'Allgemein bildende Schulen - XLSX', 'access_url': 'https://www.statistikdaten.bayern.de/genesis/online?operation=download&code=21111-101z&option=xlsx&regionalschluessel=09189126&regionalmerkmal=GEMEIN', 'download_url': None, 'format': None, 'media_type': 'https://www.iana.org/assignments/media-types/text/xlsx'}, {'uri': 'https://open.bydata.de/api/hub/repo/distributions/869cedd7-7be7-4df9-ae4f-044de2ab6c11', 'title': 'Allgemein bildende Schulen - Flat CSV', 'access_url': 'https://www.statistikdaten.bayern.de/genesis/online?operation=download&code=21111-101z&option=ffcsv&regionalschluessel=09189126&regionalmerkmal=GEMEIN', 'download_url': None, 'format': None, 'media_type': 'https://www.iana.org/assignments/media-types/text/csv'}]",True,True,"{'uri': 'https://open.bydata.de/api/hub/repo/distributions/773fa91c-9108-4001-b14d-b62aace64890', 'title': 'Allgemein bildende Schulen - CSV', 'access_url': 'https://www.statistikdaten.bayern.de/genesis/online?operation=download&code=21111-101z&option=csv&regionalschluessel=09189126&regionalmerkmal=GEMEIN', 'download_url': None, 'format': None, 'media_type': 'https://www.iana.org/assignments/media-types/text/csv'}"
100250,Siedlungs- und Verkehrsflächen nach Nutzungsartengruppen in Kampen (Sylt),https://region.statistik-nord.de/detail_timeline/12/1101/31/1/347/658/,"[{'uri': 'https://region.statistik-nord.de/detail_timelineexport/12/1101/31/1/347/658/', 'title': '2025-09-08-22-01-Siedlungs-_und_Verkehrsflaechen_nach_Nutzungsartengruppen_in_Kampen_(Sylt)', 'access_url': 'https://region.statistik-nord.de/detail_timelineexport/12/1101/31/1/347/658/', 'download_url': 'https://region.statistik-nord.de/detail_timelineexport/12/1101/31/1/347/658/', 'format': None, 'media_type': 'https://www.iana.org/assignments/media-types/text/csv'}]",True,True,"{'uri': 'https://region.statistik-nord.de/detail_timelineexport/12/1101/31/1/347/658/', 'title': '2025-09-08-22-01-Siedlungs-_und_Verkehrsflaechen_nach_Nutzungsartengruppen_in_Kampen_(Sylt)', 'access_url': 'https://region.statistik-nord.de/detail_timelineexport/12/1101/31/1/347/658/', 'download_url': 'https://region.statistik-nord.de/detail_timelineexport/12/1101/31/1/347/658/', 'format': None, 'media_type': 'https://www.iana.org/assignments/media-types/text/csv'}"
83264,"Unfälle bei der Beförderung wassergefährdender Stoffe,Freigesetzte,beförderte,wiedergewonnene Menge: Flussgebiete,Jahre,Beförderungsmittel,Freigesetzte Stoffart,Wassergefähr.",https://www-genesis.destatis.de/genesis-old/downloads/00/tables/32311-0006_00.csv#dataset,"[{'uri': 'https://www-genesis.destatis.de/genesis-old/downloads/00/tables/32311-0006_00.csv#distribution', 'title': None, 'access_url': 'https://www-genesis.destatis.de/genesis-old/downloads/00/tables/32311-0006_00.csv', 'download_url': None, 'format': None, 'media_type': 'https://www.iana.org/assignments/media-types/text/csv'}, {'uri': 'https://www-genesis.destatis.de/genesis-old/downloads/00/tables/32311-0006_00.xml#distribution', 'title': None, 'access_url': 'https://www-genesis.destatis.de/genesis-old/downloads/00/tables/32311-0006_00.xml', 'download_url': None, 'format': None, 'media_type': 'https://www.iana.org/assignments/media-types/text/xml'}]",True,True,"{'uri': 'https://www-genesis.destatis.de/genesis-old/downloads/00/tables/32311-0006_00.csv#distribution', 'title': None, 'access_url': 'https://www-genesis.destatis.de/genesis-old/downloads/00/tables/32311-0006_00.csv', 'download_url': None, 'format': None, 'media_type': 'https://www.iana.org/assignments/media-types/text/csv'}"
104480,gemeldete Corona-Fälle Kreisdaten,https://opendata.schleswig-holstein.de/dataset/b0e87562-7662-4606-8680-fe572ac0aa7d,"[{'uri': 'https://opendata.schleswig-holstein.de/dataset/b0e87562-7662-4606-8680-fe572ac0aa7d/resource/1c822de0-104a-438d-a91f-e4ddca689ce5', 'title': 'cvd_sh_kreise.csv', 'access_url': 'https://opendata.schleswig-holstein.de/data/covid-19/cvd_sh_kreise_2022-02-06_184200.csv', 'download_url': 'https://opendata.schleswig-holstein.de/data/covid-19/cvd_sh_kreise_2022-02-06_184200.csv', 'format': None, 'media_type': 'https://www.iana.org/assignments/media-types/text/csv'}]",True,True,"{'uri': 'https://opendata.schleswig-holstein.de/dataset/b0e87562-7662-4606-8680-fe572ac0aa7d/resource/1c822de0-104a-438d-a91f-e4ddca689ce5', 'title': 'cvd_sh_kreise.csv', 'access_url': 'https://opendata.schleswig-holstein.de/data/covid-19/cvd_sh_kreise_2022-02-06_184200.csv', 'download_url': 'https://opendata.schleswig-holstein.de/data/covid-19/cvd_sh_kreise_2022-02-06_184200.csv', 'format': None, 'media_type': 'https://www.iana.org/assignments/media-types/text/csv'}"
76698,Messdaten der Spurengase zur Schiffsabgasmessung  auf dem Schiff VWFS ATAIR 2022 11,https://gdk.gdi-de.org/inspire/srv/eng/xml_iso19139?uuid=d408c485-b1e1-4cff-a75e-c3d7b977987c,"[{'uri': 'https://gdi.bsh.de/de/feed/Measurement-data-of-air-pollutants-for-ship-emission-measurements-on-the-ship-VWFS-ATAIR-2022-11.xml#distribution', 'title': 'Messdaten der Spurengase zur Schiffsabgasmessung  auf dem Schiff VWFS ATAIR 2022 11', 'access_url': 'https://gdi.bsh.de/de/feed/Measurement-data-of-air-pollutants-for-ship-emission-measurements-on-the-ship-VWFS-ATAIR-2022-11.xml', 'download_url': 'https://gdi.bsh.de/de/feed/Measurement-data-of-air-pollutants-for-ship-emission-measurements-on-the-ship-VWFS-ATAIR-2022-11.xml', 'format': None, 'media_type': 'application/xml'}, {'uri': 'https://gdi.bsh.de/de/data/Measurement-data-of-air-pollutants-for-ship-emission-measurements-on-the-ship-VWFS-ATAIR-2022-1101.csv#distribution', 'title': 'Messdaten der Spurengase zur Schiffsabgasmessung  auf dem Schiff VWFS ATAIR 2022 11', 'access_url': 'https://gdi.bsh.de/de/data/Measurement-data-of-air-pollutants-for-ship-emission-measurements-on-the-ship-VWFS-ATAIR-2022-1101.csv', 'download_url': 'https://gdi.bsh.de/de/data/Measurement-data-of-air-pollutants-for-ship-emission-measurements-on-the-ship-VWFS-ATAIR-2022-1101.csv', 'format': None, 'media_type': 'text/csv'}, {'uri': 'https://gdi.bsh.de/de/data/Measurement-data-of-air-pollutants-for-ship-emission-measurements-on-the-ship-VWFS-ATAIR-2022-1102.csv#distribution', 'title': 'Messdaten der Spurengase zur Schiffsabgasmessung  auf dem Schiff VWFS ATAIR 2022 11', 'access_url': 'https://gdi.bsh.de/de/data/Measurement-data-of-air-pollutants-for-ship-emission-measurements-on-the-ship-VWFS-ATAIR-2022-1102.csv', 'download_url': 'https://gdi.bsh.de/de/data/Measurement-data-of-air-pollutants-for-ship-emission-measurements-on-the-ship-VWFS-ATAIR-2022-1102.csv', 'format': None, 'media_type': 'text/csv'}, {'uri': 'https://gdi.bsh.de/de/data/Measurement-data-of-air-pollutants-for-ship-emission-measurements-on-the-ship-VWFS-ATAIR-2022-1103.csv#distribution', 'title': 'Messdaten der Spurengase zur Schiffsabgasmessung  auf dem Schiff VWFS ATAIR 2022 11', 'access_url': 'https://gdi.bsh.de/de/data/Measurement-data-of-air-pollutants-for-ship-emission-measurements-on-the-ship-VWFS-ATAIR-2022-1103.csv', 'download_url': 'https://gdi.bsh.de/de/data/Measurement-data-of-air-pollutants-for-ship-emission-measurements-on-the-ship-VWFS-ATAIR-2022-1103.csv', 'format': None, 'media_type': 'text/csv'}, {'uri': 'https://gdi.bsh.de/de/data/Measurement-data-of-air-pollutants-for-ship-emission-measurements-on-the-ship-VWFS-ATAIR-2022-1104.csv#distribution', 'title': 'Messdaten der Spurengase zur Schiffsabgasmessung  auf dem Schiff VWFS ATAIR 2022 11', 'access_url': 'https://gdi.bsh.de/de/data/Measurement-data-of-air-pollutants-for-ship-emission-measurements-on-the-ship-VWFS-ATAIR-2022-1104.csv', 'download_url': 'https://gdi.bsh.de/de/data/Measurement-data-of-air-pollutants-for-ship-emission-measurements-on-the-ship-VWFS-ATAIR-2022-1104.csv', 'format': None, 'media_type': 'text/csv'}, {'uri': 'https://gdi.bsh.de/de/data/Measurement-data-of-air-pollutants-for-ship-emission-measurements-on-the-ship-VWFS-ATAIR-2022-1105.csv#distribution', 'title': 'Messdaten der Spurengase zur Schiffsabgasmessung  auf dem Schiff VWFS ATAIR 2022 11', 'access_url': 'https://gdi.bsh.de/de/data/Measurement-data-of-air-pollutants-for-ship-emission-measurements-on-the-ship-VWFS-ATAIR-2022-1105.csv', 'download_url': 'https://gdi.bsh.de/de/data/Measurement-data-of-air-pollutants-for-ship-emission-measurements-on-the-ship-VWFS-ATAIR-2022-1105.csv', 'format': None, 'media_type': 'text/csv'}, {'uri': 'https://gdi.bsh.de/de/data/Measurement-data-of-air-pollutants-for-ship-emission-measurements-on-the-ship-VWFS-ATAIR-2022-1106.csv#distribution', 'title': 'Messdaten der Spurengase zur Schiffsabgasmessung  auf dem Schiff VWFS ATAIR 2022 11', 'access_url': 'https://gdi.bsh.de/de/data/Measurement-data-of-air-pollutants-for-ship-emission-measurements-on-the-ship-VWFS-ATAIR-2022-1106.csv', 'download_url': 'https://gdi.bsh.de/de/data/Measurement-data-of-air-pollutants-for-ship-emission-measurements-on-the-ship-VWFS-ATAIR-2022-1106.csv', 'format': None, 'media_type': 'text/csv'}, {'uri': 'https://gdi.bsh.de/de/data/Measurement-data-of-air-pollutants-for-ship-emission-measurements-on-the-ship-VWFS-ATAIR-2022-1107.csv#distribution', 'title': 'Messdaten der Spurengase zur Schiffsabgasmessung  auf dem Schiff VWFS ATAIR 2022 11', 'access_url': 'https://gdi.bsh.de/de/data/Measurement-data-of-air-pollutants-for-ship-emission-measurements-on-the-ship-VWFS-ATAIR-2022-1107.csv', 'download_url': 'https://gdi.bsh.de/de/data/Measurement-data-of-air-pollutants-for-ship-emission-measurements-on-the-ship-VWFS-ATAIR-2022-1107.csv', 'format': None, 'media_type': 'text/csv'}, {'uri': 'https://gdi.bsh.de/de/data/Measurement-data-of-air-pollutants-for-ship-emission-measurements-on-the-ship-VWFS-ATAIR-2022-1108.csv#distribution', 'title': 'Messdaten der Spurengase zur Schiffsabgasmessung  auf dem Schiff VWFS ATAIR 2022 11', 'access_url': 'https://gdi.bsh.de/de/data/Measurement-data-of-air-pollutants-for-ship-emission-measurements-on-the-ship-VWFS-ATAIR-2022-1108.csv', 'download_url': 'https://gdi.bsh.de/de/data/Measurement-data-of-air-pollutants-for-ship-emission-measurements-on-the-ship-VWFS-ATAIR-2022-1108.csv', 'format': None, 'media_type': 'text/csv'}, {'uri': 'https://gdi.bsh.de/de/data/Measurement-data-of-air-pollutants-for-ship-emission-measurements-on-the-ship-VWFS-ATAIR-2022-1109.csv#distribution', 'title': 'Messdaten der Spurengase zur Schiffsabgasmessung  auf dem Schiff VWFS ATAIR 2022 11', 'access_url': 'https://gdi.bsh.de/de/data/Measurement-data-of-air-pollutants-for-ship-emission-measurements-on-the-ship-VWFS-ATAIR-2022-1109.csv', 'download_url': 'https://gdi.bsh.de/de/data/Measurement-data-of-air-pollutants-for-ship-emission-measurements-on-the-ship-VWFS-ATAIR-2022-1109.csv', 'format': None, 'media_type': 'text/csv'}, {'uri': 'https://gdi.bsh.de/de/data/Measurement-data-of-air-pollutants-for-ship-emission-measurements-on-the-ship-VWFS-ATAIR-2022-1110.csv#distribution', 'title': 'Messdaten der Spurengase zur Schiffsabgasmessung  auf dem Schiff VWFS ATAIR 2022 11', 'access_url': 'https://gdi.bsh.de/de/data/Measurement-data-of-air-pollutants-for-ship-emission-measurements-on-the-ship-VWFS-ATAIR-2022-1110.csv', 'download_url': 'https://gdi.bsh.de/de/data/Measurement-data-of-air-pollutants-for-ship-emission-measurements-on-the-ship-VWFS-ATAIR-2022-1110.csv', 'format': None, 'media_type': 'text/csv'}, {'uri': 'https://gdi.bsh.de/de/data/Measurement-data-of-air-pollutants-for-ship-emission-measurements-on-the-ship-VWFS-ATAIR-2022-1111.csv#distribution', 'title': 'Messdaten der Spurengase zur Schiffsabgasmessung  auf dem Schiff VWFS ATAIR 2022 11', 'access_url': 'https://gdi.bsh.de/de/data/Measurement-data-of-air-pollutants-for-ship-emission-measurements-on-the-ship-VWFS-ATAIR-2022-1111.csv', 'download_url': 'https://gdi.bsh.de/de/data/Measurement-data-of-air-pollutants-for-ship-emission-measurements-on-the-ship-VWFS-ATAIR-2022-1111.csv', 'format': None, 'media_type': 'text/csv'}, {'uri': 'https://gdi.bsh.de/de/data/Measurement-data-of-air-pollutants-for-ship-emission-measurements-on-the-ship-VWFS-ATAIR-2022-1114.csv#distribution', 'title': 'Messdaten der Spurengase zur Schiffsabgasmessung  auf dem Schiff VWFS ATAIR 2022 11', 'access_url': 'https://gdi.bsh.de/de/data/Measurement-data-of-air-pollutants-for-ship-emission-measurements-on-the-ship-VWFS-ATAIR-2022-1114.csv', 'download_url': 'https://gdi.bsh.de/de/data/Measurement-data-of-air-pollutants-for-ship-emission-measurements-on-the-ship-VWFS-ATAIR-2022-1114.csv', 'format': None, 'media_type': 'text/csv'}, {'uri': 'https://gdi.bsh.de/de/data/Measurement-data-of-air-pollutants-for-ship-emission-measurements-on-the-ship-VWFS-ATAIR-2022-1115.csv#distribution', 'title': 'Messdaten der Spurengase zur Schiffsabgasmessung  auf dem Schiff VWFS ATAIR 2022 11', 'access_url': 'https://gdi.bsh.de/de/data/Measurement-data-of-air-pollutants-for-ship-emission-measurements-on-the-ship-VWFS-ATAIR-2022-1115.csv', 'download_url': 'https://gdi.bsh.de/de/data/Measurement-data-of-air-pollutants-for-ship-emission-measurements-on-the-ship-VWFS-ATAIR-2022-1115.csv', 'format': None, 'media_type': 'text/csv'}, {'uri': 'https://gdi.bsh.de/de/data/Measurement-data-of-air-pollutants-for-ship-emission-measurements-on-the-ship-VWFS-ATAIR-2022-1116.csv#distribution', 'title': 'Messdaten der Spurengase zur Schiffsabgasmessung  auf dem Schiff VWFS ATAIR 2022 11', 'access_url': 'https://gdi.bsh.de/de/data/Measurement-data-of-air-pollutants-for-ship-emission-measurements-on-the-ship-VWFS-ATAIR-2022-1116.csv', 'download_url': 'https://gdi.bsh.de/de/data/Measurement-data-of-air-pollutants-for-ship-emission-measurements-on-the-ship-VWFS-ATAIR-2022-1116.csv', 'format': None, 'media_type': 'text/csv'}, {'uri': 'https://gdi.bsh.de/de/data/Measurement-data-of-air-pollutants-for-ship-emission-measurements-on-the-ship-VWFS-ATAIR-2022-1117.csv#distribution', 'title': 'Messdaten der Spurengase zur Schiffsabgasmessung  auf dem Schiff VWFS ATAIR 2022 11', 'access_url': 'https://gdi.bsh.de/de/data/Measurement-data-of-air-pollutants-for-ship-emission-measurements-on-the-ship-VWFS-ATAIR-2022-1117.csv', 'download_url': 'https://gdi.bsh.de/de/data/Measurement-data-of-air-pollutants-for-ship-emission-measurements-on-the-ship-VWFS-ATAIR-2022-1117.csv', 'format': None, 'media_type': 'text/csv'}, {'uri': 'https://gdi.bsh.de/de/data/Measurement-data-of-air-pollutants-for-ship-emission-measurements-on-the-ship-VWFS-ATAIR-2022-1118.csv#distribution', 'title': 'Messdaten der Spurengase zur Schiffsabgasmessung  auf dem Schiff VWFS ATAIR 2022 11', 'access_url': 'https://gdi.bsh.de/de/data/Measurement-data-of-air-pollutants-for-ship-emission-measurements-on-the-ship-VWFS-ATAIR-2022-1118.csv', 'download_url': 'https://gdi.bsh.de/de/data/Measurement-data-of-air-pollutants-for-ship-emission-measurements-on-the-ship-VWFS-ATAIR-2022-1118.csv', 'format': None, 'media_type': 'text/csv'}, {'uri': 'https://gdi.bsh.de/de/data/Measurement-data-of-air-pollutants-for-ship-emission-measurements-on-the-ship-VWFS-ATAIR-2022-1119.csv#distribution', 'title': 'Messdaten der Spurengase zur Schiffsabgasmessung  auf dem Schiff VWFS ATAIR 2022 11', 'access_url': 'https://gdi.bsh.de/de/data/Measurement-data-of-air-pollutants-for-ship-emission-measurements-on-the-ship-VWFS-ATAIR-2022-1119.csv', 'download_url': 'https://gdi.bsh.de/de/data/Measurement-data-of-air-pollutants-for-ship-emission-measurements-on-the-ship-VWFS-ATAIR-2022-1119.csv', 'format': None, 'media_type': 'text/csv'}, {'uri': 'https://gdi.bsh.de/de/data/Measurement-data-of-air-pollutants-for-ship-emission-measurements-on-the-ship-VWFS-ATAIR-2022-1120.csv#distribution', 'title': 'Messdaten der Spurengase zur Schiffsabgasmessung  auf dem Schiff VWFS ATAIR 2022 11', 'access_url': 'https://gdi.bsh.de/de/data/Measurement-data-of-air-pollutants-for-ship-emission-measurements-on-the-ship-VWFS-ATAIR-2022-1120.csv', 'download_url': 'https://gdi.bsh.de/de/data/Measurement-data-of-air-pollutants-for-ship-emission-measurements-on-the-ship-VWFS-ATAIR-2022-1120.csv', 'format': None, 'media_type': 'text/csv'}, {'uri': 'https://gdi.bsh.de/de/data/Measurement-data-of-air-pollutants-for-ship-emission-measurements-on-the-ship-VWFS-ATAIR-2022-1121.csv#distribution', 'title': 'Messdaten der Spurengase zur Schiffsabgasmessung  auf dem Schiff VWFS ATAIR 2022 11', 'access_url': 'https://gdi.bsh.de/de/data/Measurement-data-of-air-pollutants-for-ship-emission-measurements-on-the-ship-VWFS-ATAIR-2022-1121.csv', 'download_url': 'https://gdi.bsh.de/de/data/Measurement-data-of-air-pollutants-for-ship-emission-measurements-on-the-ship-VWFS-ATAIR-2022-1121.csv', 'format': None, 'media_type': 'text/csv'}, {'uri': 'https://gdi.bsh.de/de/data/Measurement-data-of-air-pollutants-for-ship-emission-measurements-on-the-ship-VWFS-ATAIR-2022-1122.csv#distribution', 'title': 'Messdaten der Spurengase zur Schiffsabgasmessung  auf dem Schiff VWFS ATAIR 2022 11', 'access_url': 'https://gdi.bsh.de/de/data/Measurement-data-of-air-pollutants-for-ship-emission-measurements-on-the-ship-VWFS-ATAIR-2022-1122.csv', 'download_url': 'https://gdi.bsh.de/de/data/Measurement-data-of-air-pollutants-for-ship-emission-measurements-on-the-ship-VWFS-ATAIR-2022-1122.csv', 'format': None, 'media_type': 'text/csv'}, {'uri': 'https://gdi.bsh.de/de/data/Measurement-data-of-air-pollutants-for-ship-emission-measurements-on-the-ship-VWFS-ATAIR-2022-1123.csv#distribution', 'title': 'Messdaten der Spurengase zur Schiffsabgasmessung  auf dem Schiff VWFS ATAIR 2022 11', 'access_url': 'https://gdi.bsh.de/de/data/Measurement-data-of-air-pollutants-for-ship-emission-measurements-on-the-ship-VWFS-ATAIR-2022-1123.csv', 'download_url': 'https://gdi.bsh.de/de/data/Measurement-data-of-air-pollutants-for-ship-emission-measurements-on-the-ship-VWFS-ATAIR-2022-1123.csv', 'format': None, 'media_type': 'text/csv'}, {'uri': 'https://gdi.bsh.de/de/data/Measurement-data-of-air-pollutants-for-ship-emission-measurements-on-the-ship-VWFS-ATAIR-2022-1124.csv#distribution', 'title': 'Messdaten der Spurengase zur Schiffsabgasmessung  auf dem Schiff VWFS ATAIR 2022 11', 'access_url': 'https://gdi.bsh.de/de/data/Measurement-data-of-air-pollutants-for-ship-emission-measurements-on-the-ship-VWFS-ATAIR-2022-1124.csv', 'download_url': 'https://gdi.bsh.de/de/data/Measurement-data-of-air-pollutants-for-ship-emission-measurements-on-the-ship-VWFS-ATAIR-2022-1124.csv', 'format': None, 'media_type': 'text/csv'}, {'uri': 'https://gdi.bsh.de/de/data/Measurement-data-of-air-pollutants-for-ship-emission-measurements-on-the-ship-VWFS-ATAIR-2022-1125.csv#distribution', 'title': 'Messdaten der Spurengase zur Schiffsabgasmessung  auf dem Schiff VWFS ATAIR 2022 11', 'access_url': 'https://gdi.bsh.de/de/data/Measurement-data-of-air-pollutants-for-ship-emission-measurements-on-the-ship-VWFS-ATAIR-2022-1125.csv', 'download_url': 'https://gdi.bsh.de/de/data/Measurement-data-of-air-pollutants-for-ship-emission-measurements-on-the-ship-VWFS-ATAIR-2022-1125.csv', 'format': None, 'media_type': 'text/csv'}, {'uri': 'https://gdi.bsh.de/de/data/Measurement-data-of-air-pollutants-for-ship-emission-measurements-on-the-ship-VWFS-ATAIR-2022-1126.csv#distribution', 'title': 'Messdaten der Spurengase zur Schiffsabgasmessung  auf dem Schiff VWFS ATAIR 2022 11', 'access_url': 'https://gdi.bsh.de/de/data/Measurement-data-of-air-pollutants-for-ship-emission-measurements-on-the-ship-VWFS-ATAIR-2022-1126.csv', 'download_url': 'https://gdi.bsh.de/de/data/Measurement-data-of-air-pollutants-for-ship-emission-measurements-on-the-ship-VWFS-ATAIR-2022-1126.csv', 'format': None, 'media_type': 'text/csv'}, {'uri': 'https://gdi.bsh.de/de/data/Measurement-data-of-air-pollutants-for-ship-emission-measurements-on-the-ship-VWFS-ATAIR-2022-1127.csv#distribution', 'title': 'Messdaten der Spurengase zur Schiffsabgasmessung  auf dem Schiff VWFS ATAIR 2022 11', 'access_url': 'https://gdi.bsh.de/de/data/Measurement-data-of-air-pollutants-for-ship-emission-measurements-on-the-ship-VWFS-ATAIR-2022-1127.csv', 'download_url': 'https://gdi.bsh.de/de/data/Measurement-data-of-air-pollutants-for-ship-emission-measurements-on-the-ship-VWFS-ATAIR-2022-1127.csv', 'format': None, 'media_type': 'text/csv'}, {'uri': 'https://gdi.bsh.de/de/data/Measurement-data-of-air-pollutants-for-ship-emission-measurements-on-the-ship-VWFS-ATAIR-2022-1128.csv#distribution', 'title': 'Messdaten der Spurengase zur Schiffsabgasmessung  auf dem Schiff VWFS ATAIR 2022 11', 'access_url': 'https://gdi.bsh.de/de/data/Measurement-data-of-air-pollutants-for-ship-emission-measurements-on-the-ship-VWFS-ATAIR-2022-1128.csv', 'download_url': 'https://gdi.bsh.de/de/data/Measurement-data-of-air-pollutants-for-ship-emission-measurements-on-the-ship-VWFS-ATAIR-2022-1128.csv', 'format': None, 'media_type': 'text/csv'}, {'uri': 'https://gdi.bsh.de/de/data/Measurement-data-of-air-pollutants-for-ship-emission-measurements-on-the-ship-VWFS-ATAIR-2022-1129.csv#distribution', 'title': 'Messdaten der Spurengase zur Schiffsabgasmessung  auf dem Schiff VWFS ATAIR 2022 11', 'access_url': 'https://gdi.bsh.de/de/data/Measurement-data-of-air-pollutants-for-ship-emission-measurements-on-the-ship-VWFS-ATAIR-2022-1129.csv', 'download_url': 'https://gdi.bsh.de/de/data/Measurement-data-of-air-pollutants-for-ship-emission-measurements-on-the-ship-VWFS-ATAIR-2022-1129.csv', 'format': None, 'media_type': 'text/csv'}, {'uri': 'https://gdi.bsh.de/de/data/Measurement-data-of-air-pollutants-for-ship-emission-measurements-on-the-ship-VWFS-ATAIR-2022-1130.csv#distribution', 'title': 'Messdaten der Spurengase zur Schiffsabgasmessung  auf dem Schiff VWFS ATAIR 2022 11', 'access_url': 'https://gdi.bsh.de/de/data/Measurement-data-of-air-pollutants-for-ship-emission-measurements-on-the-ship-VWFS-ATAIR-2022-1130.csv', 'download_url': 'https://gdi.bsh.de/de/data/Measurement-data-of-air-pollutants-for-ship-emission-measurements-on-the-ship-VWFS-ATAIR-2022-1130.csv', 'format': None, 'media_type': 'text/csv'}]",True,True,"{'uri': 'https://gdi.bsh.de/de/data/Measurement-data-of-air-pollutants-for-ship-emission-measurements-on-the-ship-VWFS-ATAIR-2022-1116.csv#distribution', 'title': 'Messdaten der Spurengase zur Schiffsabgasmessung  auf dem Schiff VWFS ATAIR 2022 11', 'access_url': 'https://gdi.bsh.de/de/data/Measurement-data-of-air-pollutants-for-ship-emission-measurements-on-the-ship-VWFS-ATAIR-2022-1116.csv', 'download_url': 'https://gdi.bsh.de/de/data/Measurement-data-of-air-pollutants-for-ship-emission-measurements-on-the-ship-VWFS-ATAIR-2022-1116.csv', 'format': None, 'media_type': 'text/csv'}"
12017,Gestratz: Sozialversicherungspflichtig Beschäftigte,https://open.bydata.de/api/hub/repo/datasets/13111-006-09776112,"[{'uri': 'https://open.bydata.de/api/hub/repo/distributions/73b22575-6369-4589-9ec4-e3138a0547cc', 'title': 'Sozialversicherungspflichtig Beschäftigte - CSV', 'access_url': 'https://www.statistikdaten.bayern.de/genesis/online?operation=download&code=13111-006z&option=csv&regionalschluessel=09776112&regionalmerkmal=GEMEIN', 'download_url': None, 'format': None, 'media_type': 'https://www.iana.org/assignments/media-types/text/csv'}, {'uri': 'https://open.bydata.de/api/hub/repo/distributions/0aa4c8b9-e2d6-49fb-b9c6-025513f8b4bd', 'title': 'Sozialversicherungspflichtig Beschäftigte - XML', 'access_url': 'https://www.statistikdaten.bayern.de/genesis/online?operation=download&code=13111-006z&option=xml&regionalschluessel=09776112&regionalmerkmal=GEMEIN', 'download_url': None, 'format': None, 'media_type': 'https://www.iana.org/assignments/media-types/text/xml'}, {'uri': 'https://open.bydata.de/api/hub/repo/distributions/1fe6e360-04fb-46c6-9a4b-2eeb4053e119', 'title': 'Sozialversicherungspflichtig Beschäftigte - XLSX', 'access_url': 'https://www.statistikdaten.bayern.de/genesis/online?operation=download&code=13111-006z&option=xlsx&regionalschluessel=09776112&regionalmerkmal=GEMEIN', 'download_url': None, 'format': None, 'media_type': 'https://www.iana.org/assignments/media-types/text/xlsx'}, {'uri': 'https://open.bydata.de/api/hub/repo/distributions/6d7dab0c-fb28-4858-ac38-d04256d40a2d', 'title': 'Sozialversicherungspflichtig Beschäftigte - Flat CSV', 'access_url': 'https://www.statistikdaten.bayern.de/genesis/online?operation=download&code=13111-006z&option=ffcsv&regionalschluessel=09776112&regionalmerkmal=GEMEIN', 'download_url': None, 'format': None, 'media_type': 'https://www.iana.org/assignments/media-types/text/csv'}]",True,True,"{'uri': 'https://open.bydata.de/api/hub/repo/distributions/6d7dab0c-fb28-4858-ac38-d04256d40a2d', 'title': 'Sozialversicherungspflichtig Beschäftigte - Flat CSV', 'access_url': 'https://www.statistikdaten.bayern.de/genesis/online?operation=download&code=13111-006z&option=ffcsv&regionalschluessel=09776112&regionalmerkmal=GEMEIN', 'download_url': None, 'format': None, 'media_type': 'https://www.iana.org/assignments/media-types/text/csv'}"
97714,Wohngebäudebestand nach Anzahl der Wohnungen in Itzstedt,https://region.statistik-nord.de/detail_timeline/19/1501/2/1/353/1264/,"[{'uri': 'https://region.statistik-nord.de/detail_timelineexport/19/1501/2/1/353/1264/', 'title': '2025-10-15-21-52-Wohngebaeudebestand_nach_Anzahl_der_Wohnungen_in_Itzstedt', 'access_url': 'https://region.statistik-nord.de/detail_timelineexport/19/1501/2/1/353/1264/', 'download_url': 'https://region.statistik-nord.de/detail_timelineexport/19/1501/2/1/353/1264/', 'format': None, 'media_type': 'https://www.iana.org/assignments/media-types/text/csv'}]",True,True,"{'uri': 'https://region.statistik-nord.de/detail_timelineexport/19/1501/2/1/353/1264/', 'title': '2025-10-15-21-52-Wohngebaeudebestand_nach_Anzahl_der_Wohnungen_in_Itzstedt', 'access_url': 'https://region.statistik-nord.de/detail_timelineexport/19/1501/2/1/353/1264/', 'download_url': 'https://region.statistik-nord.de/detail_timelineexport/19/1501/2/1/353/1264/', 'format': None, 'media_type': 'https://www.iana.org/assignments/media-types/text/csv'}"
52202,Salzweg: Tourismus,https://open.bydata.de/api/hub/repo/datasets/45511-022-09275146,"[{'uri': 'https://open.bydata.de/api/hub/repo/distributions/0505c1eb-973d-4c8e-ba8e-fbcd51fd62a4', 'title': 'Tourismus - XML', 'access_url': 'https://www.statistikdaten.bayern.de/genesis/online?operation=download&code=45511-022z&option=xml&regionalschluessel=09275146&regionalmerkmal=GEMEIN', 'download_url': None, 'format': None, 'media_type': 'https://www.iana.org/assignments/media-types/text/xml'}, {'uri': 'https://open.bydata.de/api/hub/repo/distributions/7e6e5c52-0625-4588-ab03-edd924340203', 'title': 'Tourismus - Flat CSV', 'access_url': 'https://www.statistikdaten.bayern.de/genesis/online?operation=download&code=45511-022z&option=ffcsv&regionalschluessel=09275146&regionalmerkmal=GEMEIN', 'download_url': None, 'format': None, 'media_type': 'https://www.iana.org/assignments/media-types/text/csv'}, {'uri': 'https://open.bydata.de/api/hub/repo/distributions/70966d1a-b931-4f5a-b1b6-f61be41a5b00', 'title': 'Tourismus - CSV', 'access_url': 'https://www.statistikdaten.bayern.de/genesis/online?operation=download&code=45511-022z&option=csv&regionalschluessel=09275146&regionalmerkmal=GEMEIN', 'download_url': None, 'format': None, 'media_type': 'https://www.iana.org/assignments/media-types/text/csv'}, {'uri': 'https://open.bydata.de/api/hub/repo/distributions/4c06df1c-9939-4fa6-9eb2-f526f288cfdc', 'title': 'Tourismus - XLSX', 'access_url': 'https://www.statistikdaten.bayern.de/genesis/online?operation=download&code=45511-022z&option=xlsx&regionalschluessel=09275146&regionalmerkmal=GEMEIN', 'download_url': None, 'format': None, 'media_type': 'https://www.iana.org/assignments/media-types/text/xlsx'}]",True,True,"{'uri': 'https://open.bydata.de/api/hub/repo/distributions/7e6e5c52-0625-4588-ab03-edd924340203', 'title': 'Tourismus - Flat CSV', 'access_url': 'https://www.statistikdaten.bayern.de/genesis/online?operation=download&code=45511-022z&option=ffcsv&regionalschluessel=09275146&regionalmerkmal=GEMEIN', 'download_url': None, 'format': None, 'media_type': 'https://www.iana.org/assignments/media-types/text/csv'}"
135997,Messergebnisse zur Radioaktivität in: Pflaumen (25.05.2016),http://suche.transparenz.hamburg.de/dataset/7b91b311-de67-47ed-979d-093a47cf4e5d,"[{'uri': 'http://suche.transparenz.hamburg.de/dataset/7b91b311-de67-47ed-979d-093a47cf4e5d/resource/12f4ae48-6e49-4e9a-963f-2265fa3be969', 'title': 'Pflaumen', 'access_url': 'https://daten.transparenz.hamburg.de/Dataport.HmbTG.ZS.Webservice.GetRessource100/GetRessource100.svc/d295b0e6-e0cd-43dc-b9ce-2139c53a9bb0/Pflaumen.csv', 'download_url': None, 'format': None, 'media_type': 'text/csv'}]",True,True,"{'uri': 'http://suche.transparenz.hamburg.de/dataset/7b91b311-de67-47ed-979d-093a47cf4e5d/resource/12f4ae48-6e49-4e9a-963f-2265fa3be969', 'title': 'Pflaumen', 'access_url': 'https://daten.transparenz.hamburg.de/Dataport.HmbTG.ZS.Webservice.GetRessource100/GetRessource100.svc/d295b0e6-e0cd-43dc-b9ce-2139c53a9bb0/Pflaumen.csv', 'download_url': None, 'format': None, 'media_type': 'text/csv'}"
14699,Traunstein (Lkr): Tageseinrichtungen für Kinder,https://open.bydata.de/api/hub/repo/datasets/22541-002-09189,"[{'uri': 'https://open.bydata.de/api/hub/repo/distributions/4240e4de-29ca-4f74-8838-3f1b67e79be5', 'title': 'Tageseinrichtungen für Kinder - CSV', 'access_url': 'https://www.statistikdaten.bayern.de/genesis/online?operation=download&code=22541-002r&option=csv&regionalschluessel=09189%2A', 'download_url': None, 'format': None, 'media_type': 'https://www.iana.org/assignments/media-types/text/csv'}, {'uri': 'https://open.bydata.de/api/hub/repo/distributions/ad83bb23-134f-408d-97e0-35405ff7a893', 'title': 'Tageseinrichtungen für Kinder - XLSX', 'access_url': 'https://www.statistikdaten.bayern.de/genesis/online?operation=download&code=22541-002r&option=xlsx&regionalschluessel=09189%2A', 'download_url': None, 'format': None, 'media_type': 'https://www.iana.org/assignments/media-types/text/xlsx'}, {'uri': 'https://open.bydata.de/api/hub/repo/distributions/e7ba8ce3-bb53-4b78-a09b-0598322e22ef', 'title': 'Tageseinrichtungen für Kinder - XML', 'access_url': 'https://www.statistikdaten.bayern.de/genesis/online?operation=download&code=22541-002r&option=xml&regionalschluessel=09189%2A', 'download_url': None, 'format': None, 'media_type': 'https://www.iana.org/assignments/media-types/text/xml'}, {'uri': 'https://open.bydata.de/api/hub/repo/distributions/adf10042-4544-4dce-9d11-67c3061d89dc', 'title': 'Tageseinrichtungen für Kinder - Flat CSV', 'access_url': 'https://www.statistikdaten.bayern.de/genesis/online?operation=download&code=22541-002r&option=ffcsv&regionalschluessel=09189%2A', 'download_url': None, 'format': None, 'media_type': 'https://www.iana.org/assignments/media-types/text/csv'}]",True,True,"{'uri': 'https://open.bydata.de/api/hub/repo/distributions/4240e4de-29ca-4f74-8838-3f1b67e79be5', 'title': 'Tageseinrichtungen für Kinder - CSV', 'access_url': 'https://www.statistikdaten.bayern.de/genesis/online?operation=download&code=22541-002r&option=csv&regionalschluessel=09189%2A', 'download_url': None, 'format': None, 'media_type': 'https://www.iana.org/assignments/media-types/text/csv'}"
117917,"Geborenen- (+) bzw. Gestorbenenüberschuss (-) in Bredstedt, Stadt",https://region.statistik-nord.de/detail_timeline/13/1103/3/1/347/628/,"[{'uri': 'https://region.statistik-nord.de/detail_timelineexport/13/1103/3/1/347/628/', 'title': '2025-06-18-06-30-Geborenen-_(+)_bzw__Gestorbenenueberschuss_(-)_in_Bredstedt__Stadt', 'access_url': 'https://region.statistik-nord.de/detail_timelineexport/13/1103/3/1/347/628/', 'download_url': 'https://region.statistik-nord.de/detail_timelineexport/13/1103/3/1/347/628/', 'format': None, 'media_type': 'https://www.iana.org/assignments/media-types/text/csv'}]",True,True,"{'uri': 'https://region.statistik-nord.de/detail_timelineexport/13/1103/3/1/347/628/', 'title': '2025-06-18-06-30-Geborenen-_(+)_bzw__Gestorbenenueberschuss_(-)_in_Bredstedt__Stadt', 'access_url': 'https://region.statistik-nord.de/detail_timelineexport/13/1103/3/1/347/628/', 'download_url': 'https://region.statistik-nord.de/detail_timelineexport/13/1103/3/1/347/628/', 'format': None, 'media_type': 'https://www.iana.org/assignments/media-types/text/csv'}"
45783,Bolsterlang: Baufertigstellungen,https://open.bydata.de/api/hub/repo/datasets/31121-006-09780116,"[{'uri': 'https://open.bydata.de/api/hub/repo/distributions/514bc78c-b3f6-4d06-8e2f-3dafe94d5c9b', 'title': 'Baufertigstellungen - XML', 'access_url': 'https://www.statistikdaten.bayern.de/genesis/online?operation=download&code=31121-006z&option=xml&regionalschluessel=09780116&regionalmerkmal=GEMEIN', 'download_url': None, 'format': None, 'media_type': 'https://www.iana.org/assignments/media-types/text/xml'}, {'uri': 'https://open.bydata.de/api/hub/repo/distributions/ab52c2da-018c-48b9-bd7d-5cb48b24d190', 'title': 'Baufertigstellungen - XLSX', 'access_url': 'https://www.statistikdaten.bayern.de/genesis/online?operation=download&code=31121-006z&option=xlsx&regionalschluessel=09780116&regionalmerkmal=GEMEIN', 'download_url': None, 'format': None, 'media_type': 'https://www.iana.org/assignments/media-types/text/xlsx'}, {'uri': 'https://open.bydata.de/api/hub/repo/distributions/f5c8b32b-c75f-4e82-a631-b48066e1514d', 'title': 'Baufertigstellungen - Flat CSV', 'access_url': 'https://www.statistikdaten.bayern.de/genesis/online?operation=download&code=31121-006z&option=ffcsv&regionalschluessel=09780116&regionalmerkmal=GEMEIN', 'download_url': None, 'format': None, 'media_type': 'https://www.iana.org/assignments/media-types/text/csv'}, {'uri': 'https://open.bydata.de/api/hub/repo/distributions/825619ac-d457-4a1d-b67e-f1a02c3b1db1', 'title': 'Baufertigstellungen - CSV', 'access_url': 'https://www.statistikdaten.bayern.de/genesis/online?operation=download&code=31121-006z&option=csv&regionalschluessel=09780116&regionalmerkmal=GEMEIN', 'download_url': None, 'format': None, 'media_type': 'https://www.iana.org/assignments/media-types/text/csv'}]",True,True,"{'uri': 'https://open.bydata.de/api/hub/repo/distributions/f5c8b32b-c75f-4e82-a631-b48066e1514d', 'title': 'Baufertigstellungen - Flat CSV', 'access_url': 'https://www.statistikdaten.bayern.de/genesis/online?operation=download&code=31121-006z&option=ffcsv&regionalschluessel=09780116&regionalmerkmal=GEMEIN', 'download_url': None, 'format': None, 'media_type': 'https://www.iana.org/assignments/media-types/text/csv'}"
50203,Weißenbrunn: Sozialversicherungspflichtig Beschäftigte,https://open.bydata.de/api/hub/repo/datasets/13111-006-09476185,"[{'uri': 'https://open.bydata.de/api/hub/repo/distributions/5bcec2d3-4511-4732-a498-337c4cd16e55', 'title': 'Sozialversicherungspflichtig Beschäftigte - XML', 'access_url': 'https://www.statistikdaten.bayern.de/genesis/online?operation=download&code=13111-006z&option=xml&regionalschluessel=09476185&regionalmerkmal=GEMEIN', 'download_url': None, 'format': None, 'media_type': 'https://www.iana.org/assignments/media-types/text/xml'}, {'uri': 'https://open.bydata.de/api/hub/repo/distributions/70698202-81fe-4b16-80cb-99df36439962', 'title': 'Sozialversicherungspflichtig Beschäftigte - Flat CSV', 'access_url': 'https://www.statistikdaten.bayern.de/genesis/online?operation=download&code=13111-006z&option=ffcsv&regionalschluessel=09476185&regionalmerkmal=GEMEIN', 'download_url': None, 'format': None, 'media_type': 'https://www.iana.org/assignments/media-types/text/csv'}, {'uri': 'https://open.bydata.de/api/hub/repo/distributions/12485618-1209-45c7-afa7-b8a209e8aac4', 'title': 'Sozialversicherungspflichtig Beschäftigte - XLSX', 'access_url': 'https://www.statistikdaten.bayern.de/genesis/online?operation=download&code=13111-006z&option=xlsx&regionalschluessel=09476185&regionalmerkmal=GEMEIN', 'download_url': None, 'format': None, 'media_type': 'https://www.iana.org/assignments/media-types/text/xlsx'}, {'uri': 'https://open.bydata.de/api/hub/repo/distributions/ca21eb98-5dc0-4fe0-a399-db2195635104', 'title': 'Sozialversicherungspflichtig Beschäftigte - CSV', 'access_url': 'https://www.statistikdaten.bayern.de/genesis/online?operation=download&code=13111-006z&option=csv&regionalschluessel=09476185&regionalmerkmal=GEMEIN', 'download_url': None, 'format': None, 'media_type': 'https://www.iana.org/assignments/media-types/text/csv'}]",True,True,"{'uri': 'https://open.bydata.de/api/hub/repo/distributions/ca21eb98-5dc0-4fe0-a399-db2195635104', 'title': 'Sozialversicherungspflichtig Beschäftigte - CSV', 'access_url': 'https://www.statistikdaten.bayern.de/genesis/online?operation=download&code=13111-006z&option=csv&regionalschluessel=09476185&regionalmerkmal=GEMEIN', 'download_url': None, 'format': None, 'media_type': 'https://www.iana.org/assignments/media-types/text/csv'}"
144657,"Öffentliche Fonds, Einrichtungen und Unternehmen (FEU):Bundesländer, Jahre, Ebenen des öffentlichen Bereichs,Rechtsform",https://www-genesis.destatis.de/genesis-old/downloads/00/tables/71811-0022_00.csv#dataset,"[{'uri': 'https://www-genesis.destatis.de/genesis-old/downloads/00/tables/71811-0022_00.csv#distribution', 'title': None, 'access_url': 'https://www-genesis.destatis.de/genesis-old/downloads/00/tables/71811-0022_00.csv', 'download_url': None, 'format': None, 'media_type': 'https://www.iana.org/assignments/media-types/text/csv'}, {'uri': 'https://www-genesis.destatis.de/genesis-old/downloads/00/tables/71811-0022_00.xml#distribution', 'title': None, 'access_url': 'https://www-genesis.destatis.de/genesis-old/downloads/00/tables/71811-0022_00.xml', 'download_url': None, 'format': None, 'media_type': 'https://www.iana.org/assignments/media-types/text/xml'}]",True,True,"{'uri': 'https://www-genesis.destatis.de/genesis-old/downloads/00/tables/71811-0022_00.csv#distribution', 'title': None, 'access_url': 'https://www-genesis.destatis.de/genesis-old/downloads/00/tables/71811-0022_00.csv', 'download_url': None, 'format': None, 'media_type': 'https://www.iana.org/assignments/media-types/text/csv'}"
123637,"Prien a.Chiemsee, M: Sozialversicherungspflichtig Beschäftigte",https://open.bydata.de/api/hub/repo/datasets/13111-006-09187162,"[{'uri': 'https://open.bydata.de/api/hub/repo/distributions/e526736f-5c71-4c3f-8d26-78fbb3c24688', 'title': 'Sozialversicherungspflichtig Beschäftigte - XLSX', 'access_url': 'https://www.statistikdaten.bayern.de/genesis/online?operation=download&code=13111-006z&option=xlsx&regionalschluessel=09187162&regionalmerkmal=GEMEIN', 'download_url': None, 'format': None, 'media_type': 'https://www.iana.org/assignments/media-types/text/xlsx'}, {'uri': 'https://open.bydata.de/api/hub/repo/distributions/7af21ff8-eb7f-414e-97e5-4cc05c03fd9b', 'title': 'Sozialversicherungspflichtig Beschäftigte - XML', 'access_url': 'https://www.statistikdaten.bayern.de/genesis/online?operation=download&code=13111-006z&option=xml&regionalschluessel=09187162&regionalmerkmal=GEMEIN', 'download_url': None, 'format': None, 'media_type': 'https://www.iana.org/assignments/media-types/text/xml'}, {'uri': 'https://open.bydata.de/api/hub/repo/distributions/ae479247-335f-4ee7-8ec3-9618135bddfb', 'title': 'Sozialversicherungspflichtig Beschäftigte - CSV', 'access_url': 'https://www.statistikdaten.bayern.de/genesis/online?operation=download&code=13111-006z&option=csv&regionalschluessel=09187162&regionalmerkmal=GEMEIN', 'download_url': None, 'format': None, 'media_type': 'https://www.iana.org/assignments/media-types/text/csv'}, {'uri': 'https://open.bydata.de/api/hub/repo/distributions/17a3f910-1a1c-4534-a2fe-b8d1dd8576bd', 'title': 'Sozialversicherungspflichtig Beschäftigte - Flat CSV', 'access_url': 'https://www.statistikdaten.bayern.de/genesis/online?operation=download&code=13111-006z&option=ffcsv&regionalschluessel=09187162&regionalmerkmal=GEMEIN', 'download_url': None, 'format': None, 'media_type': 'https://www.iana.org/assignments/media-types/text/csv'}]",True,True,"{'uri': 'https://open.bydata.de/api/hub/repo/distributions/17a3f910-1a1c-4534-a2fe-b8d1dd8576bd', 'title': 'Sozialversicherungspflichtig Beschäftigte - Flat CSV', 'access_url': 'https://www.statistikdaten.bayern.de/genesis/online?operation=download&code=13111-006z&option=ffcsv&regionalschluessel=09187162&regionalmerkmal=GEMEIN', 'download_url': None, 'format': None, 'media_type': 'https://www.iana.org/assignments/media-types/text/csv'}"
62372,Anzahl der genehmigten Wohnungen insgesamt (Neubau und Baumaßnahmen) in Schönhorst,https://region.statistik-nord.de/detail_timeline/19/1502/10/1/351/1059/,"[{'uri': 'https://region.statistik-nord.de/detail_timelineexport/19/1502/10/1/351/1059/', 'title': '2025-12-15-21-18-Anzahl_der_genehmigten_Wohnungen_insgesamt_(Neubau_und_Baumassnahmen)_in_Schoenhorst', 'access_url': 'https://region.statistik-nord.de/detail_timelineexport/19/1502/10/1/351/1059/', 'download_url': 'https://region.statistik-nord.de/detail_timelineexport/19/1502/10/1/351/1059/', 'format': None, 'media_type': 'https://www.iana.org/assignments/media-types/text/csv'}]",True,True,"{'uri': 'https://region.statistik-nord.de/detail_timelineexport/19/1502/10/1/351/1059/', 'title': '2025-12-15-21-18-Anzahl_der_genehmigten_Wohnungen_insgesamt_(Neubau_und_Baumassnahmen)_in_Schoenhorst', 'access_url': 'https://region.statistik-nord.de/detail_timelineexport/19/1502/10/1/351/1059/', 'download_url': 'https://region.statistik-nord.de/detail_timelineexport/19/1502/10/1/351/1059/', 'format': None, 'media_type': 'https://www.iana.org/assignments/media-types/text/csv'}"
51410,Rohrdorf: Lebendgeborene,https://open.bydata.de/api/hub/repo/datasets/12612-003-09187169,"[{'uri': 'https://open.bydata.de/api/hub/repo/distributions/ec97f47e-39f9-438a-bb69-769557d5eeb5', 'title': 'Lebendgeborene - XLSX', 'access_url': 'https://www.statistikdaten.bayern.de/genesis/online?operation=download&code=12612-003z&option=xlsx&regionalschluessel=09187169&regionalmerkmal=GEMEIN', 'download_url': None, 'format': None, 'media_type': 'https://www.iana.org/assignments/media-types/text/xlsx'}, {'uri': 'https://open.bydata.de/api/hub/repo/distributions/62754220-3d06-4099-8457-2c3f195a9080', 'title': 'Lebendgeborene - Flat CSV', 'access_url': 'https://www.statistikdaten.bayern.de/genesis/online?operation=download&code=12612-003z&option=ffcsv&regionalschluessel=09187169&regionalmerkmal=GEMEIN', 'download_url': None, 'format': None, 'media_type': 'https://www.iana.org/assignments/media-types/text/csv'}, {'uri': 'https://open.bydata.de/api/hub/repo/distributions/594b15bc-7b17-48a8-8c22-d6b16a2df290', 'title': 'Lebendgeborene - XML', 'access_url': 'https://www.statistikdaten.bayern.de/genesis/online?operation=download&code=12612-003z&option=xml&regionalschluessel=09187169&regionalmerkmal=GEMEIN', 'download_url': None, 'format': None, 'media_type': 'https://www.iana.org/assignments/media-types/text/xml'}, {'uri': 'https://open.bydata.de/api/hub/repo/distributions/1cd62654-197d-4d21-87c1-09c3d7f7cc7e', 'title': 'Lebendgeborene - CSV', 'access_url': 'https://www.statistikdaten.bayern.de/genesis/online?operation=download&code=12612-003z&option=csv&regionalschluessel=09187169&regionalmerkmal=GEMEIN', 'download_url': None, 'format': None, 'media_type': 'https://www.iana.org/assignments/media-types/text/csv'}]",True,True,"{'uri': 'https://open.bydata.de/api/hub/repo/distributions/62754220-3d06-4099-8457-2c3f195a9080', 'title': 'Lebendgeborene - Flat CSV', 'access_url': 'https://www.statistikdaten.bayern.de/genesis/online?operation=download&code=12612-003z&option=ffcsv&regionalschluessel=09187169&regionalmerkmal=GEMEIN', 'download_url': None, 'format': None, 'media_type': 'https://www.iana.org/assignments/media-types/text/csv'}"
64677,Sozialberichterstattung in der amtlichen Statistik:Empfänger/innen von sozialen Mindestsicherungsleistungennach Art der Leistung - Gemeinden (Wohnortprinzip) - Jahr,https://www.landesdatenbank.nrw.de/ldbnrwws/downloader/00/tables/22811-05d_00.csv#dataset,"[{'uri': 'https://www.landesdatenbank.nrw.de/ldbnrwws/downloader/00/tables/22811-05d_00.csv#distribution', 'title': None, 'access_url': 'https://www.landesdatenbank.nrw.de/ldbnrwws/downloader/00/tables/22811-05d_00.csv', 'download_url': None, 'format': None, 'media_type': 'text/csv'}]",True,True,"{'uri': 'https://www.landesdatenbank.nrw.de/ldbnrwws/downloader/00/tables/22811-05d_00.csv#distribution', 'title': None, 'access_url': 'https://www.landesdatenbank.nrw.de/ldbnrwws/downloader/00/tables/22811-05d_00.csv', 'download_url': None, 'format': None, 'media_type': 'text/csv'}"
119226,Betriebe im Bauhauptgewerbe nach WZ-2-Stellern im Juni in Lexgaard,https://region.statistik-nord.de/detail_timeline/23/1902/11/1/347/670/,"[{'uri': 'https://region.statistik-nord.de/detail_timelineexport/23/1902/11/1/347/670/', 'title': '2025-07-02-19-15-Betriebe_im_Bauhauptgewerbe_nach_WZ-2-Stellern_im_Juni_in_Lexgaard', 'access_url': 'https://region.statistik-nord.de/detail_timelineexport/23/1902/11/1/347/670/', 'download_url': 'https://region.statistik-nord.de/detail_timelineexport/23/1902/11/1/347/670/', 'format': None, 'media_type': 'https://www.iana.org/assignments/media-types/text/csv'}]",True,True,"{'uri': 'https://region.statistik-nord.de/detail_timelineexport/23/1902/11/1/347/670/', 'title': '2025-07-02-19-15-Betriebe_im_Bauhauptgewerbe_nach_WZ-2-Stellern_im_Juni_in_Lexgaard', 'access_url': 'https://region.statistik-nord.de/detail_timelineexport/23/1902/11/1/347/670/', 'download_url': 'https://region.statistik-nord.de/detail_timelineexport/23/1902/11/1/347/670/', 'format': None, 'media_type': 'https://www.iana.org/assignments/media-types/text/csv'}"
46268,Schwabach (Krfr.St): Sozialversicherungspflichtig Beschäftigte,https://open.bydata.de/api/hub/repo/datasets/13111-002-09565,"[{'uri': 'https://open.bydata.de/api/hub/repo/distributions/bd3bc796-ac91-49ad-8e4b-49d1d4a51f54', 'title': 'Sozialversicherungspflichtig Beschäftigte - CSV', 'access_url': 'https://www.statistikdaten.bayern.de/genesis/online?operation=download&code=13111-002r&option=csv&regionalschluessel=09565%2A', 'download_url': None, 'format': None, 'media_type': 'https://www.iana.org/assignments/media-types/text/csv'}, {'uri': 'https://open.bydata.de/api/hub/repo/distributions/73b96db3-cb0c-47b8-bf20-96b613c2b725', 'title': 'Sozialversicherungspflichtig Beschäftigte - XLSX', 'access_url': 'https://www.statistikdaten.bayern.de/genesis/online?operation=download&code=13111-002r&option=xlsx&regionalschluessel=09565%2A', 'download_url': None, 'format': None, 'media_type': 'https://www.iana.org/assignments/media-types/text/xlsx'}, {'uri': 'https://open.bydata.de/api/hub/repo/distributions/927de0f4-0591-47a3-84b3-37b60ff407b2', 'title': 'Sozialversicherungspflichtig Beschäftigte - Flat CSV', 'access_url': 'https://www.statistikdaten.bayern.de/genesis/online?operation=download&code=13111-002r&option=ffcsv&regionalschluessel=09565%2A', 'download_url': None, 'format': None, 'media_type': 'https://www.iana.org/assignments/media-types/text/csv'}, {'uri': 'https://open.bydata.de/api/hub/repo/distributions/48717665-c6a3-4b81-9275-8b43a7097230', 'title': 'Sozialversicherungspflichtig Beschäftigte - XML', 'access_url': 'https://www.statistikdaten.bayern.de/genesis/online?operation=download&code=13111-002r&option=xml&regionalschluessel=09565%2A', 'download_url': None, 'format': None, 'media_type': 'https://www.iana.org/assignments/media-types/text/xml'}]",True,True,"{'uri': 'https://open.bydata.de/api/hub/repo/distributions/bd3bc796-ac91-49ad-8e4b-49d1d4a51f54', 'title': 'Sozialversicherungspflichtig Beschäftigte - CSV', 'access_url': 'https://www.statistikdaten.bayern.de/genesis/online?operation=download&code=13111-002r&option=csv&regionalschluessel=09565%2A', 'download_url': None, 'format': None, 'media_type': 'https://www.iana.org/assignments/media-types/text/csv'}"
123791,Hof (Lkr): Lebendgeborene,https://open.bydata.de/api/hub/repo/datasets/12612-003-09475,"[{'uri': 'https://open.bydata.de/api/hub/repo/distributions/543d4ac7-69d0-4ae9-8117-cf33825ca415', 'title': 'Lebendgeborene - XLSX', 'access_url': 'https://www.statistikdaten.bayern.de/genesis/online?operation=download&code=12612-003z&option=xlsx&regionalschluessel=09475&regionalmerkmal=KREISE', 'download_url': None, 'format': None, 'media_type': 'https://www.iana.org/assignments/media-types/text/xlsx'}, {'uri': 'https://open.bydata.de/api/hub/repo/distributions/166874b9-ba47-4750-80b4-abf668d72a7d', 'title': 'Lebendgeborene - Flat CSV', 'access_url': 'https://www.statistikdaten.bayern.de/genesis/online?operation=download&code=12612-003z&option=ffcsv&regionalschluessel=09475&regionalmerkmal=KREISE', 'download_url': None, 'format': None, 'media_type': 'https://www.iana.org/assignments/media-types/text/csv'}, {'uri': 'https://open.bydata.de/api/hub/repo/distributions/74e65422-432c-473b-b2ea-4da34b56b39a', 'title': 'Lebendgeborene - CSV', 'access_url': 'https://www.statistikdaten.bayern.de/genesis/online?operation=download&code=12612-003z&option=csv&regionalschluessel=09475&regionalmerkmal=KREISE', 'download_url': None, 'format': None, 'media_type': 'https://www.iana.org/assignments/media-types/text/csv'}, {'uri': 'https://open.bydata.de/api/hub/repo/distributions/1b815865-6c51-40d4-957a-695c402c50fd', 'title': 'Lebendgeborene - XML', 'access_url': 'https://www.statistikdaten.bayern.de/genesis/online?operation=download&code=12612-003z&option=xml&regionalschluessel=09475&regionalmerkmal=KREISE', 'download_url': None, 'format': None, 'media_type': 'https://www.iana.org/assignments/media-types/text/xml'}]",True,True,"{'uri': 'https://open.bydata.de/api/hub/repo/distributions/74e65422-432c-473b-b2ea-4da34b56b39a', 'title': 'Lebendgeborene - CSV', 'access_url': 'https://www.statistikdaten.bayern.de/genesis/online?operation=download&code=12612-003z&option=csv&regionalschluessel=09475&regionalmerkmal=KREISE', 'download_url': None, 'format': None, 'media_type': 'https://www.iana.org/assignments/media-types/text/csv'}"
50110,"Euerdorf, M: Lebendgeborene",https://open.bydata.de/api/hub/repo/datasets/12612-003-09672122,"[{'uri': 'https://open.bydata.de/api/hub/repo/distributions/bdbf3581-c660-4737-9f3f-1f5f5e3a5ae6', 'title': 'Lebendgeborene - Flat CSV', 'access_url': 'https://www.statistikdaten.bayern.de/genesis/online?operation=download&code=12612-003z&option=ffcsv&regionalschluessel=09672122&regionalmerkmal=GEMEIN', 'download_url': None, 'format': None, 'media_type': 'https://www.iana.org/assignments/media-types/text/csv'}, {'uri': 'https://open.bydata.de/api/hub/repo/distributions/25588d25-661a-4ef0-8653-54df8f799d35', 'title': 'Lebendgeborene - XML', 'access_url': 'https://www.statistikdaten.bayern.de/genesis/online?operation=download&code=12612-003z&option=xml&regionalschluessel=09672122&regionalmerkmal=GEMEIN', 'download_url': None, 'format': None, 'media_type': 'https://www.iana.org/assignments/media-types/text/xml'}, {'uri': 'https://open.bydata.de/api/hub/repo/distributions/4667ab17-272e-4e12-b6c9-24ca04c48614', 'title': 'Lebendgeborene - CSV', 'access_url': 'https://www.statistikdaten.bayern.de/genesis/online?operation=download&code=12612-003z&option=csv&regionalschluessel=09672122&regionalmerkmal=GEMEIN', 'download_url': None, 'format': None, 'media_type': 'https://www.iana.org/assignments/media-types/text/csv'}, {'uri': 'https://open.bydata.de/api/hub/repo/distributions/a5ce8938-28b2-407e-84b7-336013577882', 'title': 'Lebendgeborene - XLSX', 'access_url': 'https://www.statistikdaten.bayern.de/genesis/online?operation=download&code=12612-003z&option=xlsx&regionalschluessel=09672122&regionalmerkmal=GEMEIN', 'download_url': None, 'format': None, 'media_type': 'https://www.iana.org/assignments/media-types/text/xlsx'}]",True,True,"{'uri': 'https://open.bydata.de/api/hub/repo/distributions/bdbf3581-c660-4737-9f3f-1f5f5e3a5ae6', 'title': 'Lebendgeborene - Flat CSV', 'access_url': 'https://www.statistikdaten.bayern.de/genesis/online?operation=download&code=12612-003z&option=ffcsv&regionalschluessel=09672122&regionalmerkmal=GEMEIN', 'download_url': None, 'format': None, 'media_type': 'https://www.iana.org/assignments/media-types/text/csv'}"
73941,"Kaufwerte für Bauland: Kauffälle, Fläche, Kaufwert,Baulandarten - Kreise 1) (GS ab 01.08.08)- Jahre (2006-2020)",https://www.statistik.sachsen.de/genonline/online?sequenz=tabelleDownload&selectionname=61511-001K&regionalschluessel=.csv#dataset,"[{'uri': 'https://www.statistik.sachsen.de/genonline/online?sequenz=tabelleDownload&selectionname=61511-001K&regionalschluessel=#preview', 'title': ""FlatCSV-Datei der Tabelle '61511-001K'"", 'access_url': 'https://www.statistik.sachsen.de/genonline/online?sequenz=tabelleDownload&selectionname=61511-001K&regionalschluessel=&format=ffcsv', 'download_url': None, 'format': None, 'media_type': 'text/csv'}, {'uri': 'https://www.statistik.sachsen.de/genonline/online?sequenz=tabelleDownload&selectionname=61511-001K&regionalschluessel=#distribution', 'title': ""CSV-Datei der Tabelle '61511-001K'"", 'access_url': 'https://www.statistik.sachsen.de/genonline/online?sequenz=tabelleDownload&selectionname=61511-001K&regionalschluessel=', 'download_url': None, 'format': None, 'media_type': 'text/csv+extended'}]",True,True,"{'uri': 'https://www.statistik.sachsen.de/genonline/online?sequenz=tabelleDownload&selectionname=61511-001K&regionalschluessel=#distribution', 'title': ""CSV-Datei der Tabelle '61511-001K'"", 'access_url': 'https://www.statistik.sachsen.de/genonline/online?sequenz=tabelleDownload&selectionname=61511-001K&regionalschluessel=', 'download_url': None, 'format': None, 'media_type': 'text/csv+extended'}"
143522,"Betreuungsgeldempfänger: Deutschland, Quartale (bis 4.Q. 2017), Nationalität",https://www-genesis.destatis.de/genesis-old/downloads/00/tables/22923-0001_00.csv#dataset,"[{'uri': 'https://www-genesis.destatis.de/genesis-old/downloads/00/tables/22923-0001_00.csv#distribution', 'title': None, 'access_url': 'https://www-genesis.destatis.de/genesis-old/downloads/00/tables/22923-0001_00.csv', 'download_url': None, 'format': None, 'media_type': 'https://www.iana.org/assignments/media-types/text/csv'}, {'uri': 'https://www-genesis.destatis.de/genesis-old/downloads/00/tables/22923-0001_00.xml#distribution', 'title': None, 'access_url': 'https://www-genesis.destatis.de/genesis-old/downloads/00/tables/22923-0001_00.xml', 'download_url': None, 'format': None, 'media_type': 'https://www.iana.org/assignments/media-types/text/xml'}]",True,True,"{'uri': 'https://www-genesis.destatis.de/genesis-old/downloads/00/tables/22923-0001_00.csv#distribution', 'title': None, 'access_url': 'https://www-genesis.destatis.de/genesis-old/downloads/00/tables/22923-0001_00.csv', 'download_url': None, 'format': None, 'media_type': 'https://www.iana.org/assignments/media-types/text/csv'}"
97381,Wohngebäudebestand nach Anzahl der Wohnungen in Ehndorf,https://region.statistik-nord.de/detail_timeline/19/1501/2/1/351/962/,"[{'uri': 'https://region.statistik-nord.de/detail_timelineexport/19/1501/2/1/351/962/', 'title': '2025-10-15-21-51-Wohngebaeudebestand_nach_Anzahl_der_Wohnungen_in_Ehndorf', 'access_url': 'https://region.statistik-nord.de/detail_timelineexport/19/1501/2/1/351/962/', 'download_url': 'https://region.statistik-nord.de/detail_timelineexport/19/1501/2/1/351/962/', 'format': None, 'media_type': 'https://www.iana.org/assignments/media-types/text/csv'}]",True,True,"{'uri': 'https://region.statistik-nord.de/detail_timelineexport/19/1501/2/1/351/962/', 'title': '2025-10-15-21-51-Wohngebaeudebestand_nach_Anzahl_der_Wohnungen_in_Ehndorf', 'access_url': 'https://region.statistik-nord.de/detail_timelineexport/19/1501/2/1/351/962/', 'download_url': 'https://region.statistik-nord.de/detail_timelineexport/19/1501/2/1/351/962/', 'format': None, 'media_type': 'https://www.iana.org/assignments/media-types/text/csv'}"
110365,Badegewässer Stammdaten,https://opendata.schleswig-holstein.de/dataset/f1f1a352-57f1-4ad4-86bb-895ba597dc2e,"[{'uri': 'https://opendata.schleswig-holstein.de/dataset/f1f1a352-57f1-4ad4-86bb-895ba597dc2e/resource/5580ffa4-09c4-4280-8c0f-285bbfa51f3f', 'title': 'badegewasser-stammdaten.csv', 'access_url': 'https://opendata.schleswig-holstein.de/dataset/f1f1a352-57f1-4ad4-86bb-895ba597dc2e/resource/5580ffa4-09c4-4280-8c0f-285bbfa51f3f/download/badegewasser-stammdaten.csv', 'download_url': 'https://opendata.schleswig-holstein.de/dataset/f1f1a352-57f1-4ad4-86bb-895ba597dc2e/resource/5580ffa4-09c4-4280-8c0f-285bbfa51f3f/download/badegewasser-stammdaten.csv', 'format': None, 'media_type': 'https://www.iana.org/assignments/media-types/text/csv'}]",True,True,"{'uri': 'https://opendata.schleswig-holstein.de/dataset/f1f1a352-57f1-4ad4-86bb-895ba597dc2e/resource/5580ffa4-09c4-4280-8c0f-285bbfa51f3f', 'title': 'badegewasser-stammdaten.csv', 'access_url': 'https://opendata.schleswig-holstein.de/dataset/f1f1a352-57f1-4ad4-86bb-895ba597dc2e/resource/5580ffa4-09c4-4280-8c0f-285bbfa51f3f/download/badegewasser-stammdaten.csv', 'download_url': 'https://opendata.schleswig-holstein.de/dataset/f1f1a352-57f1-4ad4-86bb-895ba597dc2e/resource/5580ffa4-09c4-4280-8c0f-285bbfa51f3f/download/badegewasser-stammdaten.csv', 'format': None, 'media_type': 'https://www.iana.org/assignments/media-types/text/csv'}"
50128,"Kreuzwertheim, M: Lebendgeborene",https://open.bydata.de/api/hub/repo/datasets/12612-003-09677151,"[{'uri': 'https://open.bydata.de/api/hub/repo/distributions/292c7ca3-7c0a-4390-8ad7-e25d61197dfe', 'title': 'Lebendgeborene - Flat CSV', 'access_url': 'https://www.statistikdaten.bayern.de/genesis/online?operation=download&code=12612-003z&option=ffcsv&regionalschluessel=09677151&regionalmerkmal=GEMEIN', 'download_url': None, 'format': None, 'media_type': 'https://www.iana.org/assignments/media-types/text/csv'}, {'uri': 'https://open.bydata.de/api/hub/repo/distributions/ce326d3b-2df4-46c9-ae92-97b35653c4c5', 'title': 'Lebendgeborene - XLSX', 'access_url': 'https://www.statistikdaten.bayern.de/genesis/online?operation=download&code=12612-003z&option=xlsx&regionalschluessel=09677151&regionalmerkmal=GEMEIN', 'download_url': None, 'format': None, 'media_type': 'https://www.iana.org/assignments/media-types/text/xlsx'}, {'uri': 'https://open.bydata.de/api/hub/repo/distributions/effe0d2f-9c5e-4c43-9ea3-8af91d77f1b6', 'title': 'Lebendgeborene - XML', 'access_url': 'https://www.statistikdaten.bayern.de/genesis/online?operation=download&code=12612-003z&option=xml&regionalschluessel=09677151&regionalmerkmal=GEMEIN', 'download_url': None, 'format': None, 'media_type': 'https://www.iana.org/assignments/media-types/text/xml'}, {'uri': 'https://open.bydata.de/api/hub/repo/distributions/d261c189-fa60-478c-a2d9-6e8ce334c43e', 'title': 'Lebendgeborene - CSV', 'access_url': 'https://www.statistikdaten.bayern.de/genesis/online?operation=download&code=12612-003z&option=csv&regionalschluessel=09677151&regionalmerkmal=GEMEIN', 'download_url': None, 'format': None, 'media_type': 'https://www.iana.org/assignments/media-types/text/csv'}]",True,True,"{'uri': 'https://open.bydata.de/api/hub/repo/distributions/d261c189-fa60-478c-a2d9-6e8ce334c43e', 'title': 'Lebendgeborene - CSV', 'access_url': 'https://www.statistikdaten.bayern.de/genesis/online?operation=download&code=12612-003z&option=csv&regionalschluessel=09677151&regionalmerkmal=GEMEIN', 'download_url': None, 'format': None, 'media_type': 'https://www.iana.org/assignments/media-types/text/csv'}"
14465,"Weißenstadt, St: Allgemein bildende Schulen",https://open.bydata.de/api/hub/repo/datasets/21111-101-09479166,"[{'uri': 'https://open.bydata.de/api/hub/repo/distributions/6bc0ce28-a52a-4995-b1b6-e6e618fa56c5', 'title': 'Allgemein bildende Schulen - XLSX', 'access_url': 'https://www.statistikdaten.bayern.de/genesis/online?operation=download&code=21111-101z&option=xlsx&regionalschluessel=09479166&regionalmerkmal=GEMEIN', 'download_url': None, 'format': None, 'media_type': 'https://www.iana.org/assignments/media-types/text/xlsx'}, {'uri': 'https://open.bydata.de/api/hub/repo/distributions/4d72d744-aba3-4a76-8a8a-6f88f227aef7', 'title': 'Allgemein bildende Schulen - CSV', 'access_url': 'https://www.statistikdaten.bayern.de/genesis/online?operation=download&code=21111-101z&option=csv&regionalschluessel=09479166&regionalmerkmal=GEMEIN', 'download_url': None, 'format': None, 'media_type': 'https://www.iana.org/assignments/media-types/text/csv'}, {'uri': 'https://open.bydata.de/api/hub/repo/distributions/5e037ea8-6acc-42dd-aa75-3d3855475fa0', 'title': 'Allgemein bildende Schulen - Flat CSV', 'access_url': 'https://www.statistikdaten.bayern.de/genesis/online?operation=download&code=21111-101z&option=ffcsv&regionalschluessel=09479166&regionalmerkmal=GEMEIN', 'download_url': None, 'format': None, 'media_type': 'https://www.iana.org/assignments/media-types/text/csv'}, {'uri': 'https://open.bydata.de/api/hub/repo/distributions/6c23a639-cc87-4074-b82d-b325822fb6a2', 'title': 'Allgemein bildende Schulen - XML', 'access_url': 'https://www.statistikdaten.bayern.de/genesis/online?operation=download&code=21111-101z&option=xml&regionalschluessel=09479166&regionalmerkmal=GEMEIN', 'download_url': None, 'format': None, 'media_type': 'https://www.iana.org/assignments/media-types/text/xml'}]",True,True,"{'uri': 'https://open.bydata.de/api/hub/repo/distributions/5e037ea8-6acc-42dd-aa75-3d3855475fa0', 'title': 'Allgemein bildende Schulen - Flat CSV', 'access_url': 'https://www.statistikdaten.bayern.de/genesis/online?operation=download&code=21111-101z&option=ffcsv&regionalschluessel=09479166&regionalmerkmal=GEMEIN', 'download_url': None, 'format': None, 'media_type': 'https://www.iana.org/assignments/media-types/text/csv'}"
48996,"Mömbris, M: Baufertigstellungen",https://open.bydata.de/api/hub/repo/datasets/31121-006-09671143,"[{'uri': 'https://open.bydata.de/api/hub/repo/distributions/34d2dd95-5070-4b98-9188-041dceedc8ba', 'title': 'Baufertigstellungen - XLSX', 'access_url': 'https://www.statistikdaten.bayern.de/genesis/online?operation=download&code=31121-006z&option=xlsx&regionalschluessel=09671143&regionalmerkmal=GEMEIN', 'download_url': None, 'format': None, 'media_type': 'https://www.iana.org/assignments/media-types/text/xlsx'}, {'uri': 'https://open.bydata.de/api/hub/repo/distributions/5d669832-714c-41ae-8b2a-7ae9b84f963d', 'title': 'Baufertigstellungen - XML', 'access_url': 'https://www.statistikdaten.bayern.de/genesis/online?operation=download&code=31121-006z&option=xml&regionalschluessel=09671143&regionalmerkmal=GEMEIN', 'download_url': None, 'format': None, 'media_type': 'https://www.iana.org/assignments/media-types/text/xml'}, {'uri': 'https://open.bydata.de/api/hub/repo/distributions/18df9739-66c6-41bb-8b86-d009c3aaecbe', 'title': 'Baufertigstellungen - CSV', 'access_url': 'https://www.statistikdaten.bayern.de/genesis/online?operation=download&code=31121-006z&option=csv&regionalschluessel=09671143&regionalmerkmal=GEMEIN', 'download_url': None, 'format': None, 'media_type': 'https://www.iana.org/assignments/media-types/text/csv'}, {'uri': 'https://open.bydata.de/api/hub/repo/distributions/06cce9dc-9a75-49c9-be38-c51579229d71', 'title': 'Baufertigstellungen - Flat CSV', 'access_url': 'https://www.statistikdaten.bayern.de/genesis/online?operation=download&code=31121-006z&option=ffcsv&regionalschluessel=09671143&regionalmerkmal=GEMEIN', 'download_url': None, 'format': None, 'media_type': 'https://www.iana.org/assignments/media-types/text/csv'}]",True,True,"{'uri': 'https://open.bydata.de/api/hub/repo/distributions/06cce9dc-9a75-49c9-be38-c51579229d71', 'title': 'Baufertigstellungen - Flat CSV', 'access_url': 'https://www.statistikdaten.bayern.de/genesis/online?operation=download&code=31121-006z&option=ffcsv&regionalschluessel=09671143&regionalmerkmal=GEMEIN', 'download_url': None, 'format': None, 'media_type': 'https://www.iana.org/assignments/media-types/text/csv'}"
36435,D15 Bundestagswahl Niederzier,https://offenedaten.kdvz.nrw/dataset/d15-bundestagswahl-niederzier,"[{'uri': 'https://offenedaten.kdvz.nrw/dataset/d15-bundestagswahl-niederzier/resource/f17c0070-2f36-4b35-b451-99e47dd64007', 'title': 'Straßenverzeichnis Bundestagswahl 2017 Niederzier', 'access_url': 'https://offenedaten.kdvz.nrw/dataset/d15-bundestagswahl-niederzier/resource/f17c0070-2f36-4b35-b451-99e47dd64007', 'download_url': 'https://offenedaten.kdvz.nrw/sites/default/files/Niederzier_adressen_strassen.csv', 'format': None, 'media_type': 'text/csv'}, {'uri': 'https://offenedaten.kdvz.nrw/dataset/d15-bundestagswahl-niederzier/resource/0995028b-9624-4554-a6fc-0fa69294d64b', 'title': 'Wahllokale Bundestagswahl 2017 Niederzier', 'access_url': 'https://offenedaten.kdvz.nrw/dataset/d15-bundestagswahl-niederzier/resource/0995028b-9624-4554-a6fc-0fa69294d64b', 'download_url': 'https://offenedaten.kdvz.nrw/sites/default/files/Niederzier_wahllokale.csv', 'format': None, 'media_type': 'text/csv'}]",True,True,"{'uri': 'https://offenedaten.kdvz.nrw/dataset/d15-bundestagswahl-niederzier/resource/f17c0070-2f36-4b35-b451-99e47dd64007', 'title': 'Straßenverzeichnis Bundestagswahl 2017 Niederzier', 'access_url': 'https://offenedaten.kdvz.nrw/dataset/d15-bundestagswahl-niederzier/resource/f17c0070-2f36-4b35-b451-99e47dd64007', 'download_url': 'https://offenedaten.kdvz.nrw/sites/default/files/Niederzier_adressen_strassen.csv', 'format': None, 'media_type': 'text/csv'}"
119884,Betriebe im Bauhauptgewerbe nach WZ-2-Stellern im Juni in Ecklak,https://region.statistik-nord.de/detail_timeline/23/1902/11/1/354/1344/,"[{'uri': 'https://region.statistik-nord.de/detail_timelineexport/23/1902/11/1/354/1344/', 'title': '2025-07-02-19-15-Betriebe_im_Bauhauptgewerbe_nach_WZ-2-Stellern_im_Juni_in_Ecklak', 'access_url': 'https://region.statistik-nord.de/detail_timelineexport/23/1902/11/1/354/1344/', 'download_url': 'https://region.statistik-nord.de/detail_timelineexport/23/1902/11/1/354/1344/', 'format': None, 'media_type': 'https://www.iana.org/assignments/media-types/text/csv'}]",True,True,"{'uri': 'https://region.statistik-nord.de/detail_timelineexport/23/1902/11/1/354/1344/', 'title': '2025-07-02-19-15-Betriebe_im_Bauhauptgewerbe_nach_WZ-2-Stellern_im_Juni_in_Ecklak', 'access_url': 'https://region.statistik-nord.de/detail_timelineexport/23/1902/11/1/354/1344/', 'download_url': 'https://region.statistik-nord.de/detail_timelineexport/23/1902/11/1/354/1344/', 'format': None, 'media_type': 'https://www.iana.org/assignments/media-types/text/csv'}"
16082,Berchtesgadener Land (Lkr): Fläche,https://open.bydata.de/api/hub/repo/datasets/11111-001-09172,"[{'uri': 'https://open.bydata.de/api/hub/repo/distributions/23bae3e9-b837-426e-bcbb-a40596b80d98', 'title': 'Fläche - CSV', 'access_url': 'https://www.statistikdaten.bayern.de/genesis/online?operation=download&code=11111-001r&option=csv&regionalschluessel=09172%2A', 'download_url': None, 'format': None, 'media_type': 'https://www.iana.org/assignments/media-types/text/csv'}, {'uri': 'https://open.bydata.de/api/hub/repo/distributions/6a9b4f0e-f5b8-47fc-96b8-912e68f4de44', 'title': 'Fläche - Flat CSV', 'access_url': 'https://www.statistikdaten.bayern.de/genesis/online?operation=download&code=11111-001r&option=ffcsv&regionalschluessel=09172%2A', 'download_url': None, 'format': None, 'media_type': 'https://www.iana.org/assignments/media-types/text/csv'}, {'uri': 'https://open.bydata.de/api/hub/repo/distributions/341e1713-4bb4-4996-b931-b4dc52ef06f3', 'title': 'Fläche - XML', 'access_url': 'https://www.statistikdaten.bayern.de/genesis/online?operation=download&code=11111-001r&option=xml&regionalschluessel=09172%2A', 'download_url': None, 'format': None, 'media_type': 'https://www.iana.org/assignments/media-types/text/xml'}, {'uri': 'https://open.bydata.de/api/hub/repo/distributions/68a69174-8c3b-49c4-aa91-e771c1a6173f', 'title': 'Fläche - XLSX', 'access_url': 'https://www.statistikdaten.bayern.de/genesis/online?operation=download&code=11111-001r&option=xlsx&regionalschluessel=09172%2A', 'download_url': None, 'format': None, 'media_type': 'https://www.iana.org/assignments/media-types/text/xlsx'}]",True,True,"{'uri': 'https://open.bydata.de/api/hub/repo/distributions/23bae3e9-b837-426e-bcbb-a40596b80d98', 'title': 'Fläche - CSV', 'access_url': 'https://www.statistikdaten.bayern.de/genesis/online?operation=download&code=11111-001r&option=csv&regionalschluessel=09172%2A', 'download_url': None, 'format': None, 'media_type': 'https://www.iana.org/assignments/media-types/text/csv'}"
74095,"Außenhandel: Einfuhr, Ausfuhr, Kontinente (Gliederung bis2003) - Sachsen - Jahre",https://www.statistik.sachsen.de/genonline/online?sequenz=tabelleDownload&selectionname=51000-005Z&regionalschluessel=.csv#dataset,"[{'uri': 'https://www.statistik.sachsen.de/genonline/online?sequenz=tabelleDownload&selectionname=51000-005Z&regionalschluessel=#preview', 'title': ""FlatCSV-Datei der Tabelle '51000-005Z'"", 'access_url': 'https://www.statistik.sachsen.de/genonline/online?sequenz=tabelleDownload&selectionname=51000-005Z&regionalschluessel=&format=ffcsv', 'download_url': None, 'format': None, 'media_type': 'text/csv'}, {'uri': 'https://www.statistik.sachsen.de/genonline/online?sequenz=tabelleDownload&selectionname=51000-005Z&regionalschluessel=#distribution', 'title': ""CSV-Datei der Tabelle '51000-005Z'"", 'access_url': 'https://www.statistik.sachsen.de/genonline/online?sequenz=tabelleDownload&selectionname=51000-005Z&regionalschluessel=', 'download_url': None, 'format': None, 'media_type': 'text/csv+extended'}]",True,True,"{'uri': 'https://www.statistik.sachsen.de/genonline/online?sequenz=tabelleDownload&selectionname=51000-005Z&regionalschluessel=#distribution', 'title': ""CSV-Datei der Tabelle '51000-005Z'"", 'access_url': 'https://www.statistik.sachsen.de/genonline/online?sequenz=tabelleDownload&selectionname=51000-005Z&regionalschluessel=', 'download_url': None, 'format': None, 'media_type': 'text/csv+extended'}"
119642,Betriebe im Bauhauptgewerbe nach WZ-2-Stellern im Juni in Tüttendorf,https://region.statistik-nord.de/detail_timeline/23/1902/11/1/351/1078/,"[{'uri': 'https://region.statistik-nord.de/detail_timelineexport/23/1902/11/1/351/1078/', 'title': '2025-07-02-19-15-Betriebe_im_Bauhauptgewerbe_nach_WZ-2-Stellern_im_Juni_in_Tuettendorf', 'access_url': 'https://region.statistik-nord.de/detail_timelineexport/23/1902/11/1/351/1078/', 'download_url': 'https://region.statistik-nord.de/detail_timelineexport/23/1902/11/1/351/1078/', 'format': None, 'media_type': 'https://www.iana.org/assignments/media-types/text/csv'}]",True,True,"{'uri': 'https://region.statistik-nord.de/detail_timelineexport/23/1902/11/1/351/1078/', 'title': '2025-07-02-19-15-Betriebe_im_Bauhauptgewerbe_nach_WZ-2-Stellern_im_Juni_in_Tuettendorf', 'access_url': 'https://region.statistik-nord.de/detail_timelineexport/23/1902/11/1/351/1078/', 'download_url': 'https://region.statistik-nord.de/detail_timelineexport/23/1902/11/1/351/1078/', 'format': None, 'media_type': 'https://www.iana.org/assignments/media-types/text/csv'}"
